song_id	difficulty	play_type	best_clear_lamp	best_ex_score	best_miss_count1000	0	P1	0	NO PLAY	0	-	false	2026/09/19 20:46:03
1000	0	DP	0	NO PLAY	0	-	false	2026/09/19 20:46:03
1000	1	P1	0	NO PLAY	0	-	false	2026/09/19 20:46:03
1000	1	DP	7	FULL COMBO	153	0	true	2026/09/19 20:46:03
1000	2	P1	0	NO PLAY	0	-	false	2026/09/19 20:46:03
1000	2	DP	6	EX HARD CLEAR	799	4	true	2026/09/19 20:46:03
1000	3	P1	6	EX HARD CLEAR	1382	12	true	2026/09/19 20:46:03
1000	3	DP	6	EX HARD CLEAR	1330	5	true	2026/09/19 20:46:03
1000	4	P1	0	NO PLAY	0	-	false	2026/09/19 20:46:03
1000	4	DP	0	NO PLAY	0	-	false	2026/09/19 20:46:03
1001	0	P1	0	NO PLAY	0	-	false	2026/09/19 20:46:03
1001	0	DP	0	NO PLAY	0	-	false	2026/09/19 20:46:03
1001	1	P1	0	NO PLAY	0	-	false	2026/09/19 20:46:03
1001	1	DP	0	NO PLAY	0	-	false	2026/09/19 20:46:03
1001	2	P1	0	NO PLAY	0	-	false	2026/09/19 20:46:03
1001	2	DP	0	NO PLAY	0	-	false	2026/09/19 20:46:03
1001	3	P1	0	NO PLAY	0	-	false	2026/09/19 20:46:03
1001	3	DP	6	EX HARD CLEAR	1012	4	true	2026/09/19 20:46:03
1001	4	P1	0	NO PLAY	0	-	false	2026/09/19 20:46:03
1001	4	DP	0	NO PLAY	0	-	false	2026/09/19 20:46:03
1003	0	P1	0	NO PLAY	0	-	false	2026/09/19 20:46:03
1003	0	DP	0	NO PLAY	0	-	false	2026/09/19 20:46:03
1003	1	P1	0	NO PLAY	0	-	false	2026/09/19 20:46:03
1003	1	DP	0	NO PLAY	0	-	false	2026/09/19 20:46:03
1003	2	P1	0	NO PLAY	0	-	false	2026/09/19 20:46:03
1003	2	DP	0	NO PLAY	0	-	false	2026/09/19 20:46:03
1003	3	P1	0	NO PLAY	0	-	false	2026/09/19 20:46:03
1003	3	DP	6	EX HARD CLEAR	731	10	true	2026/09/19 20:46:03
1003	4	P1	0	NO PLAY	0	-	false	2026/09/19 20:46:03
1003	4	DP	0	NO PLAY	0	-	false	2026/09/19 20:46:03
1005	0	P1	0	NO PLAY	0	-	false	2026/09/19 20:46:03
1005	0	DP	0	NO PLAY	0	-	false	2026/09/19 20:46:03
1005	1	P1	0	NO PLAY	0	-	false	2026/09/19 20:46:03
1005	1	DP	0	NO PLAY	0	-	false	2026/09/19 20:46:03
1005	2	P1	0	NO PLAY	0	-	false	2026/09/19 20:46:03
1005	2	DP	0	NO PLAY	0	-	false	2026/09/19 20:46:03
1005	3	P1	0	NO PLAY	0	-	false	2026/09/19 20:46:03
1005	3	DP	0	NO PLAY	0	-	false	2026/09/19 20:46:03
1005	4	P1	0	NO PLAY	0	-	false	2026/09/19 20:46:03
1005	4	DP	0	NO PLAY	0	-	false	2026/09/19 20:46:03
1006	0	P1	0	NO PLAY	0	-	false	2026/09/19 20:46:03
1006	0	DP	0	NO PLAY	0	-	false	2026/09/19 20:46:03
1006	1	P1	0	NO PLAY	0	-	false	2026/09/19 20:46:03
1006	1	DP	7	FULL COMBO	241	0	true	2026/09/19 20:46:03
1006	2	P1	0	NO PLAY	0	-	false	2026/09/19 20:46:03
1006	2	DP	6	EX HARD CLEAR	152	3	true	2026/09/19 20:46:03
1006	3	P1	0	NO PLAY	0	-	false	2026/09/19 20:46:03
1006	3	DP	0	NO PLAY	0	-	false	2026/09/19 20:46:03
1006	4	P1	0	NO PLAY	0	-	false	2026/09/19 20:46:03
1006	4	DP	0	NO PLAY	0	-	false	2026/09/19 20:46:03
1008	0	P1	0	NO PLAY	0	-	false	2026/09/19 20:46:03
1008	0	DP	0	NO PLAY	0	-	false	2026/09/19 20:46:03
1008	1	P1	0	NO PLAY	0	-	false	2026/09/19 20:46:03
1008	1	DP	0	NO PLAY	0	-	false	2026/09/19 20:46:03
1008	2	P1	0	NO PLAY	0	-	false	2026/09/19 20:46:03
1008	2	DP	0	NO PLAY	0	-	false	2026/09/19 20:46:03
1008	3	P1	0	NO PLAY	0	-	false	2026/09/19 20:46:03
1008	3	DP	0	NO PLAY	0	-	false	2026/09/19 20:46:03
1008	4	P1	0	NO PLAY	0	-	false	2026/09/19 20:46:03
1008	4	DP	0	NO PLAY	0	-	false	2026/09/19 20:46:03
1009	0	P1	0	NO PLAY	0	-	false	2026/09/19 20:46:03
1009	0	DP	0	NO PLAY	0	-	false	2026/09/19 20:46:03
1009	1	P1	0	NO PLAY	0	-	false	2026/09/19 20:46:03
1009	1	DP	0	NO PLAY	0	-	false	2026/09/19 20:46:03
1009	2	P1	0	NO PLAY	0	-	false	2026/09/19 20:46:03
1009	2	DP	0	NO PLAY	0	-	false	2026/09/19 20:46:03
1009	3	P1	0	NO PLAY	0	-	false	2026/09/19 20:46:03
1009	3	DP	6	EX HARD CLEAR	531	7	true	2026/09/19 20:46:03
1009	4	P1	0	NO PLAY	0	-	false	2026/09/19 20:46:03
1009	4	DP	0	NO PLAY	0	-	false	2026/09/19 20:46:03
1013	0	P1	0	NO PLAY	0	-	false	2026/09/19 20:46:03
1013	0	DP	0	NO PLAY	0	-	false	2026/09/19 20:46:03
1013	1	P1	0	NO PLAY	0	-	false	2026/09/19 20:46:03
1013	1	DP	0	NO PLAY	0	-	false	2026/09/19 20:46:03
1013	2	P1	0	NO PLAY	0	-	false	2026/09/19 20:46:03
1013	2	DP	0	NO PLAY	0	-	false	2026/09/19 20:46:03
1013	3	P1	0	NO PLAY	0	-	false	2026/09/19 20:46:03
1013	3	DP	0	NO PLAY	0	-	false	2026/09/19 20:46:03
1013	4	P1	0	NO PLAY	0	-	false	2026/09/19 20:46:03
1013	4	DP	0	NO PLAY	0	-	false	2026/09/19 20:46:03
1015	0	P1	0	NO PLAY	0	-	false	2026/09/19 20:46:03
1015	0	DP	0	NO PLAY	0	-	false	2026/09/19 20:46:03
1015	1	P1	0	NO PLAY	0	-	false	2026/09/19 20:46:03
1015	1	DP	0	NO PLAY	0	-	false	2026/09/19 20:46:03
1015	2	P1	0	NO PLAY	0	-	false	2026/09/19 20:46:03
1015	2	DP	0	NO PLAY	0	-	false	2026/09/19 20:46:03
1015	3	P1	0	NO PLAY	0	-	false	2026/09/19 20:46:03
1015	3	DP	6	EX HARD CLEAR	554	6	true	2026/09/19 20:46:03
1015	4	P1	0	NO PLAY	0	-	false	2026/09/19 20:46:03
1015	4	DP	0	NO PLAY	0	-	false	2026/09/19 20:46:03
1019	0	P1	0	NO PLAY	0	-	false	2026/09/19 20:46:03
1019	0	DP	0	NO PLAY	0	-	false	2026/09/19 20:46:03
1019	1	P1	0	NO PLAY	0	-	false	2026/09/19 20:46:03
1019	1	DP	7	FULL COMBO	203	1	true	2026/09/19 20:46:03
1019	2	P1	0	NO PLAY	0	-	false	2026/09/19 20:46:03
1019	2	DP	7	FULL COMBO	163	2	true	2026/09/19 20:46:03
1019	3	P1	0	NO PLAY	0	-	false	2026/09/19 20:46:03
1019	3	DP	0	NO PLAY	0	-	false	2026/09/19 20:46:03
1019	4	P1	0	NO PLAY	0	-	false	2026/09/19 20:46:03
1019	4	DP	0	NO PLAY	0	-	false	2026/09/19 20:46:03
1020	0	P1	0	NO PLAY	0	-	false	2026/09/19 20:46:03
1020	0	DP	0	NO PLAY	0	-	false	2026/09/19 20:46:03
1020	1	P1	0	NO PLAY	0	-	false	2026/09/19 20:46:03
1020	1	DP	0	NO PLAY	0	-	false	2026/09/19 20:46:03
1020	2	P1	0	NO PLAY	0	-	false	2026/09/19 20:46:03
1020	2	DP	0	NO PLAY	0	-	false	2026/09/19 20:46:03
1020	3	P1	0	NO PLAY	0	-	false	2026/09/19 20:46:03
1020	3	DP	0	NO PLAY	0	-	false	2026/09/19 20:46:03
1020	4	P1	0	NO PLAY	0	-	false	2026/09/19 20:46:03
1020	4	DP	0	NO PLAY	0	-	false	2026/09/19 20:46:03
2000	0	P1	0	NO PLAY	0	-	false	2026/09/19 20:46:03
2000	0	DP	0	NO PLAY	0	-	false	2026/09/19 20:46:03
2000	1	P1	0	NO PLAY	0	-	false	2026/09/19 20:46:03
2000	1	DP	7	FULL COMBO	771	0	true	2026/09/19 20:46:03
2000	2	P1	0	NO PLAY	0	-	false	2026/09/19 20:46:03
2000	2	DP	0	NO PLAY	0	-	false	2026/09/19 20:46:03
2000	3	P1	0	NO PLAY	0	-	false	2026/09/19 20:46:03
2000	3	DP	6	EX HARD CLEAR	915	9	true	2026/09/19 20:46:03
2000	4	P1	0	NO PLAY	0	-	false	2026/09/19 20:46:03
2000	4	DP	0	NO PLAY	0	-	false	2026/09/19 20:46:03
2002	0	P1	0	NO PLAY	0	-	false	2026/09/19 20:46:03
2002	0	DP	0	NO PLAY	0	-	false	2026/09/19 20:46:03
2002	1	P1	0	NO PLAY	0	-	false	2026/09/19 20:46:03
2002	1	DP	0	NO PLAY	0	-	false	2026/09/19 20:46:03
2002	2	P1	0	NO PLAY	0	-	false	2026/09/19 20:46:03
2002	2	DP	0	NO PLAY	0	-	false	2026/09/19 20:46:03
2002	3	P1	0	NO PLAY	0	-	false	2026/09/19 20:46:03
2002	3	DP	0	NO PLAY	0	-	false	2026/09/19 20:46:03
2002	4	P1	0	NO PLAY	0	-	false	2026/09/19 20:46:03
2002	4	DP	0	NO PLAY	0	-	false	2026/09/19 20:46:03
2006	0	P1	0	NO PLAY	0	-	false	2026/09/19 20:46:03
2006	0	DP	0	NO PLAY	0	-	false	2026/09/19 20:46:03
2006	1	P1	0	NO PLAY	0	-	false	2026/09/19 20:46:03
2006	1	DP	7	FULL COMBO	352	0	true	2026/09/19 20:46:03
2006	2	P1	0	NO PLAY	0	-	false	2026/09/19 20:46:03
2006	2	DP	7	FULL COMBO	443	0	true	2026/09/19 20:46:03
2006	3	P1	0	NO PLAY	0	-	false	2026/09/19 20:46:03
2006	3	DP	0	NO PLAY	0	-	false	2026/09/19 20:46:03
2006	4	P1	0	NO PLAY	0	-	false	2026/09/19 20:46:03
2006	4	DP	0	NO PLAY	0	-	false	2026/09/19 20:46:03
2011	0	P1	0	NO PLAY	0	-	false	2026/09/19 20:46:03
2011	0	DP	0	NO PLAY	0	-	false	2026/09/19 20:46:03
2011	1	P1	0	NO PLAY	0	-	false	2026/09/19 20:46:03
2011	1	DP	0	NO PLAY	0	-	false	2026/09/19 20:46:03
2011	2	P1	0	NO PLAY	0	-	false	2026/09/19 20:46:03
2011	2	DP	0	NO PLAY	0	-	false	2026/09/19 20:46:03
2011	3	P1	0	NO PLAY	0	-	false	2026/09/19 20:46:03
2011	3	DP	0	NO PLAY	0	-	false	2026/09/19 20:46:03
2011	4	P1	0	NO PLAY	0	-	false	2026/09/19 20:46:03
2011	4	DP	0	NO PLAY	0	-	false	2026/09/19 20:46:03
2012	0	P1	0	NO PLAY	0	-	false	2026/09/19 20:46:03
2012	0	DP	0	NO PLAY	0	-	false	2026/09/19 20:46:03
2012	1	P1	0	NO PLAY	0	-	false	2026/09/19 20:46:03
2012	1	DP	0	NO PLAY	0	-	false	2026/09/19 20:46:03
2012	2	P1	0	NO PLAY	0	-	false	2026/09/19 20:46:03
2012	2	DP	0	NO PLAY	0	-	false	2026/09/19 20:46:03
2012	3	P1	0	NO PLAY	0	-	false	2026/09/19 20:46:03
2012	3	DP	0	NO PLAY	0	-	false	2026/09/19 20:46:03
2012	4	P1	0	NO PLAY	0	-	false	2026/09/19 20:46:03
2012	4	DP	0	NO PLAY	0	-	false	2026/09/19 20:46:03
2016	0	P1	0	NO PLAY	0	-	false	2026/09/19 20:46:03
2016	0	DP	0	NO PLAY	0	-	false	2026/09/19 20:46:03
2016	1	P1	0	NO PLAY	0	-	false	2026/09/19 20:46:03
2016	1	DP	3	EASY CLEAR	305	26	true	2026/09/19 20:46:03
2016	2	P1	0	NO PLAY	0	-	false	2026/09/19 20:46:03
2016	2	DP	6	EX HARD CLEAR	715	8	true	2026/09/19 20:46:03
2016	3	P1	0	NO PLAY	0	-	false	2026/09/19 20:46:03
2016	3	DP	0	NO PLAY	0	-	false	2026/09/19 20:46:03
2016	4	P1	0	NO PLAY	0	-	false	2026/09/19 20:46:03
2016	4	DP	0	NO PLAY	0	-	false	2026/09/19 20:46:03
3000	0	P1	0	NO PLAY	0	-	false	2026/09/19 20:46:03
3000	0	DP	0	NO PLAY	0	-	false	2026/09/19 20:46:03
3000	1	P1	0	NO PLAY	0	-	false	2026/09/19 20:46:03
3000	1	DP	0	NO PLAY	0	-	false	2026/09/19 20:46:03
3000	2	P1	0	NO PLAY	0	-	false	2026/09/19 20:46:03
3000	2	DP	0	NO PLAY	0	-	false	2026/09/19 20:46:03
3000	3	P1	0	NO PLAY	0	-	false	2026/09/19 20:46:03
3000	3	DP	0	NO PLAY	0	-	false	2026/09/19 20:46:03
3000	4	P1	0	NO PLAY	0	-	false	2026/09/19 20:46:03
3000	4	DP	0	NO PLAY	0	-	false	2026/09/19 20:46:03
3001	0	P1	0	NO PLAY	0	-	false	2026/09/19 20:46:03
3001	0	DP	0	NO PLAY	0	-	false	2026/09/19 20:46:03
3001	1	P1	0	NO PLAY	0	-	false	2026/09/19 20:46:03
3001	1	DP	0	NO PLAY	0	-	false	2026/09/19 20:46:03
3001	2	P1	0	NO PLAY	0	-	false	2026/09/19 20:46:03
3001	2	DP	0	NO PLAY	0	-	false	2026/09/19 20:46:03
3001	3	P1	0	NO PLAY	0	-	false	2026/09/19 20:46:03
3001	3	DP	0	NO PLAY	0	-	false	2026/09/19 20:46:03
3001	4	P1	0	NO PLAY	0	-	false	2026/09/19 20:46:03
3001	4	DP	0	NO PLAY	0	-	false	2026/09/19 20:46:03
3004	0	P1	0	NO PLAY	0	-	false	2026/09/19 20:46:03
3004	0	DP	0	NO PLAY	0	-	false	2026/09/19 20:46:03
3004	1	P1	0	NO PLAY	0	-	false	2026/09/19 20:46:03
3004	1	DP	0	NO PLAY	0	-	false	2026/09/19 20:46:03
3004	2	P1	0	NO PLAY	0	-	false	2026/09/19 20:46:03
3004	2	DP	5	HARD CLEAR	1365	27	true	2026/09/19 20:46:03
3004	3	P1	0	NO PLAY	0	-	false	2026/09/19 20:46:03
3004	3	DP	5	HARD CLEAR	1673	32	true	2026/09/19 20:46:03
3004	4	P1	0	NO PLAY	0	-	false	2026/09/19 20:46:03
3004	4	DP	0	NO PLAY	0	-	false	2026/09/19 20:46:03
3005	0	P1	0	NO PLAY	0	-	false	2026/09/19 20:46:03
3005	0	DP	0	NO PLAY	0	-	false	2026/09/19 20:46:03
3005	1	P1	0	NO PLAY	0	-	false	2026/09/19 20:46:03
3005	1	DP	0	NO PLAY	0	-	false	2026/09/19 20:46:03
3005	2	P1	0	NO PLAY	0	-	false	2026/09/19 20:46:03
3005	2	DP	0	NO PLAY	0	-	false	2026/09/19 20:46:03
3005	3	P1	0	NO PLAY	0	-	false	2026/09/19 20:46:03
3005	3	DP	3	EASY CLEAR	1681	57	true	2026/09/19 20:46:03
3005	4	P1	0	NO PLAY	0	-	false	2026/09/19 20:46:03
3005	4	DP	0	NO PLAY	0	-	false	2026/09/19 20:46:03
3006	0	P1	0	NO PLAY	0	-	false	2026/09/19 20:46:03
3006	0	DP	0	NO PLAY	0	-	false	2026/09/19 20:46:03
3006	1	P1	0	NO PLAY	0	-	false	2026/09/19 20:46:03
3006	1	DP	0	NO PLAY	0	-	false	2026/09/19 20:46:03
3006	2	P1	0	NO PLAY	0	-	false	2026/09/19 20:46:03
3006	2	DP	0	NO PLAY	0	-	false	2026/09/19 20:46:03
3006	3	P1	0	NO PLAY	0	-	false	2026/09/19 20:46:03
3006	3	DP	0	NO PLAY	0	-	false	2026/09/19 20:46:03
3006	4	P1	0	NO PLAY	0	-	false	2026/09/19 20:46:03
3006	4	DP	0	NO PLAY	0	-	false	2026/09/19 20:46:03
3008	0	P1	0	NO PLAY	0	-	false	2026/09/19 20:46:03
3008	0	DP	0	NO PLAY	0	-	false	2026/09/19 20:46:03
3008	1	P1	0	NO PLAY	0	-	false	2026/09/19 20:46:03
3008	1	DP	0	NO PLAY	0	-	false	2026/09/19 20:46:03
3008	2	P1	0	NO PLAY	0	-	false	2026/09/19 20:46:03
3008	2	DP	0	NO PLAY	0	-	false	2026/09/19 20:46:03
3008	3	P1	5	HARD CLEAR	1501	22	true	2026/09/19 20:46:03
3008	3	DP	6	EX HARD CLEAR	1498	10	true	2026/09/19 20:46:03
3008	4	P1	0	NO PLAY	0	-	false	2026/09/19 20:46:03
3008	4	DP	0	NO PLAY	0	-	false	2026/09/19 20:46:03
3009	0	P1	0	NO PLAY	0	-	false	2026/09/19 20:46:03
3009	0	DP	0	NO PLAY	0	-	false	2026/09/19 20:46:03
3009	1	P1	0	NO PLAY	0	-	false	2026/09/19 20:46:03
3009	1	DP	0	NO PLAY	0	-	false	2026/09/19 20:46:03
3009	2	P1	0	NO PLAY	0	-	false	2026/09/19 20:46:03
3009	2	DP	0	NO PLAY	0	-	false	2026/09/19 20:46:03
3009	3	P1	0	NO PLAY	0	-	false	2026/09/19 20:46:03
3009	3	DP	0	NO PLAY	0	-	false	2026/09/19 20:46:03
3009	4	P1	0	NO PLAY	0	-	false	2026/09/19 20:46:03
3009	4	DP	0	NO PLAY	0	-	false	2026/09/19 20:46:03
3010	0	P1	0	NO PLAY	0	-	false	2026/09/19 20:46:03
3010	0	DP	0	NO PLAY	0	-	false	2026/09/19 20:46:03
3010	1	P1	0	NO PLAY	0	-	false	2026/09/19 20:46:03
3010	1	DP	0	NO PLAY	0	-	false	2026/09/19 20:46:03
3010	2	P1	0	NO PLAY	0	-	false	2026/09/19 20:46:03
3010	2	DP	6	EX HARD CLEAR	1754	16	true	2026/09/19 20:46:03
3010	3	P1	0	NO PLAY	0	-	false	2026/09/19 20:46:03
3010	3	DP	6	EX HARD CLEAR	1782	11	true	2026/09/19 20:46:03
3010	4	P1	0	NO PLAY	0	-	false	2026/09/19 20:46:03
3010	4	DP	0	NO PLAY	0	-	false	2026/09/19 20:46:03
3011	0	P1	0	NO PLAY	0	-	false	2026/09/19 20:46:03
3011	0	DP	0	NO PLAY	0	-	false	2026/09/19 20:46:03
3011	1	P1	0	NO PLAY	0	-	false	2026/09/19 20:46:03
3011	1	DP	0	NO PLAY	0	-	false	2026/09/19 20:46:03
3011	2	P1	0	NO PLAY	0	-	false	2026/09/19 20:46:03
3011	2	DP	0	NO PLAY	0	-	false	2026/09/19 20:46:03
3011	3	P1	0	NO PLAY	0	-	false	2026/09/19 20:46:03
3011	3	DP	0	NO PLAY	0	-	false	2026/09/19 20:46:03
3011	4	P1	0	NO PLAY	0	-	false	2026/09/19 20:46:03
3011	4	DP	0	NO PLAY	0	-	false	2026/09/19 20:46:03
3012	0	P1	0	NO PLAY	0	-	false	2026/09/19 20:46:03
3012	0	DP	0	NO PLAY	0	-	false	2026/09/19 20:46:03
3012	1	P1	0	NO PLAY	0	-	false	2026/09/19 20:46:03
3012	1	DP	6	EX HARD CLEAR	271	3	true	2026/09/19 20:46:03
3012	2	P1	1	FAILED	27	-	false	2026/09/19 20:46:03
3012	2	DP	7	FULL COMBO	361	2	true	2026/09/19 20:46:03
3012	3	P1	0	NO PLAY	0	-	false	2026/09/19 20:46:03
3012	3	DP	0	NO PLAY	0	-	false	2026/09/19 20:46:03
3012	4	P1	0	NO PLAY	0	-	false	2026/09/19 20:46:03
3012	4	DP	0	NO PLAY	0	-	false	2026/09/19 20:46:03
3013	0	P1	0	NO PLAY	0	-	false	2026/09/19 20:46:03
3013	0	DP	0	NO PLAY	0	-	false	2026/09/19 20:46:03
3013	1	P1	0	NO PLAY	0	-	false	2026/09/19 20:46:03
3013	1	DP	0	NO PLAY	0	-	false	2026/09/19 20:46:03
3013	2	P1	7	FULL COMBO	1566	0	true	2026/09/19 20:46:03
3013	2	DP	6	EX HARD CLEAR	1462	12	true	2026/09/19 20:46:03
3013	3	P1	0	NO PLAY	0	-	false	2026/09/19 20:46:03
3013	3	DP	0	NO PLAY	0	-	false	2026/09/19 20:46:03
3013	4	P1	0	NO PLAY	0	-	false	2026/09/19 20:46:03
3013	4	DP	0	NO PLAY	0	-	false	2026/09/19 20:46:03
3018	0	P1	0	NO PLAY	0	-	false	2026/09/19 20:46:03
3018	0	DP	0	NO PLAY	0	-	false	2026/09/19 20:46:03
3018	1	P1	0	NO PLAY	0	-	false	2026/09/19 20:46:03
3018	1	DP	0	NO PLAY	0	-	false	2026/09/19 20:46:03
3018	2	P1	0	NO PLAY	0	-	false	2026/09/19 20:46:03
3018	2	DP	0	NO PLAY	0	-	false	2026/09/19 20:46:03
3018	3	P1	0	NO PLAY	0	-	false	2026/09/19 20:46:03
3018	3	DP	0	NO PLAY	0	-	false	2026/09/19 20:46:03
3018	4	P1	0	NO PLAY	0	-	false	2026/09/19 20:46:03
3018	4	DP	0	NO PLAY	0	-	false	2026/09/19 20:46:03
4000	0	P1	0	NO PLAY	0	-	false	2026/09/19 20:46:03
4000	0	DP	0	NO PLAY	0	-	false	2026/09/19 20:46:03
4000	1	P1	0	NO PLAY	0	-	false	2026/09/19 20:46:03
4000	1	DP	0	NO PLAY	0	-	false	2026/09/19 20:46:03
4000	2	P1	0	NO PLAY	0	-	false	2026/09/19 20:46:03
4000	2	DP	0	NO PLAY	0	-	false	2026/09/19 20:46:03
4000	3	P1	0	NO PLAY	0	-	false	2026/09/19 20:46:03
4000	3	DP	0	NO PLAY	0	-	false	2026/09/19 20:46:03
4000	4	P1	0	NO PLAY	0	-	false	2026/09/19 20:46:03
4000	4	DP	0	NO PLAY	0	-	false	2026/09/19 20:46:03
4001	0	P1	0	NO PLAY	0	-	false	2026/09/19 20:46:03
4001	0	DP	0	NO PLAY	0	-	false	2026/09/19 20:46:03
4001	1	P1	0	NO PLAY	0	-	false	2026/09/19 20:46:03
4001	1	DP	0	NO PLAY	0	-	false	2026/09/19 20:46:03
4001	2	P1	0	NO PLAY	0	-	false	2026/09/19 20:46:03
4001	2	DP	0	NO PLAY	0	-	false	2026/09/19 20:46:03
4001	3	P1	0	NO PLAY	0	-	false	2026/09/19 20:46:03
4001	3	DP	6	EX HARD CLEAR	1995	12	true	2026/09/19 20:46:03
4001	4	P1	0	NO PLAY	0	-	false	2026/09/19 20:46:03
4001	4	DP	6	EX HARD CLEAR	2288	12	true	2026/09/19 20:46:03
4003	0	P1	0	NO PLAY	0	-	false	2026/09/19 20:46:03
4003	0	DP	0	NO PLAY	0	-	false	2026/09/19 20:46:03
4003	1	P1	0	NO PLAY	0	-	false	2026/09/19 20:46:03
4003	1	DP	0	NO PLAY	0	-	false	2026/09/19 20:46:03
4003	2	P1	0	NO PLAY	0	-	false	2026/09/19 20:46:03
4003	2	DP	0	NO PLAY	0	-	false	2026/09/19 20:46:03
4003	3	P1	0	NO PLAY	0	-	false	2026/09/19 20:46:03
4003	3	DP	0	NO PLAY	0	-	false	2026/09/19 20:46:03
4003	4	P1	0	NO PLAY	0	-	false	2026/09/19 20:46:03
4003	4	DP	0	NO PLAY	0	-	false	2026/09/19 20:46:03
4004	0	P1	0	NO PLAY	0	-	false	2026/09/19 20:46:03
4004	0	DP	0	NO PLAY	0	-	false	2026/09/19 20:46:03
4004	1	P1	0	NO PLAY	0	-	false	2026/09/19 20:46:03
4004	1	DP	0	NO PLAY	0	-	false	2026/09/19 20:46:03
4004	2	P1	0	NO PLAY	0	-	false	2026/09/19 20:46:03
4004	2	DP	5	HARD CLEAR	679	25	true	2026/09/19 20:46:03
4004	3	P1	0	NO PLAY	0	-	false	2026/09/19 20:46:03
4004	3	DP	5	HARD CLEAR	1049	13	true	2026/09/19 20:46:03
4004	4	P1	0	NO PLAY	0	-	false	2026/09/19 20:46:03
4004	4	DP	0	NO PLAY	0	-	false	2026/09/19 20:46:03
4005	0	P1	0	NO PLAY	0	-	false	2026/09/19 20:46:03
4005	0	DP	0	NO PLAY	0	-	false	2026/09/19 20:46:03
4005	1	P1	0	NO PLAY	0	-	false	2026/09/19 20:46:03
4005	1	DP	0	NO PLAY	0	-	false	2026/09/19 20:46:03
4005	2	P1	0	NO PLAY	0	-	false	2026/09/19 20:46:03
4005	2	DP	0	NO PLAY	0	-	false	2026/09/19 20:46:03
4005	3	P1	0	NO PLAY	0	-	false	2026/09/19 20:46:03
4005	3	DP	0	NO PLAY	0	-	false	2026/09/19 20:46:03
4005	4	P1	0	NO PLAY	0	-	false	2026/09/19 20:46:03
4005	4	DP	6	EX HARD CLEAR	2000	15	true	2026/09/19 20:46:03
4006	0	P1	0	NO PLAY	0	-	false	2026/09/19 20:46:03
4006	0	DP	0	NO PLAY	0	-	false	2026/09/19 20:46:03
4006	1	P1	0	NO PLAY	0	-	false	2026/09/19 20:46:03
4006	1	DP	0	NO PLAY	0	-	false	2026/09/19 20:46:03
4006	2	P1	0	NO PLAY	0	-	false	2026/09/19 20:46:03
4006	2	DP	5	HARD CLEAR	1980	33	true	2026/09/19 20:46:03
4006	3	P1	6	EX HARD CLEAR	1974	8	true	2026/09/19 20:46:03
4006	3	DP	3	EASY CLEAR	2066	105	true	2026/09/19 20:46:03
4006	4	P1	0	NO PLAY	0	-	false	2026/09/19 20:46:03
4006	4	DP	0	NO PLAY	0	-	false	2026/09/19 20:46:03
4007	0	P1	0	NO PLAY	0	-	false	2026/09/19 20:46:03
4007	0	DP	0	NO PLAY	0	-	false	2026/09/19 20:46:03
4007	1	P1	0	NO PLAY	0	-	false	2026/09/19 20:46:03
4007	1	DP	0	NO PLAY	0	-	false	2026/09/19 20:46:03
4007	2	P1	0	NO PLAY	0	-	false	2026/09/19 20:46:03
4007	2	DP	0	NO PLAY	0	-	false	2026/09/19 20:46:03
4007	3	P1	0	NO PLAY	0	-	false	2026/09/19 20:46:03
4007	3	DP	0	NO PLAY	0	-	false	2026/09/19 20:46:03
4007	4	P1	0	NO PLAY	0	-	false	2026/09/19 20:46:03
4007	4	DP	0	NO PLAY	0	-	false	2026/09/19 20:46:03
4008	0	P1	0	NO PLAY	0	-	false	2026/09/19 20:46:03
4008	0	DP	0	NO PLAY	0	-	false	2026/09/19 20:46:03
4008	1	P1	0	NO PLAY	0	-	false	2026/09/19 20:46:03
4008	1	DP	0	NO PLAY	0	-	false	2026/09/19 20:46:03
4008	2	P1	0	NO PLAY	0	-	false	2026/09/19 20:46:03
4008	2	DP	0	NO PLAY	0	-	false	2026/09/19 20:46:03
4008	3	P1	0	NO PLAY	0	-	false	2026/09/19 20:46:03
4008	3	DP	5	HARD CLEAR	1764	48	true	2026/09/19 20:46:03
4008	4	P1	0	NO PLAY	0	-	false	2026/09/19 20:46:03
4008	4	DP	0	NO PLAY	0	-	false	2026/09/19 20:46:03
4012	0	P1	0	NO PLAY	0	-	false	2026/09/19 20:46:03
4012	0	DP	0	NO PLAY	0	-	false	2026/09/19 20:46:03
4012	1	P1	0	NO PLAY	0	-	false	2026/09/19 20:46:03
4012	1	DP	0	NO PLAY	0	-	false	2026/09/19 20:46:03
4012	2	P1	0	NO PLAY	0	-	false	2026/09/19 20:46:03
4012	2	DP	0	NO PLAY	0	-	false	2026/09/19 20:46:03
4012	3	P1	0	NO PLAY	0	-	false	2026/09/19 20:46:03
4012	3	DP	0	NO PLAY	0	-	false	2026/09/19 20:46:03
4012	4	P1	0	NO PLAY	0	-	false	2026/09/19 20:46:03
4012	4	DP	0	NO PLAY	0	-	false	2026/09/19 20:46:03
4014	0	P1	0	NO PLAY	0	-	false	2026/09/19 20:46:03
4014	0	DP	0	NO PLAY	0	-	false	2026/09/19 20:46:03
4014	1	P1	0	NO PLAY	0	-	false	2026/09/19 20:46:03
4014	1	DP	0	NO PLAY	0	-	false	2026/09/19 20:46:03
4014	2	P1	0	NO PLAY	0	-	false	2026/09/19 20:46:03
4014	2	DP	0	NO PLAY	0	-	false	2026/09/19 20:46:03
4014	3	P1	0	NO PLAY	0	-	false	2026/09/19 20:46:03
4014	3	DP	0	NO PLAY	0	-	false	2026/09/19 20:46:03
4014	4	P1	0	NO PLAY	0	-	false	2026/09/19 20:46:03
4014	4	DP	0	NO PLAY	0	-	false	2026/09/19 20:46:03
4015	0	P1	0	NO PLAY	0	-	false	2026/09/19 20:46:03
4015	0	DP	0	NO PLAY	0	-	false	2026/09/19 20:46:03
4015	1	P1	0	NO PLAY	0	-	false	2026/09/19 20:46:03
4015	1	DP	7	FULL COMBO	591	0	true	2026/09/19 20:46:03
4015	2	P1	0	NO PLAY	0	-	false	2026/09/19 20:46:03
4015	2	DP	1	FAILED	379	97	true	2026/09/19 20:46:03
4015	3	P1	5	HARD CLEAR	1136	24	true	2026/09/19 20:46:03
4015	3	DP	6	EX HARD CLEAR	1303	6	true	2026/09/19 20:46:03
4015	4	P1	0	NO PLAY	0	-	false	2026/09/19 20:46:03
4015	4	DP	0	NO PLAY	0	-	false	2026/09/19 20:46:03
4016	0	P1	0	NO PLAY	0	-	false	2026/09/19 20:46:03
4016	0	DP	0	NO PLAY	0	-	false	2026/09/19 20:46:03
4016	1	P1	0	NO PLAY	0	-	false	2026/09/19 20:46:03
4016	1	DP	0	NO PLAY	0	-	false	2026/09/19 20:46:03
4016	2	P1	0	NO PLAY	0	-	false	2026/09/19 20:46:03
4016	2	DP	0	NO PLAY	0	-	false	2026/09/19 20:46:03
4016	3	P1	0	NO PLAY	0	-	false	2026/09/19 20:46:03
4016	3	DP	5	HARD CLEAR	1516	22	true	2026/09/19 20:46:03
4016	4	P1	0	NO PLAY	0	-	false	2026/09/19 20:46:03
4016	4	DP	0	NO PLAY	0	-	false	2026/09/19 20:46:03
4020	0	P1	0	NO PLAY	0	-	false	2026/09/19 20:46:03
4020	0	DP	0	NO PLAY	0	-	false	2026/09/19 20:46:03
4020	1	P1	0	NO PLAY	0	-	false	2026/09/19 20:46:03
4020	1	DP	0	NO PLAY	0	-	false	2026/09/19 20:46:03
4020	2	P1	0	NO PLAY	0	-	false	2026/09/19 20:46:03
4020	2	DP	0	NO PLAY	0	-	false	2026/09/19 20:46:03
4020	3	P1	0	NO PLAY	0	-	false	2026/09/19 20:46:03
4020	3	DP	5	HARD CLEAR	1675	24	true	2026/09/19 20:46:03
4020	4	P1	0	NO PLAY	0	-	false	2026/09/19 20:46:03
4020	4	DP	0	NO PLAY	0	-	false	2026/09/19 20:46:03
4021	0	P1	0	NO PLAY	0	-	false	2026/09/19 20:46:03
4021	0	DP	0	NO PLAY	0	-	false	2026/09/19 20:46:03
4021	1	P1	0	NO PLAY	0	-	false	2026/09/19 20:46:03
4021	1	DP	0	NO PLAY	0	-	false	2026/09/19 20:46:03
4021	2	P1	0	NO PLAY	0	-	false	2026/09/19 20:46:03
4021	2	DP	0	NO PLAY	0	-	false	2026/09/19 20:46:03
4021	3	P1	0	NO PLAY	0	-	false	2026/09/19 20:46:03
4021	3	DP	0	NO PLAY	0	-	false	2026/09/19 20:46:03
4021	4	P1	0	NO PLAY	0	-	false	2026/09/19 20:46:03
4021	4	DP	0	NO PLAY	0	-	false	2026/09/19 20:46:03
4023	0	P1	0	NO PLAY	0	-	false	2026/09/19 20:46:03
4023	0	DP	0	NO PLAY	0	-	false	2026/09/19 20:46:03
4023	1	P1	0	NO PLAY	0	-	false	2026/09/19 20:46:03
4023	1	DP	0	NO PLAY	0	-	false	2026/09/19 20:46:03
4023	2	P1	0	NO PLAY	0	-	false	2026/09/19 20:46:03
4023	2	DP	0	NO PLAY	0	-	false	2026/09/19 20:46:03
4023	3	P1	0	NO PLAY	0	-	false	2026/09/19 20:46:03
4023	3	DP	0	NO PLAY	0	-	false	2026/09/19 20:46:03
4023	4	P1	0	NO PLAY	0	-	false	2026/09/19 20:46:03
4023	4	DP	6	EX HARD CLEAR	1677	7	true	2026/09/19 20:46:03
4025	0	P1	0	NO PLAY	0	-	false	2026/09/19 20:46:03
4025	0	DP	0	NO PLAY	0	-	false	2026/09/19 20:46:03
4025	1	P1	0	NO PLAY	0	-	false	2026/09/19 20:46:03
4025	1	DP	0	NO PLAY	0	-	false	2026/09/19 20:46:03
4025	2	P1	0	NO PLAY	0	-	false	2026/09/19 20:46:03
4025	2	DP	0	NO PLAY	0	-	false	2026/09/19 20:46:03
4025	3	P1	0	NO PLAY	0	-	false	2026/09/19 20:46:03
4025	3	DP	5	HARD CLEAR	1039	40	true	2026/09/19 20:46:03
4025	4	P1	0	NO PLAY	0	-	false	2026/09/19 20:46:03
4025	4	DP	0	NO PLAY	0	-	false	2026/09/19 20:46:03
4026	0	P1	0	NO PLAY	0	-	false	2026/09/19 20:46:03
4026	0	DP	0	NO PLAY	0	-	false	2026/09/19 20:46:03
4026	1	P1	0	NO PLAY	0	-	false	2026/09/19 20:46:03
4026	1	DP	0	NO PLAY	0	-	false	2026/09/19 20:46:03
4026	2	P1	0	NO PLAY	0	-	false	2026/09/19 20:46:03
4026	2	DP	0	NO PLAY	0	-	false	2026/09/19 20:46:03
4026	3	P1	0	NO PLAY	0	-	false	2026/09/19 20:46:03
4026	3	DP	0	NO PLAY	0	-	false	2026/09/19 20:46:03
4026	4	P1	0	NO PLAY	0	-	false	2026/09/19 20:46:03
4026	4	DP	0	NO PLAY	0	-	false	2026/09/19 20:46:03
4031	0	P1	0	NO PLAY	0	-	false	2026/09/19 20:46:03
4031	0	DP	0	NO PLAY	0	-	false	2026/09/19 20:46:03
4031	1	P1	0	NO PLAY	0	-	false	2026/09/19 20:46:03
4031	1	DP	0	NO PLAY	0	-	false	2026/09/19 20:46:03
4031	2	P1	0	NO PLAY	0	-	false	2026/09/19 20:46:03
4031	2	DP	0	NO PLAY	0	-	false	2026/09/19 20:46:03
4031	3	P1	0	NO PLAY	0	-	false	2026/09/19 20:46:03
4031	3	DP	0	NO PLAY	0	-	false	2026/09/19 20:46:03
4031	4	P1	0	NO PLAY	0	-	false	2026/09/19 20:46:03
4031	4	DP	0	NO PLAY	0	-	false	2026/09/19 20:46:03
4032	0	P1	0	NO PLAY	0	-	false	2026/09/19 20:46:03
4032	0	DP	0	NO PLAY	0	-	false	2026/09/19 20:46:03
4032	1	P1	0	NO PLAY	0	-	false	2026/09/19 20:46:03
4032	1	DP	0	NO PLAY	0	-	false	2026/09/19 20:46:03
4032	2	P1	0	NO PLAY	0	-	false	2026/09/19 20:46:03
4032	2	DP	0	NO PLAY	0	-	false	2026/09/19 20:46:03
4032	3	P1	0	NO PLAY	0	-	false	2026/09/19 20:46:03
4032	3	DP	0	NO PLAY	0	-	false	2026/09/19 20:46:03
4032	4	P1	0	NO PLAY	0	-	false	2026/09/19 20:46:03
4032	4	DP	0	NO PLAY	0	-	false	2026/09/19 20:46:03
4033	0	P1	0	NO PLAY	0	-	false	2026/09/19 20:46:03
4033	0	DP	0	NO PLAY	0	-	false	2026/09/19 20:46:03
4033	1	P1	0	NO PLAY	0	-	false	2026/09/19 20:46:03
4033	1	DP	0	NO PLAY	0	-	false	2026/09/19 20:46:03
4033	2	P1	0	NO PLAY	0	-	false	2026/09/19 20:46:03
4033	2	DP	0	NO PLAY	0	-	false	2026/09/19 20:46:03
4033	3	P1	0	NO PLAY	0	-	false	2026/09/19 20:46:03
4033	3	DP	0	NO PLAY	0	-	false	2026/09/19 20:46:03
4033	4	P1	0	NO PLAY	0	-	false	2026/09/19 20:46:03
4033	4	DP	0	NO PLAY	0	-	false	2026/09/19 20:46:03
5000	0	P1	0	NO PLAY	0	-	false	2026/09/19 20:46:03
5000	0	DP	0	NO PLAY	0	-	false	2026/09/19 20:46:03
5000	1	P1	0	NO PLAY	0	-	false	2026/09/19 20:46:03
5000	1	DP	0	NO PLAY	0	-	false	2026/09/19 20:46:03
5000	2	P1	0	NO PLAY	0	-	false	2026/09/19 20:46:03
5000	2	DP	0	NO PLAY	0	-	false	2026/09/19 20:46:03
5000	3	P1	0	NO PLAY	0	-	false	2026/09/19 20:46:03
5000	3	DP	0	NO PLAY	0	-	false	2026/09/19 20:46:03
5000	4	P1	0	NO PLAY	0	-	false	2026/09/19 20:46:03
5000	4	DP	0	NO PLAY	0	-	false	2026/09/19 20:46:03
5004	0	P1	0	NO PLAY	0	-	false	2026/09/19 20:46:03
5004	0	DP	0	NO PLAY	0	-	false	2026/09/19 20:46:03
5004	1	P1	0	NO PLAY	0	-	false	2026/09/19 20:46:03
5004	1	DP	0	NO PLAY	0	-	false	2026/09/19 20:46:03
5004	2	P1	0	NO PLAY	0	-	false	2026/09/19 20:46:03
5004	2	DP	0	NO PLAY	0	-	false	2026/09/19 20:46:03
5004	3	P1	0	NO PLAY	0	-	false	2026/09/19 20:46:03
5004	3	DP	6	EX HARD CLEAR	1702	11	true	2026/09/19 20:46:03
5004	4	P1	0	NO PLAY	0	-	false	2026/09/19 20:46:03
5004	4	DP	0	NO PLAY	0	-	false	2026/09/19 20:46:03
5005	0	P1	0	NO PLAY	0	-	false	2026/09/19 20:46:03
5005	0	DP	0	NO PLAY	0	-	false	2026/09/19 20:46:03
5005	1	P1	0	NO PLAY	0	-	false	2026/09/19 20:46:03
5005	1	DP	0	NO PLAY	0	-	false	2026/09/19 20:46:03
5005	2	P1	0	NO PLAY	0	-	false	2026/09/19 20:46:03
5005	2	DP	0	NO PLAY	0	-	false	2026/09/19 20:46:03
5005	3	P1	0	NO PLAY	0	-	false	2026/09/19 20:46:03
5005	3	DP	0	NO PLAY	0	-	false	2026/09/19 20:46:03
5005	4	P1	0	NO PLAY	0	-	false	2026/09/19 20:46:03
5005	4	DP	0	NO PLAY	0	-	false	2026/09/19 20:46:03
5007	0	P1	0	NO PLAY	0	-	false	2026/09/19 20:46:03
5007	0	DP	0	NO PLAY	0	-	false	2026/09/19 20:46:03
5007	1	P1	0	NO PLAY	0	-	false	2026/09/19 20:46:03
5007	1	DP	0	NO PLAY	0	-	false	2026/09/19 20:46:03
5007	2	P1	0	NO PLAY	0	-	false	2026/09/19 20:46:03
5007	2	DP	0	NO PLAY	0	-	false	2026/09/19 20:46:03
5007	3	P1	0	NO PLAY	0	-	false	2026/09/19 20:46:03
5007	3	DP	0	NO PLAY	0	-	false	2026/09/19 20:46:03
5007	4	P1	0	NO PLAY	0	-	false	2026/09/19 20:46:03
5007	4	DP	0	NO PLAY	0	-	false	2026/09/19 20:46:03
5009	0	P1	0	NO PLAY	0	-	false	2026/09/19 20:46:03
5009	0	DP	0	NO PLAY	0	-	false	2026/09/19 20:46:03
5009	1	P1	0	NO PLAY	0	-	false	2026/09/19 20:46:03
5009	1	DP	0	NO PLAY	0	-	false	2026/09/19 20:46:03
5009	2	P1	0	NO PLAY	0	-	false	2026/09/19 20:46:03
5009	2	DP	5	HARD CLEAR	2208	25	true	2026/09/19 20:46:03
5009	3	P1	0	NO PLAY	0	-	false	2026/09/19 20:46:03
5009	3	DP	0	NO PLAY	0	-	false	2026/09/19 20:46:03
5009	4	P1	0	NO PLAY	0	-	false	2026/09/19 20:46:03
5009	4	DP	0	NO PLAY	0	-	false	2026/09/19 20:46:03
5010	0	P1	0	NO PLAY	0	-	false	2026/09/19 20:46:03
5010	0	DP	0	NO PLAY	0	-	false	2026/09/19 20:46:03
5010	1	P1	0	NO PLAY	0	-	false	2026/09/19 20:46:03
5010	1	DP	0	NO PLAY	0	-	false	2026/09/19 20:46:03
5010	2	P1	0	NO PLAY	0	-	false	2026/09/19 20:46:03
5010	2	DP	1	FAILED	988	-	false	2026/09/19 20:46:03
5010	3	P1	0	NO PLAY	0	-	false	2026/09/19 20:46:03
5010	3	DP	0	NO PLAY	0	-	false	2026/09/19 20:46:03
5010	4	P1	0	NO PLAY	0	-	false	2026/09/19 20:46:03
5010	4	DP	0	NO PLAY	0	-	false	2026/09/19 20:46:03
5011	0	P1	0	NO PLAY	0	-	false	2026/09/19 20:46:03
5011	0	DP	0	NO PLAY	0	-	false	2026/09/19 20:46:03
5011	1	P1	0	NO PLAY	0	-	false	2026/09/19 20:46:03
5011	1	DP	0	NO PLAY	0	-	false	2026/09/19 20:46:03
5011	2	P1	0	NO PLAY	0	-	false	2026/09/19 20:46:03
5011	2	DP	0	NO PLAY	0	-	false	2026/09/19 20:46:03
5011	3	P1	0	NO PLAY	0	-	false	2026/09/19 20:46:03
5011	3	DP	1	FAILED	855	-	false	2026/09/19 20:46:03
5011	4	P1	0	NO PLAY	0	-	false	2026/09/19 20:46:03
5011	4	DP	0	NO PLAY	0	-	false	2026/09/19 20:46:03
5012	0	P1	0	NO PLAY	0	-	false	2026/09/19 20:46:03
5012	0	DP	0	NO PLAY	0	-	false	2026/09/19 20:46:03
5012	1	P1	0	NO PLAY	0	-	false	2026/09/19 20:46:03
5012	1	DP	0	NO PLAY	0	-	false	2026/09/19 20:46:03
5012	2	P1	0	NO PLAY	0	-	false	2026/09/19 20:46:03
5012	2	DP	0	NO PLAY	0	-	false	2026/09/19 20:46:03
5012	3	P1	0	NO PLAY	0	-	false	2026/09/19 20:46:03
5012	3	DP	6	EX HARD CLEAR	1733	16	true	2026/09/19 20:46:03
5012	4	P1	0	NO PLAY	0	-	false	2026/09/19 20:46:03
5012	4	DP	0	NO PLAY	0	-	false	2026/09/19 20:46:03
5014	0	P1	0	NO PLAY	0	-	false	2026/09/19 20:46:03
5014	0	DP	0	NO PLAY	0	-	false	2026/09/19 20:46:03
5014	1	P1	0	NO PLAY	0	-	false	2026/09/19 20:46:03
5014	1	DP	0	NO PLAY	0	-	false	2026/09/19 20:46:03
5014	2	P1	0	NO PLAY	0	-	false	2026/09/19 20:46:03
5014	2	DP	0	NO PLAY	0	-	false	2026/09/19 20:46:03
5014	3	P1	0	NO PLAY	0	-	false	2026/09/19 20:46:03
5014	3	DP	0	NO PLAY	0	-	false	2026/09/19 20:46:03
5014	4	P1	0	NO PLAY	0	-	false	2026/09/19 20:46:03
5014	4	DP	6	EX HARD CLEAR	1675	6	true	2026/09/19 20:46:03
5015	0	P1	0	NO PLAY	0	-	false	2026/09/19 20:46:03
5015	0	DP	0	NO PLAY	0	-	false	2026/09/19 20:46:03
5015	1	P1	0	NO PLAY	0	-	false	2026/09/19 20:46:03
5015	1	DP	0	NO PLAY	0	-	false	2026/09/19 20:46:03
5015	2	P1	0	NO PLAY	0	-	false	2026/09/19 20:46:03
5015	2	DP	0	NO PLAY	0	-	false	2026/09/19 20:46:03
5015	3	P1	0	NO PLAY	0	-	false	2026/09/19 20:46:03
5015	3	DP	0	NO PLAY	0	-	false	2026/09/19 20:46:03
5015	4	P1	0	NO PLAY	0	-	false	2026/09/19 20:46:03
5015	4	DP	0	NO PLAY	0	-	false	2026/09/19 20:46:03
5016	0	P1	0	NO PLAY	0	-	false	2026/09/19 20:46:03
5016	0	DP	0	NO PLAY	0	-	false	2026/09/19 20:46:03
5016	1	P1	0	NO PLAY	0	-	false	2026/09/19 20:46:03
5016	1	DP	0	NO PLAY	0	-	false	2026/09/19 20:46:03
5016	2	P1	0	NO PLAY	0	-	false	2026/09/19 20:46:03
5016	2	DP	6	EX HARD CLEAR	1464	12	true	2026/09/19 20:46:03
5016	3	P1	0	NO PLAY	0	-	false	2026/09/19 20:46:03
5016	3	DP	0	NO PLAY	0	-	false	2026/09/19 20:46:03
5016	4	P1	0	NO PLAY	0	-	false	2026/09/19 20:46:03
5016	4	DP	0	NO PLAY	0	-	false	2026/09/19 20:46:03
5017	0	P1	0	NO PLAY	0	-	false	2026/09/19 20:46:03
5017	0	DP	0	NO PLAY	0	-	false	2026/09/19 20:46:03
5017	1	P1	0	NO PLAY	0	-	false	2026/09/19 20:46:03
5017	1	DP	0	NO PLAY	0	-	false	2026/09/19 20:46:03
5017	2	P1	0	NO PLAY	0	-	false	2026/09/19 20:46:03
5017	2	DP	0	NO PLAY	0	-	false	2026/09/19 20:46:03
5017	3	P1	0	NO PLAY	0	-	false	2026/09/19 20:46:03
5017	3	DP	6	EX HARD CLEAR	1932	16	true	2026/09/19 20:46:03
5017	4	P1	0	NO PLAY	0	-	false	2026/09/19 20:46:03
5017	4	DP	0	NO PLAY	0	-	false	2026/09/19 20:46:03
5018	0	P1	0	NO PLAY	0	-	false	2026/09/19 20:46:03
5018	0	DP	0	NO PLAY	0	-	false	2026/09/19 20:46:03
5018	1	P1	0	NO PLAY	0	-	false	2026/09/19 20:46:03
5018	1	DP	0	NO PLAY	0	-	false	2026/09/19 20:46:03
5018	2	P1	0	NO PLAY	0	-	false	2026/09/19 20:46:03
5018	2	DP	7	FULL COMBO	1240	2	true	2026/09/19 20:46:03
5018	3	P1	0	NO PLAY	0	-	false	2026/09/19 20:46:03
5018	3	DP	0	NO PLAY	0	-	false	2026/09/19 20:46:03
5018	4	P1	0	NO PLAY	0	-	false	2026/09/19 20:46:03
5018	4	DP	0	NO PLAY	0	-	false	2026/09/19 20:46:03
5019	0	P1	0	NO PLAY	0	-	false	2026/09/19 20:46:03
5019	0	DP	0	NO PLAY	0	-	false	2026/09/19 20:46:03
5019	1	P1	0	NO PLAY	0	-	false	2026/09/19 20:46:03
5019	1	DP	0	NO PLAY	0	-	false	2026/09/19 20:46:03
5019	2	P1	0	NO PLAY	0	-	false	2026/09/19 20:46:03
5019	2	DP	0	NO PLAY	0	-	false	2026/09/19 20:46:03
5019	3	P1	6	EX HARD CLEAR	2024	1	true	2026/09/19 20:46:03
5019	3	DP	6	EX HARD CLEAR	1662	6	true	2026/09/19 20:46:03
5019	4	P1	0	NO PLAY	0	-	false	2026/09/19 20:46:03
5019	4	DP	0	NO PLAY	0	-	false	2026/09/19 20:46:03
5021	0	P1	4	CLEAR	270	15	true	2026/09/19 20:46:03
5021	0	DP	0	NO PLAY	0	-	false	2026/09/19 20:46:03
5021	1	P1	0	NO PLAY	0	-	false	2026/09/19 20:46:03
5021	1	DP	7	FULL COMBO	1294	0	true	2026/09/19 20:46:03
5021	2	P1	5	HARD CLEAR	1851	19	true	2026/09/19 20:46:03
5021	2	DP	5	HARD CLEAR	1971	26	true	2026/09/19 20:46:03
5021	3	P1	6	EX HARD CLEAR	2473	8	true	2026/09/19 20:46:03
5021	3	DP	5	HARD CLEAR	2181	36	true	2026/09/19 20:46:03
5021	4	P1	0	NO PLAY	0	-	false	2026/09/19 20:46:03
5021	4	DP	0	NO PLAY	0	-	false	2026/09/19 20:46:03
5023	0	P1	0	NO PLAY	0	-	false	2026/09/19 20:46:03
5023	0	DP	0	NO PLAY	0	-	false	2026/09/19 20:46:03
5023	1	P1	0	NO PLAY	0	-	false	2026/09/19 20:46:03
5023	1	DP	0	NO PLAY	0	-	false	2026/09/19 20:46:03
5023	2	P1	0	NO PLAY	0	-	false	2026/09/19 20:46:03
5023	2	DP	0	NO PLAY	0	-	false	2026/09/19 20:46:03
5023	3	P1	0	NO PLAY	0	-	false	2026/09/19 20:46:03
5023	3	DP	0	NO PLAY	0	-	false	2026/09/19 20:46:03
5023	4	P1	0	NO PLAY	0	-	false	2026/09/19 20:46:03
5023	4	DP	0	NO PLAY	0	-	false	2026/09/19 20:46:03
5025	0	P1	0	NO PLAY	0	-	false	2026/09/19 20:46:03
5025	0	DP	0	NO PLAY	0	-	false	2026/09/19 20:46:03
5025	1	P1	0	NO PLAY	0	-	false	2026/09/19 20:46:03
5025	1	DP	0	NO PLAY	0	-	false	2026/09/19 20:46:03
5025	2	P1	0	NO PLAY	0	-	false	2026/09/19 20:46:03
5025	2	DP	0	NO PLAY	0	-	false	2026/09/19 20:46:03
5025	3	P1	0	NO PLAY	0	-	false	2026/09/19 20:46:03
5025	3	DP	0	NO PLAY	0	-	false	2026/09/19 20:46:03
5025	4	P1	0	NO PLAY	0	-	false	2026/09/19 20:46:03
5025	4	DP	0	NO PLAY	0	-	false	2026/09/19 20:46:03
5027	0	P1	0	NO PLAY	0	-	false	2026/09/19 20:46:03
5027	0	DP	0	NO PLAY	0	-	false	2026/09/19 20:46:03
5027	1	P1	0	NO PLAY	0	-	false	2026/09/19 20:46:03
5027	1	DP	0	NO PLAY	0	-	false	2026/09/19 20:46:03
5027	2	P1	0	NO PLAY	0	-	false	2026/09/19 20:46:03
5027	2	DP	0	NO PLAY	0	-	false	2026/09/19 20:46:03
5027	3	P1	0	NO PLAY	0	-	false	2026/09/19 20:46:03
5027	3	DP	0	NO PLAY	0	-	false	2026/09/19 20:46:03
5027	4	P1	0	NO PLAY	0	-	false	2026/09/19 20:46:03
5027	4	DP	0	NO PLAY	0	-	false	2026/09/19 20:46:03
5028	0	P1	0	NO PLAY	0	-	false	2026/09/19 20:46:03
5028	0	DP	0	NO PLAY	0	-	false	2026/09/19 20:46:03
5028	1	P1	0	NO PLAY	0	-	false	2026/09/19 20:46:03
5028	1	DP	0	NO PLAY	0	-	false	2026/09/19 20:46:03
5028	2	P1	0	NO PLAY	0	-	false	2026/09/19 20:46:03
5028	2	DP	0	NO PLAY	0	-	false	2026/09/19 20:46:03
5028	3	P1	0	NO PLAY	0	-	false	2026/09/19 20:46:03
5028	3	DP	0	NO PLAY	0	-	false	2026/09/19 20:46:03
5028	4	P1	0	NO PLAY	0	-	false	2026/09/19 20:46:03
5028	4	DP	0	NO PLAY	0	-	false	2026/09/19 20:46:03
5029	0	P1	0	NO PLAY	0	-	false	2026/09/19 20:46:03
5029	0	DP	0	NO PLAY	0	-	false	2026/09/19 20:46:03
5029	1	P1	0	NO PLAY	0	-	false	2026/09/19 20:46:03
5029	1	DP	0	NO PLAY	0	-	false	2026/09/19 20:46:03
5029	2	P1	0	NO PLAY	0	-	false	2026/09/19 20:46:03
5029	2	DP	0	NO PLAY	0	-	false	2026/09/19 20:46:03
5029	3	P1	0	NO PLAY	0	-	false	2026/09/19 20:46:03
5029	3	DP	0	NO PLAY	0	-	false	2026/09/19 20:46:03
5029	4	P1	0	NO PLAY	0	-	false	2026/09/19 20:46:03
5029	4	DP	0	NO PLAY	0	-	false	2026/09/19 20:46:03
5030	0	P1	0	NO PLAY	0	-	false	2026/09/19 20:46:03
5030	0	DP	0	NO PLAY	0	-	false	2026/09/19 20:46:03
5030	1	P1	0	NO PLAY	0	-	false	2026/09/19 20:46:03
5030	1	DP	0	NO PLAY	0	-	false	2026/09/19 20:46:03
5030	2	P1	0	NO PLAY	0	-	false	2026/09/19 20:46:03
5030	2	DP	0	NO PLAY	0	-	false	2026/09/19 20:46:03
5030	3	P1	0	NO PLAY	0	-	false	2026/09/19 20:46:03
5030	3	DP	0	NO PLAY	0	-	false	2026/09/19 20:46:03
5030	4	P1	0	NO PLAY	0	-	false	2026/09/19 20:46:03
5030	4	DP	0	NO PLAY	0	-	false	2026/09/19 20:46:03
6001	0	P1	0	NO PLAY	0	-	false	2026/09/19 20:46:03
6001	0	DP	0	NO PLAY	0	-	false	2026/09/19 20:46:03
6001	1	P1	0	NO PLAY	0	-	false	2026/09/19 20:46:03
6001	1	DP	0	NO PLAY	0	-	false	2026/09/19 20:46:03
6001	2	P1	0	NO PLAY	0	-	false	2026/09/19 20:46:03
6001	2	DP	0	NO PLAY	0	-	false	2026/09/19 20:46:03
6001	3	P1	0	NO PLAY	0	-	false	2026/09/19 20:46:03
6001	3	DP	0	NO PLAY	0	-	false	2026/09/19 20:46:03
6001	4	P1	0	NO PLAY	0	-	false	2026/09/19 20:46:03
6001	4	DP	0	NO PLAY	0	-	false	2026/09/19 20:46:03
6003	0	P1	0	NO PLAY	0	-	false	2026/09/19 20:46:03
6003	0	DP	0	NO PLAY	0	-	false	2026/09/19 20:46:03
6003	1	P1	0	NO PLAY	0	-	false	2026/09/19 20:46:03
6003	1	DP	0	NO PLAY	0	-	false	2026/09/19 20:46:03
6003	2	P1	0	NO PLAY	0	-	false	2026/09/19 20:46:03
6003	2	DP	0	NO PLAY	0	-	false	2026/09/19 20:46:03
6003	3	P1	0	NO PLAY	0	-	false	2026/09/19 20:46:03
6003	3	DP	0	NO PLAY	0	-	false	2026/09/19 20:46:03
6003	4	P1	0	NO PLAY	0	-	false	2026/09/19 20:46:03
6003	4	DP	0	NO PLAY	0	-	false	2026/09/19 20:46:03
6004	0	P1	0	NO PLAY	0	-	false	2026/09/19 20:46:03
6004	0	DP	0	NO PLAY	0	-	false	2026/09/19 20:46:03
6004	1	P1	0	NO PLAY	0	-	false	2026/09/19 20:46:03
6004	1	DP	0	NO PLAY	0	-	false	2026/09/19 20:46:03
6004	2	P1	0	NO PLAY	0	-	false	2026/09/19 20:46:03
6004	2	DP	0	NO PLAY	0	-	false	2026/09/19 20:46:03
6004	3	P1	0	NO PLAY	0	-	false	2026/09/19 20:46:03
6004	3	DP	0	NO PLAY	0	-	false	2026/09/19 20:46:03
6004	4	P1	0	NO PLAY	0	-	false	2026/09/19 20:46:03
6004	4	DP	0	NO PLAY	0	-	false	2026/09/19 20:46:03
6005	0	P1	0	NO PLAY	0	-	false	2026/09/19 20:46:03
6005	0	DP	0	NO PLAY	0	-	false	2026/09/19 20:46:03
6005	1	P1	0	NO PLAY	0	-	false	2026/09/19 20:46:03
6005	1	DP	0	NO PLAY	0	-	false	2026/09/19 20:46:03
6005	2	P1	0	NO PLAY	0	-	false	2026/09/19 20:46:03
6005	2	DP	0	NO PLAY	0	-	false	2026/09/19 20:46:03
6005	3	P1	6	EX HARD CLEAR	2040	11	true	2026/09/19 20:46:03
6005	3	DP	6	EX HARD CLEAR	1841	17	true	2026/09/19 20:46:03
6005	4	P1	0	NO PLAY	0	-	false	2026/09/19 20:46:03
6005	4	DP	0	NO PLAY	0	-	false	2026/09/19 20:46:03
6010	0	P1	0	NO PLAY	0	-	false	2026/09/19 20:46:03
6010	0	DP	0	NO PLAY	0	-	false	2026/09/19 20:46:03
6010	1	P1	0	NO PLAY	0	-	false	2026/09/19 20:46:03
6010	1	DP	7	FULL COMBO	814	1	true	2026/09/19 20:46:03
6010	2	P1	0	NO PLAY	0	-	false	2026/09/19 20:46:03
6010	2	DP	6	EX HARD CLEAR	1141	3	true	2026/09/19 20:46:03
6010	3	P1	0	NO PLAY	0	-	false	2026/09/19 20:46:03
6010	3	DP	6	EX HARD CLEAR	1580	13	true	2026/09/19 20:46:03
6010	4	P1	0	NO PLAY	0	-	false	2026/09/19 20:46:03
6010	4	DP	0	NO PLAY	0	-	false	2026/09/19 20:46:03
6011	0	P1	0	NO PLAY	0	-	false	2026/09/19 20:46:03
6011	0	DP	0	NO PLAY	0	-	false	2026/09/19 20:46:03
6011	1	P1	0	NO PLAY	0	-	false	2026/09/19 20:46:03
6011	1	DP	0	NO PLAY	0	-	false	2026/09/19 20:46:03
6011	2	P1	0	NO PLAY	0	-	false	2026/09/19 20:46:03
6011	2	DP	0	NO PLAY	0	-	false	2026/09/19 20:46:03
6011	3	P1	0	NO PLAY	0	-	false	2026/09/19 20:46:03
6011	3	DP	0	NO PLAY	0	-	false	2026/09/19 20:46:03
6011	4	P1	0	NO PLAY	0	-	false	2026/09/19 20:46:03
6011	4	DP	0	NO PLAY	0	-	false	2026/09/19 20:46:03
6012	0	P1	0	NO PLAY	0	-	false	2026/09/19 20:46:03
6012	0	DP	0	NO PLAY	0	-	false	2026/09/19 20:46:03
6012	1	P1	0	NO PLAY	0	-	false	2026/09/19 20:46:03
6012	1	DP	0	NO PLAY	0	-	false	2026/09/19 20:46:03
6012	2	P1	0	NO PLAY	0	-	false	2026/09/19 20:46:03
6012	2	DP	0	NO PLAY	0	-	false	2026/09/19 20:46:03
6012	3	P1	0	NO PLAY	0	-	false	2026/09/19 20:46:03
6012	3	DP	0	NO PLAY	0	-	false	2026/09/19 20:46:03
6012	4	P1	0	NO PLAY	0	-	false	2026/09/19 20:46:03
6012	4	DP	0	NO PLAY	0	-	false	2026/09/19 20:46:03
6013	0	P1	0	NO PLAY	0	-	false	2026/09/19 20:46:03
6013	0	DP	0	NO PLAY	0	-	false	2026/09/19 20:46:03
6013	1	P1	0	NO PLAY	0	-	false	2026/09/19 20:46:03
6013	1	DP	0	NO PLAY	0	-	false	2026/09/19 20:46:03
6013	2	P1	0	NO PLAY	0	-	false	2026/09/19 20:46:03
6013	2	DP	0	NO PLAY	0	-	false	2026/09/19 20:46:03
6013	3	P1	0	NO PLAY	0	-	false	2026/09/19 20:46:03
6013	3	DP	5	HARD CLEAR	2006	38	true	2026/09/19 20:46:03
6013	4	P1	0	NO PLAY	0	-	false	2026/09/19 20:46:03
6013	4	DP	0	NO PLAY	0	-	false	2026/09/19 20:46:03
6014	0	P1	0	NO PLAY	0	-	false	2026/09/19 20:46:03
6014	0	DP	0	NO PLAY	0	-	false	2026/09/19 20:46:03
6014	1	P1	0	NO PLAY	0	-	false	2026/09/19 20:46:03
6014	1	DP	0	NO PLAY	0	-	false	2026/09/19 20:46:03
6014	2	P1	0	NO PLAY	0	-	false	2026/09/19 20:46:03
6014	2	DP	0	NO PLAY	0	-	false	2026/09/19 20:46:03
6014	3	P1	0	NO PLAY	0	-	false	2026/09/19 20:46:03
6014	3	DP	0	NO PLAY	0	-	false	2026/09/19 20:46:03
6014	4	P1	0	NO PLAY	0	-	false	2026/09/19 20:46:03
6014	4	DP	0	NO PLAY	0	-	false	2026/09/19 20:46:03
6015	0	P1	0	NO PLAY	0	-	false	2026/09/19 20:46:03
6015	0	DP	0	NO PLAY	0	-	false	2026/09/19 20:46:03
6015	1	P1	0	NO PLAY	0	-	false	2026/09/19 20:46:03
6015	1	DP	0	NO PLAY	0	-	false	2026/09/19 20:46:03
6015	2	P1	0	NO PLAY	0	-	false	2026/09/19 20:46:03
6015	2	DP	0	NO PLAY	0	-	false	2026/09/19 20:46:03
6015	3	P1	3	EASY CLEAR	1697	54	true	2026/09/19 20:46:03
6015	3	DP	5	HARD CLEAR	1896	31	true	2026/09/19 20:46:03
6015	4	P1	0	NO PLAY	0	-	false	2026/09/19 20:46:03
6015	4	DP	0	NO PLAY	0	-	false	2026/09/19 20:46:03
6016	0	P1	0	NO PLAY	0	-	false	2026/09/19 20:46:03
6016	0	DP	0	NO PLAY	0	-	false	2026/09/19 20:46:03
6016	1	P1	0	NO PLAY	0	-	false	2026/09/19 20:46:03
6016	1	DP	0	NO PLAY	0	-	false	2026/09/19 20:46:03
6016	2	P1	0	NO PLAY	0	-	false	2026/09/19 20:46:03
6016	2	DP	1	FAILED	916	-	false	2026/09/19 20:46:03
6016	3	P1	6	EX HARD CLEAR	1587	6	true	2026/09/19 20:46:03
6016	3	DP	3	EASY CLEAR	1713	87	true	2026/09/19 20:46:03
6016	4	P1	0	NO PLAY	0	-	false	2026/09/19 20:46:03
6016	4	DP	0	NO PLAY	0	-	false	2026/09/19 20:46:03
6018	0	P1	0	NO PLAY	0	-	false	2026/09/19 20:46:03
6018	0	DP	0	NO PLAY	0	-	false	2026/09/19 20:46:03
6018	1	P1	0	NO PLAY	0	-	false	2026/09/19 20:46:03
6018	1	DP	0	NO PLAY	0	-	false	2026/09/19 20:46:03
6018	2	P1	0	NO PLAY	0	-	false	2026/09/19 20:46:03
6018	2	DP	0	NO PLAY	0	-	false	2026/09/19 20:46:03
6018	3	P1	0	NO PLAY	0	-	false	2026/09/19 20:46:03
6018	3	DP	0	NO PLAY	0	-	false	2026/09/19 20:46:03
6018	4	P1	0	NO PLAY	0	-	false	2026/09/19 20:46:03
6018	4	DP	0	NO PLAY	0	-	false	2026/09/19 20:46:03
6019	0	P1	0	NO PLAY	0	-	false	2026/09/19 20:46:03
6019	0	DP	0	NO PLAY	0	-	false	2026/09/19 20:46:03
6019	1	P1	0	NO PLAY	0	-	false	2026/09/19 20:46:03
6019	1	DP	0	NO PLAY	0	-	false	2026/09/19 20:46:03
6019	2	P1	0	NO PLAY	0	-	false	2026/09/19 20:46:03
6019	2	DP	0	NO PLAY	0	-	false	2026/09/19 20:46:03
6019	3	P1	0	NO PLAY	0	-	false	2026/09/19 20:46:03
6019	3	DP	5	HARD CLEAR	1415	36	true	2026/09/19 20:46:03
6019	4	P1	0	NO PLAY	0	-	false	2026/09/19 20:46:03
6019	4	DP	0	NO PLAY	0	-	false	2026/09/19 20:46:03
6020	0	P1	0	NO PLAY	0	-	false	2026/09/19 20:46:03
6020	0	DP	0	NO PLAY	0	-	false	2026/09/19 20:46:03
6020	1	P1	0	NO PLAY	0	-	false	2026/09/19 20:46:03
6020	1	DP	0	NO PLAY	0	-	false	2026/09/19 20:46:03
6020	2	P1	0	NO PLAY	0	-	false	2026/09/19 20:46:03
6020	2	DP	0	NO PLAY	0	-	false	2026/09/19 20:46:03
6020	3	P1	0	NO PLAY	0	-	false	2026/09/19 20:46:03
6020	3	DP	0	NO PLAY	0	-	false	2026/09/19 20:46:03
6020	4	P1	0	NO PLAY	0	-	false	2026/09/19 20:46:03
6020	4	DP	0	NO PLAY	0	-	false	2026/09/19 20:46:03
6021	0	P1	0	NO PLAY	0	-	false	2026/09/19 20:46:03
6021	0	DP	0	NO PLAY	0	-	false	2026/09/19 20:46:03
6021	1	P1	0	NO PLAY	0	-	false	2026/09/19 20:46:03
6021	1	DP	0	NO PLAY	0	-	false	2026/09/19 20:46:03
6021	2	P1	0	NO PLAY	0	-	false	2026/09/19 20:46:03
6021	2	DP	5	HARD CLEAR	1995	36	true	2026/09/19 20:46:03
6021	3	P1	0	NO PLAY	0	-	false	2026/09/19 20:46:03
6021	3	DP	0	NO PLAY	0	-	false	2026/09/19 20:46:03
6021	4	P1	0	NO PLAY	0	-	false	2026/09/19 20:46:03
6021	4	DP	0	NO PLAY	0	-	false	2026/09/19 20:46:03
6022	0	P1	0	NO PLAY	0	-	false	2026/09/19 20:46:03
6022	0	DP	0	NO PLAY	0	-	false	2026/09/19 20:46:03
6022	1	P1	0	NO PLAY	0	-	false	2026/09/19 20:46:03
6022	1	DP	0	NO PLAY	0	-	false	2026/09/19 20:46:03
6022	2	P1	0	NO PLAY	0	-	false	2026/09/19 20:46:03
6022	2	DP	6	EX HARD CLEAR	2320	16	true	2026/09/19 20:46:03
6022	3	P1	0	NO PLAY	0	-	false	2026/09/19 20:46:03
6022	3	DP	0	NO PLAY	0	-	false	2026/09/19 20:46:03
6022	4	P1	0	NO PLAY	0	-	false	2026/09/19 20:46:03
6022	4	DP	0	NO PLAY	0	-	false	2026/09/19 20:46:03
6023	0	P1	0	NO PLAY	0	-	false	2026/09/19 20:46:03
6023	0	DP	0	NO PLAY	0	-	false	2026/09/19 20:46:03
6023	1	P1	0	NO PLAY	0	-	false	2026/09/19 20:46:03
6023	1	DP	0	NO PLAY	0	-	false	2026/09/19 20:46:03
6023	2	P1	0	NO PLAY	0	-	false	2026/09/19 20:46:03
6023	2	DP	0	NO PLAY	0	-	false	2026/09/19 20:46:03
6023	3	P1	0	NO PLAY	0	-	false	2026/09/19 20:46:03
6023	3	DP	0	NO PLAY	0	-	false	2026/09/19 20:46:03
6023	4	P1	0	NO PLAY	0	-	false	2026/09/19 20:46:03
6023	4	DP	0	NO PLAY	0	-	false	2026/09/19 20:46:03
6027	0	P1	0	NO PLAY	0	-	false	2026/09/19 20:46:03
6027	0	DP	0	NO PLAY	0	-	false	2026/09/19 20:46:03
6027	1	P1	0	NO PLAY	0	-	false	2026/09/19 20:46:03
6027	1	DP	1	FAILED	687	-	false	2026/09/19 20:46:03
6027	2	P1	0	NO PLAY	0	-	false	2026/09/19 20:46:03
6027	2	DP	0	NO PLAY	0	-	false	2026/09/19 20:46:03
6027	3	P1	0	NO PLAY	0	-	false	2026/09/19 20:46:03
6027	3	DP	5	HARD CLEAR	1662	39	true	2026/09/19 20:46:03
6027	4	P1	0	NO PLAY	0	-	false	2026/09/19 20:46:03
6027	4	DP	0	NO PLAY	0	-	false	2026/09/19 20:46:03
6028	0	P1	0	NO PLAY	0	-	false	2026/09/19 20:46:03
6028	0	DP	0	NO PLAY	0	-	false	2026/09/19 20:46:03
6028	1	P1	0	NO PLAY	0	-	false	2026/09/19 20:46:03
6028	1	DP	0	NO PLAY	0	-	false	2026/09/19 20:46:03
6028	2	P1	0	NO PLAY	0	-	false	2026/09/19 20:46:03
6028	2	DP	0	NO PLAY	0	-	false	2026/09/19 20:46:03
6028	3	P1	0	NO PLAY	0	-	false	2026/09/19 20:46:03
6028	3	DP	0	NO PLAY	0	-	false	2026/09/19 20:46:03
6028	4	P1	0	NO PLAY	0	-	false	2026/09/19 20:46:03
6028	4	DP	0	NO PLAY	0	-	false	2026/09/19 20:46:03
6029	0	P1	0	NO PLAY	0	-	false	2026/09/19 20:46:03
6029	0	DP	0	NO PLAY	0	-	false	2026/09/19 20:46:03
6029	1	P1	0	NO PLAY	0	-	false	2026/09/19 20:46:03
6029	1	DP	0	NO PLAY	0	-	false	2026/09/19 20:46:03
6029	2	P1	0	NO PLAY	0	-	false	2026/09/19 20:46:03
6029	2	DP	0	NO PLAY	0	-	false	2026/09/19 20:46:03
6029	3	P1	0	NO PLAY	0	-	false	2026/09/19 20:46:03
6029	3	DP	0	NO PLAY	0	-	false	2026/09/19 20:46:03
6029	4	P1	0	NO PLAY	0	-	false	2026/09/19 20:46:03
6029	4	DP	0	NO PLAY	0	-	false	2026/09/19 20:46:03
6031	0	P1	0	NO PLAY	0	-	false	2026/09/19 20:46:03
6031	0	DP	0	NO PLAY	0	-	false	2026/09/19 20:46:03
6031	1	P1	0	NO PLAY	0	-	false	2026/09/19 20:46:03
6031	1	DP	0	NO PLAY	0	-	false	2026/09/19 20:46:03
6031	2	P1	0	NO PLAY	0	-	false	2026/09/19 20:46:03
6031	2	DP	0	NO PLAY	0	-	false	2026/09/19 20:46:03
6031	3	P1	0	NO PLAY	0	-	false	2026/09/19 20:46:03
6031	3	DP	6	EX HARD CLEAR	1626	5	true	2026/09/19 20:46:03
6031	4	P1	0	NO PLAY	0	-	false	2026/09/19 20:46:03
6031	4	DP	0	NO PLAY	0	-	false	2026/09/19 20:46:03
7002	0	P1	0	NO PLAY	0	-	false	2026/09/19 20:46:03
7002	0	DP	0	NO PLAY	0	-	false	2026/09/19 20:46:03
7002	1	P1	0	NO PLAY	0	-	false	2026/09/19 20:46:03
7002	1	DP	0	NO PLAY	0	-	false	2026/09/19 20:46:03
7002	2	P1	0	NO PLAY	0	-	false	2026/09/19 20:46:03
7002	2	DP	0	NO PLAY	0	-	false	2026/09/19 20:46:03
7002	3	P1	6	EX HARD CLEAR	2216	2	true	2026/09/19 20:46:03
7002	3	DP	5	HARD CLEAR	2131	37	true	2026/09/19 20:46:03
7002	4	P1	0	NO PLAY	0	-	false	2026/09/19 20:46:03
7002	4	DP	0	NO PLAY	0	-	false	2026/09/19 20:46:03
7003	0	P1	0	NO PLAY	0	-	false	2026/09/19 20:46:03
7003	0	DP	0	NO PLAY	0	-	false	2026/09/19 20:46:03
7003	1	P1	0	NO PLAY	0	-	false	2026/09/19 20:46:03
7003	1	DP	0	NO PLAY	0	-	false	2026/09/19 20:46:03
7003	2	P1	0	NO PLAY	0	-	false	2026/09/19 20:46:03
7003	2	DP	0	NO PLAY	0	-	false	2026/09/19 20:46:03
7003	3	P1	0	NO PLAY	0	-	false	2026/09/19 20:46:03
7003	3	DP	0	NO PLAY	0	-	false	2026/09/19 20:46:03
7003	4	P1	0	NO PLAY	0	-	false	2026/09/19 20:46:03
7003	4	DP	0	NO PLAY	0	-	false	2026/09/19 20:46:03
7004	0	P1	0	NO PLAY	0	-	false	2026/09/19 20:46:03
7004	0	DP	0	NO PLAY	0	-	false	2026/09/19 20:46:03
7004	1	P1	0	NO PLAY	0	-	false	2026/09/19 20:46:03
7004	1	DP	6	EX HARD CLEAR	977	3	true	2026/09/19 20:46:03
7004	2	P1	0	NO PLAY	0	-	false	2026/09/19 20:46:03
7004	2	DP	6	EX HARD CLEAR	1244	5	true	2026/09/19 20:46:03
7004	3	P1	0	NO PLAY	0	-	false	2026/09/19 20:46:03
7004	3	DP	0	NO PLAY	0	-	false	2026/09/19 20:46:03
7004	4	P1	0	NO PLAY	0	-	false	2026/09/19 20:46:03
7004	4	DP	0	NO PLAY	0	-	false	2026/09/19 20:46:03
7005	0	P1	0	NO PLAY	0	-	false	2026/09/19 20:46:03
7005	0	DP	0	NO PLAY	0	-	false	2026/09/19 20:46:03
7005	1	P1	0	NO PLAY	0	-	false	2026/09/19 20:46:03
7005	1	DP	0	NO PLAY	0	-	false	2026/09/19 20:46:03
7005	2	P1	0	NO PLAY	0	-	false	2026/09/19 20:46:03
7005	2	DP	0	NO PLAY	0	-	false	2026/09/19 20:46:03
7005	3	P1	0	NO PLAY	0	-	false	2026/09/19 20:46:03
7005	3	DP	0	NO PLAY	0	-	false	2026/09/19 20:46:03
7005	4	P1	0	NO PLAY	0	-	false	2026/09/19 20:46:03
7005	4	DP	0	NO PLAY	0	-	false	2026/09/19 20:46:03
7006	0	P1	0	NO PLAY	0	-	false	2026/09/19 20:46:03
7006	0	DP	0	NO PLAY	0	-	false	2026/09/19 20:46:03
7006	1	P1	0	NO PLAY	0	-	false	2026/09/19 20:46:03
7006	1	DP	0	NO PLAY	0	-	false	2026/09/19 20:46:03
7006	2	P1	0	NO PLAY	0	-	false	2026/09/19 20:46:03
7006	2	DP	0	NO PLAY	0	-	false	2026/09/19 20:46:03
7006	3	P1	0	NO PLAY	0	-	false	2026/09/19 20:46:03
7006	3	DP	0	NO PLAY	0	-	false	2026/09/19 20:46:03
7006	4	P1	0	NO PLAY	0	-	false	2026/09/19 20:46:03
7006	4	DP	6	EX HARD CLEAR	1493	15	true	2026/09/19 20:46:03
7009	0	P1	0	NO PLAY	0	-	false	2026/09/19 20:46:03
7009	0	DP	0	NO PLAY	0	-	false	2026/09/19 20:46:03
7009	1	P1	0	NO PLAY	0	-	false	2026/09/19 20:46:03
7009	1	DP	0	NO PLAY	0	-	false	2026/09/19 20:46:03
7009	2	P1	0	NO PLAY	0	-	false	2026/09/19 20:46:03
7009	2	DP	0	NO PLAY	0	-	false	2026/09/19 20:46:03
7009	3	P1	0	NO PLAY	0	-	false	2026/09/19 20:46:03
7009	3	DP	0	NO PLAY	0	-	false	2026/09/19 20:46:03
7009	4	P1	0	NO PLAY	0	-	false	2026/09/19 20:46:03
7009	4	DP	0	NO PLAY	0	-	false	2026/09/19 20:46:03
7010	0	P1	0	NO PLAY	0	-	false	2026/09/19 20:46:03
7010	0	DP	0	NO PLAY	0	-	false	2026/09/19 20:46:03
7010	1	P1	0	NO PLAY	0	-	false	2026/09/19 20:46:03
7010	1	DP	0	NO PLAY	0	-	false	2026/09/19 20:46:03
7010	2	P1	0	NO PLAY	0	-	false	2026/09/19 20:46:03
7010	2	DP	0	NO PLAY	0	-	false	2026/09/19 20:46:03
7010	3	P1	0	NO PLAY	0	-	false	2026/09/19 20:46:03
7010	3	DP	0	NO PLAY	0	-	false	2026/09/19 20:46:03
7010	4	P1	0	NO PLAY	0	-	false	2026/09/19 20:46:03
7010	4	DP	0	NO PLAY	0	-	false	2026/09/19 20:46:03
7011	0	P1	0	NO PLAY	0	-	false	2026/09/19 20:46:03
7011	0	DP	0	NO PLAY	0	-	false	2026/09/19 20:46:03
7011	1	P1	0	NO PLAY	0	-	false	2026/09/19 20:46:03
7011	1	DP	0	NO PLAY	0	-	false	2026/09/19 20:46:03
7011	2	P1	0	NO PLAY	0	-	false	2026/09/19 20:46:03
7011	2	DP	0	NO PLAY	0	-	false	2026/09/19 20:46:03
7011	3	P1	0	NO PLAY	0	-	false	2026/09/19 20:46:03
7011	3	DP	0	NO PLAY	0	-	false	2026/09/19 20:46:03
7011	4	P1	0	NO PLAY	0	-	false	2026/09/19 20:46:03
7011	4	DP	0	NO PLAY	0	-	false	2026/09/19 20:46:03
7013	0	P1	0	NO PLAY	0	-	false	2026/09/19 20:46:03
7013	0	DP	0	NO PLAY	0	-	false	2026/09/19 20:46:03
7013	1	P1	0	NO PLAY	0	-	false	2026/09/19 20:46:03
7013	1	DP	0	NO PLAY	0	-	false	2026/09/19 20:46:03
7013	2	P1	0	NO PLAY	0	-	false	2026/09/19 20:46:03
7013	2	DP	0	NO PLAY	0	-	false	2026/09/19 20:46:03
7013	3	P1	0	NO PLAY	0	-	false	2026/09/19 20:46:03
7013	3	DP	0	NO PLAY	0	-	false	2026/09/19 20:46:03
7013	4	P1	0	NO PLAY	0	-	false	2026/09/19 20:46:03
7013	4	DP	0	NO PLAY	0	-	false	2026/09/19 20:46:03
7016	0	P1	0	NO PLAY	0	-	false	2026/09/19 20:46:03
7016	0	DP	0	NO PLAY	0	-	false	2026/09/19 20:46:03
7016	1	P1	0	NO PLAY	0	-	false	2026/09/19 20:46:03
7016	1	DP	0	NO PLAY	0	-	false	2026/09/19 20:46:03
7016	2	P1	0	NO PLAY	0	-	false	2026/09/19 20:46:03
7016	2	DP	1	FAILED	580	-	false	2026/09/19 20:46:03
7016	3	P1	0	NO PLAY	0	-	false	2026/09/19 20:46:03
7016	3	DP	0	NO PLAY	0	-	false	2026/09/19 20:46:03
7016	4	P1	0	NO PLAY	0	-	false	2026/09/19 20:46:03
7016	4	DP	0	NO PLAY	0	-	false	2026/09/19 20:46:03
7018	0	P1	0	NO PLAY	0	-	false	2026/09/19 20:46:03
7018	0	DP	0	NO PLAY	0	-	false	2026/09/19 20:46:03
7018	1	P1	0	NO PLAY	0	-	false	2026/09/19 20:46:03
7018	1	DP	0	NO PLAY	0	-	false	2026/09/19 20:46:03
7018	2	P1	0	NO PLAY	0	-	false	2026/09/19 20:46:03
7018	2	DP	0	NO PLAY	0	-	false	2026/09/19 20:46:03
7018	3	P1	6	EX HARD CLEAR	1470	8	true	2026/09/19 20:46:03
7018	3	DP	0	NO PLAY	0	-	false	2026/09/19 20:46:03
7018	4	P1	0	NO PLAY	0	-	false	2026/09/19 20:46:03
7018	4	DP	0	NO PLAY	0	-	false	2026/09/19 20:46:03
7020	0	P1	0	NO PLAY	0	-	false	2026/09/19 20:46:03
7020	0	DP	0	NO PLAY	0	-	false	2026/09/19 20:46:03
7020	1	P1	0	NO PLAY	0	-	false	2026/09/19 20:46:03
7020	1	DP	0	NO PLAY	0	-	false	2026/09/19 20:46:03
7020	2	P1	0	NO PLAY	0	-	false	2026/09/19 20:46:03
7020	2	DP	0	NO PLAY	0	-	false	2026/09/19 20:46:03
7020	3	P1	0	NO PLAY	0	-	false	2026/09/19 20:46:03
7020	3	DP	0	NO PLAY	0	-	false	2026/09/19 20:46:03
7020	4	P1	0	NO PLAY	0	-	false	2026/09/19 20:46:03
7020	4	DP	0	NO PLAY	0	-	false	2026/09/19 20:46:03
7022	0	P1	0	NO PLAY	0	-	false	2026/09/19 20:46:03
7022	0	DP	0	NO PLAY	0	-	false	2026/09/19 20:46:03
7022	1	P1	0	NO PLAY	0	-	false	2026/09/19 20:46:03
7022	1	DP	0	NO PLAY	0	-	false	2026/09/19 20:46:03
7022	2	P1	0	NO PLAY	0	-	false	2026/09/19 20:46:03
7022	2	DP	0	NO PLAY	0	-	false	2026/09/19 20:46:03
7022	3	P1	0	NO PLAY	0	-	false	2026/09/19 20:46:03
7022	3	DP	0	NO PLAY	0	-	false	2026/09/19 20:46:03
7022	4	P1	0	NO PLAY	0	-	false	2026/09/19 20:46:03
7022	4	DP	0	NO PLAY	0	-	false	2026/09/19 20:46:03
7024	0	P1	0	NO PLAY	0	-	false	2026/09/19 20:46:03
7024	0	DP	0	NO PLAY	0	-	false	2026/09/19 20:46:03
7024	1	P1	0	NO PLAY	0	-	false	2026/09/19 20:46:03
7024	1	DP	0	NO PLAY	0	-	false	2026/09/19 20:46:03
7024	2	P1	0	NO PLAY	0	-	false	2026/09/19 20:46:03
7024	2	DP	0	NO PLAY	0	-	false	2026/09/19 20:46:03
7024	3	P1	0	NO PLAY	0	-	false	2026/09/19 20:46:03
7024	3	DP	0	NO PLAY	0	-	false	2026/09/19 20:46:03
7024	4	P1	0	NO PLAY	0	-	false	2026/09/19 20:46:03
7024	4	DP	0	NO PLAY	0	-	false	2026/09/19 20:46:03
7025	0	P1	0	NO PLAY	0	-	false	2026/09/19 20:46:03
7025	0	DP	0	NO PLAY	0	-	false	2026/09/19 20:46:03
7025	1	P1	0	NO PLAY	0	-	false	2026/09/19 20:46:03
7025	1	DP	0	NO PLAY	0	-	false	2026/09/19 20:46:03
7025	2	P1	0	NO PLAY	0	-	false	2026/09/19 20:46:03
7025	2	DP	0	NO PLAY	0	-	false	2026/09/19 20:46:03
7025	3	P1	0	NO PLAY	0	-	false	2026/09/19 20:46:03
7025	3	DP	0	NO PLAY	0	-	false	2026/09/19 20:46:03
7025	4	P1	0	NO PLAY	0	-	false	2026/09/19 20:46:03
7025	4	DP	0	NO PLAY	0	-	false	2026/09/19 20:46:03
7026	0	P1	0	NO PLAY	0	-	false	2026/09/19 20:46:03
7026	0	DP	0	NO PLAY	0	-	false	2026/09/19 20:46:03
7026	1	P1	0	NO PLAY	0	-	false	2026/09/19 20:46:03
7026	1	DP	0	NO PLAY	0	-	false	2026/09/19 20:46:03
7026	2	P1	6	EX HARD CLEAR	1584	12	true	2026/09/19 20:46:03
7026	2	DP	5	HARD CLEAR	1480	36	true	2026/09/19 20:46:03
7026	3	P1	0	NO PLAY	0	-	false	2026/09/19 20:46:03
7026	3	DP	0	NO PLAY	0	-	false	2026/09/19 20:46:03
7026	4	P1	0	NO PLAY	0	-	false	2026/09/19 20:46:03
7026	4	DP	0	NO PLAY	0	-	false	2026/09/19 20:46:03
7032	0	P1	0	NO PLAY	0	-	false	2026/09/19 20:46:03
7032	0	DP	0	NO PLAY	0	-	false	2026/09/19 20:46:03
7032	1	P1	0	NO PLAY	0	-	false	2026/09/19 20:46:03
7032	1	DP	7	FULL COMBO	592	0	true	2026/09/19 20:46:03
7032	2	P1	0	NO PLAY	0	-	false	2026/09/19 20:46:03
7032	2	DP	0	NO PLAY	0	-	false	2026/09/19 20:46:03
7032	3	P1	1	FAILED	1208	-	false	2026/09/19 20:46:03
7032	3	DP	5	HARD CLEAR	1763	28	true	2026/09/19 20:46:03
7032	4	P1	0	NO PLAY	0	-	false	2026/09/19 20:46:03
7032	4	DP	0	NO PLAY	0	-	false	2026/09/19 20:46:03
7036	0	P1	0	NO PLAY	0	-	false	2026/09/19 20:46:03
7036	0	DP	0	NO PLAY	0	-	false	2026/09/19 20:46:03
7036	1	P1	0	NO PLAY	0	-	false	2026/09/19 20:46:03
7036	1	DP	0	NO PLAY	0	-	false	2026/09/19 20:46:03
7036	2	P1	0	NO PLAY	0	-	false	2026/09/19 20:46:03
7036	2	DP	0	NO PLAY	0	-	false	2026/09/19 20:46:03
7036	3	P1	0	NO PLAY	0	-	false	2026/09/19 20:46:03
7036	3	DP	6	EX HARD CLEAR	2117	19	true	2026/09/19 20:46:03
7036	4	P1	0	NO PLAY	0	-	false	2026/09/19 20:46:03
7036	4	DP	0	NO PLAY	0	-	false	2026/09/19 20:46:03
7038	0	P1	0	NO PLAY	0	-	false	2026/09/19 20:46:03
7038	0	DP	0	NO PLAY	0	-	false	2026/09/19 20:46:03
7038	1	P1	0	NO PLAY	0	-	false	2026/09/19 20:46:03
7038	1	DP	0	NO PLAY	0	-	false	2026/09/19 20:46:03
7038	2	P1	0	NO PLAY	0	-	false	2026/09/19 20:46:03
7038	2	DP	0	NO PLAY	0	-	false	2026/09/19 20:46:03
7038	3	P1	0	NO PLAY	0	-	false	2026/09/19 20:46:03
7038	3	DP	0	NO PLAY	0	-	false	2026/09/19 20:46:03
7038	4	P1	0	NO PLAY	0	-	false	2026/09/19 20:46:03
7038	4	DP	6	EX HARD CLEAR	2209	16	true	2026/09/19 20:46:03
7039	0	P1	0	NO PLAY	0	-	false	2026/09/19 20:46:03
7039	0	DP	0	NO PLAY	0	-	false	2026/09/19 20:46:03
7039	1	P1	0	NO PLAY	0	-	false	2026/09/19 20:46:03
7039	1	DP	0	NO PLAY	0	-	false	2026/09/19 20:46:03
7039	2	P1	0	NO PLAY	0	-	false	2026/09/19 20:46:03
7039	2	DP	6	EX HARD CLEAR	1901	17	true	2026/09/19 20:46:03
7039	3	P1	0	NO PLAY	0	-	false	2026/09/19 20:46:03
7039	3	DP	5	HARD CLEAR	1969	33	true	2026/09/19 20:46:03
7039	4	P1	0	NO PLAY	0	-	false	2026/09/19 20:46:03
7039	4	DP	0	NO PLAY	0	-	false	2026/09/19 20:46:03
8001	0	P1	0	NO PLAY	0	-	false	2026/09/19 20:46:03
8001	0	DP	0	NO PLAY	0	-	false	2026/09/19 20:46:03
8001	1	P1	0	NO PLAY	0	-	false	2026/09/19 20:46:03
8001	1	DP	6	EX HARD CLEAR	502	3	true	2026/09/19 20:46:03
8001	2	P1	0	NO PLAY	0	-	false	2026/09/19 20:46:03
8001	2	DP	6	EX HARD CLEAR	463	6	true	2026/09/19 20:46:03
8001	3	P1	1	FAILED	58	-	false	2026/09/19 20:46:03
8001	3	DP	7	FULL COMBO	1280	1	true	2026/09/19 20:46:03
8001	4	P1	0	NO PLAY	0	-	false	2026/09/19 20:46:03
8001	4	DP	0	NO PLAY	0	-	false	2026/09/19 20:46:03
8003	0	P1	0	NO PLAY	0	-	false	2026/09/19 20:46:03
8003	0	DP	0	NO PLAY	0	-	false	2026/09/19 20:46:03
8003	1	P1	0	NO PLAY	0	-	false	2026/09/19 20:46:03
8003	1	DP	0	NO PLAY	0	-	false	2026/09/19 20:46:03
8003	2	P1	0	NO PLAY	0	-	false	2026/09/19 20:46:03
8003	2	DP	0	NO PLAY	0	-	false	2026/09/19 20:46:03
8003	3	P1	0	NO PLAY	0	-	false	2026/09/19 20:46:03
8003	3	DP	0	NO PLAY	0	-	false	2026/09/19 20:46:03
8003	4	P1	0	NO PLAY	0	-	false	2026/09/19 20:46:03
8003	4	DP	0	NO PLAY	0	-	false	2026/09/19 20:46:03
8005	0	P1	0	NO PLAY	0	-	false	2026/09/19 20:46:03
8005	0	DP	0	NO PLAY	0	-	false	2026/09/19 20:46:03
8005	1	P1	0	NO PLAY	0	-	false	2026/09/19 20:46:03
8005	1	DP	0	NO PLAY	0	-	false	2026/09/19 20:46:03
8005	2	P1	0	NO PLAY	0	-	false	2026/09/19 20:46:03
8005	2	DP	0	NO PLAY	0	-	false	2026/09/19 20:46:03
8005	3	P1	0	NO PLAY	0	-	false	2026/09/19 20:46:03
8005	3	DP	0	NO PLAY	0	-	false	2026/09/19 20:46:03
8005	4	P1	0	NO PLAY	0	-	false	2026/09/19 20:46:03
8005	4	DP	0	NO PLAY	0	-	false	2026/09/19 20:46:03
8008	0	P1	0	NO PLAY	0	-	false	2026/09/19 20:46:03
8008	0	DP	0	NO PLAY	0	-	false	2026/09/19 20:46:03
8008	1	P1	0	NO PLAY	0	-	false	2026/09/19 20:46:03
8008	1	DP	0	NO PLAY	0	-	false	2026/09/19 20:46:03
8008	2	P1	0	NO PLAY	0	-	false	2026/09/19 20:46:03
8008	2	DP	0	NO PLAY	0	-	false	2026/09/19 20:46:03
8008	3	P1	0	NO PLAY	0	-	false	2026/09/19 20:46:03
8008	3	DP	0	NO PLAY	0	-	false	2026/09/19 20:46:03
8008	4	P1	0	NO PLAY	0	-	false	2026/09/19 20:46:03
8008	4	DP	6	EX HARD CLEAR	1372	5	true	2026/09/19 20:46:03
8009	0	P1	0	NO PLAY	0	-	false	2026/09/19 20:46:03
8009	0	DP	0	NO PLAY	0	-	false	2026/09/19 20:46:03
8009	1	P1	0	NO PLAY	0	-	false	2026/09/19 20:46:03
8009	1	DP	6	EX HARD CLEAR	984	1	true	2026/09/19 20:46:03
8009	2	P1	5	HARD CLEAR	1463	13	true	2026/09/19 20:46:03
8009	2	DP	6	EX HARD CLEAR	1789	10	true	2026/09/19 20:46:03
8009	3	P1	4	CLEAR	1606	27	true	2026/09/19 20:46:03
8009	3	DP	6	EX HARD CLEAR	1829	3	true	2026/09/19 20:46:03
8009	4	P1	0	NO PLAY	0	-	false	2026/09/19 20:46:03
8009	4	DP	0	NO PLAY	0	-	false	2026/09/19 20:46:03
8010	0	P1	0	NO PLAY	0	-	false	2026/09/19 20:46:03
8010	0	DP	0	NO PLAY	0	-	false	2026/09/19 20:46:03
8010	1	P1	0	NO PLAY	0	-	false	2026/09/19 20:46:03
8010	1	DP	0	NO PLAY	0	-	false	2026/09/19 20:46:03
8010	2	P1	0	NO PLAY	0	-	false	2026/09/19 20:46:03
8010	2	DP	0	NO PLAY	0	-	false	2026/09/19 20:46:03
8010	3	P1	0	NO PLAY	0	-	false	2026/09/19 20:46:03
8010	3	DP	0	NO PLAY	0	-	false	2026/09/19 20:46:03
8010	4	P1	0	NO PLAY	0	-	false	2026/09/19 20:46:03
8010	4	DP	0	NO PLAY	0	-	false	2026/09/19 20:46:03
8011	0	P1	0	NO PLAY	0	-	false	2026/09/19 20:46:03
8011	0	DP	0	NO PLAY	0	-	false	2026/09/19 20:46:03
8011	1	P1	0	NO PLAY	0	-	false	2026/09/19 20:46:03
8011	1	DP	0	NO PLAY	0	-	false	2026/09/19 20:46:03
8011	2	P1	0	NO PLAY	0	-	false	2026/09/19 20:46:03
8011	2	DP	0	NO PLAY	0	-	false	2026/09/19 20:46:03
8011	3	P1	0	NO PLAY	0	-	false	2026/09/19 20:46:03
8011	3	DP	0	NO PLAY	0	-	false	2026/09/19 20:46:03
8011	4	P1	0	NO PLAY	0	-	false	2026/09/19 20:46:03
8011	4	DP	0	NO PLAY	0	-	false	2026/09/19 20:46:03
8013	0	P1	0	NO PLAY	0	-	false	2026/09/19 20:46:03
8013	0	DP	0	NO PLAY	0	-	false	2026/09/19 20:46:03
8013	1	P1	0	NO PLAY	0	-	false	2026/09/19 20:46:03
8013	1	DP	0	NO PLAY	0	-	false	2026/09/19 20:46:03
8013	2	P1	0	NO PLAY	0	-	false	2026/09/19 20:46:03
8013	2	DP	0	NO PLAY	0	-	false	2026/09/19 20:46:03
8013	3	P1	0	NO PLAY	0	-	false	2026/09/19 20:46:03
8013	3	DP	0	NO PLAY	0	-	false	2026/09/19 20:46:03
8013	4	P1	0	NO PLAY	0	-	false	2026/09/19 20:46:03
8013	4	DP	0	NO PLAY	0	-	false	2026/09/19 20:46:03
8014	0	P1	0	NO PLAY	0	-	false	2026/09/19 20:46:03
8014	0	DP	0	NO PLAY	0	-	false	2026/09/19 20:46:03
8014	1	P1	0	NO PLAY	0	-	false	2026/09/19 20:46:03
8014	1	DP	0	NO PLAY	0	-	false	2026/09/19 20:46:03
8014	2	P1	0	NO PLAY	0	-	false	2026/09/19 20:46:03
8014	2	DP	0	NO PLAY	0	-	false	2026/09/19 20:46:03
8014	3	P1	0	NO PLAY	0	-	false	2026/09/19 20:46:03
8014	3	DP	0	NO PLAY	0	-	false	2026/09/19 20:46:03
8014	4	P1	0	NO PLAY	0	-	false	2026/09/19 20:46:03
8014	4	DP	0	NO PLAY	0	-	false	2026/09/19 20:46:03
8017	0	P1	0	NO PLAY	0	-	false	2026/09/19 20:46:03
8017	0	DP	0	NO PLAY	0	-	false	2026/09/19 20:46:03
8017	1	P1	0	NO PLAY	0	-	false	2026/09/19 20:46:03
8017	1	DP	0	NO PLAY	0	-	false	2026/09/19 20:46:03
8017	2	P1	0	NO PLAY	0	-	false	2026/09/19 20:46:03
8017	2	DP	0	NO PLAY	0	-	false	2026/09/19 20:46:03
8017	3	P1	0	NO PLAY	0	-	false	2026/09/19 20:46:03
8017	3	DP	1	FAILED	630	-	false	2026/09/19 20:46:03
8017	4	P1	0	NO PLAY	0	-	false	2026/09/19 20:46:03
8017	4	DP	0	NO PLAY	0	-	false	2026/09/19 20:46:03
8019	0	P1	0	NO PLAY	0	-	false	2026/09/19 20:46:03
8019	0	DP	0	NO PLAY	0	-	false	2026/09/19 20:46:03
8019	1	P1	0	NO PLAY	0	-	false	2026/09/19 20:46:03
8019	1	DP	0	NO PLAY	0	-	false	2026/09/19 20:46:03
8019	2	P1	0	NO PLAY	0	-	false	2026/09/19 20:46:03
8019	2	DP	0	NO PLAY	0	-	false	2026/09/19 20:46:03
8019	3	P1	0	NO PLAY	0	-	false	2026/09/19 20:46:03
8019	3	DP	0	NO PLAY	0	-	false	2026/09/19 20:46:03
8019	4	P1	0	NO PLAY	0	-	false	2026/09/19 20:46:03
8019	4	DP	0	NO PLAY	0	-	false	2026/09/19 20:46:03
8020	0	P1	0	NO PLAY	0	-	false	2026/09/19 20:46:03
8020	0	DP	0	NO PLAY	0	-	false	2026/09/19 20:46:03
8020	1	P1	0	NO PLAY	0	-	false	2026/09/19 20:46:03
8020	1	DP	0	NO PLAY	0	-	false	2026/09/19 20:46:03
8020	2	P1	0	NO PLAY	0	-	false	2026/09/19 20:46:03
8020	2	DP	0	NO PLAY	0	-	false	2026/09/19 20:46:03
8020	3	P1	0	NO PLAY	0	-	false	2026/09/19 20:46:03
8020	3	DP	0	NO PLAY	0	-	false	2026/09/19 20:46:03
8020	4	P1	0	NO PLAY	0	-	false	2026/09/19 20:46:03
8020	4	DP	0	NO PLAY	0	-	false	2026/09/19 20:46:03
8022	0	P1	0	NO PLAY	0	-	false	2026/09/19 20:46:03
8022	0	DP	0	NO PLAY	0	-	false	2026/09/19 20:46:03
8022	1	P1	0	NO PLAY	0	-	false	2026/09/19 20:46:03
8022	1	DP	0	NO PLAY	0	-	false	2026/09/19 20:46:03
8022	2	P1	0	NO PLAY	0	-	false	2026/09/19 20:46:03
8022	2	DP	6	EX HARD CLEAR	810	4	true	2026/09/19 20:46:03
8022	3	P1	0	NO PLAY	0	-	false	2026/09/19 20:46:03
8022	3	DP	6	EX HARD CLEAR	1093	15	true	2026/09/19 20:46:03
8022	4	P1	0	NO PLAY	0	-	false	2026/09/19 20:46:03
8022	4	DP	0	NO PLAY	0	-	false	2026/09/19 20:46:03
8023	0	P1	0	NO PLAY	0	-	false	2026/09/19 20:46:03
8023	0	DP	0	NO PLAY	0	-	false	2026/09/19 20:46:03
8023	1	P1	0	NO PLAY	0	-	false	2026/09/19 20:46:03
8023	1	DP	0	NO PLAY	0	-	false	2026/09/19 20:46:03
8023	2	P1	0	NO PLAY	0	-	false	2026/09/19 20:46:03
8023	2	DP	5	HARD CLEAR	1763	6	true	2026/09/19 20:46:03
8023	3	P1	0	NO PLAY	0	-	false	2026/09/19 20:46:03
8023	3	DP	6	EX HARD CLEAR	2018	8	true	2026/09/19 20:46:03
8023	4	P1	0	NO PLAY	0	-	false	2026/09/19 20:46:03
8023	4	DP	0	NO PLAY	0	-	false	2026/09/19 20:46:03
8024	0	P1	0	NO PLAY	0	-	false	2026/09/19 20:46:03
8024	0	DP	0	NO PLAY	0	-	false	2026/09/19 20:46:03
8024	1	P1	0	NO PLAY	0	-	false	2026/09/19 20:46:03
8024	1	DP	0	NO PLAY	0	-	false	2026/09/19 20:46:03
8024	2	P1	0	NO PLAY	0	-	false	2026/09/19 20:46:03
8024	2	DP	0	NO PLAY	0	-	false	2026/09/19 20:46:03
8024	3	P1	0	NO PLAY	0	-	false	2026/09/19 20:46:03
8024	3	DP	0	NO PLAY	0	-	false	2026/09/19 20:46:03
8024	4	P1	0	NO PLAY	0	-	false	2026/09/19 20:46:03
8024	4	DP	6	EX HARD CLEAR	2147	14	true	2026/09/19 20:46:03
8025	0	P1	0	NO PLAY	0	-	false	2026/09/19 20:46:03
8025	0	DP	0	NO PLAY	0	-	false	2026/09/19 20:46:03
8025	1	P1	0	NO PLAY	0	-	false	2026/09/19 20:46:03
8025	1	DP	0	NO PLAY	0	-	false	2026/09/19 20:46:03
8025	2	P1	0	NO PLAY	0	-	false	2026/09/19 20:46:03
8025	2	DP	0	NO PLAY	0	-	false	2026/09/19 20:46:03
8025	3	P1	0	NO PLAY	0	-	false	2026/09/19 20:46:03
8025	3	DP	0	NO PLAY	0	-	false	2026/09/19 20:46:03
8025	4	P1	0	NO PLAY	0	-	false	2026/09/19 20:46:03
8025	4	DP	0	NO PLAY	0	-	false	2026/09/19 20:46:03
8026	0	P1	0	NO PLAY	0	-	false	2026/09/19 20:46:03
8026	0	DP	0	NO PLAY	0	-	false	2026/09/19 20:46:03
8026	1	P1	0	NO PLAY	0	-	false	2026/09/19 20:46:03
8026	1	DP	0	NO PLAY	0	-	false	2026/09/19 20:46:03
8026	2	P1	0	NO PLAY	0	-	false	2026/09/19 20:46:03
8026	2	DP	0	NO PLAY	0	-	false	2026/09/19 20:46:03
8026	3	P1	0	NO PLAY	0	-	false	2026/09/19 20:46:03
8026	3	DP	0	NO PLAY	0	-	false	2026/09/19 20:46:03
8026	4	P1	0	NO PLAY	0	-	false	2026/09/19 20:46:03
8026	4	DP	0	NO PLAY	0	-	false	2026/09/19 20:46:03
8028	0	P1	0	NO PLAY	0	-	false	2026/09/19 20:46:03
8028	0	DP	0	NO PLAY	0	-	false	2026/09/19 20:46:03
8028	1	P1	0	NO PLAY	0	-	false	2026/09/19 20:46:03
8028	1	DP	0	NO PLAY	0	-	false	2026/09/19 20:46:03
8028	2	P1	0	NO PLAY	0	-	false	2026/09/19 20:46:03
8028	2	DP	0	NO PLAY	0	-	false	2026/09/19 20:46:03
8028	3	P1	0	NO PLAY	0	-	false	2026/09/19 20:46:03
8028	3	DP	6	EX HARD CLEAR	1928	16	true	2026/09/19 20:46:03
8028	4	P1	0	NO PLAY	0	-	false	2026/09/19 20:46:03
8028	4	DP	0	NO PLAY	0	-	false	2026/09/19 20:46:03
8029	0	P1	0	NO PLAY	0	-	false	2026/09/19 20:46:03
8029	0	DP	0	NO PLAY	0	-	false	2026/09/19 20:46:03
8029	1	P1	0	NO PLAY	0	-	false	2026/09/19 20:46:03
8029	1	DP	0	NO PLAY	0	-	false	2026/09/19 20:46:03
8029	2	P1	0	NO PLAY	0	-	false	2026/09/19 20:46:03
8029	2	DP	0	NO PLAY	0	-	false	2026/09/19 20:46:03
8029	3	P1	0	NO PLAY	0	-	false	2026/09/19 20:46:03
8029	3	DP	0	NO PLAY	0	-	false	2026/09/19 20:46:03
8029	4	P1	0	NO PLAY	0	-	false	2026/09/19 20:46:03
8029	4	DP	0	NO PLAY	0	-	false	2026/09/19 20:46:03
8030	0	P1	0	NO PLAY	0	-	false	2026/09/19 20:46:03
8030	0	DP	0	NO PLAY	0	-	false	2026/09/19 20:46:03
8030	1	P1	0	NO PLAY	0	-	false	2026/09/19 20:46:03
8030	1	DP	0	NO PLAY	0	-	false	2026/09/19 20:46:03
8030	2	P1	0	NO PLAY	0	-	false	2026/09/19 20:46:03
8030	2	DP	0	NO PLAY	0	-	false	2026/09/19 20:46:03
8030	3	P1	0	NO PLAY	0	-	false	2026/09/19 20:46:03
8030	3	DP	0	NO PLAY	0	-	false	2026/09/19 20:46:03
8030	4	P1	0	NO PLAY	0	-	false	2026/09/19 20:46:03
8030	4	DP	0	NO PLAY	0	-	false	2026/09/19 20:46:03
8031	0	P1	0	NO PLAY	0	-	false	2026/09/19 20:46:03
8031	0	DP	0	NO PLAY	0	-	false	2026/09/19 20:46:03
8031	1	P1	0	NO PLAY	0	-	false	2026/09/19 20:46:03
8031	1	DP	0	NO PLAY	0	-	false	2026/09/19 20:46:03
8031	2	P1	0	NO PLAY	0	-	false	2026/09/19 20:46:03
8031	2	DP	0	NO PLAY	0	-	false	2026/09/19 20:46:03
8031	3	P1	5	HARD CLEAR	1837	23	true	2026/09/19 20:46:03
8031	3	DP	0	NO PLAY	0	-	false	2026/09/19 20:46:03
8031	4	P1	0	NO PLAY	0	-	false	2026/09/19 20:46:03
8031	4	DP	0	NO PLAY	0	-	false	2026/09/19 20:46:03
8032	0	P1	0	NO PLAY	0	-	false	2026/09/19 20:46:03
8032	0	DP	0	NO PLAY	0	-	false	2026/09/19 20:46:03
8032	1	P1	0	NO PLAY	0	-	false	2026/09/19 20:46:03
8032	1	DP	0	NO PLAY	0	-	false	2026/09/19 20:46:03
8032	2	P1	0	NO PLAY	0	-	false	2026/09/19 20:46:03
8032	2	DP	0	NO PLAY	0	-	false	2026/09/19 20:46:03
8032	3	P1	0	NO PLAY	0	-	false	2026/09/19 20:46:03
8032	3	DP	6	EX HARD CLEAR	1793	9	true	2026/09/19 20:46:03
8032	4	P1	0	NO PLAY	0	-	false	2026/09/19 20:46:03
8032	4	DP	0	NO PLAY	0	-	false	2026/09/19 20:46:03
8037	0	P1	0	NO PLAY	0	-	false	2026/09/19 20:46:03
8037	0	DP	0	NO PLAY	0	-	false	2026/09/19 20:46:03
8037	1	P1	0	NO PLAY	0	-	false	2026/09/19 20:46:03
8037	1	DP	0	NO PLAY	0	-	false	2026/09/19 20:46:03
8037	2	P1	0	NO PLAY	0	-	false	2026/09/19 20:46:03
8037	2	DP	0	NO PLAY	0	-	false	2026/09/19 20:46:03
8037	3	P1	0	NO PLAY	0	-	false	2026/09/19 20:46:03
8037	3	DP	0	NO PLAY	0	-	false	2026/09/19 20:46:03
8037	4	P1	0	NO PLAY	0	-	false	2026/09/19 20:46:03
8037	4	DP	0	NO PLAY	0	-	false	2026/09/19 20:46:03
8040	0	P1	0	NO PLAY	0	-	false	2026/09/19 20:46:03
8040	0	DP	0	NO PLAY	0	-	false	2026/09/19 20:46:03
8040	1	P1	0	NO PLAY	0	-	false	2026/09/19 20:46:03
8040	1	DP	0	NO PLAY	0	-	false	2026/09/19 20:46:03
8040	2	P1	0	NO PLAY	0	-	false	2026/09/19 20:46:03
8040	2	DP	0	NO PLAY	0	-	false	2026/09/19 20:46:03
8040	3	P1	0	NO PLAY	0	-	false	2026/09/19 20:46:03
8040	3	DP	0	NO PLAY	0	-	false	2026/09/19 20:46:03
8040	4	P1	0	NO PLAY	0	-	false	2026/09/19 20:46:03
8040	4	DP	0	NO PLAY	0	-	false	2026/09/19 20:46:03
8043	0	P1	0	NO PLAY	0	-	false	2026/09/19 20:46:03
8043	0	DP	0	NO PLAY	0	-	false	2026/09/19 20:46:03
8043	1	P1	0	NO PLAY	0	-	false	2026/09/19 20:46:03
8043	1	DP	0	NO PLAY	0	-	false	2026/09/19 20:46:03
8043	2	P1	0	NO PLAY	0	-	false	2026/09/19 20:46:03
8043	2	DP	0	NO PLAY	0	-	false	2026/09/19 20:46:03
8043	3	P1	0	NO PLAY	0	-	false	2026/09/19 20:46:03
8043	3	DP	0	NO PLAY	0	-	false	2026/09/19 20:46:03
8043	4	P1	0	NO PLAY	0	-	false	2026/09/19 20:46:03
8043	4	DP	0	NO PLAY	0	-	false	2026/09/19 20:46:03
8044	0	P1	0	NO PLAY	0	-	false	2026/09/19 20:46:03
8044	0	DP	0	NO PLAY	0	-	false	2026/09/19 20:46:03
8044	1	P1	0	NO PLAY	0	-	false	2026/09/19 20:46:03
8044	1	DP	0	NO PLAY	0	-	false	2026/09/19 20:46:03
8044	2	P1	0	NO PLAY	0	-	false	2026/09/19 20:46:03
8044	2	DP	0	NO PLAY	0	-	false	2026/09/19 20:46:03
8044	3	P1	0	NO PLAY	0	-	false	2026/09/19 20:46:03
8044	3	DP	0	NO PLAY	0	-	false	2026/09/19 20:46:03
8044	4	P1	0	NO PLAY	0	-	false	2026/09/19 20:46:03
8044	4	DP	0	NO PLAY	0	-	false	2026/09/19 20:46:03
8045	0	P1	0	NO PLAY	0	-	false	2026/09/19 20:46:03
8045	0	DP	0	NO PLAY	0	-	false	2026/09/19 20:46:03
8045	1	P1	0	NO PLAY	0	-	false	2026/09/19 20:46:03
8045	1	DP	0	NO PLAY	0	-	false	2026/09/19 20:46:03
8045	2	P1	0	NO PLAY	0	-	false	2026/09/19 20:46:03
8045	2	DP	0	NO PLAY	0	-	false	2026/09/19 20:46:03
8045	3	P1	0	NO PLAY	0	-	false	2026/09/19 20:46:03
8045	3	DP	6	EX HARD CLEAR	2011	20	true	2026/09/19 20:46:03
8045	4	P1	0	NO PLAY	0	-	false	2026/09/19 20:46:03
8045	4	DP	0	NO PLAY	0	-	false	2026/09/19 20:46:03
8047	0	P1	0	NO PLAY	0	-	false	2026/09/19 20:46:03
8047	0	DP	0	NO PLAY	0	-	false	2026/09/19 20:46:03
8047	1	P1	0	NO PLAY	0	-	false	2026/09/19 20:46:03
8047	1	DP	0	NO PLAY	0	-	false	2026/09/19 20:46:03
8047	2	P1	0	NO PLAY	0	-	false	2026/09/19 20:46:03
8047	2	DP	0	NO PLAY	0	-	false	2026/09/19 20:46:03
8047	3	P1	0	NO PLAY	0	-	false	2026/09/19 20:46:03
8047	3	DP	0	NO PLAY	0	-	false	2026/09/19 20:46:03
8047	4	P1	0	NO PLAY	0	-	false	2026/09/19 20:46:03
8047	4	DP	0	NO PLAY	0	-	false	2026/09/19 20:46:03
8048	0	P1	0	NO PLAY	0	-	false	2026/09/19 20:46:03
8048	0	DP	0	NO PLAY	0	-	false	2026/09/19 20:46:03
8048	1	P1	0	NO PLAY	0	-	false	2026/09/19 20:46:03
8048	1	DP	0	NO PLAY	0	-	false	2026/09/19 20:46:03
8048	2	P1	0	NO PLAY	0	-	false	2026/09/19 20:46:03
8048	2	DP	0	NO PLAY	0	-	false	2026/09/19 20:46:03
8048	3	P1	5	HARD CLEAR	1783	13	true	2026/09/19 20:46:03
8048	3	DP	5	HARD CLEAR	1520	34	true	2026/09/19 20:46:03
8048	4	P1	0	NO PLAY	0	-	false	2026/09/19 20:46:03
8048	4	DP	0	NO PLAY	0	-	false	2026/09/19 20:46:03
8049	0	P1	0	NO PLAY	0	-	false	2026/09/19 20:46:03
8049	0	DP	0	NO PLAY	0	-	false	2026/09/19 20:46:03
8049	1	P1	0	NO PLAY	0	-	false	2026/09/19 20:46:03
8049	1	DP	0	NO PLAY	0	-	false	2026/09/19 20:46:03
8049	2	P1	0	NO PLAY	0	-	false	2026/09/19 20:46:03
8049	2	DP	0	NO PLAY	0	-	false	2026/09/19 20:46:03
8049	3	P1	0	NO PLAY	0	-	false	2026/09/19 20:46:03
8049	3	DP	0	NO PLAY	0	-	false	2026/09/19 20:46:03
8049	4	P1	0	NO PLAY	0	-	false	2026/09/19 20:46:03
8049	4	DP	0	NO PLAY	0	-	false	2026/09/19 20:46:03
9000	0	P1	0	NO PLAY	0	-	false	2026/09/19 20:46:03
9000	0	DP	0	NO PLAY	0	-	false	2026/09/19 20:46:03
9000	1	P1	0	NO PLAY	0	-	false	2026/09/19 20:46:03
9000	1	DP	0	NO PLAY	0	-	false	2026/09/19 20:46:03
9000	2	P1	0	NO PLAY	0	-	false	2026/09/19 20:46:03
9000	2	DP	0	NO PLAY	0	-	false	2026/09/19 20:46:03
9000	3	P1	0	NO PLAY	0	-	false	2026/09/19 20:46:03
9000	3	DP	6	EX HARD CLEAR	1978	13	true	2026/09/19 20:46:03
9000	4	P1	0	NO PLAY	0	-	false	2026/09/19 20:46:03
9000	4	DP	0	NO PLAY	0	-	false	2026/09/19 20:46:03
9001	0	P1	0	NO PLAY	0	-	false	2026/09/19 20:46:03
9001	0	DP	0	NO PLAY	0	-	false	2026/09/19 20:46:03
9001	1	P1	0	NO PLAY	0	-	false	2026/09/19 20:46:03
9001	1	DP	0	NO PLAY	0	-	false	2026/09/19 20:46:03
9001	2	P1	0	NO PLAY	0	-	false	2026/09/19 20:46:03
9001	2	DP	0	NO PLAY	0	-	false	2026/09/19 20:46:03
9001	3	P1	0	NO PLAY	0	-	false	2026/09/19 20:46:03
9001	3	DP	6	EX HARD CLEAR	2032	11	true	2026/09/19 20:46:03
9001	4	P1	0	NO PLAY	0	-	false	2026/09/19 20:46:03
9001	4	DP	0	NO PLAY	0	-	false	2026/09/19 20:46:03
9002	0	P1	0	NO PLAY	0	-	false	2026/09/19 20:46:03
9002	0	DP	0	NO PLAY	0	-	false	2026/09/19 20:46:03
9002	1	P1	0	NO PLAY	0	-	false	2026/09/19 20:46:03
9002	1	DP	0	NO PLAY	0	-	false	2026/09/19 20:46:03
9002	2	P1	0	NO PLAY	0	-	false	2026/09/19 20:46:03
9002	2	DP	0	NO PLAY	0	-	false	2026/09/19 20:46:03
9002	3	P1	0	NO PLAY	0	-	false	2026/09/19 20:46:03
9002	3	DP	0	NO PLAY	0	-	false	2026/09/19 20:46:03
9002	4	P1	0	NO PLAY	0	-	false	2026/09/19 20:46:03
9002	4	DP	0	NO PLAY	0	-	false	2026/09/19 20:46:03
9003	0	P1	0	NO PLAY	0	-	false	2026/09/19 20:46:03
9003	0	DP	0	NO PLAY	0	-	false	2026/09/19 20:46:03
9003	1	P1	0	NO PLAY	0	-	false	2026/09/19 20:46:03
9003	1	DP	0	NO PLAY	0	-	false	2026/09/19 20:46:03
9003	2	P1	0	NO PLAY	0	-	false	2026/09/19 20:46:03
9003	2	DP	0	NO PLAY	0	-	false	2026/09/19 20:46:03
9003	3	P1	0	NO PLAY	0	-	false	2026/09/19 20:46:03
9003	3	DP	0	NO PLAY	0	-	false	2026/09/19 20:46:03
9003	4	P1	0	NO PLAY	0	-	false	2026/09/19 20:46:03
9003	4	DP	0	NO PLAY	0	-	false	2026/09/19 20:46:03
9004	0	P1	0	NO PLAY	0	-	false	2026/09/19 20:46:03
9004	0	DP	0	NO PLAY	0	-	false	2026/09/19 20:46:03
9004	1	P1	0	NO PLAY	0	-	false	2026/09/19 20:46:03
9004	1	DP	0	NO PLAY	0	-	false	2026/09/19 20:46:03
9004	2	P1	0	NO PLAY	0	-	false	2026/09/19 20:46:03
9004	2	DP	6	EX HARD CLEAR	1096	9	true	2026/09/19 20:46:03
9004	3	P1	6	EX HARD CLEAR	1619	6	true	2026/09/19 20:46:03
9004	3	DP	0	NO PLAY	0	-	false	2026/09/19 20:46:03
9004	4	P1	0	NO PLAY	0	-	false	2026/09/19 20:46:03
9004	4	DP	0	NO PLAY	0	-	false	2026/09/19 20:46:03
9005	0	P1	0	NO PLAY	0	-	false	2026/09/19 20:46:03
9005	0	DP	0	NO PLAY	0	-	false	2026/09/19 20:46:03
9005	1	P1	0	NO PLAY	0	-	false	2026/09/19 20:46:03
9005	1	DP	0	NO PLAY	0	-	false	2026/09/19 20:46:03
9005	2	P1	0	NO PLAY	0	-	false	2026/09/19 20:46:03
9005	2	DP	0	NO PLAY	0	-	false	2026/09/19 20:46:03
9005	3	P1	0	NO PLAY	0	-	false	2026/09/19 20:46:03
9005	3	DP	0	NO PLAY	0	-	false	2026/09/19 20:46:03
9005	4	P1	0	NO PLAY	0	-	false	2026/09/19 20:46:03
9005	4	DP	0	NO PLAY	0	-	false	2026/09/19 20:46:03
9007	0	P1	0	NO PLAY	0	-	false	2026/09/19 20:46:03
9007	0	DP	0	NO PLAY	0	-	false	2026/09/19 20:46:03
9007	1	P1	0	NO PLAY	0	-	false	2026/09/19 20:46:03
9007	1	DP	0	NO PLAY	0	-	false	2026/09/19 20:46:03
9007	2	P1	0	NO PLAY	0	-	false	2026/09/19 20:46:03
9007	2	DP	0	NO PLAY	0	-	false	2026/09/19 20:46:03
9007	3	P1	0	NO PLAY	0	-	false	2026/09/19 20:46:03
9007	3	DP	0	NO PLAY	0	-	false	2026/09/19 20:46:03
9007	4	P1	0	NO PLAY	0	-	false	2026/09/19 20:46:03
9007	4	DP	0	NO PLAY	0	-	false	2026/09/19 20:46:03
9008	0	P1	0	NO PLAY	0	-	false	2026/09/19 20:46:03
9008	0	DP	0	NO PLAY	0	-	false	2026/09/19 20:46:03
9008	1	P1	0	NO PLAY	0	-	false	2026/09/19 20:46:03
9008	1	DP	0	NO PLAY	0	-	false	2026/09/19 20:46:03
9008	2	P1	0	NO PLAY	0	-	false	2026/09/19 20:46:03
9008	2	DP	0	NO PLAY	0	-	false	2026/09/19 20:46:03
9008	3	P1	0	NO PLAY	0	-	false	2026/09/19 20:46:03
9008	3	DP	0	NO PLAY	0	-	false	2026/09/19 20:46:03
9008	4	P1	0	NO PLAY	0	-	false	2026/09/19 20:46:03
9008	4	DP	0	NO PLAY	0	-	false	2026/09/19 20:46:03
9010	0	P1	0	NO PLAY	0	-	false	2026/09/19 20:46:03
9010	0	DP	0	NO PLAY	0	-	false	2026/09/19 20:46:03
9010	1	P1	0	NO PLAY	0	-	false	2026/09/19 20:46:03
9010	1	DP	0	NO PLAY	0	-	false	2026/09/19 20:46:03
9010	2	P1	0	NO PLAY	0	-	false	2026/09/19 20:46:03
9010	2	DP	0	NO PLAY	0	-	false	2026/09/19 20:46:03
9010	3	P1	0	NO PLAY	0	-	false	2026/09/19 20:46:03
9010	3	DP	0	NO PLAY	0	-	false	2026/09/19 20:46:03
9010	4	P1	0	NO PLAY	0	-	false	2026/09/19 20:46:03
9010	4	DP	0	NO PLAY	0	-	false	2026/09/19 20:46:03
9011	0	P1	0	NO PLAY	0	-	false	2026/09/19 20:46:03
9011	0	DP	0	NO PLAY	0	-	false	2026/09/19 20:46:03
9011	1	P1	0	NO PLAY	0	-	false	2026/09/19 20:46:03
9011	1	DP	0	NO PLAY	0	-	false	2026/09/19 20:46:03
9011	2	P1	0	NO PLAY	0	-	false	2026/09/19 20:46:03
9011	2	DP	0	NO PLAY	0	-	false	2026/09/19 20:46:03
9011	3	P1	0	NO PLAY	0	-	false	2026/09/19 20:46:03
9011	3	DP	0	NO PLAY	0	-	false	2026/09/19 20:46:03
9011	4	P1	0	NO PLAY	0	-	false	2026/09/19 20:46:03
9011	4	DP	0	NO PLAY	0	-	false	2026/09/19 20:46:03
9012	0	P1	0	NO PLAY	0	-	false	2026/09/19 20:46:03
9012	0	DP	0	NO PLAY	0	-	false	2026/09/19 20:46:03
9012	1	P1	0	NO PLAY	0	-	false	2026/09/19 20:46:03
9012	1	DP	1	FAILED	309	189	true	2026/09/19 20:46:03
9012	2	P1	0	NO PLAY	0	-	false	2026/09/19 20:46:03
9012	2	DP	5	HARD CLEAR	1551	43	true	2026/09/19 20:46:03
9012	3	P1	6	EX HARD CLEAR	2039	11	true	2026/09/19 20:46:03
9012	3	DP	5	HARD CLEAR	2617	53	true	2026/09/19 20:46:03
9012	4	P1	0	NO PLAY	0	-	false	2026/09/19 20:46:03
9012	4	DP	0	NO PLAY	0	-	false	2026/09/19 20:46:03
9013	0	P1	0	NO PLAY	0	-	false	2026/09/19 20:46:03
9013	0	DP	0	NO PLAY	0	-	false	2026/09/19 20:46:03
9013	1	P1	0	NO PLAY	0	-	false	2026/09/19 20:46:03
9013	1	DP	0	NO PLAY	0	-	false	2026/09/19 20:46:03
9013	2	P1	0	NO PLAY	0	-	false	2026/09/19 20:46:03
9013	2	DP	0	NO PLAY	0	-	false	2026/09/19 20:46:03
9013	3	P1	0	NO PLAY	0	-	false	2026/09/19 20:46:03
9013	3	DP	0	NO PLAY	0	-	false	2026/09/19 20:46:03
9013	4	P1	0	NO PLAY	0	-	false	2026/09/19 20:46:03
9013	4	DP	0	NO PLAY	0	-	false	2026/09/19 20:46:03
9014	0	P1	0	NO PLAY	0	-	false	2026/09/19 20:46:03
9014	0	DP	0	NO PLAY	0	-	false	2026/09/19 20:46:03
9014	1	P1	0	NO PLAY	0	-	false	2026/09/19 20:46:03
9014	1	DP	0	NO PLAY	0	-	false	2026/09/19 20:46:03
9014	2	P1	0	NO PLAY	0	-	false	2026/09/19 20:46:03
9014	2	DP	0	NO PLAY	0	-	false	2026/09/19 20:46:03
9014	3	P1	0	NO PLAY	0	-	false	2026/09/19 20:46:03
9014	3	DP	0	NO PLAY	0	-	false	2026/09/19 20:46:03
9014	4	P1	0	NO PLAY	0	-	false	2026/09/19 20:46:03
9014	4	DP	0	NO PLAY	0	-	false	2026/09/19 20:46:03
9015	0	P1	0	NO PLAY	0	-	false	2026/09/19 20:46:03
9015	0	DP	0	NO PLAY	0	-	false	2026/09/19 20:46:03
9015	1	P1	0	NO PLAY	0	-	false	2026/09/19 20:46:03
9015	1	DP	0	NO PLAY	0	-	false	2026/09/19 20:46:03
9015	2	P1	0	NO PLAY	0	-	false	2026/09/19 20:46:03
9015	2	DP	0	NO PLAY	0	-	false	2026/09/19 20:46:03
9015	3	P1	0	NO PLAY	0	-	false	2026/09/19 20:46:03
9015	3	DP	0	NO PLAY	0	-	false	2026/09/19 20:46:03
9015	4	P1	0	NO PLAY	0	-	false	2026/09/19 20:46:03
9015	4	DP	0	NO PLAY	0	-	false	2026/09/19 20:46:03
9017	0	P1	0	NO PLAY	0	-	false	2026/09/19 20:46:03
9017	0	DP	0	NO PLAY	0	-	false	2026/09/19 20:46:03
9017	1	P1	0	NO PLAY	0	-	false	2026/09/19 20:46:03
9017	1	DP	0	NO PLAY	0	-	false	2026/09/19 20:46:03
9017	2	P1	0	NO PLAY	0	-	false	2026/09/19 20:46:03
9017	2	DP	0	NO PLAY	0	-	false	2026/09/19 20:46:03
9017	3	P1	0	NO PLAY	0	-	false	2026/09/19 20:46:03
9017	3	DP	0	NO PLAY	0	-	false	2026/09/19 20:46:03
9017	4	P1	0	NO PLAY	0	-	false	2026/09/19 20:46:03
9017	4	DP	0	NO PLAY	0	-	false	2026/09/19 20:46:03
9029	0	P1	0	NO PLAY	0	-	false	2026/09/19 20:46:03
9029	0	DP	0	NO PLAY	0	-	false	2026/09/19 20:46:03
9029	1	P1	0	NO PLAY	0	-	false	2026/09/19 20:46:03
9029	1	DP	0	NO PLAY	0	-	false	2026/09/19 20:46:03
9029	2	P1	0	NO PLAY	0	-	false	2026/09/19 20:46:03
9029	2	DP	0	NO PLAY	0	-	false	2026/09/19 20:46:03
9029	3	P1	0	NO PLAY	0	-	false	2026/09/19 20:46:03
9029	3	DP	6	EX HARD CLEAR	1794	3	true	2026/09/19 20:46:03
9029	4	P1	0	NO PLAY	0	-	false	2026/09/19 20:46:03
9029	4	DP	0	NO PLAY	0	-	false	2026/09/19 20:46:03
9030	0	P1	0	NO PLAY	0	-	false	2026/09/19 20:46:03
9030	0	DP	0	NO PLAY	0	-	false	2026/09/19 20:46:03
9030	1	P1	0	NO PLAY	0	-	false	2026/09/19 20:46:03
9030	1	DP	0	NO PLAY	0	-	false	2026/09/19 20:46:03
9030	2	P1	0	NO PLAY	0	-	false	2026/09/19 20:46:03
9030	2	DP	0	NO PLAY	0	-	false	2026/09/19 20:46:03
9030	3	P1	0	NO PLAY	0	-	false	2026/09/19 20:46:03
9030	3	DP	0	NO PLAY	0	-	false	2026/09/19 20:46:03
9030	4	P1	0	NO PLAY	0	-	false	2026/09/19 20:46:03
9030	4	DP	0	NO PLAY	0	-	false	2026/09/19 20:46:03
9032	0	P1	0	NO PLAY	0	-	false	2026/09/19 20:46:03
9032	0	DP	0	NO PLAY	0	-	false	2026/09/19 20:46:03
9032	1	P1	0	NO PLAY	0	-	false	2026/09/19 20:46:03
9032	1	DP	0	NO PLAY	0	-	false	2026/09/19 20:46:03
9032	2	P1	0	NO PLAY	0	-	false	2026/09/19 20:46:03
9032	2	DP	0	NO PLAY	0	-	false	2026/09/19 20:46:03
9032	3	P1	0	NO PLAY	0	-	false	2026/09/19 20:46:03
9032	3	DP	0	NO PLAY	0	-	false	2026/09/19 20:46:03
9032	4	P1	0	NO PLAY	0	-	false	2026/09/19 20:46:03
9032	4	DP	0	NO PLAY	0	-	false	2026/09/19 20:46:03
9033	0	P1	0	NO PLAY	0	-	false	2026/09/19 20:46:03
9033	0	DP	0	NO PLAY	0	-	false	2026/09/19 20:46:03
9033	1	P1	0	NO PLAY	0	-	false	2026/09/19 20:46:03
9033	1	DP	0	NO PLAY	0	-	false	2026/09/19 20:46:03
9033	2	P1	0	NO PLAY	0	-	false	2026/09/19 20:46:03
9033	2	DP	0	NO PLAY	0	-	false	2026/09/19 20:46:03
9033	3	P1	0	NO PLAY	0	-	false	2026/09/19 20:46:03
9033	3	DP	0	NO PLAY	0	-	false	2026/09/19 20:46:03
9033	4	P1	0	NO PLAY	0	-	false	2026/09/19 20:46:03
9033	4	DP	0	NO PLAY	0	-	false	2026/09/19 20:46:03
9037	0	P1	0	NO PLAY	0	-	false	2026/09/19 20:46:03
9037	0	DP	0	NO PLAY	0	-	false	2026/09/19 20:46:03
9037	1	P1	0	NO PLAY	0	-	false	2026/09/19 20:46:03
9037	1	DP	0	NO PLAY	0	-	false	2026/09/19 20:46:03
9037	2	P1	0	NO PLAY	0	-	false	2026/09/19 20:46:03
9037	2	DP	0	NO PLAY	0	-	false	2026/09/19 20:46:03
9037	3	P1	0	NO PLAY	0	-	false	2026/09/19 20:46:03
9037	3	DP	5	HARD CLEAR	1880	36	true	2026/09/19 20:46:03
9037	4	P1	0	NO PLAY	0	-	false	2026/09/19 20:46:03
9037	4	DP	0	NO PLAY	0	-	false	2026/09/19 20:46:03
9038	0	P1	0	NO PLAY	0	-	false	2026/09/19 20:46:03
9038	0	DP	0	NO PLAY	0	-	false	2026/09/19 20:46:03
9038	1	P1	0	NO PLAY	0	-	false	2026/09/19 20:46:03
9038	1	DP	0	NO PLAY	0	-	false	2026/09/19 20:46:03
9038	2	P1	0	NO PLAY	0	-	false	2026/09/19 20:46:03
9038	2	DP	0	NO PLAY	0	-	false	2026/09/19 20:46:03
9038	3	P1	6	EX HARD CLEAR	1875	17	true	2026/09/19 20:46:03
9038	3	DP	0	NO PLAY	0	-	false	2026/09/19 20:46:03
9038	4	P1	0	NO PLAY	0	-	false	2026/09/19 20:46:03
9038	4	DP	5	HARD CLEAR	2212	23	true	2026/09/19 20:46:03
9042	0	P1	0	NO PLAY	0	-	false	2026/09/19 20:46:03
9042	0	DP	0	NO PLAY	0	-	false	2026/09/19 20:46:03
9042	1	P1	0	NO PLAY	0	-	false	2026/09/19 20:46:03
9042	1	DP	0	NO PLAY	0	-	false	2026/09/19 20:46:03
9042	2	P1	0	NO PLAY	0	-	false	2026/09/19 20:46:03
9042	2	DP	0	NO PLAY	0	-	false	2026/09/19 20:46:03
9042	3	P1	0	NO PLAY	0	-	false	2026/09/19 20:46:03
9042	3	DP	0	NO PLAY	0	-	false	2026/09/19 20:46:03
9042	4	P1	0	NO PLAY	0	-	false	2026/09/19 20:46:03
9042	4	DP	0	NO PLAY	0	-	false	2026/09/19 20:46:03
9043	0	P1	0	NO PLAY	0	-	false	2026/09/19 20:46:03
9043	0	DP	0	NO PLAY	0	-	false	2026/09/19 20:46:03
9043	1	P1	0	NO PLAY	0	-	false	2026/09/19 20:46:03
9043	1	DP	0	NO PLAY	0	-	false	2026/09/19 20:46:03
9043	2	P1	0	NO PLAY	0	-	false	2026/09/19 20:46:03
9043	2	DP	0	NO PLAY	0	-	false	2026/09/19 20:46:03
9043	3	P1	6	EX HARD CLEAR	1183	11	true	2026/09/19 20:46:03
9043	3	DP	0	NO PLAY	0	-	false	2026/09/19 20:46:03
9043	4	P1	0	NO PLAY	0	-	false	2026/09/19 20:46:03
9043	4	DP	0	NO PLAY	0	-	false	2026/09/19 20:46:03
9044	0	P1	0	NO PLAY	0	-	false	2026/09/19 20:46:03
9044	0	DP	0	NO PLAY	0	-	false	2026/09/19 20:46:03
9044	1	P1	0	NO PLAY	0	-	false	2026/09/19 20:46:03
9044	1	DP	0	NO PLAY	0	-	false	2026/09/19 20:46:03
9044	2	P1	0	NO PLAY	0	-	false	2026/09/19 20:46:03
9044	2	DP	0	NO PLAY	0	-	false	2026/09/19 20:46:03
9044	3	P1	0	NO PLAY	0	-	false	2026/09/19 20:46:03
9044	3	DP	0	NO PLAY	0	-	false	2026/09/19 20:46:03
9044	4	P1	0	NO PLAY	0	-	false	2026/09/19 20:46:03
9044	4	DP	0	NO PLAY	0	-	false	2026/09/19 20:46:03
9045	0	P1	0	NO PLAY	0	-	false	2026/09/19 20:46:03
9045	0	DP	0	NO PLAY	0	-	false	2026/09/19 20:46:03
9045	1	P1	0	NO PLAY	0	-	false	2026/09/19 20:46:03
9045	1	DP	0	NO PLAY	0	-	false	2026/09/19 20:46:03
9045	2	P1	0	NO PLAY	0	-	false	2026/09/19 20:46:03
9045	2	DP	0	NO PLAY	0	-	false	2026/09/19 20:46:03
9045	3	P1	6	EX HARD CLEAR	1758	10	true	2026/09/19 20:46:03
9045	3	DP	6	EX HARD CLEAR	1689	11	true	2026/09/19 20:46:03
9045	4	P1	0	NO PLAY	0	-	false	2026/09/19 20:46:03
9045	4	DP	0	NO PLAY	0	-	false	2026/09/19 20:46:03
9046	0	P1	0	NO PLAY	0	-	false	2026/09/19 20:46:03
9046	0	DP	0	NO PLAY	0	-	false	2026/09/19 20:46:03
9046	1	P1	0	NO PLAY	0	-	false	2026/09/19 20:46:03
9046	1	DP	0	NO PLAY	0	-	false	2026/09/19 20:46:03
9046	2	P1	0	NO PLAY	0	-	false	2026/09/19 20:46:03
9046	2	DP	0	NO PLAY	0	-	false	2026/09/19 20:46:03
9046	3	P1	0	NO PLAY	0	-	false	2026/09/19 20:46:03
9046	3	DP	6	EX HARD CLEAR	1804	6	true	2026/09/19 20:46:03
9046	4	P1	0	NO PLAY	0	-	false	2026/09/19 20:46:03
9046	4	DP	0	NO PLAY	0	-	false	2026/09/19 20:46:03
9048	0	P1	0	NO PLAY	0	-	false	2026/09/19 20:46:03
9048	0	DP	0	NO PLAY	0	-	false	2026/09/19 20:46:03
9048	1	P1	0	NO PLAY	0	-	false	2026/09/19 20:46:03
9048	1	DP	0	NO PLAY	0	-	false	2026/09/19 20:46:03
9048	2	P1	0	NO PLAY	0	-	false	2026/09/19 20:46:03
9048	2	DP	0	NO PLAY	0	-	false	2026/09/19 20:46:03
9048	3	P1	0	NO PLAY	0	-	false	2026/09/19 20:46:03
9048	3	DP	0	NO PLAY	0	-	false	2026/09/19 20:46:03
9048	4	P1	0	NO PLAY	0	-	false	2026/09/19 20:46:03
9048	4	DP	0	NO PLAY	0	-	false	2026/09/19 20:46:03
9051	0	P1	0	NO PLAY	0	-	false	2026/09/19 20:46:03
9051	0	DP	0	NO PLAY	0	-	false	2026/09/19 20:46:03
9051	1	P1	0	NO PLAY	0	-	false	2026/09/19 20:46:03
9051	1	DP	7	FULL COMBO	1496	1	true	2026/09/19 20:46:03
9051	2	P1	0	NO PLAY	0	-	false	2026/09/19 20:46:03
9051	2	DP	6	EX HARD CLEAR	1838	5	true	2026/09/19 20:46:03
9051	3	P1	0	NO PLAY	0	-	false	2026/09/19 20:46:03
9051	3	DP	6	EX HARD CLEAR	1887	15	true	2026/09/19 20:46:03
9051	4	P1	0	NO PLAY	0	-	false	2026/09/19 20:46:03
9051	4	DP	6	EX HARD CLEAR	2594	8	true	2026/09/19 20:46:03
9052	0	P1	0	NO PLAY	0	-	false	2026/09/19 20:46:03
9052	0	DP	0	NO PLAY	0	-	false	2026/09/19 20:46:03
9052	1	P1	0	NO PLAY	0	-	false	2026/09/19 20:46:03
9052	1	DP	0	NO PLAY	0	-	false	2026/09/19 20:46:03
9052	2	P1	0	NO PLAY	0	-	false	2026/09/19 20:46:03
9052	2	DP	6	EX HARD CLEAR	2095	12	true	2026/09/19 20:46:03
9052	3	P1	0	NO PLAY	0	-	false	2026/09/19 20:46:03
9052	3	DP	0	NO PLAY	0	-	false	2026/09/19 20:46:03
9052	4	P1	0	NO PLAY	0	-	false	2026/09/19 20:46:03
9052	4	DP	0	NO PLAY	0	-	false	2026/09/19 20:46:03
9054	0	P1	0	NO PLAY	0	-	false	2026/09/19 20:46:03
9054	0	DP	0	NO PLAY	0	-	false	2026/09/19 20:46:03
9054	1	P1	0	NO PLAY	0	-	false	2026/09/19 20:46:03
9054	1	DP	0	NO PLAY	0	-	false	2026/09/19 20:46:03
9054	2	P1	0	NO PLAY	0	-	false	2026/09/19 20:46:03
9054	2	DP	0	NO PLAY	0	-	false	2026/09/19 20:46:03
9054	3	P1	0	NO PLAY	0	-	false	2026/09/19 20:46:03
9054	3	DP	0	NO PLAY	0	-	false	2026/09/19 20:46:03
9054	4	P1	0	NO PLAY	0	-	false	2026/09/19 20:46:03
9054	4	DP	0	NO PLAY	0	-	false	2026/09/19 20:46:03
9057	0	P1	0	NO PLAY	0	-	false	2026/09/19 20:46:03
9057	0	DP	0	NO PLAY	0	-	false	2026/09/19 20:46:03
9057	1	P1	0	NO PLAY	0	-	false	2026/09/19 20:46:03
9057	1	DP	0	NO PLAY	0	-	false	2026/09/19 20:46:03
9057	2	P1	0	NO PLAY	0	-	false	2026/09/19 20:46:03
9057	2	DP	0	NO PLAY	0	-	false	2026/09/19 20:46:03
9057	3	P1	0	NO PLAY	0	-	false	2026/09/19 20:46:03
9057	3	DP	5	HARD CLEAR	1748	36	true	2026/09/19 20:46:03
9057	4	P1	0	NO PLAY	0	-	false	2026/09/19 20:46:03
9057	4	DP	0	NO PLAY	0	-	false	2026/09/19 20:46:03
9058	0	P1	0	NO PLAY	0	-	false	2026/09/19 20:46:03
9058	0	DP	0	NO PLAY	0	-	false	2026/09/19 20:46:03
9058	1	P1	0	NO PLAY	0	-	false	2026/09/19 20:46:03
9058	1	DP	0	NO PLAY	0	-	false	2026/09/19 20:46:03
9058	2	P1	0	NO PLAY	0	-	false	2026/09/19 20:46:03
9058	2	DP	0	NO PLAY	0	-	false	2026/09/19 20:46:03
9058	3	P1	0	NO PLAY	0	-	false	2026/09/19 20:46:03
9058	3	DP	0	NO PLAY	0	-	false	2026/09/19 20:46:03
9058	4	P1	0	NO PLAY	0	-	false	2026/09/19 20:46:03
9058	4	DP	0	NO PLAY	0	-	false	2026/09/19 20:46:03
9059	0	P1	0	NO PLAY	0	-	false	2026/09/19 20:46:03
9059	0	DP	0	NO PLAY	0	-	false	2026/09/19 20:46:03
9059	1	P1	0	NO PLAY	0	-	false	2026/09/19 20:46:03
9059	1	DP	0	NO PLAY	0	-	false	2026/09/19 20:46:03
9059	2	P1	0	NO PLAY	0	-	false	2026/09/19 20:46:03
9059	2	DP	0	NO PLAY	0	-	false	2026/09/19 20:46:03
9059	3	P1	0	NO PLAY	0	-	false	2026/09/19 20:46:03
9059	3	DP	0	NO PLAY	0	-	false	2026/09/19 20:46:03
9059	4	P1	0	NO PLAY	0	-	false	2026/09/19 20:46:03
9059	4	DP	0	NO PLAY	0	-	false	2026/09/19 20:46:03
10001	0	P1	0	NO PLAY	0	-	false	2026/09/19 20:46:03
10001	0	DP	0	NO PLAY	0	-	false	2026/09/19 20:46:03
10001	1	P1	0	NO PLAY	0	-	false	2026/09/19 20:46:03
10001	1	DP	0	NO PLAY	0	-	false	2026/09/19 20:46:03
10001	2	P1	0	NO PLAY	0	-	false	2026/09/19 20:46:03
10001	2	DP	0	NO PLAY	0	-	false	2026/09/19 20:46:03
10001	3	P1	0	NO PLAY	0	-	false	2026/09/19 20:46:03
10001	3	DP	6	EX HARD CLEAR	1589	10	true	2026/09/19 20:46:03
10001	4	P1	0	NO PLAY	0	-	false	2026/09/19 20:46:03
10001	4	DP	0	NO PLAY	0	-	false	2026/09/19 20:46:03
10002	0	P1	0	NO PLAY	0	-	false	2026/09/19 20:46:03
10002	0	DP	0	NO PLAY	0	-	false	2026/09/19 20:46:03
10002	1	P1	0	NO PLAY	0	-	false	2026/09/19 20:46:03
10002	1	DP	0	NO PLAY	0	-	false	2026/09/19 20:46:03
10002	2	P1	0	NO PLAY	0	-	false	2026/09/19 20:46:03
10002	2	DP	0	NO PLAY	0	-	false	2026/09/19 20:46:03
10002	3	P1	0	NO PLAY	0	-	false	2026/09/19 20:46:03
10002	3	DP	6	EX HARD CLEAR	2017	18	true	2026/09/19 20:46:03
10002	4	P1	0	NO PLAY	0	-	false	2026/09/19 20:46:03
10002	4	DP	0	NO PLAY	0	-	false	2026/09/19 20:46:03
10004	0	P1	0	NO PLAY	0	-	false	2026/09/19 20:46:03
10004	0	DP	0	NO PLAY	0	-	false	2026/09/19 20:46:03
10004	1	P1	0	NO PLAY	0	-	false	2026/09/19 20:46:03
10004	1	DP	0	NO PLAY	0	-	false	2026/09/19 20:46:03
10004	2	P1	0	NO PLAY	0	-	false	2026/09/19 20:46:03
10004	2	DP	0	NO PLAY	0	-	false	2026/09/19 20:46:03
10004	3	P1	3	EASY CLEAR	2044	88	true	2026/09/19 20:46:03
10004	3	DP	6	EX HARD CLEAR	2623	20	true	2026/09/19 20:46:03
10004	4	P1	0	NO PLAY	0	-	false	2026/09/19 20:46:03
10004	4	DP	0	NO PLAY	0	-	false	2026/09/19 20:46:03
10005	0	P1	0	NO PLAY	0	-	false	2026/09/19 20:46:03
10005	0	DP	0	NO PLAY	0	-	false	2026/09/19 20:46:03
10005	1	P1	0	NO PLAY	0	-	false	2026/09/19 20:46:03
10005	1	DP	0	NO PLAY	0	-	false	2026/09/19 20:46:03
10005	2	P1	0	NO PLAY	0	-	false	2026/09/19 20:46:03
10005	2	DP	0	NO PLAY	0	-	false	2026/09/19 20:46:03
10005	3	P1	0	NO PLAY	0	-	false	2026/09/19 20:46:03
10005	3	DP	0	NO PLAY	0	-	false	2026/09/19 20:46:03
10005	4	P1	0	NO PLAY	0	-	false	2026/09/19 20:46:03
10005	4	DP	0	NO PLAY	0	-	false	2026/09/19 20:46:03
10006	0	P1	0	NO PLAY	0	-	false	2026/09/19 20:46:03
10006	0	DP	0	NO PLAY	0	-	false	2026/09/19 20:46:03
10006	1	P1	0	NO PLAY	0	-	false	2026/09/19 20:46:03
10006	1	DP	0	NO PLAY	0	-	false	2026/09/19 20:46:03
10006	2	P1	0	NO PLAY	0	-	false	2026/09/19 20:46:03
10006	2	DP	0	NO PLAY	0	-	false	2026/09/19 20:46:03
10006	3	P1	0	NO PLAY	0	-	false	2026/09/19 20:46:03
10006	3	DP	0	NO PLAY	0	-	false	2026/09/19 20:46:03
10006	4	P1	0	NO PLAY	0	-	false	2026/09/19 20:46:03
10006	4	DP	0	NO PLAY	0	-	false	2026/09/19 20:46:03
10009	0	P1	0	NO PLAY	0	-	false	2026/09/19 20:46:03
10009	0	DP	0	NO PLAY	0	-	false	2026/09/19 20:46:03
10009	1	P1	0	NO PLAY	0	-	false	2026/09/19 20:46:03
10009	1	DP	0	NO PLAY	0	-	false	2026/09/19 20:46:03
10009	2	P1	0	NO PLAY	0	-	false	2026/09/19 20:46:03
10009	2	DP	0	NO PLAY	0	-	false	2026/09/19 20:46:03
10009	3	P1	0	NO PLAY	0	-	false	2026/09/19 20:46:03
10009	3	DP	6	EX HARD CLEAR	1982	11	true	2026/09/19 20:46:03
10009	4	P1	0	NO PLAY	0	-	false	2026/09/19 20:46:03
10009	4	DP	0	NO PLAY	0	-	false	2026/09/19 20:46:03
10012	0	P1	0	NO PLAY	0	-	false	2026/09/19 20:46:03
10012	0	DP	0	NO PLAY	0	-	false	2026/09/19 20:46:03
10012	1	P1	0	NO PLAY	0	-	false	2026/09/19 20:46:03
10012	1	DP	0	NO PLAY	0	-	false	2026/09/19 20:46:03
10012	2	P1	0	NO PLAY	0	-	false	2026/09/19 20:46:03
10012	2	DP	0	NO PLAY	0	-	false	2026/09/19 20:46:03
10012	3	P1	0	NO PLAY	0	-	false	2026/09/19 20:46:03
10012	3	DP	0	NO PLAY	0	-	false	2026/09/19 20:46:03
10012	4	P1	0	NO PLAY	0	-	false	2026/09/19 20:46:03
10012	4	DP	0	NO PLAY	0	-	false	2026/09/19 20:46:03
10013	0	P1	0	NO PLAY	0	-	false	2026/09/19 20:46:03
10013	0	DP	0	NO PLAY	0	-	false	2026/09/19 20:46:03
10013	1	P1	0	NO PLAY	0	-	false	2026/09/19 20:46:03
10013	1	DP	0	NO PLAY	0	-	false	2026/09/19 20:46:03
10013	2	P1	0	NO PLAY	0	-	false	2026/09/19 20:46:03
10013	2	DP	0	NO PLAY	0	-	false	2026/09/19 20:46:03
10013	3	P1	0	NO PLAY	0	-	false	2026/09/19 20:46:03
10013	3	DP	0	NO PLAY	0	-	false	2026/09/19 20:46:03
10013	4	P1	0	NO PLAY	0	-	false	2026/09/19 20:46:03
10013	4	DP	0	NO PLAY	0	-	false	2026/09/19 20:46:03
10014	0	P1	0	NO PLAY	0	-	false	2026/09/19 20:46:03
10014	0	DP	0	NO PLAY	0	-	false	2026/09/19 20:46:03
10014	1	P1	0	NO PLAY	0	-	false	2026/09/19 20:46:03
10014	1	DP	0	NO PLAY	0	-	false	2026/09/19 20:46:03
10014	2	P1	0	NO PLAY	0	-	false	2026/09/19 20:46:03
10014	2	DP	0	NO PLAY	0	-	false	2026/09/19 20:46:03
10014	3	P1	0	NO PLAY	0	-	false	2026/09/19 20:46:03
10014	3	DP	0	NO PLAY	0	-	false	2026/09/19 20:46:03
10014	4	P1	0	NO PLAY	0	-	false	2026/09/19 20:46:03
10014	4	DP	0	NO PLAY	0	-	false	2026/09/19 20:46:03
10016	0	P1	0	NO PLAY	0	-	false	2026/09/19 20:46:03
10016	0	DP	0	NO PLAY	0	-	false	2026/09/19 20:46:03
10016	1	P1	0	NO PLAY	0	-	false	2026/09/19 20:46:03
10016	1	DP	0	NO PLAY	0	-	false	2026/09/19 20:46:03
10016	2	P1	0	NO PLAY	0	-	false	2026/09/19 20:46:03
10016	2	DP	6	EX HARD CLEAR	1630	5	true	2026/09/19 20:46:03
10016	3	P1	0	NO PLAY	0	-	false	2026/09/19 20:46:03
10016	3	DP	0	NO PLAY	0	-	false	2026/09/19 20:46:03
10016	4	P1	0	NO PLAY	0	-	false	2026/09/19 20:46:03
10016	4	DP	0	NO PLAY	0	-	false	2026/09/19 20:46:03
10017	0	P1	0	NO PLAY	0	-	false	2026/09/19 20:46:03
10017	0	DP	0	NO PLAY	0	-	false	2026/09/19 20:46:03
10017	1	P1	0	NO PLAY	0	-	false	2026/09/19 20:46:03
10017	1	DP	0	NO PLAY	0	-	false	2026/09/19 20:46:03
10017	2	P1	0	NO PLAY	0	-	false	2026/09/19 20:46:03
10017	2	DP	0	NO PLAY	0	-	false	2026/09/19 20:46:03
10017	3	P1	0	NO PLAY	0	-	false	2026/09/19 20:46:03
10017	3	DP	0	NO PLAY	0	-	false	2026/09/19 20:46:03
10017	4	P1	0	NO PLAY	0	-	false	2026/09/19 20:46:03
10017	4	DP	0	NO PLAY	0	-	false	2026/09/19 20:46:03
10018	0	P1	0	NO PLAY	0	-	false	2026/09/19 20:46:03
10018	0	DP	0	NO PLAY	0	-	false	2026/09/19 20:46:03
10018	1	P1	0	NO PLAY	0	-	false	2026/09/19 20:46:03
10018	1	DP	0	NO PLAY	0	-	false	2026/09/19 20:46:03
10018	2	P1	0	NO PLAY	0	-	false	2026/09/19 20:46:03
10018	2	DP	0	NO PLAY	0	-	false	2026/09/19 20:46:03
10018	3	P1	0	NO PLAY	0	-	false	2026/09/19 20:46:03
10018	3	DP	0	NO PLAY	0	-	false	2026/09/19 20:46:03
10018	4	P1	0	NO PLAY	0	-	false	2026/09/19 20:46:03
10018	4	DP	0	NO PLAY	0	-	false	2026/09/19 20:46:03
10019	0	P1	0	NO PLAY	0	-	false	2026/09/19 20:46:03
10019	0	DP	0	NO PLAY	0	-	false	2026/09/19 20:46:03
10019	1	P1	0	NO PLAY	0	-	false	2026/09/19 20:46:03
10019	1	DP	0	NO PLAY	0	-	false	2026/09/19 20:46:03
10019	2	P1	0	NO PLAY	0	-	false	2026/09/19 20:46:03
10019	2	DP	0	NO PLAY	0	-	false	2026/09/19 20:46:03
10019	3	P1	7	FULL COMBO	1951	1	true	2026/09/19 20:46:03
10019	3	DP	6	EX HARD CLEAR	1677	11	true	2026/09/19 20:46:03
10019	4	P1	0	NO PLAY	0	-	false	2026/09/19 20:46:03
10019	4	DP	0	NO PLAY	0	-	false	2026/09/19 20:46:03
10020	0	P1	0	NO PLAY	0	-	false	2026/09/19 20:46:03
10020	0	DP	0	NO PLAY	0	-	false	2026/09/19 20:46:03
10020	1	P1	0	NO PLAY	0	-	false	2026/09/19 20:46:03
10020	1	DP	0	NO PLAY	0	-	false	2026/09/19 20:46:03
10020	2	P1	0	NO PLAY	0	-	false	2026/09/19 20:46:03
10020	2	DP	0	NO PLAY	0	-	false	2026/09/19 20:46:03
10020	3	P1	0	NO PLAY	0	-	false	2026/09/19 20:46:03
10020	3	DP	5	HARD CLEAR	1794	4	true	2026/09/19 20:46:03
10020	4	P1	0	NO PLAY	0	-	false	2026/09/19 20:46:03
10020	4	DP	0	NO PLAY	0	-	false	2026/09/19 20:46:03
10022	0	P1	0	NO PLAY	0	-	false	2026/09/19 20:46:03
10022	0	DP	0	NO PLAY	0	-	false	2026/09/19 20:46:03
10022	1	P1	0	NO PLAY	0	-	false	2026/09/19 20:46:03
10022	1	DP	0	NO PLAY	0	-	false	2026/09/19 20:46:03
10022	2	P1	0	NO PLAY	0	-	false	2026/09/19 20:46:03
10022	2	DP	0	NO PLAY	0	-	false	2026/09/19 20:46:03
10022	3	P1	6	EX HARD CLEAR	2156	8	true	2026/09/19 20:46:03
10022	3	DP	5	HARD CLEAR	2097	27	true	2026/09/19 20:46:03
10022	4	P1	0	NO PLAY	0	-	false	2026/09/19 20:46:03
10022	4	DP	0	NO PLAY	0	-	false	2026/09/19 20:46:03
10023	0	P1	0	NO PLAY	0	-	false	2026/09/19 20:46:03
10023	0	DP	0	NO PLAY	0	-	false	2026/09/19 20:46:03
10023	1	P1	0	NO PLAY	0	-	false	2026/09/19 20:46:03
10023	1	DP	0	NO PLAY	0	-	false	2026/09/19 20:46:03
10023	2	P1	0	NO PLAY	0	-	false	2026/09/19 20:46:03
10023	2	DP	0	NO PLAY	0	-	false	2026/09/19 20:46:03
10023	3	P1	0	NO PLAY	0	-	false	2026/09/19 20:46:03
10023	3	DP	6	EX HARD CLEAR	1327	8	true	2026/09/19 20:46:03
10023	4	P1	0	NO PLAY	0	-	false	2026/09/19 20:46:03
10023	4	DP	0	NO PLAY	0	-	false	2026/09/19 20:46:03
10024	0	P1	0	NO PLAY	0	-	false	2026/09/19 20:46:03
10024	0	DP	0	NO PLAY	0	-	false	2026/09/19 20:46:03
10024	1	P1	0	NO PLAY	0	-	false	2026/09/19 20:46:03
10024	1	DP	0	NO PLAY	0	-	false	2026/09/19 20:46:03
10024	2	P1	3	EASY CLEAR	1386	45	true	2026/09/19 20:46:03
10024	2	DP	5	HARD CLEAR	1623	42	true	2026/09/19 20:46:03
10024	3	P1	3	EASY CLEAR	2022	55	true	2026/09/19 20:46:03
10024	3	DP	5	HARD CLEAR	2062	39	true	2026/09/19 20:46:03
10024	4	P1	0	NO PLAY	0	-	false	2026/09/19 20:46:03
10024	4	DP	0	NO PLAY	0	-	false	2026/09/19 20:46:03
10025	0	P1	0	NO PLAY	0	-	false	2026/09/19 20:46:03
10025	0	DP	0	NO PLAY	0	-	false	2026/09/19 20:46:03
10025	1	P1	0	NO PLAY	0	-	false	2026/09/19 20:46:03
10025	1	DP	0	NO PLAY	0	-	false	2026/09/19 20:46:03
10025	2	P1	0	NO PLAY	0	-	false	2026/09/19 20:46:03
10025	2	DP	6	EX HARD CLEAR	1637	10	true	2026/09/19 20:46:03
10025	3	P1	6	EX HARD CLEAR	2131	1	true	2026/09/19 20:46:03
10025	3	DP	6	EX HARD CLEAR	2221	7	true	2026/09/19 20:46:03
10025	4	P1	0	NO PLAY	0	-	false	2026/09/19 20:46:03
10025	4	DP	0	NO PLAY	0	-	false	2026/09/19 20:46:03
10034	0	P1	0	NO PLAY	0	-	false	2026/09/19 20:46:03
10034	0	DP	0	NO PLAY	0	-	false	2026/09/19 20:46:03
10034	1	P1	0	NO PLAY	0	-	false	2026/09/19 20:46:03
10034	1	DP	0	NO PLAY	0	-	false	2026/09/19 20:46:03
10034	2	P1	0	NO PLAY	0	-	false	2026/09/19 20:46:03
10034	2	DP	0	NO PLAY	0	-	false	2026/09/19 20:46:03
10034	3	P1	0	NO PLAY	0	-	false	2026/09/19 20:46:03
10034	3	DP	0	NO PLAY	0	-	false	2026/09/19 20:46:03
10034	4	P1	0	NO PLAY	0	-	false	2026/09/19 20:46:03
10034	4	DP	0	NO PLAY	0	-	false	2026/09/19 20:46:03
10035	0	P1	0	NO PLAY	0	-	false	2026/09/19 20:46:03
10035	0	DP	0	NO PLAY	0	-	false	2026/09/19 20:46:03
10035	1	P1	0	NO PLAY	0	-	false	2026/09/19 20:46:03
10035	1	DP	0	NO PLAY	0	-	false	2026/09/19 20:46:03
10035	2	P1	0	NO PLAY	0	-	false	2026/09/19 20:46:03
10035	2	DP	0	NO PLAY	0	-	false	2026/09/19 20:46:03
10035	3	P1	0	NO PLAY	0	-	false	2026/09/19 20:46:03
10035	3	DP	0	NO PLAY	0	-	false	2026/09/19 20:46:03
10035	4	P1	0	NO PLAY	0	-	false	2026/09/19 20:46:03
10035	4	DP	0	NO PLAY	0	-	false	2026/09/19 20:46:03
10036	0	P1	0	NO PLAY	0	-	false	2026/09/19 20:46:03
10036	0	DP	0	NO PLAY	0	-	false	2026/09/19 20:46:03
10036	1	P1	0	NO PLAY	0	-	false	2026/09/19 20:46:03
10036	1	DP	0	NO PLAY	0	-	false	2026/09/19 20:46:03
10036	2	P1	0	NO PLAY	0	-	false	2026/09/19 20:46:03
10036	2	DP	0	NO PLAY	0	-	false	2026/09/19 20:46:03
10036	3	P1	0	NO PLAY	0	-	false	2026/09/19 20:46:03
10036	3	DP	0	NO PLAY	0	-	false	2026/09/19 20:46:03
10036	4	P1	0	NO PLAY	0	-	false	2026/09/19 20:46:03
10036	4	DP	0	NO PLAY	0	-	false	2026/09/19 20:46:03
10040	0	P1	0	NO PLAY	0	-	false	2026/09/19 20:46:03
10040	0	DP	0	NO PLAY	0	-	false	2026/09/19 20:46:03
10040	1	P1	0	NO PLAY	0	-	false	2026/09/19 20:46:03
10040	1	DP	0	NO PLAY	0	-	false	2026/09/19 20:46:03
10040	2	P1	0	NO PLAY	0	-	false	2026/09/19 20:46:03
10040	2	DP	0	NO PLAY	0	-	false	2026/09/19 20:46:03
10040	3	P1	0	NO PLAY	0	-	false	2026/09/19 20:46:03
10040	3	DP	5	HARD CLEAR	2016	47	true	2026/09/19 20:46:03
10040	4	P1	0	NO PLAY	0	-	false	2026/09/19 20:46:03
10040	4	DP	0	NO PLAY	0	-	false	2026/09/19 20:46:03
10041	0	P1	0	NO PLAY	0	-	false	2026/09/19 20:46:03
10041	0	DP	0	NO PLAY	0	-	false	2026/09/19 20:46:03
10041	1	P1	0	NO PLAY	0	-	false	2026/09/19 20:46:03
10041	1	DP	0	NO PLAY	0	-	false	2026/09/19 20:46:03
10041	2	P1	0	NO PLAY	0	-	false	2026/09/19 20:46:03
10041	2	DP	0	NO PLAY	0	-	false	2026/09/19 20:46:03
10041	3	P1	0	NO PLAY	0	-	false	2026/09/19 20:46:03
10041	3	DP	0	NO PLAY	0	-	false	2026/09/19 20:46:03
10041	4	P1	0	NO PLAY	0	-	false	2026/09/19 20:46:03
10041	4	DP	0	NO PLAY	0	-	false	2026/09/19 20:46:03
10047	0	P1	0	NO PLAY	0	-	false	2026/09/19 20:46:03
10047	0	DP	0	NO PLAY	0	-	false	2026/09/19 20:46:03
10047	1	P1	0	NO PLAY	0	-	false	2026/09/19 20:46:03
10047	1	DP	0	NO PLAY	0	-	false	2026/09/19 20:46:03
10047	2	P1	0	NO PLAY	0	-	false	2026/09/19 20:46:03
10047	2	DP	0	NO PLAY	0	-	false	2026/09/19 20:46:03
10047	3	P1	0	NO PLAY	0	-	false	2026/09/19 20:46:03
10047	3	DP	0	NO PLAY	0	-	false	2026/09/19 20:46:03
10047	4	P1	0	NO PLAY	0	-	false	2026/09/19 20:46:03
10047	4	DP	0	NO PLAY	0	-	false	2026/09/19 20:46:03
10048	0	P1	0	NO PLAY	0	-	false	2026/09/19 20:46:03
10048	0	DP	0	NO PLAY	0	-	false	2026/09/19 20:46:03
10048	1	P1	0	NO PLAY	0	-	false	2026/09/19 20:46:03
10048	1	DP	7	FULL COMBO	805	1	true	2026/09/19 20:46:03
10048	2	P1	0	NO PLAY	0	-	false	2026/09/19 20:46:03
10048	2	DP	0	NO PLAY	0	-	false	2026/09/19 20:46:03
10048	3	P1	0	NO PLAY	0	-	false	2026/09/19 20:46:03
10048	3	DP	0	NO PLAY	0	-	false	2026/09/19 20:46:03
10048	4	P1	0	NO PLAY	0	-	false	2026/09/19 20:46:03
10048	4	DP	0	NO PLAY	0	-	false	2026/09/19 20:46:03
10049	0	P1	0	NO PLAY	0	-	false	2026/09/19 20:46:03
10049	0	DP	0	NO PLAY	0	-	false	2026/09/19 20:46:03
10049	1	P1	0	NO PLAY	0	-	false	2026/09/19 20:46:03
10049	1	DP	0	NO PLAY	0	-	false	2026/09/19 20:46:03
10049	2	P1	0	NO PLAY	0	-	false	2026/09/19 20:46:03
10049	2	DP	0	NO PLAY	0	-	false	2026/09/19 20:46:03
10049	3	P1	6	EX HARD CLEAR	2386	6	true	2026/09/19 20:46:03
10049	3	DP	5	HARD CLEAR	2392	51	true	2026/09/19 20:46:03
10049	4	P1	0	NO PLAY	0	-	false	2026/09/19 20:46:03
10049	4	DP	0	NO PLAY	0	-	false	2026/09/19 20:46:03
10052	0	P1	0	NO PLAY	0	-	false	2026/09/19 20:46:03
10052	0	DP	0	NO PLAY	0	-	false	2026/09/19 20:46:03
10052	1	P1	0	NO PLAY	0	-	false	2026/09/19 20:46:03
10052	1	DP	6	EX HARD CLEAR	825	2	true	2026/09/19 20:46:03
10052	2	P1	0	NO PLAY	0	-	false	2026/09/19 20:46:03
10052	2	DP	0	NO PLAY	0	-	false	2026/09/19 20:46:03
10052	3	P1	0	NO PLAY	0	-	false	2026/09/19 20:46:03
10052	3	DP	5	HARD CLEAR	1999	41	true	2026/09/19 20:46:03
10052	4	P1	0	NO PLAY	0	-	false	2026/09/19 20:46:03
10052	4	DP	0	NO PLAY	0	-	false	2026/09/19 20:46:03
10053	0	P1	0	NO PLAY	0	-	false	2026/09/19 20:46:03
10053	0	DP	0	NO PLAY	0	-	false	2026/09/19 20:46:03
10053	1	P1	0	NO PLAY	0	-	false	2026/09/19 20:46:03
10053	1	DP	0	NO PLAY	0	-	false	2026/09/19 20:46:03
10053	2	P1	0	NO PLAY	0	-	false	2026/09/19 20:46:03
10053	2	DP	0	NO PLAY	0	-	false	2026/09/19 20:46:03
10053	3	P1	0	NO PLAY	0	-	false	2026/09/19 20:46:03
10053	3	DP	1	FAILED	1424	-	false	2026/09/19 20:46:03
10053	4	P1	0	NO PLAY	0	-	false	2026/09/19 20:46:03
10053	4	DP	0	NO PLAY	0	-	false	2026/09/19 20:46:03
10054	0	P1	0	NO PLAY	0	-	false	2026/09/19 20:46:03
10054	0	DP	0	NO PLAY	0	-	false	2026/09/19 20:46:03
10054	1	P1	0	NO PLAY	0	-	false	2026/09/19 20:46:03
10054	1	DP	0	NO PLAY	0	-	false	2026/09/19 20:46:03
10054	2	P1	0	NO PLAY	0	-	false	2026/09/19 20:46:03
10054	2	DP	0	NO PLAY	0	-	false	2026/09/19 20:46:03
10054	3	P1	0	NO PLAY	0	-	false	2026/09/19 20:46:03
10054	3	DP	0	NO PLAY	0	-	false	2026/09/19 20:46:03
10054	4	P1	0	NO PLAY	0	-	false	2026/09/19 20:46:03
10054	4	DP	0	NO PLAY	0	-	false	2026/09/19 20:46:03
11001	0	P1	0	NO PLAY	0	-	false	2026/09/19 20:46:03
11001	0	DP	0	NO PLAY	0	-	false	2026/09/19 20:46:03
11001	1	P1	0	NO PLAY	0	-	false	2026/09/19 20:46:03
11001	1	DP	1	FAILED	390	70	true	2026/09/19 20:46:03
11001	2	P1	0	NO PLAY	0	-	false	2026/09/19 20:46:03
11001	2	DP	6	EX HARD CLEAR	1112	4	true	2026/09/19 20:46:03
11001	3	P1	1	FAILED	1391	-	false	2026/09/19 20:46:03
11001	3	DP	5	HARD CLEAR	1565	22	true	2026/09/19 20:46:03
11001	4	P1	0	NO PLAY	0	-	false	2026/09/19 20:46:03
11001	4	DP	0	NO PLAY	0	-	false	2026/09/19 20:46:03
11002	0	P1	0	NO PLAY	0	-	false	2026/09/19 20:46:03
11002	0	DP	0	NO PLAY	0	-	false	2026/09/19 20:46:03
11002	1	P1	0	NO PLAY	0	-	false	2026/09/19 20:46:03
11002	1	DP	0	NO PLAY	0	-	false	2026/09/19 20:46:03
11002	2	P1	0	NO PLAY	0	-	false	2026/09/19 20:46:03
11002	2	DP	0	NO PLAY	0	-	false	2026/09/19 20:46:03
11002	3	P1	0	NO PLAY	0	-	false	2026/09/19 20:46:03
11002	3	DP	0	NO PLAY	0	-	false	2026/09/19 20:46:03
11002	4	P1	0	NO PLAY	0	-	false	2026/09/19 20:46:03
11002	4	DP	0	NO PLAY	0	-	false	2026/09/19 20:46:03
11003	0	P1	0	NO PLAY	0	-	false	2026/09/19 20:46:03
11003	0	DP	0	NO PLAY	0	-	false	2026/09/19 20:46:03
11003	1	P1	0	NO PLAY	0	-	false	2026/09/19 20:46:03
11003	1	DP	0	NO PLAY	0	-	false	2026/09/19 20:46:03
11003	2	P1	0	NO PLAY	0	-	false	2026/09/19 20:46:03
11003	2	DP	0	NO PLAY	0	-	false	2026/09/19 20:46:03
11003	3	P1	0	NO PLAY	0	-	false	2026/09/19 20:46:03
11003	3	DP	0	NO PLAY	0	-	false	2026/09/19 20:46:03
11003	4	P1	0	NO PLAY	0	-	false	2026/09/19 20:46:03
11003	4	DP	0	NO PLAY	0	-	false	2026/09/19 20:46:03
11004	0	P1	0	NO PLAY	0	-	false	2026/09/19 20:46:03
11004	0	DP	0	NO PLAY	0	-	false	2026/09/19 20:46:03
11004	1	P1	0	NO PLAY	0	-	false	2026/09/19 20:46:03
11004	1	DP	0	NO PLAY	0	-	false	2026/09/19 20:46:03
11004	2	P1	0	NO PLAY	0	-	false	2026/09/19 20:46:03
11004	2	DP	0	NO PLAY	0	-	false	2026/09/19 20:46:03
11004	3	P1	0	NO PLAY	0	-	false	2026/09/19 20:46:03
11004	3	DP	0	NO PLAY	0	-	false	2026/09/19 20:46:03
11004	4	P1	0	NO PLAY	0	-	false	2026/09/19 20:46:03
11004	4	DP	0	NO PLAY	0	-	false	2026/09/19 20:46:03
11007	0	P1	0	NO PLAY	0	-	false	2026/09/19 20:46:03
11007	0	DP	0	NO PLAY	0	-	false	2026/09/19 20:46:03
11007	1	P1	0	NO PLAY	0	-	false	2026/09/19 20:46:03
11007	1	DP	0	NO PLAY	0	-	false	2026/09/19 20:46:03
11007	2	P1	0	NO PLAY	0	-	false	2026/09/19 20:46:03
11007	2	DP	0	NO PLAY	0	-	false	2026/09/19 20:46:03
11007	3	P1	0	NO PLAY	0	-	false	2026/09/19 20:46:03
11007	3	DP	0	NO PLAY	0	-	false	2026/09/19 20:46:03
11007	4	P1	0	NO PLAY	0	-	false	2026/09/19 20:46:03
11007	4	DP	0	NO PLAY	0	-	false	2026/09/19 20:46:03
11008	0	P1	0	NO PLAY	0	-	false	2026/09/19 20:46:03
11008	0	DP	0	NO PLAY	0	-	false	2026/09/19 20:46:03
11008	1	P1	0	NO PLAY	0	-	false	2026/09/19 20:46:03
11008	1	DP	0	NO PLAY	0	-	false	2026/09/19 20:46:03
11008	2	P1	0	NO PLAY	0	-	false	2026/09/19 20:46:03
11008	2	DP	0	NO PLAY	0	-	false	2026/09/19 20:46:03
11008	3	P1	0	NO PLAY	0	-	false	2026/09/19 20:46:03
11008	3	DP	6	EX HARD CLEAR	2322	10	true	2026/09/19 20:46:03
11008	4	P1	0	NO PLAY	0	-	false	2026/09/19 20:46:03
11008	4	DP	0	NO PLAY	0	-	false	2026/09/19 20:46:03
11009	0	P1	0	NO PLAY	0	-	false	2026/09/19 20:46:03
11009	0	DP	0	NO PLAY	0	-	false	2026/09/19 20:46:03
11009	1	P1	0	NO PLAY	0	-	false	2026/09/19 20:46:03
11009	1	DP	0	NO PLAY	0	-	false	2026/09/19 20:46:03
11009	2	P1	0	NO PLAY	0	-	false	2026/09/19 20:46:03
11009	2	DP	0	NO PLAY	0	-	false	2026/09/19 20:46:03
11009	3	P1	0	NO PLAY	0	-	false	2026/09/19 20:46:03
11009	3	DP	0	NO PLAY	0	-	false	2026/09/19 20:46:03
11009	4	P1	0	NO PLAY	0	-	false	2026/09/19 20:46:03
11009	4	DP	0	NO PLAY	0	-	false	2026/09/19 20:46:03
11010	0	P1	0	NO PLAY	0	-	false	2026/09/19 20:46:03
11010	0	DP	0	NO PLAY	0	-	false	2026/09/19 20:46:03
11010	1	P1	0	NO PLAY	0	-	false	2026/09/19 20:46:03
11010	1	DP	0	NO PLAY	0	-	false	2026/09/19 20:46:03
11010	2	P1	0	NO PLAY	0	-	false	2026/09/19 20:46:03
11010	2	DP	0	NO PLAY	0	-	false	2026/09/19 20:46:03
11010	3	P1	0	NO PLAY	0	-	false	2026/09/19 20:46:03
11010	3	DP	5	HARD CLEAR	1929	17	true	2026/09/19 20:46:03
11010	4	P1	0	NO PLAY	0	-	false	2026/09/19 20:46:03
11010	4	DP	0	NO PLAY	0	-	false	2026/09/19 20:46:03
11011	0	P1	0	NO PLAY	0	-	false	2026/09/19 20:46:03
11011	0	DP	0	NO PLAY	0	-	false	2026/09/19 20:46:03
11011	1	P1	0	NO PLAY	0	-	false	2026/09/19 20:46:03
11011	1	DP	0	NO PLAY	0	-	false	2026/09/19 20:46:03
11011	2	P1	0	NO PLAY	0	-	false	2026/09/19 20:46:03
11011	2	DP	0	NO PLAY	0	-	false	2026/09/19 20:46:03
11011	3	P1	0	NO PLAY	0	-	false	2026/09/19 20:46:03
11011	3	DP	0	NO PLAY	0	-	false	2026/09/19 20:46:03
11011	4	P1	0	NO PLAY	0	-	false	2026/09/19 20:46:03
11011	4	DP	0	NO PLAY	0	-	false	2026/09/19 20:46:03
11012	0	P1	0	NO PLAY	0	-	false	2026/09/19 20:46:03
11012	0	DP	0	NO PLAY	0	-	false	2026/09/19 20:46:03
11012	1	P1	0	NO PLAY	0	-	false	2026/09/19 20:46:03
11012	1	DP	0	NO PLAY	0	-	false	2026/09/19 20:46:03
11012	2	P1	0	NO PLAY	0	-	false	2026/09/19 20:46:03
11012	2	DP	0	NO PLAY	0	-	false	2026/09/19 20:46:03
11012	3	P1	0	NO PLAY	0	-	false	2026/09/19 20:46:03
11012	3	DP	0	NO PLAY	0	-	false	2026/09/19 20:46:03
11012	4	P1	7	FULL COMBO	3198	1	true	2026/09/19 20:46:03
11012	4	DP	5	HARD CLEAR	2877	36	true	2026/09/19 20:46:03
11013	0	P1	0	NO PLAY	0	-	false	2026/09/19 20:46:03
11013	0	DP	0	NO PLAY	0	-	false	2026/09/19 20:46:03
11013	1	P1	0	NO PLAY	0	-	false	2026/09/19 20:46:03
11013	1	DP	1	FAILED	9	-	false	2026/09/19 20:46:03
11013	2	P1	0	NO PLAY	0	-	false	2026/09/19 20:46:03
11013	2	DP	0	NO PLAY	0	-	false	2026/09/19 20:46:03
11013	3	P1	3	EASY CLEAR	2078	49	true	2026/09/19 20:46:03
11013	3	DP	5	HARD CLEAR	2156	43	true	2026/09/19 20:46:03
11013	4	P1	0	NO PLAY	0	-	false	2026/09/19 20:46:03
11013	4	DP	0	NO PLAY	0	-	false	2026/09/19 20:46:03
11014	0	P1	0	NO PLAY	0	-	false	2026/09/19 20:46:03
11014	0	DP	0	NO PLAY	0	-	false	2026/09/19 20:46:03
11014	1	P1	0	NO PLAY	0	-	false	2026/09/19 20:46:03
11014	1	DP	0	NO PLAY	0	-	false	2026/09/19 20:46:03
11014	2	P1	0	NO PLAY	0	-	false	2026/09/19 20:46:03
11014	2	DP	6	EX HARD CLEAR	1198	11	true	2026/09/19 20:46:03
11014	3	P1	0	NO PLAY	0	-	false	2026/09/19 20:46:03
11014	3	DP	0	NO PLAY	0	-	false	2026/09/19 20:46:03
11014	4	P1	0	NO PLAY	0	-	false	2026/09/19 20:46:03
11014	4	DP	0	NO PLAY	0	-	false	2026/09/19 20:46:03
11015	0	P1	0	NO PLAY	0	-	false	2026/09/19 20:46:03
11015	0	DP	0	NO PLAY	0	-	false	2026/09/19 20:46:03
11015	1	P1	1	FAILED	12	-	false	2026/09/19 20:46:03
11015	1	DP	6	EX HARD CLEAR	379	1	true	2026/09/19 20:46:03
11015	2	P1	0	NO PLAY	0	-	false	2026/09/19 20:46:03
11015	2	DP	5	HARD CLEAR	685	4	true	2026/09/19 20:46:03
11015	3	P1	0	NO PLAY	0	-	false	2026/09/19 20:46:03
11015	3	DP	0	NO PLAY	0	-	false	2026/09/19 20:46:03
11015	4	P1	0	NO PLAY	0	-	false	2026/09/19 20:46:03
11015	4	DP	0	NO PLAY	0	-	false	2026/09/19 20:46:03
11018	0	P1	0	NO PLAY	0	-	false	2026/09/19 20:46:03
11018	0	DP	0	NO PLAY	0	-	false	2026/09/19 20:46:03
11018	1	P1	0	NO PLAY	0	-	false	2026/09/19 20:46:03
11018	1	DP	0	NO PLAY	0	-	false	2026/09/19 20:46:03
11018	2	P1	0	NO PLAY	0	-	false	2026/09/19 20:46:03
11018	2	DP	0	NO PLAY	0	-	false	2026/09/19 20:46:03
11018	3	P1	0	NO PLAY	0	-	false	2026/09/19 20:46:03
11018	3	DP	0	NO PLAY	0	-	false	2026/09/19 20:46:03
11018	4	P1	0	NO PLAY	0	-	false	2026/09/19 20:46:03
11018	4	DP	0	NO PLAY	0	-	false	2026/09/19 20:46:03
11026	0	P1	0	NO PLAY	0	-	false	2026/09/19 20:46:03
11026	0	DP	0	NO PLAY	0	-	false	2026/09/19 20:46:03
11026	1	P1	0	NO PLAY	0	-	false	2026/09/19 20:46:03
11026	1	DP	0	NO PLAY	0	-	false	2026/09/19 20:46:03
11026	2	P1	0	NO PLAY	0	-	false	2026/09/19 20:46:03
11026	2	DP	6	EX HARD CLEAR	1662	12	true	2026/09/19 20:46:03
11026	3	P1	5	HARD CLEAR	2290	16	true	2026/09/19 20:46:03
11026	3	DP	3	EASY CLEAR	2387	87	true	2026/09/19 20:46:03
11026	4	P1	0	NO PLAY	0	-	false	2026/09/19 20:46:03
11026	4	DP	0	NO PLAY	0	-	false	2026/09/19 20:46:03
11027	0	P1	0	NO PLAY	0	-	false	2026/09/19 20:46:03
11027	0	DP	0	NO PLAY	0	-	false	2026/09/19 20:46:03
11027	1	P1	0	NO PLAY	0	-	false	2026/09/19 20:46:03
11027	1	DP	0	NO PLAY	0	-	false	2026/09/19 20:46:03
11027	2	P1	0	NO PLAY	0	-	false	2026/09/19 20:46:03
11027	2	DP	0	NO PLAY	0	-	false	2026/09/19 20:46:03
11027	3	P1	0	NO PLAY	0	-	false	2026/09/19 20:46:03
11027	3	DP	0	NO PLAY	0	-	false	2026/09/19 20:46:03
11027	4	P1	0	NO PLAY	0	-	false	2026/09/19 20:46:03
11027	4	DP	0	NO PLAY	0	-	false	2026/09/19 20:46:03
11028	0	P1	0	NO PLAY	0	-	false	2026/09/19 20:46:03
11028	0	DP	0	NO PLAY	0	-	false	2026/09/19 20:46:03
11028	1	P1	0	NO PLAY	0	-	false	2026/09/19 20:46:03
11028	1	DP	0	NO PLAY	0	-	false	2026/09/19 20:46:03
11028	2	P1	0	NO PLAY	0	-	false	2026/09/19 20:46:03
11028	2	DP	0	NO PLAY	0	-	false	2026/09/19 20:46:03
11028	3	P1	0	NO PLAY	0	-	false	2026/09/19 20:46:03
11028	3	DP	0	NO PLAY	0	-	false	2026/09/19 20:46:03
11028	4	P1	0	NO PLAY	0	-	false	2026/09/19 20:46:03
11028	4	DP	0	NO PLAY	0	-	false	2026/09/19 20:46:03
11032	0	P1	1	FAILED	1	-	false	2026/09/19 20:46:03
11032	0	DP	0	NO PLAY	0	-	false	2026/09/19 20:46:03
11032	1	P1	0	NO PLAY	0	-	false	2026/09/19 20:46:03
11032	1	DP	1	FAILED	191	-	false	2026/09/19 20:46:03
11032	2	P1	5	HARD CLEAR	1386	32	true	2026/09/19 20:46:03
11032	2	DP	0	NO PLAY	0	-	false	2026/09/19 20:46:03
11032	3	P1	6	EX HARD CLEAR	1937	11	true	2026/09/19 20:46:03
11032	3	DP	6	EX HARD CLEAR	1846	13	true	2026/09/19 20:46:03
11032	4	P1	6	EX HARD CLEAR	2573	10	true	2026/09/19 20:46:03
11032	4	DP	6	EX HARD CLEAR	2449	17	true	2026/09/19 20:46:03
11035	0	P1	0	NO PLAY	0	-	false	2026/09/19 20:46:03
11035	0	DP	0	NO PLAY	0	-	false	2026/09/19 20:46:03
11035	1	P1	0	NO PLAY	0	-	false	2026/09/19 20:46:03
11035	1	DP	0	NO PLAY	0	-	false	2026/09/19 20:46:03
11035	2	P1	0	NO PLAY	0	-	false	2026/09/19 20:46:03
11035	2	DP	0	NO PLAY	0	-	false	2026/09/19 20:46:03
11035	3	P1	0	NO PLAY	0	-	false	2026/09/19 20:46:03
11035	3	DP	6	EX HARD CLEAR	1748	9	true	2026/09/19 20:46:03
11035	4	P1	5	HARD CLEAR	2171	36	true	2026/09/19 20:46:03
11035	4	DP	5	HARD CLEAR	2428	36	true	2026/09/19 20:46:03
11036	0	P1	0	NO PLAY	0	-	false	2026/09/19 20:46:03
11036	0	DP	0	NO PLAY	0	-	false	2026/09/19 20:46:03
11036	1	P1	0	NO PLAY	0	-	false	2026/09/19 20:46:03
11036	1	DP	0	NO PLAY	0	-	false	2026/09/19 20:46:03
11036	2	P1	0	NO PLAY	0	-	false	2026/09/19 20:46:03
11036	2	DP	0	NO PLAY	0	-	false	2026/09/19 20:46:03
11036	3	P1	0	NO PLAY	0	-	false	2026/09/19 20:46:03
11036	3	DP	0	NO PLAY	0	-	false	2026/09/19 20:46:03
11036	4	P1	7	FULL COMBO	2087	0	true	2026/09/19 20:46:03
11036	4	DP	6	EX HARD CLEAR	2261	12	true	2026/09/19 20:46:03
11037	0	P1	0	NO PLAY	0	-	false	2026/09/19 20:46:03
11037	0	DP	0	NO PLAY	0	-	false	2026/09/19 20:46:03
11037	1	P1	0	NO PLAY	0	-	false	2026/09/19 20:46:03
11037	1	DP	0	NO PLAY	0	-	false	2026/09/19 20:46:03
11037	2	P1	7	FULL COMBO	1837	0	true	2026/09/19 20:46:03
11037	2	DP	6	EX HARD CLEAR	1636	11	true	2026/09/19 20:46:03
11037	3	P1	6	EX HARD CLEAR	2169	3	true	2026/09/19 20:46:03
11037	3	DP	6	EX HARD CLEAR	2050	9	true	2026/09/19 20:46:03
11037	4	P1	0	NO PLAY	0	-	false	2026/09/19 20:46:03
11037	4	DP	0	NO PLAY	0	-	false	2026/09/19 20:46:03
11038	0	P1	0	NO PLAY	0	-	false	2026/09/19 20:46:03
11038	0	DP	0	NO PLAY	0	-	false	2026/09/19 20:46:03
11038	1	P1	0	NO PLAY	0	-	false	2026/09/19 20:46:03
11038	1	DP	0	NO PLAY	0	-	false	2026/09/19 20:46:03
11038	2	P1	0	NO PLAY	0	-	false	2026/09/19 20:46:03
11038	2	DP	0	NO PLAY	0	-	false	2026/09/19 20:46:03
11038	3	P1	0	NO PLAY	0	-	false	2026/09/19 20:46:03
11038	3	DP	0	NO PLAY	0	-	false	2026/09/19 20:46:03
11038	4	P1	0	NO PLAY	0	-	false	2026/09/19 20:46:03
11038	4	DP	0	NO PLAY	0	-	false	2026/09/19 20:46:03
11040	0	P1	0	NO PLAY	0	-	false	2026/09/19 20:46:03
11040	0	DP	0	NO PLAY	0	-	false	2026/09/19 20:46:03
11040	1	P1	0	NO PLAY	0	-	false	2026/09/19 20:46:03
11040	1	DP	7	FULL COMBO	1167	0	true	2026/09/19 20:46:03
11040	2	P1	5	HARD CLEAR	2061	22	true	2026/09/19 20:46:03
11040	2	DP	6	EX HARD CLEAR	1560	10	true	2026/09/19 20:46:03
11040	3	P1	6	EX HARD CLEAR	3006	13	true	2026/09/19 20:46:03
11040	3	DP	5	HARD CLEAR	2646	32	true	2026/09/19 20:46:03
11040	4	P1	0	NO PLAY	0	-	false	2026/09/19 20:46:03
11040	4	DP	0	NO PLAY	0	-	false	2026/09/19 20:46:03
11043	0	P1	0	NO PLAY	0	-	false	2026/09/19 20:46:03
11043	0	DP	0	NO PLAY	0	-	false	2026/09/19 20:46:03
11043	1	P1	0	NO PLAY	0	-	false	2026/09/19 20:46:03
11043	1	DP	0	NO PLAY	0	-	false	2026/09/19 20:46:03
11043	2	P1	0	NO PLAY	0	-	false	2026/09/19 20:46:03
11043	2	DP	0	NO PLAY	0	-	false	2026/09/19 20:46:03
11043	3	P1	0	NO PLAY	0	-	false	2026/09/19 20:46:03
11043	3	DP	0	NO PLAY	0	-	false	2026/09/19 20:46:03
11043	4	P1	0	NO PLAY	0	-	false	2026/09/19 20:46:03
11043	4	DP	0	NO PLAY	0	-	false	2026/09/19 20:46:03
11050	0	P1	0	NO PLAY	0	-	false	2026/09/19 20:46:03
11050	0	DP	0	NO PLAY	0	-	false	2026/09/19 20:46:03
11050	1	P1	0	NO PLAY	0	-	false	2026/09/19 20:46:03
11050	1	DP	0	NO PLAY	0	-	false	2026/09/19 20:46:03
11050	2	P1	0	NO PLAY	0	-	false	2026/09/19 20:46:03
11050	2	DP	0	NO PLAY	0	-	false	2026/09/19 20:46:03
11050	3	P1	0	NO PLAY	0	-	false	2026/09/19 20:46:03
11050	3	DP	1	FAILED	442	-	false	2026/09/19 20:46:03
11050	4	P1	0	NO PLAY	0	-	false	2026/09/19 20:46:03
11050	4	DP	0	NO PLAY	0	-	false	2026/09/19 20:46:03
11051	0	P1	0	NO PLAY	0	-	false	2026/09/19 20:46:03
11051	0	DP	0	NO PLAY	0	-	false	2026/09/19 20:46:03
11051	1	P1	0	NO PLAY	0	-	false	2026/09/19 20:46:03
11051	1	DP	0	NO PLAY	0	-	false	2026/09/19 20:46:03
11051	2	P1	0	NO PLAY	0	-	false	2026/09/19 20:46:03
11051	2	DP	0	NO PLAY	0	-	false	2026/09/19 20:46:03
11051	3	P1	0	NO PLAY	0	-	false	2026/09/19 20:46:03
11051	3	DP	0	NO PLAY	0	-	false	2026/09/19 20:46:03
11051	4	P1	0	NO PLAY	0	-	false	2026/09/19 20:46:03
11051	4	DP	0	NO PLAY	0	-	false	2026/09/19 20:46:03
11052	0	P1	0	NO PLAY	0	-	false	2026/09/19 20:46:03
11052	0	DP	0	NO PLAY	0	-	false	2026/09/19 20:46:03
11052	1	P1	0	NO PLAY	0	-	false	2026/09/19 20:46:03
11052	1	DP	0	NO PLAY	0	-	false	2026/09/19 20:46:03
11052	2	P1	0	NO PLAY	0	-	false	2026/09/19 20:46:03
11052	2	DP	5	HARD CLEAR	1592	51	true	2026/09/19 20:46:03
11052	3	P1	3	EASY CLEAR	1496	75	true	2026/09/19 20:46:03
11052	3	DP	5	HARD CLEAR	2010	54	true	2026/09/19 20:46:03
11052	4	P1	0	NO PLAY	0	-	false	2026/09/19 20:46:03
11052	4	DP	0	NO PLAY	0	-	false	2026/09/19 20:46:03
12000	0	P1	0	NO PLAY	0	-	false	2026/09/19 20:46:03
12000	0	DP	0	NO PLAY	0	-	false	2026/09/19 20:46:03
12000	1	P1	0	NO PLAY	0	-	false	2026/09/19 20:46:03
12000	1	DP	0	NO PLAY	0	-	false	2026/09/19 20:46:03
12000	2	P1	0	NO PLAY	0	-	false	2026/09/19 20:46:03
12000	2	DP	6	EX HARD CLEAR	1743	7	true	2026/09/19 20:46:03
12000	3	P1	0	NO PLAY	0	-	false	2026/09/19 20:46:03
12000	3	DP	0	NO PLAY	0	-	false	2026/09/19 20:46:03
12000	4	P1	0	NO PLAY	0	-	false	2026/09/19 20:46:03
12000	4	DP	0	NO PLAY	0	-	false	2026/09/19 20:46:03
12001	0	P1	0	NO PLAY	0	-	false	2026/09/19 20:46:03
12001	0	DP	0	NO PLAY	0	-	false	2026/09/19 20:46:03
12001	1	P1	0	NO PLAY	0	-	false	2026/09/19 20:46:03
12001	1	DP	0	NO PLAY	0	-	false	2026/09/19 20:46:03
12001	2	P1	0	NO PLAY	0	-	false	2026/09/19 20:46:03
12001	2	DP	0	NO PLAY	0	-	false	2026/09/19 20:46:03
12001	3	P1	0	NO PLAY	0	-	false	2026/09/19 20:46:03
12001	3	DP	0	NO PLAY	0	-	false	2026/09/19 20:46:03
12001	4	P1	0	NO PLAY	0	-	false	2026/09/19 20:46:03
12001	4	DP	0	NO PLAY	0	-	false	2026/09/19 20:46:03
12002	0	P1	0	NO PLAY	0	-	false	2026/09/19 20:46:03
12002	0	DP	0	NO PLAY	0	-	false	2026/09/19 20:46:03
12002	1	P1	0	NO PLAY	0	-	false	2026/09/19 20:46:03
12002	1	DP	0	NO PLAY	0	-	false	2026/09/19 20:46:03
12002	2	P1	4	CLEAR	1581	30	true	2026/09/19 20:46:03
12002	2	DP	0	NO PLAY	0	-	false	2026/09/19 20:46:03
12002	3	P1	3	EASY CLEAR	2242	59	true	2026/09/19 20:46:03
12002	3	DP	5	HARD CLEAR	2481	44	true	2026/09/19 20:46:03
12002	4	P1	5	HARD CLEAR	3275	14	true	2026/09/19 20:46:03
12002	4	DP	5	HARD CLEAR	3334	46	true	2026/09/19 20:46:03
12003	0	P1	0	NO PLAY	0	-	false	2026/09/19 20:46:03
12003	0	DP	0	NO PLAY	0	-	false	2026/09/19 20:46:03
12003	1	P1	0	NO PLAY	0	-	false	2026/09/19 20:46:03
12003	1	DP	0	NO PLAY	0	-	false	2026/09/19 20:46:03
12003	2	P1	0	NO PLAY	0	-	false	2026/09/19 20:46:03
12003	2	DP	0	NO PLAY	0	-	false	2026/09/19 20:46:03
12003	3	P1	0	NO PLAY	0	-	false	2026/09/19 20:46:03
12003	3	DP	0	NO PLAY	0	-	false	2026/09/19 20:46:03
12003	4	P1	0	NO PLAY	0	-	false	2026/09/19 20:46:03
12003	4	DP	0	NO PLAY	0	-	false	2026/09/19 20:46:03
12004	0	P1	0	NO PLAY	0	-	false	2026/09/19 20:46:03
12004	0	DP	0	NO PLAY	0	-	false	2026/09/19 20:46:03
12004	1	P1	0	NO PLAY	0	-	false	2026/09/19 20:46:03
12004	1	DP	0	NO PLAY	0	-	false	2026/09/19 20:46:03
12004	2	P1	5	HARD CLEAR	1502	37	true	2026/09/19 20:46:03
12004	2	DP	6	EX HARD CLEAR	1771	7	true	2026/09/19 20:46:03
12004	3	P1	5	HARD CLEAR	3214	24	true	2026/09/19 20:46:03
12004	3	DP	4	CLEAR	2543	152	true	2026/09/19 20:46:03
12004	4	P1	0	NO PLAY	0	-	false	2026/09/19 20:46:03
12004	4	DP	0	NO PLAY	0	-	false	2026/09/19 20:46:03
12005	0	P1	0	NO PLAY	0	-	false	2026/09/19 20:46:03
12005	0	DP	0	NO PLAY	0	-	false	2026/09/19 20:46:03
12005	1	P1	0	NO PLAY	0	-	false	2026/09/19 20:46:03
12005	1	DP	0	NO PLAY	0	-	false	2026/09/19 20:46:03
12005	2	P1	0	NO PLAY	0	-	false	2026/09/19 20:46:03
12005	2	DP	0	NO PLAY	0	-	false	2026/09/19 20:46:03
12005	3	P1	0	NO PLAY	0	-	false	2026/09/19 20:46:03
12005	3	DP	0	NO PLAY	0	-	false	2026/09/19 20:46:03
12005	4	P1	0	NO PLAY	0	-	false	2026/09/19 20:46:03
12005	4	DP	0	NO PLAY	0	-	false	2026/09/19 20:46:03
12006	0	P1	0	NO PLAY	0	-	false	2026/09/19 20:46:03
12006	0	DP	0	NO PLAY	0	-	false	2026/09/19 20:46:03
12006	1	P1	0	NO PLAY	0	-	false	2026/09/19 20:46:03
12006	1	DP	0	NO PLAY	0	-	false	2026/09/19 20:46:03
12006	2	P1	0	NO PLAY	0	-	false	2026/09/19 20:46:03
12006	2	DP	0	NO PLAY	0	-	false	2026/09/19 20:46:03
12006	3	P1	0	NO PLAY	0	-	false	2026/09/19 20:46:03
12006	3	DP	6	EX HARD CLEAR	2484	21	true	2026/09/19 20:46:03
12006	4	P1	0	NO PLAY	0	-	false	2026/09/19 20:46:03
12006	4	DP	0	NO PLAY	0	-	false	2026/09/19 20:46:03
12007	0	P1	0	NO PLAY	0	-	false	2026/09/19 20:46:03
12007	0	DP	0	NO PLAY	0	-	false	2026/09/19 20:46:03
12007	1	P1	0	NO PLAY	0	-	false	2026/09/19 20:46:03
12007	1	DP	0	NO PLAY	0	-	false	2026/09/19 20:46:03
12007	2	P1	0	NO PLAY	0	-	false	2026/09/19 20:46:03
12007	2	DP	0	NO PLAY	0	-	false	2026/09/19 20:46:03
12007	3	P1	5	HARD CLEAR	2467	20	true	2026/09/19 20:46:03
12007	3	DP	0	NO PLAY	0	-	false	2026/09/19 20:46:03
12007	4	P1	0	NO PLAY	0	-	false	2026/09/19 20:46:03
12007	4	DP	0	NO PLAY	0	-	false	2026/09/19 20:46:03
12008	0	P1	0	NO PLAY	0	-	false	2026/09/19 20:46:03
12008	0	DP	0	NO PLAY	0	-	false	2026/09/19 20:46:03
12008	1	P1	0	NO PLAY	0	-	false	2026/09/19 20:46:03
12008	1	DP	0	NO PLAY	0	-	false	2026/09/19 20:46:03
12008	2	P1	0	NO PLAY	0	-	false	2026/09/19 20:46:03
12008	2	DP	0	NO PLAY	0	-	false	2026/09/19 20:46:03
12008	3	P1	0	NO PLAY	0	-	false	2026/09/19 20:46:03
12008	3	DP	5	HARD CLEAR	2145	34	true	2026/09/19 20:46:03
12008	4	P1	6	EX HARD CLEAR	3327	6	true	2026/09/19 20:46:03
12008	4	DP	5	HARD CLEAR	2685	27	true	2026/09/19 20:46:03
12009	0	P1	0	NO PLAY	0	-	false	2026/09/19 20:46:03
12009	0	DP	0	NO PLAY	0	-	false	2026/09/19 20:46:03
12009	1	P1	0	NO PLAY	0	-	false	2026/09/19 20:46:03
12009	1	DP	0	NO PLAY	0	-	false	2026/09/19 20:46:03
12009	2	P1	0	NO PLAY	0	-	false	2026/09/19 20:46:03
12009	2	DP	0	NO PLAY	0	-	false	2026/09/19 20:46:03
12009	3	P1	0	NO PLAY	0	-	false	2026/09/19 20:46:03
12009	3	DP	6	EX HARD CLEAR	1774	9	true	2026/09/19 20:46:03
12009	4	P1	0	NO PLAY	0	-	false	2026/09/19 20:46:03
12009	4	DP	0	NO PLAY	0	-	false	2026/09/19 20:46:03
12010	0	P1	0	NO PLAY	0	-	false	2026/09/19 20:46:03
12010	0	DP	0	NO PLAY	0	-	false	2026/09/19 20:46:03
12010	1	P1	0	NO PLAY	0	-	false	2026/09/19 20:46:03
12010	1	DP	0	NO PLAY	0	-	false	2026/09/19 20:46:03
12010	2	P1	0	NO PLAY	0	-	false	2026/09/19 20:46:03
12010	2	DP	0	NO PLAY	0	-	false	2026/09/19 20:46:03
12010	3	P1	0	NO PLAY	0	-	false	2026/09/19 20:46:03
12010	3	DP	0	NO PLAY	0	-	false	2026/09/19 20:46:03
12010	4	P1	0	NO PLAY	0	-	false	2026/09/19 20:46:03
12010	4	DP	6	EX HARD CLEAR	2814	12	true	2026/09/19 20:46:03
12011	0	P1	0	NO PLAY	0	-	false	2026/09/19 20:46:03
12011	0	DP	0	NO PLAY	0	-	false	2026/09/19 20:46:03
12011	1	P1	0	NO PLAY	0	-	false	2026/09/19 20:46:03
12011	1	DP	0	NO PLAY	0	-	false	2026/09/19 20:46:03
12011	2	P1	1	FAILED	1300	-	false	2026/09/19 20:46:03
12011	2	DP	0	NO PLAY	0	-	false	2026/09/19 20:46:03
12011	3	P1	4	CLEAR	1530	119	true	2026/09/19 20:46:03
12011	3	DP	5	HARD CLEAR	1913	49	true	2026/09/19 20:46:03
12011	4	P1	0	NO PLAY	0	-	false	2026/09/19 20:46:03
12011	4	DP	0	NO PLAY	0	-	false	2026/09/19 20:46:03
12012	0	P1	0	NO PLAY	0	-	false	2026/09/19 20:46:03
12012	0	DP	0	NO PLAY	0	-	false	2026/09/19 20:46:03
12012	1	P1	0	NO PLAY	0	-	false	2026/09/19 20:46:03
12012	1	DP	0	NO PLAY	0	-	false	2026/09/19 20:46:03
12012	2	P1	0	NO PLAY	0	-	false	2026/09/19 20:46:03
12012	2	DP	0	NO PLAY	0	-	false	2026/09/19 20:46:03
12012	3	P1	0	NO PLAY	0	-	false	2026/09/19 20:46:03
12012	3	DP	0	NO PLAY	0	-	false	2026/09/19 20:46:03
12012	4	P1	0	NO PLAY	0	-	false	2026/09/19 20:46:03
12012	4	DP	0	NO PLAY	0	-	false	2026/09/19 20:46:03
12013	0	P1	0	NO PLAY	0	-	false	2026/09/19 20:46:03
12013	0	DP	0	NO PLAY	0	-	false	2026/09/19 20:46:03
12013	1	P1	0	NO PLAY	0	-	false	2026/09/19 20:46:03
12013	1	DP	0	NO PLAY	0	-	false	2026/09/19 20:46:03
12013	2	P1	0	NO PLAY	0	-	false	2026/09/19 20:46:03
12013	2	DP	0	NO PLAY	0	-	false	2026/09/19 20:46:03
12013	3	P1	0	NO PLAY	0	-	false	2026/09/19 20:46:03
12013	3	DP	0	NO PLAY	0	-	false	2026/09/19 20:46:03
12013	4	P1	0	NO PLAY	0	-	false	2026/09/19 20:46:03
12013	4	DP	0	NO PLAY	0	-	false	2026/09/19 20:46:03
12014	0	P1	0	NO PLAY	0	-	false	2026/09/19 20:46:03
12014	0	DP	0	NO PLAY	0	-	false	2026/09/19 20:46:03
12014	1	P1	0	NO PLAY	0	-	false	2026/09/19 20:46:03
12014	1	DP	0	NO PLAY	0	-	false	2026/09/19 20:46:03
12014	2	P1	0	NO PLAY	0	-	false	2026/09/19 20:46:03
12014	2	DP	0	NO PLAY	0	-	false	2026/09/19 20:46:03
12014	3	P1	0	NO PLAY	0	-	false	2026/09/19 20:46:03
12014	3	DP	0	NO PLAY	0	-	false	2026/09/19 20:46:03
12014	4	P1	0	NO PLAY	0	-	false	2026/09/19 20:46:03
12014	4	DP	0	NO PLAY	0	-	false	2026/09/19 20:46:03
12015	0	P1	0	NO PLAY	0	-	false	2026/09/19 20:46:03
12015	0	DP	0	NO PLAY	0	-	false	2026/09/19 20:46:03
12015	1	P1	0	NO PLAY	0	-	false	2026/09/19 20:46:03
12015	1	DP	0	NO PLAY	0	-	false	2026/09/19 20:46:03
12015	2	P1	0	NO PLAY	0	-	false	2026/09/19 20:46:03
12015	2	DP	0	NO PLAY	0	-	false	2026/09/19 20:46:03
12015	3	P1	0	NO PLAY	0	-	false	2026/09/19 20:46:03
12015	3	DP	0	NO PLAY	0	-	false	2026/09/19 20:46:03
12015	4	P1	0	NO PLAY	0	-	false	2026/09/19 20:46:03
12015	4	DP	0	NO PLAY	0	-	false	2026/09/19 20:46:03
12016	0	P1	0	NO PLAY	0	-	false	2026/09/19 20:46:03
12016	0	DP	0	NO PLAY	0	-	false	2026/09/19 20:46:03
12016	1	P1	0	NO PLAY	0	-	false	2026/09/19 20:46:03
12016	1	DP	0	NO PLAY	0	-	false	2026/09/19 20:46:03
12016	2	P1	0	NO PLAY	0	-	false	2026/09/19 20:46:03
12016	2	DP	0	NO PLAY	0	-	false	2026/09/19 20:46:03
12016	3	P1	7	FULL COMBO	1826	1	true	2026/09/19 20:46:03
12016	3	DP	6	EX HARD CLEAR	1860	4	true	2026/09/19 20:46:03
12016	4	P1	6	EX HARD CLEAR	2737	13	true	2026/09/19 20:46:03
12016	4	DP	5	HARD CLEAR	2712	26	true	2026/09/19 20:46:03
12018	0	P1	0	NO PLAY	0	-	false	2026/09/19 20:46:03
12018	0	DP	0	NO PLAY	0	-	false	2026/09/19 20:46:03
12018	1	P1	0	NO PLAY	0	-	false	2026/09/19 20:46:03
12018	1	DP	0	NO PLAY	0	-	false	2026/09/19 20:46:03
12018	2	P1	0	NO PLAY	0	-	false	2026/09/19 20:46:03
12018	2	DP	0	NO PLAY	0	-	false	2026/09/19 20:46:03
12018	3	P1	0	NO PLAY	0	-	false	2026/09/19 20:46:03
12018	3	DP	0	NO PLAY	0	-	false	2026/09/19 20:46:03
12018	4	P1	0	NO PLAY	0	-	false	2026/09/19 20:46:03
12018	4	DP	0	NO PLAY	0	-	false	2026/09/19 20:46:03
12019	0	P1	0	NO PLAY	0	-	false	2026/09/19 20:46:03
12019	0	DP	0	NO PLAY	0	-	false	2026/09/19 20:46:03
12019	1	P1	0	NO PLAY	0	-	false	2026/09/19 20:46:03
12019	1	DP	0	NO PLAY	0	-	false	2026/09/19 20:46:03
12019	2	P1	0	NO PLAY	0	-	false	2026/09/19 20:46:03
12019	2	DP	0	NO PLAY	0	-	false	2026/09/19 20:46:03
12019	3	P1	0	NO PLAY	0	-	false	2026/09/19 20:46:03
12019	3	DP	0	NO PLAY	0	-	false	2026/09/19 20:46:03
12019	4	P1	0	NO PLAY	0	-	false	2026/09/19 20:46:03
12019	4	DP	0	NO PLAY	0	-	false	2026/09/19 20:46:03
12020	0	P1	0	NO PLAY	0	-	false	2026/09/19 20:46:03
12020	0	DP	0	NO PLAY	0	-	false	2026/09/19 20:46:03
12020	1	P1	0	NO PLAY	0	-	false	2026/09/19 20:46:03
12020	1	DP	0	NO PLAY	0	-	false	2026/09/19 20:46:03
12020	2	P1	0	NO PLAY	0	-	false	2026/09/19 20:46:03
12020	2	DP	0	NO PLAY	0	-	false	2026/09/19 20:46:03
12020	3	P1	0	NO PLAY	0	-	false	2026/09/19 20:46:03
12020	3	DP	5	HARD CLEAR	2246	28	true	2026/09/19 20:46:03
12020	4	P1	0	NO PLAY	0	-	false	2026/09/19 20:46:03
12020	4	DP	0	NO PLAY	0	-	false	2026/09/19 20:46:03
12021	0	P1	0	NO PLAY	0	-	false	2026/09/19 20:46:03
12021	0	DP	0	NO PLAY	0	-	false	2026/09/19 20:46:03
12021	1	P1	0	NO PLAY	0	-	false	2026/09/19 20:46:03
12021	1	DP	0	NO PLAY	0	-	false	2026/09/19 20:46:03
12021	2	P1	0	NO PLAY	0	-	false	2026/09/19 20:46:03
12021	2	DP	0	NO PLAY	0	-	false	2026/09/19 20:46:03
12021	3	P1	0	NO PLAY	0	-	false	2026/09/19 20:46:03
12021	3	DP	1	FAILED	960	-	false	2026/09/19 20:46:03
12021	4	P1	0	NO PLAY	0	-	false	2026/09/19 20:46:03
12021	4	DP	0	NO PLAY	0	-	false	2026/09/19 20:46:03
12022	0	P1	0	NO PLAY	0	-	false	2026/09/19 20:46:03
12022	0	DP	0	NO PLAY	0	-	false	2026/09/19 20:46:03
12022	1	P1	0	NO PLAY	0	-	false	2026/09/19 20:46:03
12022	1	DP	0	NO PLAY	0	-	false	2026/09/19 20:46:03
12022	2	P1	0	NO PLAY	0	-	false	2026/09/19 20:46:03
12022	2	DP	0	NO PLAY	0	-	false	2026/09/19 20:46:03
12022	3	P1	0	NO PLAY	0	-	false	2026/09/19 20:46:03
12022	3	DP	0	NO PLAY	0	-	false	2026/09/19 20:46:03
12022	4	P1	0	NO PLAY	0	-	false	2026/09/19 20:46:03
12022	4	DP	0	NO PLAY	0	-	false	2026/09/19 20:46:03
12023	0	P1	0	NO PLAY	0	-	false	2026/09/19 20:46:03
12023	0	DP	0	NO PLAY	0	-	false	2026/09/19 20:46:03
12023	1	P1	0	NO PLAY	0	-	false	2026/09/19 20:46:03
12023	1	DP	0	NO PLAY	0	-	false	2026/09/19 20:46:03
12023	2	P1	0	NO PLAY	0	-	false	2026/09/19 20:46:03
12023	2	DP	0	NO PLAY	0	-	false	2026/09/19 20:46:03
12023	3	P1	0	NO PLAY	0	-	false	2026/09/19 20:46:03
12023	3	DP	0	NO PLAY	0	-	false	2026/09/19 20:46:03
12023	4	P1	0	NO PLAY	0	-	false	2026/09/19 20:46:03
12023	4	DP	0	NO PLAY	0	-	false	2026/09/19 20:46:03
12024	0	P1	0	NO PLAY	0	-	false	2026/09/19 20:46:03
12024	0	DP	0	NO PLAY	0	-	false	2026/09/19 20:46:03
12024	1	P1	0	NO PLAY	0	-	false	2026/09/19 20:46:03
12024	1	DP	0	NO PLAY	0	-	false	2026/09/19 20:46:03
12024	2	P1	0	NO PLAY	0	-	false	2026/09/19 20:46:03
12024	2	DP	0	NO PLAY	0	-	false	2026/09/19 20:46:03
12024	3	P1	0	NO PLAY	0	-	false	2026/09/19 20:46:03
12024	3	DP	0	NO PLAY	0	-	false	2026/09/19 20:46:03
12024	4	P1	0	NO PLAY	0	-	false	2026/09/19 20:46:03
12024	4	DP	0	NO PLAY	0	-	false	2026/09/19 20:46:03
12025	0	P1	0	NO PLAY	0	-	false	2026/09/19 20:46:03
12025	0	DP	0	NO PLAY	0	-	false	2026/09/19 20:46:03
12025	1	P1	0	NO PLAY	0	-	false	2026/09/19 20:46:03
12025	1	DP	0	NO PLAY	0	-	false	2026/09/19 20:46:03
12025	2	P1	0	NO PLAY	0	-	false	2026/09/19 20:46:03
12025	2	DP	0	NO PLAY	0	-	false	2026/09/19 20:46:03
12025	3	P1	6	EX HARD CLEAR	1382	6	true	2026/09/19 20:46:03
12025	3	DP	6	EX HARD CLEAR	2279	14	true	2026/09/19 20:46:03
12025	4	P1	0	NO PLAY	0	-	false	2026/09/19 20:46:03
12025	4	DP	0	NO PLAY	0	-	false	2026/09/19 20:46:03
12026	0	P1	0	NO PLAY	0	-	false	2026/09/19 20:46:03
12026	0	DP	0	NO PLAY	0	-	false	2026/09/19 20:46:03
12026	1	P1	0	NO PLAY	0	-	false	2026/09/19 20:46:03
12026	1	DP	0	NO PLAY	0	-	false	2026/09/19 20:46:03
12026	2	P1	0	NO PLAY	0	-	false	2026/09/19 20:46:03
12026	2	DP	0	NO PLAY	0	-	false	2026/09/19 20:46:03
12026	3	P1	0	NO PLAY	0	-	false	2026/09/19 20:46:03
12026	3	DP	0	NO PLAY	0	-	false	2026/09/19 20:46:03
12026	4	P1	0	NO PLAY	0	-	false	2026/09/19 20:46:03
12026	4	DP	0	NO PLAY	0	-	false	2026/09/19 20:46:03
12027	0	P1	0	NO PLAY	0	-	false	2026/09/19 20:46:03
12027	0	DP	0	NO PLAY	0	-	false	2026/09/19 20:46:03
12027	1	P1	0	NO PLAY	0	-	false	2026/09/19 20:46:03
12027	1	DP	0	NO PLAY	0	-	false	2026/09/19 20:46:03
12027	2	P1	0	NO PLAY	0	-	false	2026/09/19 20:46:03
12027	2	DP	0	NO PLAY	0	-	false	2026/09/19 20:46:03
12027	3	P1	0	NO PLAY	0	-	false	2026/09/19 20:46:03
12027	3	DP	0	NO PLAY	0	-	false	2026/09/19 20:46:03
12027	4	P1	0	NO PLAY	0	-	false	2026/09/19 20:46:03
12027	4	DP	0	NO PLAY	0	-	false	2026/09/19 20:46:03
12028	0	P1	0	NO PLAY	0	-	false	2026/09/19 20:46:03
12028	0	DP	0	NO PLAY	0	-	false	2026/09/19 20:46:03
12028	1	P1	0	NO PLAY	0	-	false	2026/09/19 20:46:03
12028	1	DP	6	EX HARD CLEAR	929	2	true	2026/09/19 20:46:03
12028	2	P1	0	NO PLAY	0	-	false	2026/09/19 20:46:03
12028	2	DP	6	EX HARD CLEAR	1493	10	true	2026/09/19 20:46:03
12028	3	P1	1	FAILED	1668	122	true	2026/09/19 20:46:03
12028	3	DP	5	HARD CLEAR	1970	49	true	2026/09/19 20:46:03
12028	4	P1	0	NO PLAY	0	-	false	2026/09/19 20:46:03
12028	4	DP	0	NO PLAY	0	-	false	2026/09/19 20:46:03
12029	0	P1	0	NO PLAY	0	-	false	2026/09/19 20:46:03
12029	0	DP	0	NO PLAY	0	-	false	2026/09/19 20:46:03
12029	1	P1	0	NO PLAY	0	-	false	2026/09/19 20:46:03
12029	1	DP	0	NO PLAY	0	-	false	2026/09/19 20:46:03
12029	2	P1	0	NO PLAY	0	-	false	2026/09/19 20:46:03
12029	2	DP	0	NO PLAY	0	-	false	2026/09/19 20:46:03
12029	3	P1	0	NO PLAY	0	-	false	2026/09/19 20:46:03
12029	3	DP	0	NO PLAY	0	-	false	2026/09/19 20:46:03
12029	4	P1	0	NO PLAY	0	-	false	2026/09/19 20:46:03
12029	4	DP	0	NO PLAY	0	-	false	2026/09/19 20:46:03
12034	0	P1	0	NO PLAY	0	-	false	2026/09/19 20:46:03
12034	0	DP	0	NO PLAY	0	-	false	2026/09/19 20:46:03
12034	1	P1	0	NO PLAY	0	-	false	2026/09/19 20:46:03
12034	1	DP	0	NO PLAY	0	-	false	2026/09/19 20:46:03
12034	2	P1	0	NO PLAY	0	-	false	2026/09/19 20:46:03
12034	2	DP	0	NO PLAY	0	-	false	2026/09/19 20:46:03
12034	3	P1	0	NO PLAY	0	-	false	2026/09/19 20:46:03
12034	3	DP	0	NO PLAY	0	-	false	2026/09/19 20:46:03
12034	4	P1	0	NO PLAY	0	-	false	2026/09/19 20:46:03
12034	4	DP	0	NO PLAY	0	-	false	2026/09/19 20:46:03
12036	0	P1	0	NO PLAY	0	-	false	2026/09/19 20:46:03
12036	0	DP	0	NO PLAY	0	-	false	2026/09/19 20:46:03
12036	1	P1	0	NO PLAY	0	-	false	2026/09/19 20:46:03
12036	1	DP	0	NO PLAY	0	-	false	2026/09/19 20:46:03
12036	2	P1	0	NO PLAY	0	-	false	2026/09/19 20:46:03
12036	2	DP	0	NO PLAY	0	-	false	2026/09/19 20:46:03
12036	3	P1	0	NO PLAY	0	-	false	2026/09/19 20:46:03
12036	3	DP	1	FAILED	1588	-	false	2026/09/19 20:46:03
12036	4	P1	0	NO PLAY	0	-	false	2026/09/19 20:46:03
12036	4	DP	0	NO PLAY	0	-	false	2026/09/19 20:46:03
12044	0	P1	0	NO PLAY	0	-	false	2026/09/19 20:46:03
12044	0	DP	0	NO PLAY	0	-	false	2026/09/19 20:46:03
12044	1	P1	0	NO PLAY	0	-	false	2026/09/19 20:46:03
12044	1	DP	0	NO PLAY	0	-	false	2026/09/19 20:46:03
12044	2	P1	0	NO PLAY	0	-	false	2026/09/19 20:46:03
12044	2	DP	0	NO PLAY	0	-	false	2026/09/19 20:46:03
12044	3	P1	0	NO PLAY	0	-	false	2026/09/19 20:46:03
12044	3	DP	6	EX HARD CLEAR	1725	11	true	2026/09/19 20:46:03
12044	4	P1	0	NO PLAY	0	-	false	2026/09/19 20:46:03
12044	4	DP	0	NO PLAY	0	-	false	2026/09/19 20:46:03
12045	0	P1	0	NO PLAY	0	-	false	2026/09/19 20:46:03
12045	0	DP	0	NO PLAY	0	-	false	2026/09/19 20:46:03
12045	1	P1	0	NO PLAY	0	-	false	2026/09/19 20:46:03
12045	1	DP	0	NO PLAY	0	-	false	2026/09/19 20:46:03
12045	2	P1	0	NO PLAY	0	-	false	2026/09/19 20:46:03
12045	2	DP	0	NO PLAY	0	-	false	2026/09/19 20:46:03
12045	3	P1	6	EX HARD CLEAR	1685	16	true	2026/09/19 20:46:03
12045	3	DP	5	HARD CLEAR	1473	41	true	2026/09/19 20:46:03
12045	4	P1	0	NO PLAY	0	-	false	2026/09/19 20:46:03
12045	4	DP	0	NO PLAY	0	-	false	2026/09/19 20:46:03
12048	0	P1	0	NO PLAY	0	-	false	2026/09/19 20:46:03
12048	0	DP	0	NO PLAY	0	-	false	2026/09/19 20:46:03
12048	1	P1	0	NO PLAY	0	-	false	2026/09/19 20:46:03
12048	1	DP	0	NO PLAY	0	-	false	2026/09/19 20:46:03
12048	2	P1	0	NO PLAY	0	-	false	2026/09/19 20:46:03
12048	2	DP	0	NO PLAY	0	-	false	2026/09/19 20:46:03
12048	3	P1	0	NO PLAY	0	-	false	2026/09/19 20:46:03
12048	3	DP	0	NO PLAY	0	-	false	2026/09/19 20:46:03
12048	4	P1	0	NO PLAY	0	-	false	2026/09/19 20:46:03
12048	4	DP	0	NO PLAY	0	-	false	2026/09/19 20:46:03
12049	0	P1	0	NO PLAY	0	-	false	2026/09/19 20:46:03
12049	0	DP	0	NO PLAY	0	-	false	2026/09/19 20:46:03
12049	1	P1	0	NO PLAY	0	-	false	2026/09/19 20:46:03
12049	1	DP	0	NO PLAY	0	-	false	2026/09/19 20:46:03
12049	2	P1	0	NO PLAY	0	-	false	2026/09/19 20:46:03
12049	2	DP	0	NO PLAY	0	-	false	2026/09/19 20:46:03
12049	3	P1	0	NO PLAY	0	-	false	2026/09/19 20:46:03
12049	3	DP	6	EX HARD CLEAR	1938	15	true	2026/09/19 20:46:03
12049	4	P1	0	NO PLAY	0	-	false	2026/09/19 20:46:03
12049	4	DP	0	NO PLAY	0	-	false	2026/09/19 20:46:03
12050	0	P1	0	NO PLAY	0	-	false	2026/09/19 20:46:03
12050	0	DP	0	NO PLAY	0	-	false	2026/09/19 20:46:03
12050	1	P1	0	NO PLAY	0	-	false	2026/09/19 20:46:03
12050	1	DP	0	NO PLAY	0	-	false	2026/09/19 20:46:03
12050	2	P1	0	NO PLAY	0	-	false	2026/09/19 20:46:03
12050	2	DP	0	NO PLAY	0	-	false	2026/09/19 20:46:03
12050	3	P1	0	NO PLAY	0	-	false	2026/09/19 20:46:03
12050	3	DP	0	NO PLAY	0	-	false	2026/09/19 20:46:03
12050	4	P1	0	NO PLAY	0	-	false	2026/09/19 20:46:03
12050	4	DP	0	NO PLAY	0	-	false	2026/09/19 20:46:03
12052	0	P1	0	NO PLAY	0	-	false	2026/09/19 20:46:03
12052	0	DP	0	NO PLAY	0	-	false	2026/09/19 20:46:03
12052	1	P1	0	NO PLAY	0	-	false	2026/09/19 20:46:03
12052	1	DP	0	NO PLAY	0	-	false	2026/09/19 20:46:03
12052	2	P1	0	NO PLAY	0	-	false	2026/09/19 20:46:03
12052	2	DP	0	NO PLAY	0	-	false	2026/09/19 20:46:03
12052	3	P1	0	NO PLAY	0	-	false	2026/09/19 20:46:03
12052	3	DP	0	NO PLAY	0	-	false	2026/09/19 20:46:03
12052	4	P1	0	NO PLAY	0	-	false	2026/09/19 20:46:03
12052	4	DP	6	EX HARD CLEAR	2077	17	true	2026/09/19 20:46:03
12053	0	P1	0	NO PLAY	0	-	false	2026/09/19 20:46:03
12053	0	DP	0	NO PLAY	0	-	false	2026/09/19 20:46:03
12053	1	P1	0	NO PLAY	0	-	false	2026/09/19 20:46:03
12053	1	DP	0	NO PLAY	0	-	false	2026/09/19 20:46:03
12053	2	P1	0	NO PLAY	0	-	false	2026/09/19 20:46:03
12053	2	DP	0	NO PLAY	0	-	false	2026/09/19 20:46:03
12053	3	P1	0	NO PLAY	0	-	false	2026/09/19 20:46:03
12053	3	DP	0	NO PLAY	0	-	false	2026/09/19 20:46:03
12053	4	P1	6	EX HARD CLEAR	2394	11	true	2026/09/19 20:46:03
12053	4	DP	6	EX HARD CLEAR	2499	8	true	2026/09/19 20:46:03
12054	0	P1	0	NO PLAY	0	-	false	2026/09/19 20:46:03
12054	0	DP	0	NO PLAY	0	-	false	2026/09/19 20:46:03
12054	1	P1	0	NO PLAY	0	-	false	2026/09/19 20:46:03
12054	1	DP	0	NO PLAY	0	-	false	2026/09/19 20:46:03
12054	2	P1	0	NO PLAY	0	-	false	2026/09/19 20:46:03
12054	2	DP	0	NO PLAY	0	-	false	2026/09/19 20:46:03
12054	3	P1	6	EX HARD CLEAR	2615	9	true	2026/09/19 20:46:03
12054	3	DP	6	EX HARD CLEAR	2245	8	true	2026/09/19 20:46:03
12054	4	P1	6	EX HARD CLEAR	2708	12	true	2026/09/19 20:46:03
12054	4	DP	5	HARD CLEAR	2596	49	true	2026/09/19 20:46:03
13000	0	P1	0	NO PLAY	0	-	false	2026/09/19 20:46:03
13000	0	DP	0	NO PLAY	0	-	false	2026/09/19 20:46:03
13000	1	P1	0	NO PLAY	0	-	false	2026/09/19 20:46:03
13000	1	DP	0	NO PLAY	0	-	false	2026/09/19 20:46:03
13000	2	P1	0	NO PLAY	0	-	false	2026/09/19 20:46:03
13000	2	DP	0	NO PLAY	0	-	false	2026/09/19 20:46:03
13000	3	P1	0	NO PLAY	0	-	false	2026/09/19 20:46:03
13000	3	DP	6	EX HARD CLEAR	2528	18	true	2026/09/19 20:46:03
13000	4	P1	6	EX HARD CLEAR	3519	20	true	2026/09/19 20:46:03
13000	4	DP	6	EX HARD CLEAR	3689	31	true	2026/09/19 20:46:03
13001	0	P1	0	NO PLAY	0	-	false	2026/09/19 20:46:03
13001	0	DP	0	NO PLAY	0	-	false	2026/09/19 20:46:03
13001	1	P1	0	NO PLAY	0	-	false	2026/09/19 20:46:03
13001	1	DP	5	HARD CLEAR	685	7	true	2026/09/19 20:46:03
13001	2	P1	0	NO PLAY	0	-	false	2026/09/19 20:46:03
13001	2	DP	0	NO PLAY	0	-	false	2026/09/19 20:46:03
13001	3	P1	1	FAILED	631	-	false	2026/09/19 20:46:03
13001	3	DP	0	NO PLAY	0	-	false	2026/09/19 20:46:03
13001	4	P1	0	NO PLAY	0	-	false	2026/09/19 20:46:03
13001	4	DP	0	NO PLAY	0	-	false	2026/09/19 20:46:03
13002	0	P1	0	NO PLAY	0	-	false	2026/09/19 20:46:03
13002	0	DP	0	NO PLAY	0	-	false	2026/09/19 20:46:03
13002	1	P1	0	NO PLAY	0	-	false	2026/09/19 20:46:03
13002	1	DP	0	NO PLAY	0	-	false	2026/09/19 20:46:03
13002	2	P1	0	NO PLAY	0	-	false	2026/09/19 20:46:03
13002	2	DP	0	NO PLAY	0	-	false	2026/09/19 20:46:03
13002	3	P1	0	NO PLAY	0	-	false	2026/09/19 20:46:03
13002	3	DP	6	EX HARD CLEAR	1980	4	true	2026/09/19 20:46:03
13002	4	P1	0	NO PLAY	0	-	false	2026/09/19 20:46:03
13002	4	DP	0	NO PLAY	0	-	false	2026/09/19 20:46:03
13003	0	P1	0	NO PLAY	0	-	false	2026/09/19 20:46:03
13003	0	DP	0	NO PLAY	0	-	false	2026/09/19 20:46:03
13003	1	P1	0	NO PLAY	0	-	false	2026/09/19 20:46:03
13003	1	DP	0	NO PLAY	0	-	false	2026/09/19 20:46:03
13003	2	P1	0	NO PLAY	0	-	false	2026/09/19 20:46:03
13003	2	DP	0	NO PLAY	0	-	false	2026/09/19 20:46:03
13003	3	P1	0	NO PLAY	0	-	false	2026/09/19 20:46:03
13003	3	DP	0	NO PLAY	0	-	false	2026/09/19 20:46:03
13003	4	P1	0	NO PLAY	0	-	false	2026/09/19 20:46:03
13003	4	DP	0	NO PLAY	0	-	false	2026/09/19 20:46:03
13005	0	P1	0	NO PLAY	0	-	false	2026/09/19 20:46:03
13005	0	DP	0	NO PLAY	0	-	false	2026/09/19 20:46:03
13005	1	P1	0	NO PLAY	0	-	false	2026/09/19 20:46:03
13005	1	DP	0	NO PLAY	0	-	false	2026/09/19 20:46:03
13005	2	P1	0	NO PLAY	0	-	false	2026/09/19 20:46:03
13005	2	DP	6	EX HARD CLEAR	2023	15	true	2026/09/19 20:46:03
13005	3	P1	6	EX HARD CLEAR	3291	17	true	2026/09/19 20:46:03
13005	3	DP	5	HARD CLEAR	2967	39	true	2026/09/19 20:46:03
13005	4	P1	0	NO PLAY	0	-	false	2026/09/19 20:46:03
13005	4	DP	0	NO PLAY	0	-	false	2026/09/19 20:46:03
13006	0	P1	0	NO PLAY	0	-	false	2026/09/19 20:46:03
13006	0	DP	0	NO PLAY	0	-	false	2026/09/19 20:46:03
13006	1	P1	0	NO PLAY	0	-	false	2026/09/19 20:46:03
13006	1	DP	0	NO PLAY	0	-	false	2026/09/19 20:46:03
13006	2	P1	0	NO PLAY	0	-	false	2026/09/19 20:46:03
13006	2	DP	0	NO PLAY	0	-	false	2026/09/19 20:46:03
13006	3	P1	0	NO PLAY	0	-	false	2026/09/19 20:46:03
13006	3	DP	0	NO PLAY	0	-	false	2026/09/19 20:46:03
13006	4	P1	0	NO PLAY	0	-	false	2026/09/19 20:46:03
13006	4	DP	0	NO PLAY	0	-	false	2026/09/19 20:46:03
13008	0	P1	0	NO PLAY	0	-	false	2026/09/19 20:46:03
13008	0	DP	0	NO PLAY	0	-	false	2026/09/19 20:46:03
13008	1	P1	0	NO PLAY	0	-	false	2026/09/19 20:46:03
13008	1	DP	0	NO PLAY	0	-	false	2026/09/19 20:46:03
13008	2	P1	0	NO PLAY	0	-	false	2026/09/19 20:46:03
13008	2	DP	0	NO PLAY	0	-	false	2026/09/19 20:46:03
13008	3	P1	0	NO PLAY	0	-	false	2026/09/19 20:46:03
13008	3	DP	0	NO PLAY	0	-	false	2026/09/19 20:46:03
13008	4	P1	0	NO PLAY	0	-	false	2026/09/19 20:46:03
13008	4	DP	0	NO PLAY	0	-	false	2026/09/19 20:46:03
13009	0	P1	0	NO PLAY	0	-	false	2026/09/19 20:46:03
13009	0	DP	0	NO PLAY	0	-	false	2026/09/19 20:46:03
13009	1	P1	0	NO PLAY	0	-	false	2026/09/19 20:46:03
13009	1	DP	0	NO PLAY	0	-	false	2026/09/19 20:46:03
13009	2	P1	0	NO PLAY	0	-	false	2026/09/19 20:46:03
13009	2	DP	0	NO PLAY	0	-	false	2026/09/19 20:46:03
13009	3	P1	0	NO PLAY	0	-	false	2026/09/19 20:46:03
13009	3	DP	6	EX HARD CLEAR	2208	15	true	2026/09/19 20:46:03
13009	4	P1	0	NO PLAY	0	-	false	2026/09/19 20:46:03
13009	4	DP	0	NO PLAY	0	-	false	2026/09/19 20:46:03
13010	0	P1	0	NO PLAY	0	-	false	2026/09/19 20:46:03
13010	0	DP	0	NO PLAY	0	-	false	2026/09/19 20:46:03
13010	1	P1	0	NO PLAY	0	-	false	2026/09/19 20:46:03
13010	1	DP	0	NO PLAY	0	-	false	2026/09/19 20:46:03
13010	2	P1	0	NO PLAY	0	-	false	2026/09/19 20:46:03
13010	2	DP	0	NO PLAY	0	-	false	2026/09/19 20:46:03
13010	3	P1	0	NO PLAY	0	-	false	2026/09/19 20:46:03
13010	3	DP	5	HARD CLEAR	1595	31	true	2026/09/19 20:46:03
13010	4	P1	6	EX HARD CLEAR	2220	15	true	2026/09/19 20:46:03
13010	4	DP	5	HARD CLEAR	2267	52	true	2026/09/19 20:46:03
13011	0	P1	0	NO PLAY	0	-	false	2026/09/19 20:46:03
13011	0	DP	0	NO PLAY	0	-	false	2026/09/19 20:46:03
13011	1	P1	0	NO PLAY	0	-	false	2026/09/19 20:46:03
13011	1	DP	0	NO PLAY	0	-	false	2026/09/19 20:46:03
13011	2	P1	0	NO PLAY	0	-	false	2026/09/19 20:46:03
13011	2	DP	0	NO PLAY	0	-	false	2026/09/19 20:46:03
13011	3	P1	0	NO PLAY	0	-	false	2026/09/19 20:46:03
13011	3	DP	0	NO PLAY	0	-	false	2026/09/19 20:46:03
13011	4	P1	0	NO PLAY	0	-	false	2026/09/19 20:46:03
13011	4	DP	0	NO PLAY	0	-	false	2026/09/19 20:46:03
13012	0	P1	0	NO PLAY	0	-	false	2026/09/19 20:46:03
13012	0	DP	0	NO PLAY	0	-	false	2026/09/19 20:46:03
13012	1	P1	0	NO PLAY	0	-	false	2026/09/19 20:46:03
13012	1	DP	0	NO PLAY	0	-	false	2026/09/19 20:46:03
13012	2	P1	0	NO PLAY	0	-	false	2026/09/19 20:46:03
13012	2	DP	0	NO PLAY	0	-	false	2026/09/19 20:46:03
13012	3	P1	0	NO PLAY	0	-	false	2026/09/19 20:46:03
13012	3	DP	0	NO PLAY	0	-	false	2026/09/19 20:46:03
13012	4	P1	0	NO PLAY	0	-	false	2026/09/19 20:46:03
13012	4	DP	0	NO PLAY	0	-	false	2026/09/19 20:46:03
13013	0	P1	0	NO PLAY	0	-	false	2026/09/19 20:46:03
13013	0	DP	0	NO PLAY	0	-	false	2026/09/19 20:46:03
13013	1	P1	0	NO PLAY	0	-	false	2026/09/19 20:46:03
13013	1	DP	0	NO PLAY	0	-	false	2026/09/19 20:46:03
13013	2	P1	0	NO PLAY	0	-	false	2026/09/19 20:46:03
13013	2	DP	0	NO PLAY	0	-	false	2026/09/19 20:46:03
13013	3	P1	0	NO PLAY	0	-	false	2026/09/19 20:46:03
13013	3	DP	0	NO PLAY	0	-	false	2026/09/19 20:46:03
13013	4	P1	0	NO PLAY	0	-	false	2026/09/19 20:46:03
13013	4	DP	0	NO PLAY	0	-	false	2026/09/19 20:46:03
13014	0	P1	0	NO PLAY	0	-	false	2026/09/19 20:46:03
13014	0	DP	0	NO PLAY	0	-	false	2026/09/19 20:46:03
13014	1	P1	0	NO PLAY	0	-	false	2026/09/19 20:46:03
13014	1	DP	0	NO PLAY	0	-	false	2026/09/19 20:46:03
13014	2	P1	0	NO PLAY	0	-	false	2026/09/19 20:46:03
13014	2	DP	0	NO PLAY	0	-	false	2026/09/19 20:46:03
13014	3	P1	6	EX HARD CLEAR	1922	5	true	2026/09/19 20:46:03
13014	3	DP	6	EX HARD CLEAR	1783	10	true	2026/09/19 20:46:03
13014	4	P1	0	NO PLAY	0	-	false	2026/09/19 20:46:03
13014	4	DP	0	NO PLAY	0	-	false	2026/09/19 20:46:03
13015	0	P1	0	NO PLAY	0	-	false	2026/09/19 20:46:03
13015	0	DP	0	NO PLAY	0	-	false	2026/09/19 20:46:03
13015	1	P1	0	NO PLAY	0	-	false	2026/09/19 20:46:03
13015	1	DP	0	NO PLAY	0	-	false	2026/09/19 20:46:03
13015	2	P1	0	NO PLAY	0	-	false	2026/09/19 20:46:03
13015	2	DP	0	NO PLAY	0	-	false	2026/09/19 20:46:03
13015	3	P1	6	EX HARD CLEAR	2045	1	true	2026/09/19 20:46:03
13015	3	DP	6	EX HARD CLEAR	1863	8	true	2026/09/19 20:46:03
13015	4	P1	0	NO PLAY	0	-	false	2026/09/19 20:46:03
13015	4	DP	0	NO PLAY	0	-	false	2026/09/19 20:46:03
13017	0	P1	6	EX HARD CLEAR	224	1	true	2026/09/19 20:46:03
13017	0	DP	0	NO PLAY	0	-	false	2026/09/19 20:46:03
13017	1	P1	0	NO PLAY	0	-	false	2026/09/19 20:46:03
13017	1	DP	6	EX HARD CLEAR	799	1	true	2026/09/19 20:46:03
13017	2	P1	0	NO PLAY	0	-	false	2026/09/19 20:46:03
13017	2	DP	6	EX HARD CLEAR	1627	6	true	2026/09/19 20:46:03
13017	3	P1	6	EX HARD CLEAR	1903	4	true	2026/09/19 20:46:03
13017	3	DP	5	HARD CLEAR	1912	21	true	2026/09/19 20:46:03
13017	4	P1	0	NO PLAY	0	-	false	2026/09/19 20:46:03
13017	4	DP	0	NO PLAY	0	-	false	2026/09/19 20:46:03
13018	0	P1	0	NO PLAY	0	-	false	2026/09/19 20:46:03
13018	0	DP	0	NO PLAY	0	-	false	2026/09/19 20:46:03
13018	1	P1	0	NO PLAY	0	-	false	2026/09/19 20:46:03
13018	1	DP	0	NO PLAY	0	-	false	2026/09/19 20:46:03
13018	2	P1	0	NO PLAY	0	-	false	2026/09/19 20:46:03
13018	2	DP	0	NO PLAY	0	-	false	2026/09/19 20:46:03
13018	3	P1	0	NO PLAY	0	-	false	2026/09/19 20:46:03
13018	3	DP	0	NO PLAY	0	-	false	2026/09/19 20:46:03
13018	4	P1	0	NO PLAY	0	-	false	2026/09/19 20:46:03
13018	4	DP	0	NO PLAY	0	-	false	2026/09/19 20:46:03
13019	0	P1	0	NO PLAY	0	-	false	2026/09/19 20:46:03
13019	0	DP	0	NO PLAY	0	-	false	2026/09/19 20:46:03
13019	1	P1	0	NO PLAY	0	-	false	2026/09/19 20:46:03
13019	1	DP	1	FAILED	341	67	true	2026/09/19 20:46:03
13019	2	P1	0	NO PLAY	0	-	false	2026/09/19 20:46:03
13019	2	DP	0	NO PLAY	0	-	false	2026/09/19 20:46:03
13019	3	P1	0	NO PLAY	0	-	false	2026/09/19 20:46:03
13019	3	DP	6	EX HARD CLEAR	1761	9	true	2026/09/19 20:46:03
13019	4	P1	0	NO PLAY	0	-	false	2026/09/19 20:46:03
13019	4	DP	6	EX HARD CLEAR	2349	11	true	2026/09/19 20:46:03
13021	0	P1	0	NO PLAY	0	-	false	2026/09/19 20:46:03
13021	0	DP	0	NO PLAY	0	-	false	2026/09/19 20:46:03
13021	1	P1	0	NO PLAY	0	-	false	2026/09/19 20:46:03
13021	1	DP	0	NO PLAY	0	-	false	2026/09/19 20:46:03
13021	2	P1	0	NO PLAY	0	-	false	2026/09/19 20:46:03
13021	2	DP	0	NO PLAY	0	-	false	2026/09/19 20:46:03
13021	3	P1	0	NO PLAY	0	-	false	2026/09/19 20:46:03
13021	3	DP	6	EX HARD CLEAR	2203	6	true	2026/09/19 20:46:03
13021	4	P1	0	NO PLAY	0	-	false	2026/09/19 20:46:03
13021	4	DP	0	NO PLAY	0	-	false	2026/09/19 20:46:03
13022	0	P1	0	NO PLAY	0	-	false	2026/09/19 20:46:03
13022	0	DP	0	NO PLAY	0	-	false	2026/09/19 20:46:03
13022	1	P1	0	NO PLAY	0	-	false	2026/09/19 20:46:03
13022	1	DP	0	NO PLAY	0	-	false	2026/09/19 20:46:03
13022	2	P1	0	NO PLAY	0	-	false	2026/09/19 20:46:03
13022	2	DP	0	NO PLAY	0	-	false	2026/09/19 20:46:03
13022	3	P1	0	NO PLAY	0	-	false	2026/09/19 20:46:03
13022	3	DP	0	NO PLAY	0	-	false	2026/09/19 20:46:03
13022	4	P1	0	NO PLAY	0	-	false	2026/09/19 20:46:03
13022	4	DP	0	NO PLAY	0	-	false	2026/09/19 20:46:03
13023	0	P1	0	NO PLAY	0	-	false	2026/09/19 20:46:03
13023	0	DP	0	NO PLAY	0	-	false	2026/09/19 20:46:03
13023	1	P1	0	NO PLAY	0	-	false	2026/09/19 20:46:03
13023	1	DP	0	NO PLAY	0	-	false	2026/09/19 20:46:03
13023	2	P1	0	NO PLAY	0	-	false	2026/09/19 20:46:03
13023	2	DP	0	NO PLAY	0	-	false	2026/09/19 20:46:03
13023	3	P1	0	NO PLAY	0	-	false	2026/09/19 20:46:03
13023	3	DP	6	EX HARD CLEAR	1889	14	true	2026/09/19 20:46:03
13023	4	P1	0	NO PLAY	0	-	false	2026/09/19 20:46:03
13023	4	DP	0	NO PLAY	0	-	false	2026/09/19 20:46:03
13024	0	P1	0	NO PLAY	0	-	false	2026/09/19 20:46:03
13024	0	DP	0	NO PLAY	0	-	false	2026/09/19 20:46:03
13024	1	P1	0	NO PLAY	0	-	false	2026/09/19 20:46:03
13024	1	DP	0	NO PLAY	0	-	false	2026/09/19 20:46:03
13024	2	P1	0	NO PLAY	0	-	false	2026/09/19 20:46:03
13024	2	DP	0	NO PLAY	0	-	false	2026/09/19 20:46:03
13024	3	P1	0	NO PLAY	0	-	false	2026/09/19 20:46:03
13024	3	DP	0	NO PLAY	0	-	false	2026/09/19 20:46:03
13024	4	P1	0	NO PLAY	0	-	false	2026/09/19 20:46:03
13024	4	DP	0	NO PLAY	0	-	false	2026/09/19 20:46:03
13026	0	P1	0	NO PLAY	0	-	false	2026/09/19 20:46:03
13026	0	DP	0	NO PLAY	0	-	false	2026/09/19 20:46:03
13026	1	P1	0	NO PLAY	0	-	false	2026/09/19 20:46:03
13026	1	DP	0	NO PLAY	0	-	false	2026/09/19 20:46:03
13026	2	P1	0	NO PLAY	0	-	false	2026/09/19 20:46:03
13026	2	DP	0	NO PLAY	0	-	false	2026/09/19 20:46:03
13026	3	P1	0	NO PLAY	0	-	false	2026/09/19 20:46:03
13026	3	DP	6	EX HARD CLEAR	2039	9	true	2026/09/19 20:46:03
13026	4	P1	6	EX HARD CLEAR	2107	12	true	2026/09/19 20:46:03
13026	4	DP	5	HARD CLEAR	2061	39	true	2026/09/19 20:46:03
13027	0	P1	0	NO PLAY	0	-	false	2026/09/19 20:46:03
13027	0	DP	0	NO PLAY	0	-	false	2026/09/19 20:46:03
13027	1	P1	0	NO PLAY	0	-	false	2026/09/19 20:46:03
13027	1	DP	0	NO PLAY	0	-	false	2026/09/19 20:46:03
13027	2	P1	0	NO PLAY	0	-	false	2026/09/19 20:46:03
13027	2	DP	0	NO PLAY	0	-	false	2026/09/19 20:46:03
13027	3	P1	0	NO PLAY	0	-	false	2026/09/19 20:46:03
13027	3	DP	0	NO PLAY	0	-	false	2026/09/19 20:46:03
13027	4	P1	0	NO PLAY	0	-	false	2026/09/19 20:46:03
13027	4	DP	0	NO PLAY	0	-	false	2026/09/19 20:46:03
13028	0	P1	0	NO PLAY	0	-	false	2026/09/19 20:46:03
13028	0	DP	0	NO PLAY	0	-	false	2026/09/19 20:46:03
13028	1	P1	0	NO PLAY	0	-	false	2026/09/19 20:46:03
13028	1	DP	0	NO PLAY	0	-	false	2026/09/19 20:46:03
13028	2	P1	0	NO PLAY	0	-	false	2026/09/19 20:46:03
13028	2	DP	0	NO PLAY	0	-	false	2026/09/19 20:46:03
13028	3	P1	0	NO PLAY	0	-	false	2026/09/19 20:46:03
13028	3	DP	0	NO PLAY	0	-	false	2026/09/19 20:46:03
13028	4	P1	0	NO PLAY	0	-	false	2026/09/19 20:46:03
13028	4	DP	0	NO PLAY	0	-	false	2026/09/19 20:46:03
13029	0	P1	0	NO PLAY	0	-	false	2026/09/19 20:46:03
13029	0	DP	0	NO PLAY	0	-	false	2026/09/19 20:46:03
13029	1	P1	0	NO PLAY	0	-	false	2026/09/19 20:46:03
13029	1	DP	0	NO PLAY	0	-	false	2026/09/19 20:46:03
13029	2	P1	0	NO PLAY	0	-	false	2026/09/19 20:46:03
13029	2	DP	0	NO PLAY	0	-	false	2026/09/19 20:46:03
13029	3	P1	0	NO PLAY	0	-	false	2026/09/19 20:46:03
13029	3	DP	0	NO PLAY	0	-	false	2026/09/19 20:46:03
13029	4	P1	0	NO PLAY	0	-	false	2026/09/19 20:46:03
13029	4	DP	0	NO PLAY	0	-	false	2026/09/19 20:46:03
13034	0	P1	0	NO PLAY	0	-	false	2026/09/19 20:46:03
13034	0	DP	0	NO PLAY	0	-	false	2026/09/19 20:46:03
13034	1	P1	0	NO PLAY	0	-	false	2026/09/19 20:46:03
13034	1	DP	0	NO PLAY	0	-	false	2026/09/19 20:46:03
13034	2	P1	0	NO PLAY	0	-	false	2026/09/19 20:46:03
13034	2	DP	0	NO PLAY	0	-	false	2026/09/19 20:46:03
13034	3	P1	6	EX HARD CLEAR	2235	7	true	2026/09/19 20:46:03
13034	3	DP	0	NO PLAY	0	-	false	2026/09/19 20:46:03
13034	4	P1	0	NO PLAY	0	-	false	2026/09/19 20:46:03
13034	4	DP	0	NO PLAY	0	-	false	2026/09/19 20:46:03
13035	0	P1	0	NO PLAY	0	-	false	2026/09/19 20:46:03
13035	0	DP	0	NO PLAY	0	-	false	2026/09/19 20:46:03
13035	1	P1	0	NO PLAY	0	-	false	2026/09/19 20:46:03
13035	1	DP	0	NO PLAY	0	-	false	2026/09/19 20:46:03
13035	2	P1	0	NO PLAY	0	-	false	2026/09/19 20:46:03
13035	2	DP	0	NO PLAY	0	-	false	2026/09/19 20:46:03
13035	3	P1	0	NO PLAY	0	-	false	2026/09/19 20:46:03
13035	3	DP	0	NO PLAY	0	-	false	2026/09/19 20:46:03
13035	4	P1	0	NO PLAY	0	-	false	2026/09/19 20:46:03
13035	4	DP	0	NO PLAY	0	-	false	2026/09/19 20:46:03
13036	0	P1	0	NO PLAY	0	-	false	2026/09/19 20:46:03
13036	0	DP	0	NO PLAY	0	-	false	2026/09/19 20:46:03
13036	1	P1	0	NO PLAY	0	-	false	2026/09/19 20:46:03
13036	1	DP	0	NO PLAY	0	-	false	2026/09/19 20:46:03
13036	2	P1	0	NO PLAY	0	-	false	2026/09/19 20:46:03
13036	2	DP	0	NO PLAY	0	-	false	2026/09/19 20:46:03
13036	3	P1	0	NO PLAY	0	-	false	2026/09/19 20:46:03
13036	3	DP	0	NO PLAY	0	-	false	2026/09/19 20:46:03
13036	4	P1	0	NO PLAY	0	-	false	2026/09/19 20:46:03
13036	4	DP	0	NO PLAY	0	-	false	2026/09/19 20:46:03
13037	0	P1	0	NO PLAY	0	-	false	2026/09/19 20:46:03
13037	0	DP	0	NO PLAY	0	-	false	2026/09/19 20:46:03
13037	1	P1	0	NO PLAY	0	-	false	2026/09/19 20:46:03
13037	1	DP	0	NO PLAY	0	-	false	2026/09/19 20:46:03
13037	2	P1	0	NO PLAY	0	-	false	2026/09/19 20:46:03
13037	2	DP	0	NO PLAY	0	-	false	2026/09/19 20:46:03
13037	3	P1	0	NO PLAY	0	-	false	2026/09/19 20:46:03
13037	3	DP	6	EX HARD CLEAR	1943	8	true	2026/09/19 20:46:03
13037	4	P1	0	NO PLAY	0	-	false	2026/09/19 20:46:03
13037	4	DP	0	NO PLAY	0	-	false	2026/09/19 20:46:03
13038	0	P1	0	NO PLAY	0	-	false	2026/09/19 20:46:03
13038	0	DP	0	NO PLAY	0	-	false	2026/09/19 20:46:03
13038	1	P1	0	NO PLAY	0	-	false	2026/09/19 20:46:03
13038	1	DP	6	EX HARD CLEAR	1217	5	true	2026/09/19 20:46:03
13038	2	P1	1	FAILED	1598	31	true	2026/09/19 20:46:03
13038	2	DP	2	ASSIST CLEAR	1569	18	true	2026/09/19 20:46:03
13038	3	P1	6	EX HARD CLEAR	2475	11	true	2026/09/19 20:46:03
13038	3	DP	5	HARD CLEAR	2205	35	true	2026/09/19 20:46:03
13038	4	P1	5	HARD CLEAR	3298	27	true	2026/09/19 20:46:03
13038	4	DP	5	HARD CLEAR	3149	43	true	2026/09/19 20:46:03
13039	0	P1	0	NO PLAY	0	-	false	2026/09/19 20:46:03
13039	0	DP	0	NO PLAY	0	-	false	2026/09/19 20:46:03
13039	1	P1	0	NO PLAY	0	-	false	2026/09/19 20:46:03
13039	1	DP	0	NO PLAY	0	-	false	2026/09/19 20:46:03
13039	2	P1	0	NO PLAY	0	-	false	2026/09/19 20:46:03
13039	2	DP	0	NO PLAY	0	-	false	2026/09/19 20:46:03
13039	3	P1	0	NO PLAY	0	-	false	2026/09/19 20:46:03
13039	3	DP	6	EX HARD CLEAR	1795	5	true	2026/09/19 20:46:03
13039	4	P1	0	NO PLAY	0	-	false	2026/09/19 20:46:03
13039	4	DP	0	NO PLAY	0	-	false	2026/09/19 20:46:03
13040	0	P1	0	NO PLAY	0	-	false	2026/09/19 20:46:03
13040	0	DP	0	NO PLAY	0	-	false	2026/09/19 20:46:03
13040	1	P1	0	NO PLAY	0	-	false	2026/09/19 20:46:03
13040	1	DP	0	NO PLAY	0	-	false	2026/09/19 20:46:03
13040	2	P1	0	NO PLAY	0	-	false	2026/09/19 20:46:03
13040	2	DP	0	NO PLAY	0	-	false	2026/09/19 20:46:03
13040	3	P1	0	NO PLAY	0	-	false	2026/09/19 20:46:03
13040	3	DP	6	EX HARD CLEAR	1773	16	true	2026/09/19 20:46:03
13040	4	P1	0	NO PLAY	0	-	false	2026/09/19 20:46:03
13040	4	DP	0	NO PLAY	0	-	false	2026/09/19 20:46:03
13041	0	P1	0	NO PLAY	0	-	false	2026/09/19 20:46:03
13041	0	DP	0	NO PLAY	0	-	false	2026/09/19 20:46:03
13041	1	P1	0	NO PLAY	0	-	false	2026/09/19 20:46:03
13041	1	DP	0	NO PLAY	0	-	false	2026/09/19 20:46:03
13041	2	P1	0	NO PLAY	0	-	false	2026/09/19 20:46:03
13041	2	DP	0	NO PLAY	0	-	false	2026/09/19 20:46:03
13041	3	P1	0	NO PLAY	0	-	false	2026/09/19 20:46:03
13041	3	DP	6	EX HARD CLEAR	2465	6	true	2026/09/19 20:46:03
13041	4	P1	0	NO PLAY	0	-	false	2026/09/19 20:46:03
13041	4	DP	0	NO PLAY	0	-	false	2026/09/19 20:46:03
13044	0	P1	0	NO PLAY	0	-	false	2026/09/19 20:46:03
13044	0	DP	0	NO PLAY	0	-	false	2026/09/19 20:46:03
13044	1	P1	0	NO PLAY	0	-	false	2026/09/19 20:46:03
13044	1	DP	0	NO PLAY	0	-	false	2026/09/19 20:46:03
13044	2	P1	0	NO PLAY	0	-	false	2026/09/19 20:46:03
13044	2	DP	0	NO PLAY	0	-	false	2026/09/19 20:46:03
13044	3	P1	0	NO PLAY	0	-	false	2026/09/19 20:46:03
13044	3	DP	0	NO PLAY	0	-	false	2026/09/19 20:46:03
13044	4	P1	0	NO PLAY	0	-	false	2026/09/19 20:46:03
13044	4	DP	0	NO PLAY	0	-	false	2026/09/19 20:46:03
13047	0	P1	0	NO PLAY	0	-	false	2026/09/19 20:46:03
13047	0	DP	0	NO PLAY	0	-	false	2026/09/19 20:46:03
13047	1	P1	0	NO PLAY	0	-	false	2026/09/19 20:46:03
13047	1	DP	0	NO PLAY	0	-	false	2026/09/19 20:46:03
13047	2	P1	0	NO PLAY	0	-	false	2026/09/19 20:46:03
13047	2	DP	0	NO PLAY	0	-	false	2026/09/19 20:46:03
13047	3	P1	0	NO PLAY	0	-	false	2026/09/19 20:46:03
13047	3	DP	0	NO PLAY	0	-	false	2026/09/19 20:46:03
13047	4	P1	0	NO PLAY	0	-	false	2026/09/19 20:46:03
13047	4	DP	0	NO PLAY	0	-	false	2026/09/19 20:46:03
13048	0	P1	0	NO PLAY	0	-	false	2026/09/19 20:46:03
13048	0	DP	0	NO PLAY	0	-	false	2026/09/19 20:46:03
13048	1	P1	0	NO PLAY	0	-	false	2026/09/19 20:46:03
13048	1	DP	0	NO PLAY	0	-	false	2026/09/19 20:46:03
13048	2	P1	0	NO PLAY	0	-	false	2026/09/19 20:46:03
13048	2	DP	0	NO PLAY	0	-	false	2026/09/19 20:46:03
13048	3	P1	0	NO PLAY	0	-	false	2026/09/19 20:46:03
13048	3	DP	6	EX HARD CLEAR	1884	11	true	2026/09/19 20:46:03
13048	4	P1	0	NO PLAY	0	-	false	2026/09/19 20:46:03
13048	4	DP	0	NO PLAY	0	-	false	2026/09/19 20:46:03
13049	0	P1	0	NO PLAY	0	-	false	2026/09/19 20:46:03
13049	0	DP	0	NO PLAY	0	-	false	2026/09/19 20:46:03
13049	1	P1	0	NO PLAY	0	-	false	2026/09/19 20:46:03
13049	1	DP	0	NO PLAY	0	-	false	2026/09/19 20:46:03
13049	2	P1	0	NO PLAY	0	-	false	2026/09/19 20:46:03
13049	2	DP	0	NO PLAY	0	-	false	2026/09/19 20:46:03
13049	3	P1	0	NO PLAY	0	-	false	2026/09/19 20:46:03
13049	3	DP	0	NO PLAY	0	-	false	2026/09/19 20:46:03
13049	4	P1	0	NO PLAY	0	-	false	2026/09/19 20:46:03
13049	4	DP	0	NO PLAY	0	-	false	2026/09/19 20:46:03
13050	0	P1	0	NO PLAY	0	-	false	2026/09/19 20:46:03
13050	0	DP	0	NO PLAY	0	-	false	2026/09/19 20:46:03
13050	1	P1	0	NO PLAY	0	-	false	2026/09/19 20:46:03
13050	1	DP	0	NO PLAY	0	-	false	2026/09/19 20:46:03
13050	2	P1	0	NO PLAY	0	-	false	2026/09/19 20:46:03
13050	2	DP	0	NO PLAY	0	-	false	2026/09/19 20:46:03
13050	3	P1	0	NO PLAY	0	-	false	2026/09/19 20:46:03
13050	3	DP	0	NO PLAY	0	-	false	2026/09/19 20:46:03
13050	4	P1	0	NO PLAY	0	-	false	2026/09/19 20:46:03
13050	4	DP	0	NO PLAY	0	-	false	2026/09/19 20:46:03
13051	0	P1	0	NO PLAY	0	-	false	2026/09/19 20:46:03
13051	0	DP	0	NO PLAY	0	-	false	2026/09/19 20:46:03
13051	1	P1	0	NO PLAY	0	-	false	2026/09/19 20:46:03
13051	1	DP	0	NO PLAY	0	-	false	2026/09/19 20:46:03
13051	2	P1	0	NO PLAY	0	-	false	2026/09/19 20:46:03
13051	2	DP	0	NO PLAY	0	-	false	2026/09/19 20:46:03
13051	3	P1	0	NO PLAY	0	-	false	2026/09/19 20:46:03
13051	3	DP	5	HARD CLEAR	2089	43	true	2026/09/19 20:46:03
13051	4	P1	0	NO PLAY	0	-	false	2026/09/19 20:46:03
13051	4	DP	0	NO PLAY	0	-	false	2026/09/19 20:46:03
13052	0	P1	0	NO PLAY	0	-	false	2026/09/19 20:46:03
13052	0	DP	0	NO PLAY	0	-	false	2026/09/19 20:46:03
13052	1	P1	0	NO PLAY	0	-	false	2026/09/19 20:46:03
13052	1	DP	0	NO PLAY	0	-	false	2026/09/19 20:46:03
13052	2	P1	0	NO PLAY	0	-	false	2026/09/19 20:46:03
13052	2	DP	0	NO PLAY	0	-	false	2026/09/19 20:46:03
13052	3	P1	7	FULL COMBO	2027	0	true	2026/09/19 20:46:03
13052	3	DP	0	NO PLAY	0	-	false	2026/09/19 20:46:03
13052	4	P1	0	NO PLAY	0	-	false	2026/09/19 20:46:03
13052	4	DP	0	NO PLAY	0	-	false	2026/09/19 20:46:03
13053	0	P1	0	NO PLAY	0	-	false	2026/09/19 20:46:03
13053	0	DP	0	NO PLAY	0	-	false	2026/09/19 20:46:03
13053	1	P1	0	NO PLAY	0	-	false	2026/09/19 20:46:03
13053	1	DP	0	NO PLAY	0	-	false	2026/09/19 20:46:03
13053	2	P1	0	NO PLAY	0	-	false	2026/09/19 20:46:03
13053	2	DP	0	NO PLAY	0	-	false	2026/09/19 20:46:03
13053	3	P1	0	NO PLAY	0	-	false	2026/09/19 20:46:03
13053	3	DP	0	NO PLAY	0	-	false	2026/09/19 20:46:03
13053	4	P1	0	NO PLAY	0	-	false	2026/09/19 20:46:03
13053	4	DP	0	NO PLAY	0	-	false	2026/09/19 20:46:03
13054	0	P1	0	NO PLAY	0	-	false	2026/09/19 20:46:03
13054	0	DP	0	NO PLAY	0	-	false	2026/09/19 20:46:03
13054	1	P1	0	NO PLAY	0	-	false	2026/09/19 20:46:03
13054	1	DP	0	NO PLAY	0	-	false	2026/09/19 20:46:03
13054	2	P1	0	NO PLAY	0	-	false	2026/09/19 20:46:03
13054	2	DP	0	NO PLAY	0	-	false	2026/09/19 20:46:03
13054	3	P1	6	EX HARD CLEAR	1971	14	true	2026/09/19 20:46:03
13054	3	DP	5	HARD CLEAR	1855	44	true	2026/09/19 20:46:03
13054	4	P1	0	NO PLAY	0	-	false	2026/09/19 20:46:03
13054	4	DP	0	NO PLAY	0	-	false	2026/09/19 20:46:03
13055	0	P1	0	NO PLAY	0	-	false	2026/09/19 20:46:03
13055	0	DP	0	NO PLAY	0	-	false	2026/09/19 20:46:03
13055	1	P1	0	NO PLAY	0	-	false	2026/09/19 20:46:03
13055	1	DP	0	NO PLAY	0	-	false	2026/09/19 20:46:03
13055	2	P1	0	NO PLAY	0	-	false	2026/09/19 20:46:03
13055	2	DP	0	NO PLAY	0	-	false	2026/09/19 20:46:03
13055	3	P1	6	EX HARD CLEAR	2361	5	true	2026/09/19 20:46:03
13055	3	DP	5	HARD CLEAR	2183	42	true	2026/09/19 20:46:03
13055	4	P1	0	NO PLAY	0	-	false	2026/09/19 20:46:03
13055	4	DP	0	NO PLAY	0	-	false	2026/09/19 20:46:03
14000	0	P1	0	NO PLAY	0	-	false	2026/09/19 20:46:03
14000	0	DP	0	NO PLAY	0	-	false	2026/09/19 20:46:03
14000	1	P1	0	NO PLAY	0	-	false	2026/09/19 20:46:03
14000	1	DP	0	NO PLAY	0	-	false	2026/09/19 20:46:03
14000	2	P1	0	NO PLAY	0	-	false	2026/09/19 20:46:03
14000	2	DP	0	NO PLAY	0	-	false	2026/09/19 20:46:03
14000	3	P1	0	NO PLAY	0	-	false	2026/09/19 20:46:03
14000	3	DP	0	NO PLAY	0	-	false	2026/09/19 20:46:03
14000	4	P1	0	NO PLAY	0	-	false	2026/09/19 20:46:03
14000	4	DP	0	NO PLAY	0	-	false	2026/09/19 20:46:03
14001	0	P1	0	NO PLAY	0	-	false	2026/09/19 20:46:03
14001	0	DP	0	NO PLAY	0	-	false	2026/09/19 20:46:03
14001	1	P1	0	NO PLAY	0	-	false	2026/09/19 20:46:03
14001	1	DP	0	NO PLAY	0	-	false	2026/09/19 20:46:03
14001	2	P1	0	NO PLAY	0	-	false	2026/09/19 20:46:03
14001	2	DP	0	NO PLAY	0	-	false	2026/09/19 20:46:03
14001	3	P1	0	NO PLAY	0	-	false	2026/09/19 20:46:03
14001	3	DP	6	EX HARD CLEAR	2506	20	true	2026/09/19 20:46:03
14001	4	P1	0	NO PLAY	0	-	false	2026/09/19 20:46:03
14001	4	DP	0	NO PLAY	0	-	false	2026/09/19 20:46:03
14003	0	P1	0	NO PLAY	0	-	false	2026/09/19 20:46:03
14003	0	DP	0	NO PLAY	0	-	false	2026/09/19 20:46:03
14003	1	P1	0	NO PLAY	0	-	false	2026/09/19 20:46:03
14003	1	DP	0	NO PLAY	0	-	false	2026/09/19 20:46:03
14003	2	P1	0	NO PLAY	0	-	false	2026/09/19 20:46:03
14003	2	DP	0	NO PLAY	0	-	false	2026/09/19 20:46:03
14003	3	P1	0	NO PLAY	0	-	false	2026/09/19 20:46:03
14003	3	DP	0	NO PLAY	0	-	false	2026/09/19 20:46:03
14003	4	P1	0	NO PLAY	0	-	false	2026/09/19 20:46:03
14003	4	DP	0	NO PLAY	0	-	false	2026/09/19 20:46:03
14004	0	P1	0	NO PLAY	0	-	false	2026/09/19 20:46:03
14004	0	DP	0	NO PLAY	0	-	false	2026/09/19 20:46:03
14004	1	P1	0	NO PLAY	0	-	false	2026/09/19 20:46:03
14004	1	DP	0	NO PLAY	0	-	false	2026/09/19 20:46:03
14004	2	P1	0	NO PLAY	0	-	false	2026/09/19 20:46:03
14004	2	DP	0	NO PLAY	0	-	false	2026/09/19 20:46:03
14004	3	P1	0	NO PLAY	0	-	false	2026/09/19 20:46:03
14004	3	DP	5	HARD CLEAR	1729	22	true	2026/09/19 20:46:03
14004	4	P1	5	HARD CLEAR	2321	32	true	2026/09/19 20:46:03
14004	4	DP	5	HARD CLEAR	2321	37	true	2026/09/19 20:46:03
14005	0	P1	0	NO PLAY	0	-	false	2026/09/19 20:46:03
14005	0	DP	0	NO PLAY	0	-	false	2026/09/19 20:46:03
14005	1	P1	0	NO PLAY	0	-	false	2026/09/19 20:46:03
14005	1	DP	0	NO PLAY	0	-	false	2026/09/19 20:46:03
14005	2	P1	0	NO PLAY	0	-	false	2026/09/19 20:46:03
14005	2	DP	0	NO PLAY	0	-	false	2026/09/19 20:46:03
14005	3	P1	6	EX HARD CLEAR	2893	15	true	2026/09/19 20:46:03
14005	3	DP	6	EX HARD CLEAR	2279	14	true	2026/09/19 20:46:03
14005	4	P1	0	NO PLAY	0	-	false	2026/09/19 20:46:03
14005	4	DP	0	NO PLAY	0	-	false	2026/09/19 20:46:03
14006	0	P1	0	NO PLAY	0	-	false	2026/09/19 20:46:03
14006	0	DP	0	NO PLAY	0	-	false	2026/09/19 20:46:03
14006	1	P1	0	NO PLAY	0	-	false	2026/09/19 20:46:03
14006	1	DP	0	NO PLAY	0	-	false	2026/09/19 20:46:03
14006	2	P1	0	NO PLAY	0	-	false	2026/09/19 20:46:03
14006	2	DP	0	NO PLAY	0	-	false	2026/09/19 20:46:03
14006	3	P1	0	NO PLAY	0	-	false	2026/09/19 20:46:03
14006	3	DP	0	NO PLAY	0	-	false	2026/09/19 20:46:03
14006	4	P1	0	NO PLAY	0	-	false	2026/09/19 20:46:03
14006	4	DP	0	NO PLAY	0	-	false	2026/09/19 20:46:03
14007	0	P1	0	NO PLAY	0	-	false	2026/09/19 20:46:03
14007	0	DP	0	NO PLAY	0	-	false	2026/09/19 20:46:03
14007	1	P1	0	NO PLAY	0	-	false	2026/09/19 20:46:03
14007	1	DP	0	NO PLAY	0	-	false	2026/09/19 20:46:03
14007	2	P1	0	NO PLAY	0	-	false	2026/09/19 20:46:03
14007	2	DP	0	NO PLAY	0	-	false	2026/09/19 20:46:03
14007	3	P1	3	EASY CLEAR	1800	58	true	2026/09/19 20:46:03
14007	3	DP	6	EX HARD CLEAR	2150	2	true	2026/09/19 20:46:03
14007	4	P1	0	NO PLAY	0	-	false	2026/09/19 20:46:03
14007	4	DP	0	NO PLAY	0	-	false	2026/09/19 20:46:03
14008	0	P1	0	NO PLAY	0	-	false	2026/09/19 20:46:03
14008	0	DP	0	NO PLAY	0	-	false	2026/09/19 20:46:03
14008	1	P1	0	NO PLAY	0	-	false	2026/09/19 20:46:03
14008	1	DP	0	NO PLAY	0	-	false	2026/09/19 20:46:03
14008	2	P1	0	NO PLAY	0	-	false	2026/09/19 20:46:03
14008	2	DP	0	NO PLAY	0	-	false	2026/09/19 20:46:03
14008	3	P1	0	NO PLAY	0	-	false	2026/09/19 20:46:03
14008	3	DP	6	EX HARD CLEAR	2301	9	true	2026/09/19 20:46:03
14008	4	P1	0	NO PLAY	0	-	false	2026/09/19 20:46:03
14008	4	DP	0	NO PLAY	0	-	false	2026/09/19 20:46:03
14009	0	P1	0	NO PLAY	0	-	false	2026/09/19 20:46:03
14009	0	DP	0	NO PLAY	0	-	false	2026/09/19 20:46:03
14009	1	P1	0	NO PLAY	0	-	false	2026/09/19 20:46:03
14009	1	DP	0	NO PLAY	0	-	false	2026/09/19 20:46:03
14009	2	P1	0	NO PLAY	0	-	false	2026/09/19 20:46:03
14009	2	DP	6	EX HARD CLEAR	1474	11	true	2026/09/19 20:46:03
14009	3	P1	6	EX HARD CLEAR	1868	16	true	2026/09/19 20:46:03
14009	3	DP	5	HARD CLEAR	1721	34	true	2026/09/19 20:46:03
14009	4	P1	5	HARD CLEAR	2611	53	true	2026/09/19 20:46:03
14009	4	DP	5	HARD CLEAR	2026	50	true	2026/09/19 20:46:03
14011	0	P1	0	NO PLAY	0	-	false	2026/09/19 20:46:03
14011	0	DP	0	NO PLAY	0	-	false	2026/09/19 20:46:03
14011	1	P1	0	NO PLAY	0	-	false	2026/09/19 20:46:03
14011	1	DP	0	NO PLAY	0	-	false	2026/09/19 20:46:03
14011	2	P1	0	NO PLAY	0	-	false	2026/09/19 20:46:03
14011	2	DP	0	NO PLAY	0	-	false	2026/09/19 20:46:03
14011	3	P1	0	NO PLAY	0	-	false	2026/09/19 20:46:03
14011	3	DP	0	NO PLAY	0	-	false	2026/09/19 20:46:03
14011	4	P1	0	NO PLAY	0	-	false	2026/09/19 20:46:03
14011	4	DP	0	NO PLAY	0	-	false	2026/09/19 20:46:03
14012	0	P1	1	FAILED	55	33	true	2026/09/19 20:46:03
14012	0	DP	0	NO PLAY	0	-	false	2026/09/19 20:46:03
14012	1	P1	0	NO PLAY	0	-	false	2026/09/19 20:46:03
14012	1	DP	0	NO PLAY	0	-	false	2026/09/19 20:46:03
14012	2	P1	0	NO PLAY	0	-	false	2026/09/19 20:46:03
14012	2	DP	0	NO PLAY	0	-	false	2026/09/19 20:46:03
14012	3	P1	0	NO PLAY	0	-	false	2026/09/19 20:46:03
14012	3	DP	0	NO PLAY	0	-	false	2026/09/19 20:46:03
14012	4	P1	0	NO PLAY	0	-	false	2026/09/19 20:46:03
14012	4	DP	6	EX HARD CLEAR	2391	14	true	2026/09/19 20:46:03
14013	0	P1	0	NO PLAY	0	-	false	2026/09/19 20:46:03
14013	0	DP	0	NO PLAY	0	-	false	2026/09/19 20:46:03
14013	1	P1	0	NO PLAY	0	-	false	2026/09/19 20:46:03
14013	1	DP	0	NO PLAY	0	-	false	2026/09/19 20:46:03
14013	2	P1	0	NO PLAY	0	-	false	2026/09/19 20:46:03
14013	2	DP	0	NO PLAY	0	-	false	2026/09/19 20:46:03
14013	3	P1	0	NO PLAY	0	-	false	2026/09/19 20:46:03
14013	3	DP	0	NO PLAY	0	-	false	2026/09/19 20:46:03
14013	4	P1	0	NO PLAY	0	-	false	2026/09/19 20:46:03
14013	4	DP	0	NO PLAY	0	-	false	2026/09/19 20:46:03
14014	0	P1	0	NO PLAY	0	-	false	2026/09/19 20:46:03
14014	0	DP	0	NO PLAY	0	-	false	2026/09/19 20:46:03
14014	1	P1	0	NO PLAY	0	-	false	2026/09/19 20:46:03
14014	1	DP	0	NO PLAY	0	-	false	2026/09/19 20:46:03
14014	2	P1	0	NO PLAY	0	-	false	2026/09/19 20:46:03
14014	2	DP	0	NO PLAY	0	-	false	2026/09/19 20:46:03
14014	3	P1	0	NO PLAY	0	-	false	2026/09/19 20:46:03
14014	3	DP	0	NO PLAY	0	-	false	2026/09/19 20:46:03
14014	4	P1	0	NO PLAY	0	-	false	2026/09/19 20:46:03
14014	4	DP	0	NO PLAY	0	-	false	2026/09/19 20:46:03
14015	0	P1	0	NO PLAY	0	-	false	2026/09/19 20:46:03
14015	0	DP	0	NO PLAY	0	-	false	2026/09/19 20:46:03
14015	1	P1	0	NO PLAY	0	-	false	2026/09/19 20:46:03
14015	1	DP	0	NO PLAY	0	-	false	2026/09/19 20:46:03
14015	2	P1	0	NO PLAY	0	-	false	2026/09/19 20:46:03
14015	2	DP	0	NO PLAY	0	-	false	2026/09/19 20:46:03
14015	3	P1	0	NO PLAY	0	-	false	2026/09/19 20:46:03
14015	3	DP	0	NO PLAY	0	-	false	2026/09/19 20:46:03
14015	4	P1	0	NO PLAY	0	-	false	2026/09/19 20:46:03
14015	4	DP	0	NO PLAY	0	-	false	2026/09/19 20:46:03
14016	0	P1	0	NO PLAY	0	-	false	2026/09/19 20:46:03
14016	0	DP	0	NO PLAY	0	-	false	2026/09/19 20:46:03
14016	1	P1	0	NO PLAY	0	-	false	2026/09/19 20:46:03
14016	1	DP	0	NO PLAY	0	-	false	2026/09/19 20:46:03
14016	2	P1	0	NO PLAY	0	-	false	2026/09/19 20:46:03
14016	2	DP	0	NO PLAY	0	-	false	2026/09/19 20:46:03
14016	3	P1	0	NO PLAY	0	-	false	2026/09/19 20:46:03
14016	3	DP	0	NO PLAY	0	-	false	2026/09/19 20:46:03
14016	4	P1	0	NO PLAY	0	-	false	2026/09/19 20:46:03
14016	4	DP	0	NO PLAY	0	-	false	2026/09/19 20:46:03
14017	0	P1	0	NO PLAY	0	-	false	2026/09/19 20:46:03
14017	0	DP	0	NO PLAY	0	-	false	2026/09/19 20:46:03
14017	1	P1	0	NO PLAY	0	-	false	2026/09/19 20:46:03
14017	1	DP	0	NO PLAY	0	-	false	2026/09/19 20:46:03
14017	2	P1	0	NO PLAY	0	-	false	2026/09/19 20:46:03
14017	2	DP	0	NO PLAY	0	-	false	2026/09/19 20:46:03
14017	3	P1	0	NO PLAY	0	-	false	2026/09/19 20:46:03
14017	3	DP	0	NO PLAY	0	-	false	2026/09/19 20:46:03
14017	4	P1	0	NO PLAY	0	-	false	2026/09/19 20:46:03
14017	4	DP	0	NO PLAY	0	-	false	2026/09/19 20:46:03
14018	0	P1	0	NO PLAY	0	-	false	2026/09/19 20:46:03
14018	0	DP	0	NO PLAY	0	-	false	2026/09/19 20:46:03
14018	1	P1	0	NO PLAY	0	-	false	2026/09/19 20:46:03
14018	1	DP	0	NO PLAY	0	-	false	2026/09/19 20:46:03
14018	2	P1	0	NO PLAY	0	-	false	2026/09/19 20:46:03
14018	2	DP	0	NO PLAY	0	-	false	2026/09/19 20:46:03
14018	3	P1	0	NO PLAY	0	-	false	2026/09/19 20:46:03
14018	3	DP	0	NO PLAY	0	-	false	2026/09/19 20:46:03
14018	4	P1	0	NO PLAY	0	-	false	2026/09/19 20:46:03
14018	4	DP	0	NO PLAY	0	-	false	2026/09/19 20:46:03
14019	0	P1	0	NO PLAY	0	-	false	2026/09/19 20:46:03
14019	0	DP	0	NO PLAY	0	-	false	2026/09/19 20:46:03
14019	1	P1	0	NO PLAY	0	-	false	2026/09/19 20:46:03
14019	1	DP	0	NO PLAY	0	-	false	2026/09/19 20:46:03
14019	2	P1	0	NO PLAY	0	-	false	2026/09/19 20:46:03
14019	2	DP	0	NO PLAY	0	-	false	2026/09/19 20:46:03
14019	3	P1	0	NO PLAY	0	-	false	2026/09/19 20:46:03
14019	3	DP	0	NO PLAY	0	-	false	2026/09/19 20:46:03
14019	4	P1	0	NO PLAY	0	-	false	2026/09/19 20:46:03
14019	4	DP	0	NO PLAY	0	-	false	2026/09/19 20:46:03
14020	0	P1	0	NO PLAY	0	-	false	2026/09/19 20:46:03
14020	0	DP	0	NO PLAY	0	-	false	2026/09/19 20:46:03
14020	1	P1	0	NO PLAY	0	-	false	2026/09/19 20:46:03
14020	1	DP	0	NO PLAY	0	-	false	2026/09/19 20:46:03
14020	2	P1	0	NO PLAY	0	-	false	2026/09/19 20:46:03
14020	2	DP	0	NO PLAY	0	-	false	2026/09/19 20:46:03
14020	3	P1	3	EASY CLEAR	2234	83	true	2026/09/19 20:46:03
14020	3	DP	5	HARD CLEAR	2722	38	true	2026/09/19 20:46:03
14020	4	P1	0	NO PLAY	0	-	false	2026/09/19 20:46:03
14020	4	DP	0	NO PLAY	0	-	false	2026/09/19 20:46:03
14021	0	P1	0	NO PLAY	0	-	false	2026/09/19 20:46:03
14021	0	DP	0	NO PLAY	0	-	false	2026/09/19 20:46:03
14021	1	P1	0	NO PLAY	0	-	false	2026/09/19 20:46:03
14021	1	DP	0	NO PLAY	0	-	false	2026/09/19 20:46:03
14021	2	P1	0	NO PLAY	0	-	false	2026/09/19 20:46:03
14021	2	DP	6	EX HARD CLEAR	2125	7	true	2026/09/19 20:46:03
14021	3	P1	6	EX HARD CLEAR	2616	12	true	2026/09/19 20:46:03
14021	3	DP	5	HARD CLEAR	2363	33	true	2026/09/19 20:46:03
14021	4	P1	0	NO PLAY	0	-	false	2026/09/19 20:46:03
14021	4	DP	0	NO PLAY	0	-	false	2026/09/19 20:46:03
14022	0	P1	0	NO PLAY	0	-	false	2026/09/19 20:46:03
14022	0	DP	0	NO PLAY	0	-	false	2026/09/19 20:46:03
14022	1	P1	0	NO PLAY	0	-	false	2026/09/19 20:46:03
14022	1	DP	0	NO PLAY	0	-	false	2026/09/19 20:46:03
14022	2	P1	0	NO PLAY	0	-	false	2026/09/19 20:46:03
14022	2	DP	0	NO PLAY	0	-	false	2026/09/19 20:46:03
14022	3	P1	0	NO PLAY	0	-	false	2026/09/19 20:46:03
14022	3	DP	0	NO PLAY	0	-	false	2026/09/19 20:46:03
14022	4	P1	6	EX HARD CLEAR	2895	11	true	2026/09/19 20:46:03
14022	4	DP	5	HARD CLEAR	2724	48	true	2026/09/19 20:46:03
14023	0	P1	0	NO PLAY	0	-	false	2026/09/19 20:46:03
14023	0	DP	0	NO PLAY	0	-	false	2026/09/19 20:46:03
14023	1	P1	0	NO PLAY	0	-	false	2026/09/19 20:46:03
14023	1	DP	0	NO PLAY	0	-	false	2026/09/19 20:46:03
14023	2	P1	0	NO PLAY	0	-	false	2026/09/19 20:46:03
14023	2	DP	0	NO PLAY	0	-	false	2026/09/19 20:46:03
14023	3	P1	7	FULL COMBO	2096	0	true	2026/09/19 20:46:03
14023	3	DP	6	EX HARD CLEAR	1880	3	true	2026/09/19 20:46:03
14023	4	P1	0	NO PLAY	0	-	false	2026/09/19 20:46:03
14023	4	DP	0	NO PLAY	0	-	false	2026/09/19 20:46:03
14024	0	P1	0	NO PLAY	0	-	false	2026/09/19 20:46:03
14024	0	DP	0	NO PLAY	0	-	false	2026/09/19 20:46:03
14024	1	P1	0	NO PLAY	0	-	false	2026/09/19 20:46:03
14024	1	DP	0	NO PLAY	0	-	false	2026/09/19 20:46:03
14024	2	P1	0	NO PLAY	0	-	false	2026/09/19 20:46:03
14024	2	DP	0	NO PLAY	0	-	false	2026/09/19 20:46:03
14024	3	P1	0	NO PLAY	0	-	false	2026/09/19 20:46:03
14024	3	DP	0	NO PLAY	0	-	false	2026/09/19 20:46:03
14024	4	P1	0	NO PLAY	0	-	false	2026/09/19 20:46:03
14024	4	DP	0	NO PLAY	0	-	false	2026/09/19 20:46:03
14025	0	P1	0	NO PLAY	0	-	false	2026/09/19 20:46:03
14025	0	DP	0	NO PLAY	0	-	false	2026/09/19 20:46:03
14025	1	P1	0	NO PLAY	0	-	false	2026/09/19 20:46:03
14025	1	DP	0	NO PLAY	0	-	false	2026/09/19 20:46:03
14025	2	P1	0	NO PLAY	0	-	false	2026/09/19 20:46:03
14025	2	DP	0	NO PLAY	0	-	false	2026/09/19 20:46:03
14025	3	P1	0	NO PLAY	0	-	false	2026/09/19 20:46:03
14025	3	DP	0	NO PLAY	0	-	false	2026/09/19 20:46:03
14025	4	P1	0	NO PLAY	0	-	false	2026/09/19 20:46:03
14025	4	DP	0	NO PLAY	0	-	false	2026/09/19 20:46:03
14026	0	P1	0	NO PLAY	0	-	false	2026/09/19 20:46:03
14026	0	DP	0	NO PLAY	0	-	false	2026/09/19 20:46:03
14026	1	P1	0	NO PLAY	0	-	false	2026/09/19 20:46:03
14026	1	DP	0	NO PLAY	0	-	false	2026/09/19 20:46:03
14026	2	P1	0	NO PLAY	0	-	false	2026/09/19 20:46:03
14026	2	DP	0	NO PLAY	0	-	false	2026/09/19 20:46:03
14026	3	P1	0	NO PLAY	0	-	false	2026/09/19 20:46:03
14026	3	DP	0	NO PLAY	0	-	false	2026/09/19 20:46:03
14026	4	P1	0	NO PLAY	0	-	false	2026/09/19 20:46:03
14026	4	DP	0	NO PLAY	0	-	false	2026/09/19 20:46:03
14027	0	P1	0	NO PLAY	0	-	false	2026/09/19 20:46:03
14027	0	DP	0	NO PLAY	0	-	false	2026/09/19 20:46:03
14027	1	P1	0	NO PLAY	0	-	false	2026/09/19 20:46:03
14027	1	DP	0	NO PLAY	0	-	false	2026/09/19 20:46:03
14027	2	P1	0	NO PLAY	0	-	false	2026/09/19 20:46:03
14027	2	DP	0	NO PLAY	0	-	false	2026/09/19 20:46:03
14027	3	P1	0	NO PLAY	0	-	false	2026/09/19 20:46:03
14027	3	DP	0	NO PLAY	0	-	false	2026/09/19 20:46:03
14027	4	P1	0	NO PLAY	0	-	false	2026/09/19 20:46:03
14027	4	DP	0	NO PLAY	0	-	false	2026/09/19 20:46:03
14028	0	P1	0	NO PLAY	0	-	false	2026/09/19 20:46:03
14028	0	DP	0	NO PLAY	0	-	false	2026/09/19 20:46:03
14028	1	P1	0	NO PLAY	0	-	false	2026/09/19 20:46:03
14028	1	DP	0	NO PLAY	0	-	false	2026/09/19 20:46:03
14028	2	P1	0	NO PLAY	0	-	false	2026/09/19 20:46:03
14028	2	DP	0	NO PLAY	0	-	false	2026/09/19 20:46:03
14028	3	P1	0	NO PLAY	0	-	false	2026/09/19 20:46:03
14028	3	DP	0	NO PLAY	0	-	false	2026/09/19 20:46:03
14028	4	P1	0	NO PLAY	0	-	false	2026/09/19 20:46:03
14028	4	DP	0	NO PLAY	0	-	false	2026/09/19 20:46:03
14029	0	P1	0	NO PLAY	0	-	false	2026/09/19 20:46:03
14029	0	DP	0	NO PLAY	0	-	false	2026/09/19 20:46:03
14029	1	P1	0	NO PLAY	0	-	false	2026/09/19 20:46:03
14029	1	DP	0	NO PLAY	0	-	false	2026/09/19 20:46:03
14029	2	P1	0	NO PLAY	0	-	false	2026/09/19 20:46:03
14029	2	DP	0	NO PLAY	0	-	false	2026/09/19 20:46:03
14029	3	P1	6	EX HARD CLEAR	2882	11	true	2026/09/19 20:46:03
14029	3	DP	5	HARD CLEAR	2264	68	true	2026/09/19 20:46:03
14029	4	P1	0	NO PLAY	0	-	false	2026/09/19 20:46:03
14029	4	DP	0	NO PLAY	0	-	false	2026/09/19 20:46:03
14030	0	P1	0	NO PLAY	0	-	false	2026/09/19 20:46:03
14030	0	DP	0	NO PLAY	0	-	false	2026/09/19 20:46:03
14030	1	P1	0	NO PLAY	0	-	false	2026/09/19 20:46:03
14030	1	DP	0	NO PLAY	0	-	false	2026/09/19 20:46:03
14030	2	P1	0	NO PLAY	0	-	false	2026/09/19 20:46:03
14030	2	DP	0	NO PLAY	0	-	false	2026/09/19 20:46:03
14030	3	P1	6	EX HARD CLEAR	2304	15	true	2026/09/19 20:46:03
14030	3	DP	0	NO PLAY	0	-	false	2026/09/19 20:46:03
14030	4	P1	0	NO PLAY	0	-	false	2026/09/19 20:46:03
14030	4	DP	0	NO PLAY	0	-	false	2026/09/19 20:46:03
14031	0	P1	0	NO PLAY	0	-	false	2026/09/19 20:46:03
14031	0	DP	0	NO PLAY	0	-	false	2026/09/19 20:46:03
14031	1	P1	0	NO PLAY	0	-	false	2026/09/19 20:46:03
14031	1	DP	0	NO PLAY	0	-	false	2026/09/19 20:46:03
14031	2	P1	0	NO PLAY	0	-	false	2026/09/19 20:46:03
14031	2	DP	0	NO PLAY	0	-	false	2026/09/19 20:46:03
14031	3	P1	0	NO PLAY	0	-	false	2026/09/19 20:46:03
14031	3	DP	6	EX HARD CLEAR	2349	12	true	2026/09/19 20:46:03
14031	4	P1	0	NO PLAY	0	-	false	2026/09/19 20:46:03
14031	4	DP	0	NO PLAY	0	-	false	2026/09/19 20:46:03
14033	0	P1	2	ASSIST CLEAR	69	25	true	2026/09/19 20:46:03
14033	0	DP	0	NO PLAY	0	-	false	2026/09/19 20:46:03
14033	1	P1	0	NO PLAY	0	-	false	2026/09/19 20:46:03
14033	1	DP	0	NO PLAY	0	-	false	2026/09/19 20:46:03
14033	2	P1	0	NO PLAY	0	-	false	2026/09/19 20:46:03
14033	2	DP	5	HARD CLEAR	1011	18	true	2026/09/19 20:46:03
14033	3	P1	6	EX HARD CLEAR	1926	3	true	2026/09/19 20:46:03
14033	3	DP	5	HARD CLEAR	1792	17	true	2026/09/19 20:46:03
14033	4	P1	0	NO PLAY	0	-	false	2026/09/19 20:46:03
14033	4	DP	0	NO PLAY	0	-	false	2026/09/19 20:46:03
14034	0	P1	0	NO PLAY	0	-	false	2026/09/19 20:46:03
14034	0	DP	0	NO PLAY	0	-	false	2026/09/19 20:46:03
14034	1	P1	0	NO PLAY	0	-	false	2026/09/19 20:46:03
14034	1	DP	0	NO PLAY	0	-	false	2026/09/19 20:46:03
14034	2	P1	0	NO PLAY	0	-	false	2026/09/19 20:46:03
14034	2	DP	0	NO PLAY	0	-	false	2026/09/19 20:46:03
14034	3	P1	0	NO PLAY	0	-	false	2026/09/19 20:46:03
14034	3	DP	0	NO PLAY	0	-	false	2026/09/19 20:46:03
14034	4	P1	0	NO PLAY	0	-	false	2026/09/19 20:46:03
14034	4	DP	0	NO PLAY	0	-	false	2026/09/19 20:46:03
14038	0	P1	0	NO PLAY	0	-	false	2026/09/19 20:46:03
14038	0	DP	0	NO PLAY	0	-	false	2026/09/19 20:46:03
14038	1	P1	0	NO PLAY	0	-	false	2026/09/19 20:46:03
14038	1	DP	0	NO PLAY	0	-	false	2026/09/19 20:46:03
14038	2	P1	0	NO PLAY	0	-	false	2026/09/19 20:46:03
14038	2	DP	0	NO PLAY	0	-	false	2026/09/19 20:46:03
14038	3	P1	0	NO PLAY	0	-	false	2026/09/19 20:46:03
14038	3	DP	0	NO PLAY	0	-	false	2026/09/19 20:46:03
14038	4	P1	0	NO PLAY	0	-	false	2026/09/19 20:46:03
14038	4	DP	0	NO PLAY	0	-	false	2026/09/19 20:46:03
14042	0	P1	0	NO PLAY	0	-	false	2026/09/19 20:46:03
14042	0	DP	0	NO PLAY	0	-	false	2026/09/19 20:46:03
14042	1	P1	0	NO PLAY	0	-	false	2026/09/19 20:46:03
14042	1	DP	0	NO PLAY	0	-	false	2026/09/19 20:46:03
14042	2	P1	0	NO PLAY	0	-	false	2026/09/19 20:46:03
14042	2	DP	0	NO PLAY	0	-	false	2026/09/19 20:46:03
14042	3	P1	0	NO PLAY	0	-	false	2026/09/19 20:46:03
14042	3	DP	0	NO PLAY	0	-	false	2026/09/19 20:46:03
14042	4	P1	0	NO PLAY	0	-	false	2026/09/19 20:46:03
14042	4	DP	0	NO PLAY	0	-	false	2026/09/19 20:46:03
14045	0	P1	0	NO PLAY	0	-	false	2026/09/19 20:46:03
14045	0	DP	0	NO PLAY	0	-	false	2026/09/19 20:46:03
14045	1	P1	0	NO PLAY	0	-	false	2026/09/19 20:46:03
14045	1	DP	0	NO PLAY	0	-	false	2026/09/19 20:46:03
14045	2	P1	0	NO PLAY	0	-	false	2026/09/19 20:46:03
14045	2	DP	0	NO PLAY	0	-	false	2026/09/19 20:46:03
14045	3	P1	0	NO PLAY	0	-	false	2026/09/19 20:46:03
14045	3	DP	0	NO PLAY	0	-	false	2026/09/19 20:46:03
14045	4	P1	0	NO PLAY	0	-	false	2026/09/19 20:46:03
14045	4	DP	0	NO PLAY	0	-	false	2026/09/19 20:46:03
14046	0	P1	0	NO PLAY	0	-	false	2026/09/19 20:46:03
14046	0	DP	0	NO PLAY	0	-	false	2026/09/19 20:46:03
14046	1	P1	0	NO PLAY	0	-	false	2026/09/19 20:46:03
14046	1	DP	7	FULL COMBO	1666	2	true	2026/09/19 20:46:03
14046	2	P1	5	HARD CLEAR	1446	38	true	2026/09/19 20:46:03
14046	2	DP	1	FAILED	1520	-	false	2026/09/19 20:46:03
14046	3	P1	5	HARD CLEAR	2033	42	true	2026/09/19 20:46:03
14046	3	DP	6	EX HARD CLEAR	2398	13	true	2026/09/19 20:46:03
14046	4	P1	6	EX HARD CLEAR	2949	25	true	2026/09/19 20:46:03
14046	4	DP	1	FAILED	2836	68	true	2026/09/19 20:46:03
14047	0	P1	0	NO PLAY	0	-	false	2026/09/19 20:46:03
14047	0	DP	0	NO PLAY	0	-	false	2026/09/19 20:46:03
14047	1	P1	0	NO PLAY	0	-	false	2026/09/19 20:46:03
14047	1	DP	0	NO PLAY	0	-	false	2026/09/19 20:46:03
14047	2	P1	0	NO PLAY	0	-	false	2026/09/19 20:46:03
14047	2	DP	0	NO PLAY	0	-	false	2026/09/19 20:46:03
14047	3	P1	0	NO PLAY	0	-	false	2026/09/19 20:46:03
14047	3	DP	0	NO PLAY	0	-	false	2026/09/19 20:46:03
14047	4	P1	0	NO PLAY	0	-	false	2026/09/19 20:46:03
14047	4	DP	0	NO PLAY	0	-	false	2026/09/19 20:46:03
14048	0	P1	0	NO PLAY	0	-	false	2026/09/19 20:46:03
14048	0	DP	0	NO PLAY	0	-	false	2026/09/19 20:46:03
14048	1	P1	0	NO PLAY	0	-	false	2026/09/19 20:46:03
14048	1	DP	0	NO PLAY	0	-	false	2026/09/19 20:46:03
14048	2	P1	0	NO PLAY	0	-	false	2026/09/19 20:46:03
14048	2	DP	0	NO PLAY	0	-	false	2026/09/19 20:46:03
14048	3	P1	0	NO PLAY	0	-	false	2026/09/19 20:46:03
14048	3	DP	0	NO PLAY	0	-	false	2026/09/19 20:46:03
14048	4	P1	0	NO PLAY	0	-	false	2026/09/19 20:46:03
14048	4	DP	0	NO PLAY	0	-	false	2026/09/19 20:46:03
14049	0	P1	0	NO PLAY	0	-	false	2026/09/19 20:46:03
14049	0	DP	0	NO PLAY	0	-	false	2026/09/19 20:46:03
14049	1	P1	0	NO PLAY	0	-	false	2026/09/19 20:46:03
14049	1	DP	0	NO PLAY	0	-	false	2026/09/19 20:46:03
14049	2	P1	0	NO PLAY	0	-	false	2026/09/19 20:46:03
14049	2	DP	0	NO PLAY	0	-	false	2026/09/19 20:46:03
14049	3	P1	0	NO PLAY	0	-	false	2026/09/19 20:46:03
14049	3	DP	5	HARD CLEAR	1722	30	true	2026/09/19 20:46:03
14049	4	P1	0	NO PLAY	0	-	false	2026/09/19 20:46:03
14049	4	DP	0	NO PLAY	0	-	false	2026/09/19 20:46:03
14050	0	P1	0	NO PLAY	0	-	false	2026/09/19 20:46:03
14050	0	DP	0	NO PLAY	0	-	false	2026/09/19 20:46:03
14050	1	P1	0	NO PLAY	0	-	false	2026/09/19 20:46:03
14050	1	DP	0	NO PLAY	0	-	false	2026/09/19 20:46:03
14050	2	P1	0	NO PLAY	0	-	false	2026/09/19 20:46:03
14050	2	DP	0	NO PLAY	0	-	false	2026/09/19 20:46:03
14050	3	P1	0	NO PLAY	0	-	false	2026/09/19 20:46:03
14050	3	DP	0	NO PLAY	0	-	false	2026/09/19 20:46:03
14050	4	P1	0	NO PLAY	0	-	false	2026/09/19 20:46:03
14050	4	DP	0	NO PLAY	0	-	false	2026/09/19 20:46:03
14051	0	P1	0	NO PLAY	0	-	false	2026/09/19 20:46:03
14051	0	DP	0	NO PLAY	0	-	false	2026/09/19 20:46:03
14051	1	P1	0	NO PLAY	0	-	false	2026/09/19 20:46:03
14051	1	DP	0	NO PLAY	0	-	false	2026/09/19 20:46:03
14051	2	P1	0	NO PLAY	0	-	false	2026/09/19 20:46:03
14051	2	DP	0	NO PLAY	0	-	false	2026/09/19 20:46:03
14051	3	P1	0	NO PLAY	0	-	false	2026/09/19 20:46:03
14051	3	DP	0	NO PLAY	0	-	false	2026/09/19 20:46:03
14051	4	P1	0	NO PLAY	0	-	false	2026/09/19 20:46:03
14051	4	DP	0	NO PLAY	0	-	false	2026/09/19 20:46:03
14052	0	P1	0	NO PLAY	0	-	false	2026/09/19 20:46:03
14052	0	DP	0	NO PLAY	0	-	false	2026/09/19 20:46:03
14052	1	P1	0	NO PLAY	0	-	false	2026/09/19 20:46:03
14052	1	DP	0	NO PLAY	0	-	false	2026/09/19 20:46:03
14052	2	P1	0	NO PLAY	0	-	false	2026/09/19 20:46:03
14052	2	DP	0	NO PLAY	0	-	false	2026/09/19 20:46:03
14052	3	P1	5	HARD CLEAR	1797	41	true	2026/09/19 20:46:03
14052	3	DP	5	HARD CLEAR	1819	50	true	2026/09/19 20:46:03
14052	4	P1	0	NO PLAY	0	-	false	2026/09/19 20:46:03
14052	4	DP	0	NO PLAY	0	-	false	2026/09/19 20:46:03
14053	0	P1	2	ASSIST CLEAR	96	8	true	2026/09/19 20:46:03
14053	0	DP	0	NO PLAY	0	-	false	2026/09/19 20:46:03
14053	1	P1	0	NO PLAY	0	-	false	2026/09/19 20:46:03
14053	1	DP	0	NO PLAY	0	-	false	2026/09/19 20:46:03
14053	2	P1	0	NO PLAY	0	-	false	2026/09/19 20:46:03
14053	2	DP	6	EX HARD CLEAR	1968	4	true	2026/09/19 20:46:03
14053	3	P1	0	NO PLAY	0	-	false	2026/09/19 20:46:03
14053	3	DP	6	EX HARD CLEAR	2677	15	true	2026/09/19 20:46:03
14053	4	P1	6	EX HARD CLEAR	2971	5	true	2026/09/19 20:46:03
14053	4	DP	0	NO PLAY	0	-	false	2026/09/19 20:46:03
14055	0	P1	0	NO PLAY	0	-	false	2026/09/19 20:46:03
14055	0	DP	0	NO PLAY	0	-	false	2026/09/19 20:46:03
14055	1	P1	0	NO PLAY	0	-	false	2026/09/19 20:46:03
14055	1	DP	0	NO PLAY	0	-	false	2026/09/19 20:46:03
14055	2	P1	0	NO PLAY	0	-	false	2026/09/19 20:46:03
14055	2	DP	0	NO PLAY	0	-	false	2026/09/19 20:46:03
14055	3	P1	0	NO PLAY	0	-	false	2026/09/19 20:46:03
14055	3	DP	0	NO PLAY	0	-	false	2026/09/19 20:46:03
14055	4	P1	0	NO PLAY	0	-	false	2026/09/19 20:46:03
14055	4	DP	0	NO PLAY	0	-	false	2026/09/19 20:46:03
14056	0	P1	0	NO PLAY	0	-	false	2026/09/19 20:46:03
14056	0	DP	0	NO PLAY	0	-	false	2026/09/19 20:46:03
14056	1	P1	0	NO PLAY	0	-	false	2026/09/19 20:46:03
14056	1	DP	0	NO PLAY	0	-	false	2026/09/19 20:46:03
14056	2	P1	0	NO PLAY	0	-	false	2026/09/19 20:46:03
14056	2	DP	0	NO PLAY	0	-	false	2026/09/19 20:46:03
14056	3	P1	0	NO PLAY	0	-	false	2026/09/19 20:46:03
14056	3	DP	0	NO PLAY	0	-	false	2026/09/19 20:46:03
14056	4	P1	0	NO PLAY	0	-	false	2026/09/19 20:46:03
14056	4	DP	0	NO PLAY	0	-	false	2026/09/19 20:46:03
15000	0	P1	0	NO PLAY	0	-	false	2026/09/19 20:46:03
15000	0	DP	0	NO PLAY	0	-	false	2026/09/19 20:46:03
15000	1	P1	0	NO PLAY	0	-	false	2026/09/19 20:46:03
15000	1	DP	0	NO PLAY	0	-	false	2026/09/19 20:46:03
15000	2	P1	0	NO PLAY	0	-	false	2026/09/19 20:46:03
15000	2	DP	0	NO PLAY	0	-	false	2026/09/19 20:46:03
15000	3	P1	3	EASY CLEAR	2188	69	true	2026/09/19 20:46:03
15000	3	DP	6	EX HARD CLEAR	2643	16	true	2026/09/19 20:46:03
15000	4	P1	6	EX HARD CLEAR	3072	17	true	2026/09/19 20:46:03
15000	4	DP	4	CLEAR	2860	87	true	2026/09/19 20:46:03
15001	0	P1	0	NO PLAY	0	-	false	2026/09/19 20:46:03
15001	0	DP	0	NO PLAY	0	-	false	2026/09/19 20:46:03
15001	1	P1	0	NO PLAY	0	-	false	2026/09/19 20:46:03
15001	1	DP	0	NO PLAY	0	-	false	2026/09/19 20:46:03
15001	2	P1	6	EX HARD CLEAR	2139	7	true	2026/09/19 20:46:03
15001	2	DP	0	NO PLAY	0	-	false	2026/09/19 20:46:03
15001	3	P1	6	EX HARD CLEAR	2881	11	true	2026/09/19 20:46:03
15001	3	DP	3	EASY CLEAR	2610	81	true	2026/09/19 20:46:03
15001	4	P1	0	NO PLAY	0	-	false	2026/09/19 20:46:03
15001	4	DP	0	NO PLAY	0	-	false	2026/09/19 20:46:03
15002	0	P1	0	NO PLAY	0	-	false	2026/09/19 20:46:03
15002	0	DP	0	NO PLAY	0	-	false	2026/09/19 20:46:03
15002	1	P1	0	NO PLAY	0	-	false	2026/09/19 20:46:03
15002	1	DP	0	NO PLAY	0	-	false	2026/09/19 20:46:03
15002	2	P1	0	NO PLAY	0	-	false	2026/09/19 20:46:03
15002	2	DP	0	NO PLAY	0	-	false	2026/09/19 20:46:03
15002	3	P1	0	NO PLAY	0	-	false	2026/09/19 20:46:03
15002	3	DP	0	NO PLAY	0	-	false	2026/09/19 20:46:03
15002	4	P1	0	NO PLAY	0	-	false	2026/09/19 20:46:03
15002	4	DP	0	NO PLAY	0	-	false	2026/09/19 20:46:03
15003	0	P1	0	NO PLAY	0	-	false	2026/09/19 20:46:03
15003	0	DP	0	NO PLAY	0	-	false	2026/09/19 20:46:03
15003	1	P1	0	NO PLAY	0	-	false	2026/09/19 20:46:03
15003	1	DP	0	NO PLAY	0	-	false	2026/09/19 20:46:03
15003	2	P1	0	NO PLAY	0	-	false	2026/09/19 20:46:03
15003	2	DP	0	NO PLAY	0	-	false	2026/09/19 20:46:03
15003	3	P1	0	NO PLAY	0	-	false	2026/09/19 20:46:03
15003	3	DP	0	NO PLAY	0	-	false	2026/09/19 20:46:03
15003	4	P1	0	NO PLAY	0	-	false	2026/09/19 20:46:03
15003	4	DP	0	NO PLAY	0	-	false	2026/09/19 20:46:03
15004	0	P1	1	FAILED	44	98	true	2026/09/19 20:46:03
15004	0	DP	0	NO PLAY	0	-	false	2026/09/19 20:46:03
15004	1	P1	0	NO PLAY	0	-	false	2026/09/19 20:46:03
15004	1	DP	0	NO PLAY	0	-	false	2026/09/19 20:46:03
15004	2	P1	0	NO PLAY	0	-	false	2026/09/19 20:46:03
15004	2	DP	0	NO PLAY	0	-	false	2026/09/19 20:46:03
15004	3	P1	0	NO PLAY	0	-	false	2026/09/19 20:46:03
15004	3	DP	0	NO PLAY	0	-	false	2026/09/19 20:46:03
15004	4	P1	6	EX HARD CLEAR	2681	12	true	2026/09/19 20:46:03
15004	4	DP	5	HARD CLEAR	2366	41	true	2026/09/19 20:46:03
15005	0	P1	0	NO PLAY	0	-	false	2026/09/19 20:46:03
15005	0	DP	0	NO PLAY	0	-	false	2026/09/19 20:46:03
15005	1	P1	0	NO PLAY	0	-	false	2026/09/19 20:46:03
15005	1	DP	0	NO PLAY	0	-	false	2026/09/19 20:46:03
15005	2	P1	0	NO PLAY	0	-	false	2026/09/19 20:46:03
15005	2	DP	0	NO PLAY	0	-	false	2026/09/19 20:46:03
15005	3	P1	6	EX HARD CLEAR	1881	9	true	2026/09/19 20:46:03
15005	3	DP	5	HARD CLEAR	1695	39	true	2026/09/19 20:46:03
15005	4	P1	5	HARD CLEAR	2132	38	true	2026/09/19 20:46:03
15005	4	DP	3	EASY CLEAR	2011	84	true	2026/09/19 20:46:03
15006	0	P1	0	NO PLAY	0	-	false	2026/09/19 20:46:03
15006	0	DP	0	NO PLAY	0	-	false	2026/09/19 20:46:03
15006	1	P1	0	NO PLAY	0	-	false	2026/09/19 20:46:03
15006	1	DP	0	NO PLAY	0	-	false	2026/09/19 20:46:03
15006	2	P1	0	NO PLAY	0	-	false	2026/09/19 20:46:03
15006	2	DP	0	NO PLAY	0	-	false	2026/09/19 20:46:03
15006	3	P1	7	FULL COMBO	1172	0	true	2026/09/19 20:46:03
15006	3	DP	0	NO PLAY	0	-	false	2026/09/19 20:46:03
15006	4	P1	0	NO PLAY	0	-	false	2026/09/19 20:46:03
15006	4	DP	0	NO PLAY	0	-	false	2026/09/19 20:46:03
15007	0	P1	0	NO PLAY	0	-	false	2026/09/19 20:46:03
15007	0	DP	0	NO PLAY	0	-	false	2026/09/19 20:46:03
15007	1	P1	0	NO PLAY	0	-	false	2026/09/19 20:46:03
15007	1	DP	0	NO PLAY	0	-	false	2026/09/19 20:46:03
15007	2	P1	0	NO PLAY	0	-	false	2026/09/19 20:46:03
15007	2	DP	0	NO PLAY	0	-	false	2026/09/19 20:46:03
15007	3	P1	1	FAILED	119	-	false	2026/09/19 20:46:03
15007	3	DP	6	EX HARD CLEAR	2137	17	true	2026/09/19 20:46:03
15007	4	P1	6	EX HARD CLEAR	2901	15	true	2026/09/19 20:46:03
15007	4	DP	5	HARD CLEAR	2481	62	true	2026/09/19 20:46:03
15008	0	P1	0	NO PLAY	0	-	false	2026/09/19 20:46:03
15008	0	DP	0	NO PLAY	0	-	false	2026/09/19 20:46:03
15008	1	P1	0	NO PLAY	0	-	false	2026/09/19 20:46:03
15008	1	DP	0	NO PLAY	0	-	false	2026/09/19 20:46:03
15008	2	P1	0	NO PLAY	0	-	false	2026/09/19 20:46:03
15008	2	DP	0	NO PLAY	0	-	false	2026/09/19 20:46:03
15008	3	P1	0	NO PLAY	0	-	false	2026/09/19 20:46:03
15008	3	DP	5	HARD CLEAR	2104	36	true	2026/09/19 20:46:03
15008	4	P1	5	HARD CLEAR	2674	37	true	2026/09/19 20:46:03
15008	4	DP	3	EASY CLEAR	2232	141	true	2026/09/19 20:46:03
15009	0	P1	0	NO PLAY	0	-	false	2026/09/19 20:46:03
15009	0	DP	0	NO PLAY	0	-	false	2026/09/19 20:46:03
15009	1	P1	0	NO PLAY	0	-	false	2026/09/19 20:46:03
15009	1	DP	0	NO PLAY	0	-	false	2026/09/19 20:46:03
15009	2	P1	0	NO PLAY	0	-	false	2026/09/19 20:46:03
15009	2	DP	0	NO PLAY	0	-	false	2026/09/19 20:46:03
15009	3	P1	0	NO PLAY	0	-	false	2026/09/19 20:46:03
15009	3	DP	0	NO PLAY	0	-	false	2026/09/19 20:46:03
15009	4	P1	0	NO PLAY	0	-	false	2026/09/19 20:46:03
15009	4	DP	0	NO PLAY	0	-	false	2026/09/19 20:46:03
15010	0	P1	0	NO PLAY	0	-	false	2026/09/19 20:46:03
15010	0	DP	0	NO PLAY	0	-	false	2026/09/19 20:46:03
15010	1	P1	0	NO PLAY	0	-	false	2026/09/19 20:46:03
15010	1	DP	0	NO PLAY	0	-	false	2026/09/19 20:46:03
15010	2	P1	0	NO PLAY	0	-	false	2026/09/19 20:46:03
15010	2	DP	0	NO PLAY	0	-	false	2026/09/19 20:46:03
15010	3	P1	0	NO PLAY	0	-	false	2026/09/19 20:46:03
15010	3	DP	6	EX HARD CLEAR	1908	16	true	2026/09/19 20:46:03
15010	4	P1	0	NO PLAY	0	-	false	2026/09/19 20:46:03
15010	4	DP	0	NO PLAY	0	-	false	2026/09/19 20:46:03
15011	0	P1	0	NO PLAY	0	-	false	2026/09/19 20:46:03
15011	0	DP	0	NO PLAY	0	-	false	2026/09/19 20:46:03
15011	1	P1	0	NO PLAY	0	-	false	2026/09/19 20:46:03
15011	1	DP	0	NO PLAY	0	-	false	2026/09/19 20:46:03
15011	2	P1	0	NO PLAY	0	-	false	2026/09/19 20:46:03
15011	2	DP	0	NO PLAY	0	-	false	2026/09/19 20:46:03
15011	3	P1	0	NO PLAY	0	-	false	2026/09/19 20:46:03
15011	3	DP	0	NO PLAY	0	-	false	2026/09/19 20:46:03
15011	4	P1	0	NO PLAY	0	-	false	2026/09/19 20:46:03
15011	4	DP	0	NO PLAY	0	-	false	2026/09/19 20:46:03
15012	0	P1	0	NO PLAY	0	-	false	2026/09/19 20:46:03
15012	0	DP	0	NO PLAY	0	-	false	2026/09/19 20:46:03
15012	1	P1	0	NO PLAY	0	-	false	2026/09/19 20:46:03
15012	1	DP	0	NO PLAY	0	-	false	2026/09/19 20:46:03
15012	2	P1	0	NO PLAY	0	-	false	2026/09/19 20:46:03
15012	2	DP	0	NO PLAY	0	-	false	2026/09/19 20:46:03
15012	3	P1	0	NO PLAY	0	-	false	2026/09/19 20:46:03
15012	3	DP	0	NO PLAY	0	-	false	2026/09/19 20:46:03
15012	4	P1	0	NO PLAY	0	-	false	2026/09/19 20:46:03
15012	4	DP	0	NO PLAY	0	-	false	2026/09/19 20:46:03
15013	0	P1	0	NO PLAY	0	-	false	2026/09/19 20:46:03
15013	0	DP	0	NO PLAY	0	-	false	2026/09/19 20:46:03
15013	1	P1	0	NO PLAY	0	-	false	2026/09/19 20:46:03
15013	1	DP	0	NO PLAY	0	-	false	2026/09/19 20:46:03
15013	2	P1	0	NO PLAY	0	-	false	2026/09/19 20:46:03
15013	2	DP	0	NO PLAY	0	-	false	2026/09/19 20:46:03
15013	3	P1	6	EX HARD CLEAR	2483	8	true	2026/09/19 20:46:03
15013	3	DP	6	EX HARD CLEAR	2380	20	true	2026/09/19 20:46:03
15013	4	P1	0	NO PLAY	0	-	false	2026/09/19 20:46:03
15013	4	DP	0	NO PLAY	0	-	false	2026/09/19 20:46:03
15014	0	P1	0	NO PLAY	0	-	false	2026/09/19 20:46:03
15014	0	DP	0	NO PLAY	0	-	false	2026/09/19 20:46:03
15014	1	P1	0	NO PLAY	0	-	false	2026/09/19 20:46:03
15014	1	DP	0	NO PLAY	0	-	false	2026/09/19 20:46:03
15014	2	P1	0	NO PLAY	0	-	false	2026/09/19 20:46:03
15014	2	DP	0	NO PLAY	0	-	false	2026/09/19 20:46:03
15014	3	P1	6	EX HARD CLEAR	2180	7	true	2026/09/19 20:46:03
15014	3	DP	0	NO PLAY	0	-	false	2026/09/19 20:46:03
15014	4	P1	0	NO PLAY	0	-	false	2026/09/19 20:46:03
15014	4	DP	6	EX HARD CLEAR	1944	18	true	2026/09/19 20:46:03
15015	0	P1	0	NO PLAY	0	-	false	2026/09/19 20:46:03
15015	0	DP	0	NO PLAY	0	-	false	2026/09/19 20:46:03
15015	1	P1	0	NO PLAY	0	-	false	2026/09/19 20:46:03
15015	1	DP	0	NO PLAY	0	-	false	2026/09/19 20:46:03
15015	2	P1	0	NO PLAY	0	-	false	2026/09/19 20:46:03
15015	2	DP	0	NO PLAY	0	-	false	2026/09/19 20:46:03
15015	3	P1	0	NO PLAY	0	-	false	2026/09/19 20:46:03
15015	3	DP	1	FAILED	1232	-	false	2026/09/19 20:46:03
15015	4	P1	6	EX HARD CLEAR	2995	16	true	2026/09/19 20:46:03
15015	4	DP	5	HARD CLEAR	2691	55	true	2026/09/19 20:46:03
15016	0	P1	0	NO PLAY	0	-	false	2026/09/19 20:46:03
15016	0	DP	0	NO PLAY	0	-	false	2026/09/19 20:46:03
15016	1	P1	0	NO PLAY	0	-	false	2026/09/19 20:46:03
15016	1	DP	0	NO PLAY	0	-	false	2026/09/19 20:46:03
15016	2	P1	5	HARD CLEAR	1618	33	true	2026/09/19 20:46:03
15016	2	DP	0	NO PLAY	0	-	false	2026/09/19 20:46:03
15016	3	P1	6	EX HARD CLEAR	2448	13	true	2026/09/19 20:46:03
15016	3	DP	6	EX HARD CLEAR	2627	16	true	2026/09/19 20:46:03
15016	4	P1	0	NO PLAY	0	-	false	2026/09/19 20:46:03
15016	4	DP	0	NO PLAY	0	-	false	2026/09/19 20:46:03
15017	0	P1	0	NO PLAY	0	-	false	2026/09/19 20:46:03
15017	0	DP	0	NO PLAY	0	-	false	2026/09/19 20:46:03
15017	1	P1	0	NO PLAY	0	-	false	2026/09/19 20:46:03
15017	1	DP	0	NO PLAY	0	-	false	2026/09/19 20:46:03
15017	2	P1	0	NO PLAY	0	-	false	2026/09/19 20:46:03
15017	2	DP	0	NO PLAY	0	-	false	2026/09/19 20:46:03
15017	3	P1	0	NO PLAY	0	-	false	2026/09/19 20:46:03
15017	3	DP	0	NO PLAY	0	-	false	2026/09/19 20:46:03
15017	4	P1	0	NO PLAY	0	-	false	2026/09/19 20:46:03
15017	4	DP	0	NO PLAY	0	-	false	2026/09/19 20:46:03
15018	0	P1	0	NO PLAY	0	-	false	2026/09/19 20:46:03
15018	0	DP	0	NO PLAY	0	-	false	2026/09/19 20:46:03
15018	1	P1	0	NO PLAY	0	-	false	2026/09/19 20:46:03
15018	1	DP	0	NO PLAY	0	-	false	2026/09/19 20:46:03
15018	2	P1	0	NO PLAY	0	-	false	2026/09/19 20:46:03
15018	2	DP	0	NO PLAY	0	-	false	2026/09/19 20:46:03
15018	3	P1	0	NO PLAY	0	-	false	2026/09/19 20:46:03
15018	3	DP	0	NO PLAY	0	-	false	2026/09/19 20:46:03
15018	4	P1	6	EX HARD CLEAR	2339	8	true	2026/09/19 20:46:03
15018	4	DP	6	EX HARD CLEAR	2610	12	true	2026/09/19 20:46:03
15019	0	P1	0	NO PLAY	0	-	false	2026/09/19 20:46:03
15019	0	DP	0	NO PLAY	0	-	false	2026/09/19 20:46:03
15019	1	P1	0	NO PLAY	0	-	false	2026/09/19 20:46:03
15019	1	DP	0	NO PLAY	0	-	false	2026/09/19 20:46:03
15019	2	P1	0	NO PLAY	0	-	false	2026/09/19 20:46:03
15019	2	DP	0	NO PLAY	0	-	false	2026/09/19 20:46:03
15019	3	P1	0	NO PLAY	0	-	false	2026/09/19 20:46:03
15019	3	DP	0	NO PLAY	0	-	false	2026/09/19 20:46:03
15019	4	P1	0	NO PLAY	0	-	false	2026/09/19 20:46:03
15019	4	DP	0	NO PLAY	0	-	false	2026/09/19 20:46:03
15020	0	P1	0	NO PLAY	0	-	false	2026/09/19 20:46:03
15020	0	DP	0	NO PLAY	0	-	false	2026/09/19 20:46:03
15020	1	P1	0	NO PLAY	0	-	false	2026/09/19 20:46:03
15020	1	DP	0	NO PLAY	0	-	false	2026/09/19 20:46:03
15020	2	P1	5	HARD CLEAR	1214	14	true	2026/09/19 20:46:03
15020	2	DP	0	NO PLAY	0	-	false	2026/09/19 20:46:03
15020	3	P1	3	EASY CLEAR	1990	44	true	2026/09/19 20:46:03
15020	3	DP	6	EX HARD CLEAR	2733	11	true	2026/09/19 20:46:03
15020	4	P1	0	NO PLAY	0	-	false	2026/09/19 20:46:03
15020	4	DP	0	NO PLAY	0	-	false	2026/09/19 20:46:03
15021	0	P1	0	NO PLAY	0	-	false	2026/09/19 20:46:03
15021	0	DP	0	NO PLAY	0	-	false	2026/09/19 20:46:03
15021	1	P1	0	NO PLAY	0	-	false	2026/09/19 20:46:03
15021	1	DP	0	NO PLAY	0	-	false	2026/09/19 20:46:03
15021	2	P1	0	NO PLAY	0	-	false	2026/09/19 20:46:03
15021	2	DP	0	NO PLAY	0	-	false	2026/09/19 20:46:03
15021	3	P1	0	NO PLAY	0	-	false	2026/09/19 20:46:03
15021	3	DP	0	NO PLAY	0	-	false	2026/09/19 20:46:03
15021	4	P1	0	NO PLAY	0	-	false	2026/09/19 20:46:03
15021	4	DP	0	NO PLAY	0	-	false	2026/09/19 20:46:03
15022	0	P1	0	NO PLAY	0	-	false	2026/09/19 20:46:03
15022	0	DP	0	NO PLAY	0	-	false	2026/09/19 20:46:03
15022	1	P1	0	NO PLAY	0	-	false	2026/09/19 20:46:03
15022	1	DP	0	NO PLAY	0	-	false	2026/09/19 20:46:03
15022	2	P1	0	NO PLAY	0	-	false	2026/09/19 20:46:03
15022	2	DP	0	NO PLAY	0	-	false	2026/09/19 20:46:03
15022	3	P1	0	NO PLAY	0	-	false	2026/09/19 20:46:03
15022	3	DP	6	EX HARD CLEAR	1628	17	true	2026/09/19 20:46:03
15022	4	P1	0	NO PLAY	0	-	false	2026/09/19 20:46:03
15022	4	DP	0	NO PLAY	0	-	false	2026/09/19 20:46:03
15023	0	P1	0	NO PLAY	0	-	false	2026/09/19 20:46:03
15023	0	DP	0	NO PLAY	0	-	false	2026/09/19 20:46:03
15023	1	P1	0	NO PLAY	0	-	false	2026/09/19 20:46:03
15023	1	DP	0	NO PLAY	0	-	false	2026/09/19 20:46:03
15023	2	P1	0	NO PLAY	0	-	false	2026/09/19 20:46:03
15023	2	DP	6	EX HARD CLEAR	1471	9	true	2026/09/19 20:46:03
15023	3	P1	6	EX HARD CLEAR	2074	9	true	2026/09/19 20:46:03
15023	3	DP	6	EX HARD CLEAR	2128	13	true	2026/09/19 20:46:03
15023	4	P1	5	HARD CLEAR	2967	28	true	2026/09/19 20:46:03
15023	4	DP	3	EASY CLEAR	2722	105	true	2026/09/19 20:46:03
15024	0	P1	0	NO PLAY	0	-	false	2026/09/19 20:46:03
15024	0	DP	0	NO PLAY	0	-	false	2026/09/19 20:46:03
15024	1	P1	0	NO PLAY	0	-	false	2026/09/19 20:46:03
15024	1	DP	0	NO PLAY	0	-	false	2026/09/19 20:46:03
15024	2	P1	0	NO PLAY	0	-	false	2026/09/19 20:46:03
15024	2	DP	0	NO PLAY	0	-	false	2026/09/19 20:46:03
15024	3	P1	0	NO PLAY	0	-	false	2026/09/19 20:46:03
15024	3	DP	6	EX HARD CLEAR	1912	5	true	2026/09/19 20:46:03
15024	4	P1	0	NO PLAY	0	-	false	2026/09/19 20:46:03
15024	4	DP	0	NO PLAY	0	-	false	2026/09/19 20:46:03
15025	0	P1	0	NO PLAY	0	-	false	2026/09/19 20:46:03
15025	0	DP	0	NO PLAY	0	-	false	2026/09/19 20:46:03
15025	1	P1	0	NO PLAY	0	-	false	2026/09/19 20:46:03
15025	1	DP	0	NO PLAY	0	-	false	2026/09/19 20:46:03
15025	2	P1	0	NO PLAY	0	-	false	2026/09/19 20:46:03
15025	2	DP	0	NO PLAY	0	-	false	2026/09/19 20:46:03
15025	3	P1	0	NO PLAY	0	-	false	2026/09/19 20:46:03
15025	3	DP	5	HARD CLEAR	1433	23	true	2026/09/19 20:46:03
15025	4	P1	5	HARD CLEAR	1817	45	true	2026/09/19 20:46:03
15025	4	DP	3	EASY CLEAR	1753	56	true	2026/09/19 20:46:03
15026	0	P1	0	NO PLAY	0	-	false	2026/09/19 20:46:03
15026	0	DP	0	NO PLAY	0	-	false	2026/09/19 20:46:03
15026	1	P1	0	NO PLAY	0	-	false	2026/09/19 20:46:03
15026	1	DP	0	NO PLAY	0	-	false	2026/09/19 20:46:03
15026	2	P1	0	NO PLAY	0	-	false	2026/09/19 20:46:03
15026	2	DP	0	NO PLAY	0	-	false	2026/09/19 20:46:03
15026	3	P1	0	NO PLAY	0	-	false	2026/09/19 20:46:03
15026	3	DP	6	EX HARD CLEAR	2398	12	true	2026/09/19 20:46:03
15026	4	P1	5	HARD CLEAR	2936	36	true	2026/09/19 20:46:03
15026	4	DP	5	HARD CLEAR	3011	30	true	2026/09/19 20:46:03
15028	0	P1	0	NO PLAY	0	-	false	2026/09/19 20:46:03
15028	0	DP	0	NO PLAY	0	-	false	2026/09/19 20:46:03
15028	1	P1	0	NO PLAY	0	-	false	2026/09/19 20:46:03
15028	1	DP	0	NO PLAY	0	-	false	2026/09/19 20:46:03
15028	2	P1	0	NO PLAY	0	-	false	2026/09/19 20:46:03
15028	2	DP	0	NO PLAY	0	-	false	2026/09/19 20:46:03
15028	3	P1	0	NO PLAY	0	-	false	2026/09/19 20:46:03
15028	3	DP	0	NO PLAY	0	-	false	2026/09/19 20:46:03
15028	4	P1	0	NO PLAY	0	-	false	2026/09/19 20:46:03
15028	4	DP	0	NO PLAY	0	-	false	2026/09/19 20:46:03
15031	0	P1	0	NO PLAY	0	-	false	2026/09/19 20:46:03
15031	0	DP	0	NO PLAY	0	-	false	2026/09/19 20:46:03
15031	1	P1	0	NO PLAY	0	-	false	2026/09/19 20:46:03
15031	1	DP	0	NO PLAY	0	-	false	2026/09/19 20:46:03
15031	2	P1	0	NO PLAY	0	-	false	2026/09/19 20:46:03
15031	2	DP	0	NO PLAY	0	-	false	2026/09/19 20:46:03
15031	3	P1	0	NO PLAY	0	-	false	2026/09/19 20:46:03
15031	3	DP	0	NO PLAY	0	-	false	2026/09/19 20:46:03
15031	4	P1	0	NO PLAY	0	-	false	2026/09/19 20:46:03
15031	4	DP	0	NO PLAY	0	-	false	2026/09/19 20:46:03
15032	0	P1	0	NO PLAY	0	-	false	2026/09/19 20:46:03
15032	0	DP	0	NO PLAY	0	-	false	2026/09/19 20:46:03
15032	1	P1	0	NO PLAY	0	-	false	2026/09/19 20:46:03
15032	1	DP	1	FAILED	0	-	false	2026/09/19 20:46:03
15032	2	P1	0	NO PLAY	0	-	false	2026/09/19 20:46:03
15032	2	DP	0	NO PLAY	0	-	false	2026/09/19 20:46:03
15032	3	P1	0	NO PLAY	0	-	false	2026/09/19 20:46:03
15032	3	DP	5	HARD CLEAR	1933	31	true	2026/09/19 20:46:03
15032	4	P1	0	NO PLAY	0	-	false	2026/09/19 20:46:03
15032	4	DP	0	NO PLAY	0	-	false	2026/09/19 20:46:03
15033	0	P1	0	NO PLAY	0	-	false	2026/09/19 20:46:03
15033	0	DP	0	NO PLAY	0	-	false	2026/09/19 20:46:03
15033	1	P1	0	NO PLAY	0	-	false	2026/09/19 20:46:03
15033	1	DP	0	NO PLAY	0	-	false	2026/09/19 20:46:03
15033	2	P1	0	NO PLAY	0	-	false	2026/09/19 20:46:03
15033	2	DP	0	NO PLAY	0	-	false	2026/09/19 20:46:03
15033	3	P1	0	NO PLAY	0	-	false	2026/09/19 20:46:03
15033	3	DP	0	NO PLAY	0	-	false	2026/09/19 20:46:03
15033	4	P1	0	NO PLAY	0	-	false	2026/09/19 20:46:03
15033	4	DP	0	NO PLAY	0	-	false	2026/09/19 20:46:03
15034	0	P1	0	NO PLAY	0	-	false	2026/09/19 20:46:03
15034	0	DP	0	NO PLAY	0	-	false	2026/09/19 20:46:03
15034	1	P1	0	NO PLAY	0	-	false	2026/09/19 20:46:03
15034	1	DP	0	NO PLAY	0	-	false	2026/09/19 20:46:03
15034	2	P1	0	NO PLAY	0	-	false	2026/09/19 20:46:03
15034	2	DP	0	NO PLAY	0	-	false	2026/09/19 20:46:03
15034	3	P1	0	NO PLAY	0	-	false	2026/09/19 20:46:03
15034	3	DP	0	NO PLAY	0	-	false	2026/09/19 20:46:03
15034	4	P1	0	NO PLAY	0	-	false	2026/09/19 20:46:03
15034	4	DP	0	NO PLAY	0	-	false	2026/09/19 20:46:03
15036	0	P1	0	NO PLAY	0	-	false	2026/09/19 20:46:03
15036	0	DP	0	NO PLAY	0	-	false	2026/09/19 20:46:03
15036	1	P1	0	NO PLAY	0	-	false	2026/09/19 20:46:03
15036	1	DP	0	NO PLAY	0	-	false	2026/09/19 20:46:03
15036	2	P1	0	NO PLAY	0	-	false	2026/09/19 20:46:03
15036	2	DP	0	NO PLAY	0	-	false	2026/09/19 20:46:03
15036	3	P1	0	NO PLAY	0	-	false	2026/09/19 20:46:03
15036	3	DP	0	NO PLAY	0	-	false	2026/09/19 20:46:03
15036	4	P1	0	NO PLAY	0	-	false	2026/09/19 20:46:03
15036	4	DP	0	NO PLAY	0	-	false	2026/09/19 20:46:03
15038	0	P1	0	NO PLAY	0	-	false	2026/09/19 20:46:03
15038	0	DP	0	NO PLAY	0	-	false	2026/09/19 20:46:03
15038	1	P1	0	NO PLAY	0	-	false	2026/09/19 20:46:03
15038	1	DP	0	NO PLAY	0	-	false	2026/09/19 20:46:03
15038	2	P1	0	NO PLAY	0	-	false	2026/09/19 20:46:03
15038	2	DP	0	NO PLAY	0	-	false	2026/09/19 20:46:03
15038	3	P1	0	NO PLAY	0	-	false	2026/09/19 20:46:03
15038	3	DP	0	NO PLAY	0	-	false	2026/09/19 20:46:03
15038	4	P1	0	NO PLAY	0	-	false	2026/09/19 20:46:03
15038	4	DP	6	EX HARD CLEAR	3406	16	true	2026/09/19 20:46:03
15039	0	P1	0	NO PLAY	0	-	false	2026/09/19 20:46:03
15039	0	DP	0	NO PLAY	0	-	false	2026/09/19 20:46:03
15039	1	P1	0	NO PLAY	0	-	false	2026/09/19 20:46:03
15039	1	DP	0	NO PLAY	0	-	false	2026/09/19 20:46:03
15039	2	P1	0	NO PLAY	0	-	false	2026/09/19 20:46:03
15039	2	DP	0	NO PLAY	0	-	false	2026/09/19 20:46:03
15039	3	P1	6	EX HARD CLEAR	2106	22	true	2026/09/19 20:46:03
15039	3	DP	5	HARD CLEAR	1990	31	true	2026/09/19 20:46:03
15039	4	P1	0	NO PLAY	0	-	false	2026/09/19 20:46:03
15039	4	DP	0	NO PLAY	0	-	false	2026/09/19 20:46:03
15040	0	P1	0	NO PLAY	0	-	false	2026/09/19 20:46:03
15040	0	DP	0	NO PLAY	0	-	false	2026/09/19 20:46:03
15040	1	P1	0	NO PLAY	0	-	false	2026/09/19 20:46:03
15040	1	DP	0	NO PLAY	0	-	false	2026/09/19 20:46:03
15040	2	P1	0	NO PLAY	0	-	false	2026/09/19 20:46:03
15040	2	DP	0	NO PLAY	0	-	false	2026/09/19 20:46:03
15040	3	P1	0	NO PLAY	0	-	false	2026/09/19 20:46:03
15040	3	DP	0	NO PLAY	0	-	false	2026/09/19 20:46:03
15040	4	P1	0	NO PLAY	0	-	false	2026/09/19 20:46:03
15040	4	DP	0	NO PLAY	0	-	false	2026/09/19 20:46:03
15044	0	P1	0	NO PLAY	0	-	false	2026/09/19 20:46:03
15044	0	DP	0	NO PLAY	0	-	false	2026/09/19 20:46:03
15044	1	P1	0	NO PLAY	0	-	false	2026/09/19 20:46:03
15044	1	DP	0	NO PLAY	0	-	false	2026/09/19 20:46:03
15044	2	P1	0	NO PLAY	0	-	false	2026/09/19 20:46:03
15044	2	DP	0	NO PLAY	0	-	false	2026/09/19 20:46:03
15044	3	P1	0	NO PLAY	0	-	false	2026/09/19 20:46:03
15044	3	DP	2	ASSIST CLEAR	1697	16	true	2026/09/19 20:46:03
15044	4	P1	0	NO PLAY	0	-	false	2026/09/19 20:46:03
15044	4	DP	0	NO PLAY	0	-	false	2026/09/19 20:46:03
15045	0	P1	0	NO PLAY	0	-	false	2026/09/19 20:46:03
15045	0	DP	0	NO PLAY	0	-	false	2026/09/19 20:46:03
15045	1	P1	0	NO PLAY	0	-	false	2026/09/19 20:46:03
15045	1	DP	7	FULL COMBO	565	0	true	2026/09/19 20:46:03
15045	2	P1	0	NO PLAY	0	-	false	2026/09/19 20:46:03
15045	2	DP	0	NO PLAY	0	-	false	2026/09/19 20:46:03
15045	3	P1	7	FULL COMBO	1312	0	true	2026/09/19 20:46:03
15045	3	DP	7	FULL COMBO	1572	0	true	2026/09/19 20:46:03
15045	4	P1	7	FULL COMBO	2368	1	true	2026/09/19 20:46:03
15045	4	DP	6	EX HARD CLEAR	2273	9	true	2026/09/19 20:46:03
15047	0	P1	0	NO PLAY	0	-	false	2026/09/19 20:46:03
15047	0	DP	0	NO PLAY	0	-	false	2026/09/19 20:46:03
15047	1	P1	0	NO PLAY	0	-	false	2026/09/19 20:46:03
15047	1	DP	0	NO PLAY	0	-	false	2026/09/19 20:46:03
15047	2	P1	0	NO PLAY	0	-	false	2026/09/19 20:46:03
15047	2	DP	0	NO PLAY	0	-	false	2026/09/19 20:46:03
15047	3	P1	0	NO PLAY	0	-	false	2026/09/19 20:46:03
15047	3	DP	5	HARD CLEAR	1906	28	true	2026/09/19 20:46:03
15047	4	P1	0	NO PLAY	0	-	false	2026/09/19 20:46:03
15047	4	DP	0	NO PLAY	0	-	false	2026/09/19 20:46:03
15048	0	P1	0	NO PLAY	0	-	false	2026/09/19 20:46:03
15048	0	DP	0	NO PLAY	0	-	false	2026/09/19 20:46:03
15048	1	P1	0	NO PLAY	0	-	false	2026/09/19 20:46:03
15048	1	DP	0	NO PLAY	0	-	false	2026/09/19 20:46:03
15048	2	P1	0	NO PLAY	0	-	false	2026/09/19 20:46:03
15048	2	DP	0	NO PLAY	0	-	false	2026/09/19 20:46:03
15048	3	P1	0	NO PLAY	0	-	false	2026/09/19 20:46:03
15048	3	DP	1	FAILED	126	-	false	2026/09/19 20:46:03
15048	4	P1	0	NO PLAY	0	-	false	2026/09/19 20:46:03
15048	4	DP	0	NO PLAY	0	-	false	2026/09/19 20:46:03
15049	0	P1	0	NO PLAY	0	-	false	2026/09/19 20:46:03
15049	0	DP	0	NO PLAY	0	-	false	2026/09/19 20:46:03
15049	1	P1	0	NO PLAY	0	-	false	2026/09/19 20:46:03
15049	1	DP	0	NO PLAY	0	-	false	2026/09/19 20:46:03
15049	2	P1	0	NO PLAY	0	-	false	2026/09/19 20:46:03
15049	2	DP	2	ASSIST CLEAR	1420	29	true	2026/09/19 20:46:03
15049	3	P1	6	EX HARD CLEAR	2057	10	true	2026/09/19 20:46:03
15049	3	DP	3	EASY CLEAR	2047	75	true	2026/09/19 20:46:03
15049	4	P1	0	NO PLAY	0	-	false	2026/09/19 20:46:03
15049	4	DP	0	NO PLAY	0	-	false	2026/09/19 20:46:03
15050	0	P1	0	NO PLAY	0	-	false	2026/09/19 20:46:03
15050	0	DP	0	NO PLAY	0	-	false	2026/09/19 20:46:03
15050	1	P1	0	NO PLAY	0	-	false	2026/09/19 20:46:03
15050	1	DP	0	NO PLAY	0	-	false	2026/09/19 20:46:03
15050	2	P1	0	NO PLAY	0	-	false	2026/09/19 20:46:03
15050	2	DP	0	NO PLAY	0	-	false	2026/09/19 20:46:03
15050	3	P1	0	NO PLAY	0	-	false	2026/09/19 20:46:03
15050	3	DP	0	NO PLAY	0	-	false	2026/09/19 20:46:03
15050	4	P1	0	NO PLAY	0	-	false	2026/09/19 20:46:03
15050	4	DP	0	NO PLAY	0	-	false	2026/09/19 20:46:03
15051	0	P1	0	NO PLAY	0	-	false	2026/09/19 20:46:03
15051	0	DP	0	NO PLAY	0	-	false	2026/09/19 20:46:03
15051	1	P1	0	NO PLAY	0	-	false	2026/09/19 20:46:03
15051	1	DP	0	NO PLAY	0	-	false	2026/09/19 20:46:03
15051	2	P1	0	NO PLAY	0	-	false	2026/09/19 20:46:03
15051	2	DP	0	NO PLAY	0	-	false	2026/09/19 20:46:03
15051	3	P1	0	NO PLAY	0	-	false	2026/09/19 20:46:03
15051	3	DP	0	NO PLAY	0	-	false	2026/09/19 20:46:03
15051	4	P1	0	NO PLAY	0	-	false	2026/09/19 20:46:03
15051	4	DP	0	NO PLAY	0	-	false	2026/09/19 20:46:03
15052	0	P1	0	NO PLAY	0	-	false	2026/09/19 20:46:03
15052	0	DP	0	NO PLAY	0	-	false	2026/09/19 20:46:03
15052	1	P1	0	NO PLAY	0	-	false	2026/09/19 20:46:03
15052	1	DP	0	NO PLAY	0	-	false	2026/09/19 20:46:03
15052	2	P1	0	NO PLAY	0	-	false	2026/09/19 20:46:03
15052	2	DP	0	NO PLAY	0	-	false	2026/09/19 20:46:03
15052	3	P1	0	NO PLAY	0	-	false	2026/09/19 20:46:03
15052	3	DP	6	EX HARD CLEAR	1999	8	true	2026/09/19 20:46:03
15052	4	P1	0	NO PLAY	0	-	false	2026/09/19 20:46:03
15052	4	DP	0	NO PLAY	0	-	false	2026/09/19 20:46:03
15054	0	P1	0	NO PLAY	0	-	false	2026/09/19 20:46:03
15054	0	DP	0	NO PLAY	0	-	false	2026/09/19 20:46:03
15054	1	P1	0	NO PLAY	0	-	false	2026/09/19 20:46:03
15054	1	DP	0	NO PLAY	0	-	false	2026/09/19 20:46:03
15054	2	P1	0	NO PLAY	0	-	false	2026/09/19 20:46:03
15054	2	DP	0	NO PLAY	0	-	false	2026/09/19 20:46:03
15054	3	P1	0	NO PLAY	0	-	false	2026/09/19 20:46:03
15054	3	DP	6	EX HARD CLEAR	1708	11	true	2026/09/19 20:46:03
15054	4	P1	6	EX HARD CLEAR	2707	7	true	2026/09/19 20:46:03
15054	4	DP	6	EX HARD CLEAR	2694	15	true	2026/09/19 20:46:03
15056	0	P1	0	NO PLAY	0	-	false	2026/09/19 20:46:03
15056	0	DP	0	NO PLAY	0	-	false	2026/09/19 20:46:03
15056	1	P1	0	NO PLAY	0	-	false	2026/09/19 20:46:03
15056	1	DP	0	NO PLAY	0	-	false	2026/09/19 20:46:03
15056	2	P1	0	NO PLAY	0	-	false	2026/09/19 20:46:03
15056	2	DP	0	NO PLAY	0	-	false	2026/09/19 20:46:03
15056	3	P1	0	NO PLAY	0	-	false	2026/09/19 20:46:03
15056	3	DP	6	EX HARD CLEAR	2423	18	true	2026/09/19 20:46:03
15056	4	P1	0	NO PLAY	0	-	false	2026/09/19 20:46:03
15056	4	DP	0	NO PLAY	0	-	false	2026/09/19 20:46:03
15057	0	P1	0	NO PLAY	0	-	false	2026/09/19 20:46:03
15057	0	DP	0	NO PLAY	0	-	false	2026/09/19 20:46:03
15057	1	P1	0	NO PLAY	0	-	false	2026/09/19 20:46:03
15057	1	DP	0	NO PLAY	0	-	false	2026/09/19 20:46:03
15057	2	P1	0	NO PLAY	0	-	false	2026/09/19 20:46:03
15057	2	DP	0	NO PLAY	0	-	false	2026/09/19 20:46:03
15057	3	P1	0	NO PLAY	0	-	false	2026/09/19 20:46:03
15057	3	DP	6	EX HARD CLEAR	2200	15	true	2026/09/19 20:46:03
15057	4	P1	0	NO PLAY	0	-	false	2026/09/19 20:46:03
15057	4	DP	0	NO PLAY	0	-	false	2026/09/19 20:46:03
15058	0	P1	0	NO PLAY	0	-	false	2026/09/19 20:46:03
15058	0	DP	0	NO PLAY	0	-	false	2026/09/19 20:46:03
15058	1	P1	0	NO PLAY	0	-	false	2026/09/19 20:46:03
15058	1	DP	0	NO PLAY	0	-	false	2026/09/19 20:46:03
15058	2	P1	0	NO PLAY	0	-	false	2026/09/19 20:46:03
15058	2	DP	0	NO PLAY	0	-	false	2026/09/19 20:46:03
15058	3	P1	0	NO PLAY	0	-	false	2026/09/19 20:46:03
15058	3	DP	6	EX HARD CLEAR	2325	16	true	2026/09/19 20:46:03
15058	4	P1	0	NO PLAY	0	-	false	2026/09/19 20:46:03
15058	4	DP	0	NO PLAY	0	-	false	2026/09/19 20:46:03
15059	0	P1	0	NO PLAY	0	-	false	2026/09/19 20:46:03
15059	0	DP	0	NO PLAY	0	-	false	2026/09/19 20:46:03
15059	1	P1	0	NO PLAY	0	-	false	2026/09/19 20:46:03
15059	1	DP	0	NO PLAY	0	-	false	2026/09/19 20:46:03
15059	2	P1	0	NO PLAY	0	-	false	2026/09/19 20:46:03
15059	2	DP	0	NO PLAY	0	-	false	2026/09/19 20:46:03
15059	3	P1	0	NO PLAY	0	-	false	2026/09/19 20:46:03
15059	3	DP	6	EX HARD CLEAR	2703	12	true	2026/09/19 20:46:03
15059	4	P1	0	NO PLAY	0	-	false	2026/09/19 20:46:03
15059	4	DP	0	NO PLAY	0	-	false	2026/09/19 20:46:03
15061	0	P1	0	NO PLAY	0	-	false	2026/09/19 20:46:03
15061	0	DP	0	NO PLAY	0	-	false	2026/09/19 20:46:03
15061	1	P1	0	NO PLAY	0	-	false	2026/09/19 20:46:03
15061	1	DP	0	NO PLAY	0	-	false	2026/09/19 20:46:03
15061	2	P1	6	EX HARD CLEAR	1782	1	true	2026/09/19 20:46:03
15061	2	DP	6	EX HARD CLEAR	1452	15	true	2026/09/19 20:46:03
15061	3	P1	0	NO PLAY	0	-	false	2026/09/19 20:46:03
15061	3	DP	0	NO PLAY	0	-	false	2026/09/19 20:46:03
15061	4	P1	6	EX HARD CLEAR	2593	11	true	2026/09/19 20:46:03
15061	4	DP	6	EX HARD CLEAR	2433	17	true	2026/09/19 20:46:03
16000	0	P1	2	ASSIST CLEAR	84	26	true	2026/09/19 20:46:03
16000	0	DP	0	NO PLAY	0	-	false	2026/09/19 20:46:03
16000	1	P1	0	NO PLAY	0	-	false	2026/09/19 20:46:03
16000	1	DP	0	NO PLAY	0	-	false	2026/09/19 20:46:03
16000	2	P1	0	NO PLAY	0	-	false	2026/09/19 20:46:03
16000	2	DP	0	NO PLAY	0	-	false	2026/09/19 20:46:03
16000	3	P1	0	NO PLAY	0	-	false	2026/09/19 20:46:03
16000	3	DP	6	EX HARD CLEAR	1920	11	true	2026/09/19 20:46:03
16000	4	P1	6	EX HARD CLEAR	2351	2	true	2026/09/19 20:46:03
16000	4	DP	6	EX HARD CLEAR	2071	16	true	2026/09/19 20:46:03
16001	0	P1	0	NO PLAY	0	-	false	2026/09/19 20:46:03
16001	0	DP	0	NO PLAY	0	-	false	2026/09/19 20:46:03
16001	1	P1	0	NO PLAY	0	-	false	2026/09/19 20:46:03
16001	1	DP	0	NO PLAY	0	-	false	2026/09/19 20:46:03
16001	2	P1	0	NO PLAY	0	-	false	2026/09/19 20:46:03
16001	2	DP	0	NO PLAY	0	-	false	2026/09/19 20:46:03
16001	3	P1	0	NO PLAY	0	-	false	2026/09/19 20:46:03
16001	3	DP	0	NO PLAY	0	-	false	2026/09/19 20:46:03
16001	4	P1	0	NO PLAY	0	-	false	2026/09/19 20:46:03
16001	4	DP	6	EX HARD CLEAR	2534	7	true	2026/09/19 20:46:03
16002	0	P1	0	NO PLAY	0	-	false	2026/09/19 20:46:03
16002	0	DP	0	NO PLAY	0	-	false	2026/09/19 20:46:03
16002	1	P1	0	NO PLAY	0	-	false	2026/09/19 20:46:03
16002	1	DP	0	NO PLAY	0	-	false	2026/09/19 20:46:03
16002	2	P1	0	NO PLAY	0	-	false	2026/09/19 20:46:03
16002	2	DP	0	NO PLAY	0	-	false	2026/09/19 20:46:03
16002	3	P1	6	EX HARD CLEAR	2759	13	true	2026/09/19 20:46:03
16002	3	DP	6	EX HARD CLEAR	2468	5	true	2026/09/19 20:46:03
16002	4	P1	6	EX HARD CLEAR	3367	25	true	2026/09/19 20:46:03
16002	4	DP	6	EX HARD CLEAR	3189	21	true	2026/09/19 20:46:03
16003	0	P1	0	NO PLAY	0	-	false	2026/09/19 20:46:03
16003	0	DP	0	NO PLAY	0	-	false	2026/09/19 20:46:03
16003	1	P1	0	NO PLAY	0	-	false	2026/09/19 20:46:03
16003	1	DP	6	EX HARD CLEAR	1183	8	true	2026/09/19 20:46:03
16003	2	P1	6	EX HARD CLEAR	2063	6	true	2026/09/19 20:46:03
16003	2	DP	6	EX HARD CLEAR	1820	9	true	2026/09/19 20:46:03
16003	3	P1	6	EX HARD CLEAR	3029	4	true	2026/09/19 20:46:03
16003	3	DP	6	EX HARD CLEAR	2912	19	true	2026/09/19 20:46:03
16003	4	P1	0	NO PLAY	0	-	false	2026/09/19 20:46:03
16003	4	DP	0	NO PLAY	0	-	false	2026/09/19 20:46:03
16004	0	P1	0	NO PLAY	0	-	false	2026/09/19 20:46:03
16004	0	DP	0	NO PLAY	0	-	false	2026/09/19 20:46:03
16004	1	P1	0	NO PLAY	0	-	false	2026/09/19 20:46:03
16004	1	DP	0	NO PLAY	0	-	false	2026/09/19 20:46:03
16004	2	P1	0	NO PLAY	0	-	false	2026/09/19 20:46:03
16004	2	DP	0	NO PLAY	0	-	false	2026/09/19 20:46:03
16004	3	P1	6	EX HARD CLEAR	3090	11	true	2026/09/19 20:46:03
16004	3	DP	6	EX HARD CLEAR	2791	13	true	2026/09/19 20:46:03
16004	4	P1	0	NO PLAY	0	-	false	2026/09/19 20:46:03
16004	4	DP	0	NO PLAY	0	-	false	2026/09/19 20:46:03
16005	0	P1	0	NO PLAY	0	-	false	2026/09/19 20:46:03
16005	0	DP	0	NO PLAY	0	-	false	2026/09/19 20:46:03
16005	1	P1	0	NO PLAY	0	-	false	2026/09/19 20:46:03
16005	1	DP	0	NO PLAY	0	-	false	2026/09/19 20:46:03
16005	2	P1	0	NO PLAY	0	-	false	2026/09/19 20:46:03
16005	2	DP	0	NO PLAY	0	-	false	2026/09/19 20:46:03
16005	3	P1	0	NO PLAY	0	-	false	2026/09/19 20:46:03
16005	3	DP	0	NO PLAY	0	-	false	2026/09/19 20:46:03
16005	4	P1	0	NO PLAY	0	-	false	2026/09/19 20:46:03
16005	4	DP	0	NO PLAY	0	-	false	2026/09/19 20:46:03
16006	0	P1	0	NO PLAY	0	-	false	2026/09/19 20:46:03
16006	0	DP	0	NO PLAY	0	-	false	2026/09/19 20:46:03
16006	1	P1	0	NO PLAY	0	-	false	2026/09/19 20:46:03
16006	1	DP	0	NO PLAY	0	-	false	2026/09/19 20:46:03
16006	2	P1	0	NO PLAY	0	-	false	2026/09/19 20:46:03
16006	2	DP	0	NO PLAY	0	-	false	2026/09/19 20:46:03
16006	3	P1	6	EX HARD CLEAR	2608	15	true	2026/09/19 20:46:03
16006	3	DP	5	HARD CLEAR	2314	24	true	2026/09/19 20:46:03
16006	4	P1	0	NO PLAY	0	-	false	2026/09/19 20:46:03
16006	4	DP	0	NO PLAY	0	-	false	2026/09/19 20:46:03
16008	0	P1	0	NO PLAY	0	-	false	2026/09/19 20:46:03
16008	0	DP	0	NO PLAY	0	-	false	2026/09/19 20:46:03
16008	1	P1	0	NO PLAY	0	-	false	2026/09/19 20:46:03
16008	1	DP	0	NO PLAY	0	-	false	2026/09/19 20:46:03
16008	2	P1	0	NO PLAY	0	-	false	2026/09/19 20:46:03
16008	2	DP	0	NO PLAY	0	-	false	2026/09/19 20:46:03
16008	3	P1	0	NO PLAY	0	-	false	2026/09/19 20:46:03
16008	3	DP	6	EX HARD CLEAR	2215	1	true	2026/09/19 20:46:03
16008	4	P1	0	NO PLAY	0	-	false	2026/09/19 20:46:03
16008	4	DP	0	NO PLAY	0	-	false	2026/09/19 20:46:03
16009	0	P1	0	NO PLAY	0	-	false	2026/09/19 20:46:03
16009	0	DP	0	NO PLAY	0	-	false	2026/09/19 20:46:03
16009	1	P1	0	NO PLAY	0	-	false	2026/09/19 20:46:03
16009	1	DP	0	NO PLAY	0	-	false	2026/09/19 20:46:03
16009	2	P1	0	NO PLAY	0	-	false	2026/09/19 20:46:03
16009	2	DP	0	NO PLAY	0	-	false	2026/09/19 20:46:03
16009	3	P1	6	EX HARD CLEAR	3312	10	true	2026/09/19 20:46:03
16009	3	DP	1	FAILED	1737	-	false	2026/09/19 20:46:03
16009	4	P1	0	NO PLAY	0	-	false	2026/09/19 20:46:03
16009	4	DP	0	NO PLAY	0	-	false	2026/09/19 20:46:03
16010	0	P1	0	NO PLAY	0	-	false	2026/09/19 20:46:03
16010	0	DP	0	NO PLAY	0	-	false	2026/09/19 20:46:03
16010	1	P1	0	NO PLAY	0	-	false	2026/09/19 20:46:03
16010	1	DP	0	NO PLAY	0	-	false	2026/09/19 20:46:03
16010	2	P1	0	NO PLAY	0	-	false	2026/09/19 20:46:03
16010	2	DP	0	NO PLAY	0	-	false	2026/09/19 20:46:03
16010	3	P1	0	NO PLAY	0	-	false	2026/09/19 20:46:03
16010	3	DP	0	NO PLAY	0	-	false	2026/09/19 20:46:03
16010	4	P1	0	NO PLAY	0	-	false	2026/09/19 20:46:03
16010	4	DP	0	NO PLAY	0	-	false	2026/09/19 20:46:03
16011	0	P1	0	NO PLAY	0	-	false	2026/09/19 20:46:03
16011	0	DP	0	NO PLAY	0	-	false	2026/09/19 20:46:03
16011	1	P1	0	NO PLAY	0	-	false	2026/09/19 20:46:03
16011	1	DP	0	NO PLAY	0	-	false	2026/09/19 20:46:03
16011	2	P1	0	NO PLAY	0	-	false	2026/09/19 20:46:03
16011	2	DP	0	NO PLAY	0	-	false	2026/09/19 20:46:03
16011	3	P1	0	NO PLAY	0	-	false	2026/09/19 20:46:03
16011	3	DP	6	EX HARD CLEAR	2570	13	true	2026/09/19 20:46:03
16011	4	P1	6	EX HARD CLEAR	2724	15	true	2026/09/19 20:46:03
16011	4	DP	6	EX HARD CLEAR	3139	24	true	2026/09/19 20:46:03
16012	0	P1	0	NO PLAY	0	-	false	2026/09/19 20:46:03
16012	0	DP	0	NO PLAY	0	-	false	2026/09/19 20:46:03
16012	1	P1	0	NO PLAY	0	-	false	2026/09/19 20:46:03
16012	1	DP	0	NO PLAY	0	-	false	2026/09/19 20:46:03
16012	2	P1	0	NO PLAY	0	-	false	2026/09/19 20:46:03
16012	2	DP	0	NO PLAY	0	-	false	2026/09/19 20:46:03
16012	3	P1	0	NO PLAY	0	-	false	2026/09/19 20:46:03
16012	3	DP	0	NO PLAY	0	-	false	2026/09/19 20:46:03
16012	4	P1	0	NO PLAY	0	-	false	2026/09/19 20:46:03
16012	4	DP	0	NO PLAY	0	-	false	2026/09/19 20:46:03
16013	0	P1	0	NO PLAY	0	-	false	2026/09/19 20:46:03
16013	0	DP	0	NO PLAY	0	-	false	2026/09/19 20:46:03
16013	1	P1	0	NO PLAY	0	-	false	2026/09/19 20:46:03
16013	1	DP	0	NO PLAY	0	-	false	2026/09/19 20:46:03
16013	2	P1	0	NO PLAY	0	-	false	2026/09/19 20:46:03
16013	2	DP	0	NO PLAY	0	-	false	2026/09/19 20:46:03
16013	3	P1	0	NO PLAY	0	-	false	2026/09/19 20:46:03
16013	3	DP	0	NO PLAY	0	-	false	2026/09/19 20:46:03
16013	4	P1	0	NO PLAY	0	-	false	2026/09/19 20:46:03
16013	4	DP	0	NO PLAY	0	-	false	2026/09/19 20:46:03
16014	0	P1	0	NO PLAY	0	-	false	2026/09/19 20:46:03
16014	0	DP	0	NO PLAY	0	-	false	2026/09/19 20:46:03
16014	1	P1	0	NO PLAY	0	-	false	2026/09/19 20:46:03
16014	1	DP	0	NO PLAY	0	-	false	2026/09/19 20:46:03
16014	2	P1	0	NO PLAY	0	-	false	2026/09/19 20:46:03
16014	2	DP	0	NO PLAY	0	-	false	2026/09/19 20:46:03
16014	3	P1	0	NO PLAY	0	-	false	2026/09/19 20:46:03
16014	3	DP	0	NO PLAY	0	-	false	2026/09/19 20:46:03
16014	4	P1	0	NO PLAY	0	-	false	2026/09/19 20:46:03
16014	4	DP	0	NO PLAY	0	-	false	2026/09/19 20:46:03
16015	0	P1	0	NO PLAY	0	-	false	2026/09/19 20:46:03
16015	0	DP	0	NO PLAY	0	-	false	2026/09/19 20:46:03
16015	1	P1	0	NO PLAY	0	-	false	2026/09/19 20:46:03
16015	1	DP	0	NO PLAY	0	-	false	2026/09/19 20:46:03
16015	2	P1	0	NO PLAY	0	-	false	2026/09/19 20:46:03
16015	2	DP	0	NO PLAY	0	-	false	2026/09/19 20:46:03
16015	3	P1	0	NO PLAY	0	-	false	2026/09/19 20:46:03
16015	3	DP	6	EX HARD CLEAR	2871	6	true	2026/09/19 20:46:03
16015	4	P1	6	EX HARD CLEAR	3241	14	true	2026/09/19 20:46:03
16015	4	DP	6	EX HARD CLEAR	3214	19	true	2026/09/19 20:46:03
16016	0	P1	0	NO PLAY	0	-	false	2026/09/19 20:46:03
16016	0	DP	0	NO PLAY	0	-	false	2026/09/19 20:46:03
16016	1	P1	0	NO PLAY	0	-	false	2026/09/19 20:46:03
16016	1	DP	0	NO PLAY	0	-	false	2026/09/19 20:46:03
16016	2	P1	0	NO PLAY	0	-	false	2026/09/19 20:46:03
16016	2	DP	0	NO PLAY	0	-	false	2026/09/19 20:46:03
16016	3	P1	0	NO PLAY	0	-	false	2026/09/19 20:46:03
16016	3	DP	0	NO PLAY	0	-	false	2026/09/19 20:46:03
16016	4	P1	0	NO PLAY	0	-	false	2026/09/19 20:46:03
16016	4	DP	0	NO PLAY	0	-	false	2026/09/19 20:46:03
16017	0	P1	0	NO PLAY	0	-	false	2026/09/19 20:46:03
16017	0	DP	0	NO PLAY	0	-	false	2026/09/19 20:46:03
16017	1	P1	0	NO PLAY	0	-	false	2026/09/19 20:46:03
16017	1	DP	0	NO PLAY	0	-	false	2026/09/19 20:46:03
16017	2	P1	0	NO PLAY	0	-	false	2026/09/19 20:46:03
16017	2	DP	0	NO PLAY	0	-	false	2026/09/19 20:46:03
16017	3	P1	0	NO PLAY	0	-	false	2026/09/19 20:46:03
16017	3	DP	6	EX HARD CLEAR	1784	10	true	2026/09/19 20:46:03
16017	4	P1	0	NO PLAY	0	-	false	2026/09/19 20:46:03
16017	4	DP	0	NO PLAY	0	-	false	2026/09/19 20:46:03
16018	0	P1	0	NO PLAY	0	-	false	2026/09/19 20:46:03
16018	0	DP	0	NO PLAY	0	-	false	2026/09/19 20:46:03
16018	1	P1	0	NO PLAY	0	-	false	2026/09/19 20:46:03
16018	1	DP	0	NO PLAY	0	-	false	2026/09/19 20:46:03
16018	2	P1	0	NO PLAY	0	-	false	2026/09/19 20:46:03
16018	2	DP	0	NO PLAY	0	-	false	2026/09/19 20:46:03
16018	3	P1	0	NO PLAY	0	-	false	2026/09/19 20:46:03
16018	3	DP	6	EX HARD CLEAR	2117	11	true	2026/09/19 20:46:03
16018	4	P1	5	HARD CLEAR	2827	28	true	2026/09/19 20:46:03
16018	4	DP	6	EX HARD CLEAR	2557	6	true	2026/09/19 20:46:03
16019	0	P1	0	NO PLAY	0	-	false	2026/09/19 20:46:03
16019	0	DP	0	NO PLAY	0	-	false	2026/09/19 20:46:03
16019	1	P1	0	NO PLAY	0	-	false	2026/09/19 20:46:03
16019	1	DP	0	NO PLAY	0	-	false	2026/09/19 20:46:03
16019	2	P1	0	NO PLAY	0	-	false	2026/09/19 20:46:03
16019	2	DP	0	NO PLAY	0	-	false	2026/09/19 20:46:03
16019	3	P1	0	NO PLAY	0	-	false	2026/09/19 20:46:03
16019	3	DP	6	EX HARD CLEAR	1834	11	true	2026/09/19 20:46:03
16019	4	P1	0	NO PLAY	0	-	false	2026/09/19 20:46:03
16019	4	DP	0	NO PLAY	0	-	false	2026/09/19 20:46:03
16020	0	P1	0	NO PLAY	0	-	false	2026/09/19 20:46:03
16020	0	DP	0	NO PLAY	0	-	false	2026/09/19 20:46:03
16020	1	P1	0	NO PLAY	0	-	false	2026/09/19 20:46:03
16020	1	DP	0	NO PLAY	0	-	false	2026/09/19 20:46:03
16020	2	P1	6	EX HARD CLEAR	2145	15	true	2026/09/19 20:46:03
16020	2	DP	5	HARD CLEAR	2053	42	true	2026/09/19 20:46:03
16020	3	P1	5	HARD CLEAR	3140	37	true	2026/09/19 20:46:03
16020	3	DP	3	EASY CLEAR	2872	138	true	2026/09/19 20:46:03
16020	4	P1	0	NO PLAY	0	-	false	2026/09/19 20:46:03
16020	4	DP	0	NO PLAY	0	-	false	2026/09/19 20:46:03
16021	0	P1	0	NO PLAY	0	-	false	2026/09/19 20:46:03
16021	0	DP	0	NO PLAY	0	-	false	2026/09/19 20:46:03
16021	1	P1	0	NO PLAY	0	-	false	2026/09/19 20:46:03
16021	1	DP	7	FULL COMBO	832	0	true	2026/09/19 20:46:03
16021	2	P1	0	NO PLAY	0	-	false	2026/09/19 20:46:03
16021	2	DP	0	NO PLAY	0	-	false	2026/09/19 20:46:03
16021	3	P1	5	HARD CLEAR	1625	28	true	2026/09/19 20:46:03
16021	3	DP	6	EX HARD CLEAR	1836	19	true	2026/09/19 20:46:03
16021	4	P1	6	EX HARD CLEAR	2509	5	true	2026/09/19 20:46:03
16021	4	DP	6	EX HARD CLEAR	2510	12	true	2026/09/19 20:46:03
16022	0	P1	0	NO PLAY	0	-	false	2026/09/19 20:46:03
16022	0	DP	0	NO PLAY	0	-	false	2026/09/19 20:46:03
16022	1	P1	0	NO PLAY	0	-	false	2026/09/19 20:46:03
16022	1	DP	0	NO PLAY	0	-	false	2026/09/19 20:46:03
16022	2	P1	0	NO PLAY	0	-	false	2026/09/19 20:46:03
16022	2	DP	0	NO PLAY	0	-	false	2026/09/19 20:46:03
16022	3	P1	0	NO PLAY	0	-	false	2026/09/19 20:46:03
16022	3	DP	0	NO PLAY	0	-	false	2026/09/19 20:46:03
16022	4	P1	0	NO PLAY	0	-	false	2026/09/19 20:46:03
16022	4	DP	6	EX HARD CLEAR	2077	5	true	2026/09/19 20:46:03
16023	0	P1	0	NO PLAY	0	-	false	2026/09/19 20:46:03
16023	0	DP	0	NO PLAY	0	-	false	2026/09/19 20:46:03
16023	1	P1	0	NO PLAY	0	-	false	2026/09/19 20:46:03
16023	1	DP	0	NO PLAY	0	-	false	2026/09/19 20:46:03
16023	2	P1	0	NO PLAY	0	-	false	2026/09/19 20:46:03
16023	2	DP	0	NO PLAY	0	-	false	2026/09/19 20:46:03
16023	3	P1	0	NO PLAY	0	-	false	2026/09/19 20:46:03
16023	3	DP	6	EX HARD CLEAR	1983	3	true	2026/09/19 20:46:03
16023	4	P1	0	NO PLAY	0	-	false	2026/09/19 20:46:03
16023	4	DP	0	NO PLAY	0	-	false	2026/09/19 20:46:03
16024	0	P1	0	NO PLAY	0	-	false	2026/09/19 20:46:03
16024	0	DP	0	NO PLAY	0	-	false	2026/09/19 20:46:03
16024	1	P1	0	NO PLAY	0	-	false	2026/09/19 20:46:03
16024	1	DP	0	NO PLAY	0	-	false	2026/09/19 20:46:03
16024	2	P1	0	NO PLAY	0	-	false	2026/09/19 20:46:03
16024	2	DP	0	NO PLAY	0	-	false	2026/09/19 20:46:03
16024	3	P1	0	NO PLAY	0	-	false	2026/09/19 20:46:03
16024	3	DP	6	EX HARD CLEAR	1606	10	true	2026/09/19 20:46:03
16024	4	P1	0	NO PLAY	0	-	false	2026/09/19 20:46:03
16024	4	DP	0	NO PLAY	0	-	false	2026/09/19 20:46:03
16025	0	P1	0	NO PLAY	0	-	false	2026/09/19 20:46:03
16025	0	DP	0	NO PLAY	0	-	false	2026/09/19 20:46:03
16025	1	P1	0	NO PLAY	0	-	false	2026/09/19 20:46:03
16025	1	DP	0	NO PLAY	0	-	false	2026/09/19 20:46:03
16025	2	P1	0	NO PLAY	0	-	false	2026/09/19 20:46:03
16025	2	DP	0	NO PLAY	0	-	false	2026/09/19 20:46:03
16025	3	P1	0	NO PLAY	0	-	false	2026/09/19 20:46:03
16025	3	DP	0	NO PLAY	0	-	false	2026/09/19 20:46:03
16025	4	P1	0	NO PLAY	0	-	false	2026/09/19 20:46:03
16025	4	DP	5	HARD CLEAR	2110	27	true	2026/09/19 20:46:03
16026	0	P1	0	NO PLAY	0	-	false	2026/09/19 20:46:03
16026	0	DP	0	NO PLAY	0	-	false	2026/09/19 20:46:03
16026	1	P1	0	NO PLAY	0	-	false	2026/09/19 20:46:03
16026	1	DP	0	NO PLAY	0	-	false	2026/09/19 20:46:03
16026	2	P1	0	NO PLAY	0	-	false	2026/09/19 20:46:03
16026	2	DP	0	NO PLAY	0	-	false	2026/09/19 20:46:03
16026	3	P1	5	HARD CLEAR	2662	39	true	2026/09/19 20:46:03
16026	3	DP	6	EX HARD CLEAR	3001	19	true	2026/09/19 20:46:03
16026	4	P1	0	NO PLAY	0	-	false	2026/09/19 20:46:03
16026	4	DP	0	NO PLAY	0	-	false	2026/09/19 20:46:03
16029	0	P1	0	NO PLAY	0	-	false	2026/09/19 20:46:03
16029	0	DP	0	NO PLAY	0	-	false	2026/09/19 20:46:03
16029	1	P1	0	NO PLAY	0	-	false	2026/09/19 20:46:03
16029	1	DP	0	NO PLAY	0	-	false	2026/09/19 20:46:03
16029	2	P1	0	NO PLAY	0	-	false	2026/09/19 20:46:03
16029	2	DP	0	NO PLAY	0	-	false	2026/09/19 20:46:03
16029	3	P1	0	NO PLAY	0	-	false	2026/09/19 20:46:03
16029	3	DP	0	NO PLAY	0	-	false	2026/09/19 20:46:03
16029	4	P1	0	NO PLAY	0	-	false	2026/09/19 20:46:03
16029	4	DP	0	NO PLAY	0	-	false	2026/09/19 20:46:03
16031	0	P1	0	NO PLAY	0	-	false	2026/09/19 20:46:03
16031	0	DP	0	NO PLAY	0	-	false	2026/09/19 20:46:03
16031	1	P1	0	NO PLAY	0	-	false	2026/09/19 20:46:03
16031	1	DP	0	NO PLAY	0	-	false	2026/09/19 20:46:03
16031	2	P1	0	NO PLAY	0	-	false	2026/09/19 20:46:03
16031	2	DP	0	NO PLAY	0	-	false	2026/09/19 20:46:03
16031	3	P1	6	EX HARD CLEAR	1842	7	true	2026/09/19 20:46:03
16031	3	DP	6	EX HARD CLEAR	1309	7	true	2026/09/19 20:46:03
16031	4	P1	6	EX HARD CLEAR	2128	10	true	2026/09/19 20:46:03
16031	4	DP	6	EX HARD CLEAR	1913	14	true	2026/09/19 20:46:03
16032	0	P1	0	NO PLAY	0	-	false	2026/09/19 20:46:03
16032	0	DP	0	NO PLAY	0	-	false	2026/09/19 20:46:03
16032	1	P1	0	NO PLAY	0	-	false	2026/09/19 20:46:03
16032	1	DP	0	NO PLAY	0	-	false	2026/09/19 20:46:03
16032	2	P1	0	NO PLAY	0	-	false	2026/09/19 20:46:03
16032	2	DP	0	NO PLAY	0	-	false	2026/09/19 20:46:03
16032	3	P1	0	NO PLAY	0	-	false	2026/09/19 20:46:03
16032	3	DP	0	NO PLAY	0	-	false	2026/09/19 20:46:03
16032	4	P1	0	NO PLAY	0	-	false	2026/09/19 20:46:03
16032	4	DP	0	NO PLAY	0	-	false	2026/09/19 20:46:03
16035	0	P1	0	NO PLAY	0	-	false	2026/09/19 20:46:03
16035	0	DP	0	NO PLAY	0	-	false	2026/09/19 20:46:03
16035	1	P1	0	NO PLAY	0	-	false	2026/09/19 20:46:03
16035	1	DP	0	NO PLAY	0	-	false	2026/09/19 20:46:03
16035	2	P1	0	NO PLAY	0	-	false	2026/09/19 20:46:03
16035	2	DP	0	NO PLAY	0	-	false	2026/09/19 20:46:03
16035	3	P1	0	NO PLAY	0	-	false	2026/09/19 20:46:03
16035	3	DP	0	NO PLAY	0	-	false	2026/09/19 20:46:03
16035	4	P1	0	NO PLAY	0	-	false	2026/09/19 20:46:03
16035	4	DP	0	NO PLAY	0	-	false	2026/09/19 20:46:03
16036	0	P1	0	NO PLAY	0	-	false	2026/09/19 20:46:03
16036	0	DP	0	NO PLAY	0	-	false	2026/09/19 20:46:03
16036	1	P1	0	NO PLAY	0	-	false	2026/09/19 20:46:03
16036	1	DP	0	NO PLAY	0	-	false	2026/09/19 20:46:03
16036	2	P1	0	NO PLAY	0	-	false	2026/09/19 20:46:03
16036	2	DP	0	NO PLAY	0	-	false	2026/09/19 20:46:03
16036	3	P1	0	NO PLAY	0	-	false	2026/09/19 20:46:03
16036	3	DP	0	NO PLAY	0	-	false	2026/09/19 20:46:03
16036	4	P1	0	NO PLAY	0	-	false	2026/09/19 20:46:03
16036	4	DP	0	NO PLAY	0	-	false	2026/09/19 20:46:03
16037	0	P1	0	NO PLAY	0	-	false	2026/09/19 20:46:03
16037	0	DP	0	NO PLAY	0	-	false	2026/09/19 20:46:03
16037	1	P1	0	NO PLAY	0	-	false	2026/09/19 20:46:03
16037	1	DP	0	NO PLAY	0	-	false	2026/09/19 20:46:03
16037	2	P1	0	NO PLAY	0	-	false	2026/09/19 20:46:03
16037	2	DP	0	NO PLAY	0	-	false	2026/09/19 20:46:03
16037	3	P1	0	NO PLAY	1128	-	false	2026/09/19 20:46:03
16037	3	DP	6	EX HARD CLEAR	1927	16	true	2026/09/19 20:46:03
16037	4	P1	0	NO PLAY	0	-	false	2026/09/19 20:46:03
16037	4	DP	0	NO PLAY	0	-	false	2026/09/19 20:46:03
16039	0	P1	0	NO PLAY	0	-	false	2026/09/19 20:46:03
16039	0	DP	0	NO PLAY	0	-	false	2026/09/19 20:46:03
16039	1	P1	0	NO PLAY	0	-	false	2026/09/19 20:46:03
16039	1	DP	0	NO PLAY	0	-	false	2026/09/19 20:46:03
16039	2	P1	0	NO PLAY	0	-	false	2026/09/19 20:46:03
16039	2	DP	0	NO PLAY	0	-	false	2026/09/19 20:46:03
16039	3	P1	0	NO PLAY	0	-	false	2026/09/19 20:46:03
16039	3	DP	0	NO PLAY	0	-	false	2026/09/19 20:46:03
16039	4	P1	0	NO PLAY	0	-	false	2026/09/19 20:46:03
16039	4	DP	0	NO PLAY	0	-	false	2026/09/19 20:46:03
16040	0	P1	0	NO PLAY	0	-	false	2026/09/19 20:46:03
16040	0	DP	0	NO PLAY	0	-	false	2026/09/19 20:46:03
16040	1	P1	0	NO PLAY	0	-	false	2026/09/19 20:46:03
16040	1	DP	0	NO PLAY	0	-	false	2026/09/19 20:46:03
16040	2	P1	0	NO PLAY	0	-	false	2026/09/19 20:46:03
16040	2	DP	0	NO PLAY	0	-	false	2026/09/19 20:46:03
16040	3	P1	0	NO PLAY	0	-	false	2026/09/19 20:46:03
16040	3	DP	0	NO PLAY	0	-	false	2026/09/19 20:46:03
16040	4	P1	0	NO PLAY	0	-	false	2026/09/19 20:46:03
16040	4	DP	6	EX HARD CLEAR	2242	16	true	2026/09/19 20:46:03
16041	0	P1	0	NO PLAY	0	-	false	2026/09/19 20:46:03
16041	0	DP	0	NO PLAY	0	-	false	2026/09/19 20:46:03
16041	1	P1	0	NO PLAY	0	-	false	2026/09/19 20:46:03
16041	1	DP	0	NO PLAY	0	-	false	2026/09/19 20:46:03
16041	2	P1	0	NO PLAY	0	-	false	2026/09/19 20:46:03
16041	2	DP	0	NO PLAY	0	-	false	2026/09/19 20:46:03
16041	3	P1	0	NO PLAY	0	-	false	2026/09/19 20:46:03
16041	3	DP	0	NO PLAY	0	-	false	2026/09/19 20:46:03
16041	4	P1	0	NO PLAY	0	-	false	2026/09/19 20:46:03
16041	4	DP	0	NO PLAY	0	-	false	2026/09/19 20:46:03
16042	0	P1	0	NO PLAY	0	-	false	2026/09/19 20:46:03
16042	0	DP	0	NO PLAY	0	-	false	2026/09/19 20:46:03
16042	1	P1	0	NO PLAY	0	-	false	2026/09/19 20:46:03
16042	1	DP	0	NO PLAY	0	-	false	2026/09/19 20:46:03
16042	2	P1	0	NO PLAY	0	-	false	2026/09/19 20:46:03
16042	2	DP	0	NO PLAY	0	-	false	2026/09/19 20:46:03
16042	3	P1	0	NO PLAY	0	-	false	2026/09/19 20:46:03
16042	3	DP	6	EX HARD CLEAR	2337	4	true	2026/09/19 20:46:03
16042	4	P1	6	EX HARD CLEAR	2715	5	true	2026/09/19 20:46:03
16042	4	DP	6	EX HARD CLEAR	2849	10	true	2026/09/19 20:46:03
16043	0	P1	0	NO PLAY	0	-	false	2026/09/19 20:46:03
16043	0	DP	0	NO PLAY	0	-	false	2026/09/19 20:46:03
16043	1	P1	0	NO PLAY	0	-	false	2026/09/19 20:46:03
16043	1	DP	0	NO PLAY	0	-	false	2026/09/19 20:46:03
16043	2	P1	0	NO PLAY	0	-	false	2026/09/19 20:46:03
16043	2	DP	0	NO PLAY	0	-	false	2026/09/19 20:46:03
16043	3	P1	0	NO PLAY	0	-	false	2026/09/19 20:46:03
16043	3	DP	0	NO PLAY	0	-	false	2026/09/19 20:46:03
16043	4	P1	0	NO PLAY	0	-	false	2026/09/19 20:46:03
16043	4	DP	0	NO PLAY	0	-	false	2026/09/19 20:46:03
16044	0	P1	0	NO PLAY	0	-	false	2026/09/19 20:46:03
16044	0	DP	0	NO PLAY	0	-	false	2026/09/19 20:46:03
16044	1	P1	0	NO PLAY	0	-	false	2026/09/19 20:46:03
16044	1	DP	0	NO PLAY	0	-	false	2026/09/19 20:46:03
16044	2	P1	0	NO PLAY	0	-	false	2026/09/19 20:46:03
16044	2	DP	0	NO PLAY	0	-	false	2026/09/19 20:46:03
16044	3	P1	0	NO PLAY	0	-	false	2026/09/19 20:46:03
16044	3	DP	0	NO PLAY	0	-	false	2026/09/19 20:46:03
16044	4	P1	0	NO PLAY	0	-	false	2026/09/19 20:46:03
16044	4	DP	0	NO PLAY	0	-	false	2026/09/19 20:46:03
16045	0	P1	0	NO PLAY	0	-	false	2026/09/19 20:46:03
16045	0	DP	0	NO PLAY	0	-	false	2026/09/19 20:46:03
16045	1	P1	0	NO PLAY	0	-	false	2026/09/19 20:46:03
16045	1	DP	0	NO PLAY	0	-	false	2026/09/19 20:46:03
16045	2	P1	0	NO PLAY	0	-	false	2026/09/19 20:46:03
16045	2	DP	0	NO PLAY	0	-	false	2026/09/19 20:46:03
16045	3	P1	0	NO PLAY	0	-	false	2026/09/19 20:46:03
16045	3	DP	0	NO PLAY	0	-	false	2026/09/19 20:46:03
16045	4	P1	5	HARD CLEAR	2338	7	true	2026/09/19 20:46:03
16045	4	DP	6	EX HARD CLEAR	1909	12	true	2026/09/19 20:46:03
16047	0	P1	0	NO PLAY	0	-	false	2026/09/19 20:46:03
16047	0	DP	0	NO PLAY	0	-	false	2026/09/19 20:46:03
16047	1	P1	0	NO PLAY	0	-	false	2026/09/19 20:46:03
16047	1	DP	0	NO PLAY	0	-	false	2026/09/19 20:46:03
16047	2	P1	0	NO PLAY	0	-	false	2026/09/19 20:46:03
16047	2	DP	0	NO PLAY	0	-	false	2026/09/19 20:46:03
16047	3	P1	0	NO PLAY	0	-	false	2026/09/19 20:46:03
16047	3	DP	0	NO PLAY	0	-	false	2026/09/19 20:46:03
16047	4	P1	6	EX HARD CLEAR	3155	12	true	2026/09/19 20:46:03
16047	4	DP	5	HARD CLEAR	2645	37	true	2026/09/19 20:46:03
16050	0	P1	0	NO PLAY	0	-	false	2026/09/19 20:46:03
16050	0	DP	0	NO PLAY	0	-	false	2026/09/19 20:46:03
16050	1	P1	0	NO PLAY	0	-	false	2026/09/19 20:46:03
16050	1	DP	5	HARD CLEAR	973	9	true	2026/09/19 20:46:03
16050	2	P1	0	NO PLAY	0	-	false	2026/09/19 20:46:03
16050	2	DP	5	HARD CLEAR	1523	21	true	2026/09/19 20:46:03
16050	3	P1	5	HARD CLEAR	2246	34	true	2026/09/19 20:46:03
16050	3	DP	6	EX HARD CLEAR	2332	16	true	2026/09/19 20:46:03
16050	4	P1	6	EX HARD CLEAR	2957	3	true	2026/09/19 20:46:03
16050	4	DP	6	EX HARD CLEAR	3114	14	true	2026/09/19 20:46:03
16051	0	P1	0	NO PLAY	0	-	false	2026/09/19 20:46:03
16051	0	DP	0	NO PLAY	0	-	false	2026/09/19 20:46:03
16051	1	P1	0	NO PLAY	0	-	false	2026/09/19 20:46:03
16051	1	DP	0	NO PLAY	0	-	false	2026/09/19 20:46:03
16051	2	P1	0	NO PLAY	0	-	false	2026/09/19 20:46:03
16051	2	DP	0	NO PLAY	0	-	false	2026/09/19 20:46:03
16051	3	P1	5	HARD CLEAR	1707	35	true	2026/09/19 20:46:03
16051	3	DP	4	CLEAR	1546	57	true	2026/09/19 20:46:03
16051	4	P1	0	NO PLAY	0	-	false	2026/09/19 20:46:03
16051	4	DP	0	NO PLAY	0	-	false	2026/09/19 20:46:03
16052	0	P1	0	NO PLAY	0	-	false	2026/09/19 20:46:03
16052	0	DP	0	NO PLAY	0	-	false	2026/09/19 20:46:03
16052	1	P1	0	NO PLAY	0	-	false	2026/09/19 20:46:03
16052	1	DP	0	NO PLAY	0	-	false	2026/09/19 20:46:03
16052	2	P1	0	NO PLAY	0	-	false	2026/09/19 20:46:03
16052	2	DP	0	NO PLAY	0	-	false	2026/09/19 20:46:03
16052	3	P1	0	NO PLAY	0	-	false	2026/09/19 20:46:03
16052	3	DP	0	NO PLAY	0	-	false	2026/09/19 20:46:03
16052	4	P1	0	NO PLAY	0	-	false	2026/09/19 20:46:03
16052	4	DP	0	NO PLAY	0	-	false	2026/09/19 20:46:03
16053	0	P1	0	NO PLAY	0	-	false	2026/09/19 20:46:03
16053	0	DP	0	NO PLAY	0	-	false	2026/09/19 20:46:03
16053	1	P1	0	NO PLAY	0	-	false	2026/09/19 20:46:03
16053	1	DP	0	NO PLAY	0	-	false	2026/09/19 20:46:03
16053	2	P1	0	NO PLAY	0	-	false	2026/09/19 20:46:03
16053	2	DP	0	NO PLAY	0	-	false	2026/09/19 20:46:03
16053	3	P1	0	NO PLAY	0	-	false	2026/09/19 20:46:03
16053	3	DP	6	EX HARD CLEAR	2064	12	true	2026/09/19 20:46:03
16053	4	P1	0	NO PLAY	0	-	false	2026/09/19 20:46:03
16053	4	DP	0	NO PLAY	0	-	false	2026/09/19 20:46:03
17000	0	P1	0	NO PLAY	0	-	false	2026/09/19 20:46:03
17000	0	DP	0	NO PLAY	0	-	false	2026/09/19 20:46:03
17000	1	P1	0	NO PLAY	0	-	false	2026/09/19 20:46:03
17000	1	DP	0	NO PLAY	0	-	false	2026/09/19 20:46:03
17000	2	P1	4	CLEAR	1126	18	true	2026/09/19 20:46:03
17000	2	DP	5	HARD CLEAR	1308	21	true	2026/09/19 20:46:03
17000	3	P1	3	EASY CLEAR	1542	78	true	2026/09/19 20:46:03
17000	3	DP	5	HARD CLEAR	2131	19	true	2026/09/19 20:46:03
17000	4	P1	0	NO PLAY	0	-	false	2026/09/19 20:46:03
17000	4	DP	0	NO PLAY	0	-	false	2026/09/19 20:46:03
17001	0	P1	0	NO PLAY	0	-	false	2026/09/19 20:46:03
17001	0	DP	0	NO PLAY	0	-	false	2026/09/19 20:46:03
17001	1	P1	0	NO PLAY	0	-	false	2026/09/19 20:46:03
17001	1	DP	0	NO PLAY	0	-	false	2026/09/19 20:46:03
17001	2	P1	0	NO PLAY	0	-	false	2026/09/19 20:46:03
17001	2	DP	0	NO PLAY	0	-	false	2026/09/19 20:46:03
17001	3	P1	0	NO PLAY	0	-	false	2026/09/19 20:46:03
17001	3	DP	0	NO PLAY	0	-	false	2026/09/19 20:46:03
17001	4	P1	0	NO PLAY	0	-	false	2026/09/19 20:46:03
17001	4	DP	6	EX HARD CLEAR	3202	16	true	2026/09/19 20:46:03
17002	0	P1	0	NO PLAY	0	-	false	2026/09/19 20:46:03
17002	0	DP	0	NO PLAY	0	-	false	2026/09/19 20:46:03
17002	1	P1	0	NO PLAY	0	-	false	2026/09/19 20:46:03
17002	1	DP	0	NO PLAY	0	-	false	2026/09/19 20:46:03
17002	2	P1	4	CLEAR	1304	17	true	2026/09/19 20:46:03
17002	2	DP	0	NO PLAY	0	-	false	2026/09/19 20:46:03
17002	3	P1	3	EASY CLEAR	1795	35	true	2026/09/19 20:46:03
17002	3	DP	0	NO PLAY	0	-	false	2026/09/19 20:46:03
17002	4	P1	0	NO PLAY	0	-	false	2026/09/19 20:46:03
17002	4	DP	0	NO PLAY	0	-	false	2026/09/19 20:46:03
17003	0	P1	0	NO PLAY	0	-	false	2026/09/19 20:46:03
17003	0	DP	0	NO PLAY	0	-	false	2026/09/19 20:46:03
17003	1	P1	0	NO PLAY	0	-	false	2026/09/19 20:46:03
17003	1	DP	7	FULL COMBO	838	1	true	2026/09/19 20:46:03
17003	2	P1	0	NO PLAY	0	-	false	2026/09/19 20:46:03
17003	2	DP	0	NO PLAY	0	-	false	2026/09/19 20:46:03
17003	3	P1	6	EX HARD CLEAR	1983	3	true	2026/09/19 20:46:03
17003	3	DP	5	HARD CLEAR	1537	28	true	2026/09/19 20:46:03
17003	4	P1	0	NO PLAY	0	-	false	2026/09/19 20:46:03
17003	4	DP	0	NO PLAY	0	-	false	2026/09/19 20:46:03
17004	0	P1	0	NO PLAY	0	-	false	2026/09/19 20:46:03
17004	0	DP	0	NO PLAY	0	-	false	2026/09/19 20:46:03
17004	1	P1	0	NO PLAY	0	-	false	2026/09/19 20:46:03
17004	1	DP	0	NO PLAY	0	-	false	2026/09/19 20:46:03
17004	2	P1	0	NO PLAY	0	-	false	2026/09/19 20:46:03
17004	2	DP	0	NO PLAY	0	-	false	2026/09/19 20:46:03
17004	3	P1	0	NO PLAY	0	-	false	2026/09/19 20:46:03
17004	3	DP	6	EX HARD CLEAR	2018	15	true	2026/09/19 20:46:03
17004	4	P1	0	NO PLAY	0	-	false	2026/09/19 20:46:03
17004	4	DP	0	NO PLAY	0	-	false	2026/09/19 20:46:03
17005	0	P1	0	NO PLAY	0	-	false	2026/09/19 20:46:03
17005	0	DP	0	NO PLAY	0	-	false	2026/09/19 20:46:03
17005	1	P1	0	NO PLAY	0	-	false	2026/09/19 20:46:03
17005	1	DP	0	NO PLAY	0	-	false	2026/09/19 20:46:03
17005	2	P1	0	NO PLAY	0	-	false	2026/09/19 20:46:03
17005	2	DP	0	NO PLAY	0	-	false	2026/09/19 20:46:03
17005	3	P1	0	NO PLAY	0	-	false	2026/09/19 20:46:03
17005	3	DP	0	NO PLAY	0	-	false	2026/09/19 20:46:03
17005	4	P1	0	NO PLAY	0	-	false	2026/09/19 20:46:03
17005	4	DP	0	NO PLAY	0	-	false	2026/09/19 20:46:03
17006	0	P1	0	NO PLAY	0	-	false	2026/09/19 20:46:03
17006	0	DP	0	NO PLAY	0	-	false	2026/09/19 20:46:03
17006	1	P1	0	NO PLAY	0	-	false	2026/09/19 20:46:03
17006	1	DP	0	NO PLAY	0	-	false	2026/09/19 20:46:03
17006	2	P1	0	NO PLAY	0	-	false	2026/09/19 20:46:03
17006	2	DP	0	NO PLAY	0	-	false	2026/09/19 20:46:03
17006	3	P1	5	HARD CLEAR	2843	31	true	2026/09/19 20:46:03
17006	3	DP	5	HARD CLEAR	2798	60	true	2026/09/19 20:46:03
17006	4	P1	0	NO PLAY	0	-	false	2026/09/19 20:46:03
17006	4	DP	0	NO PLAY	0	-	false	2026/09/19 20:46:03
17007	0	P1	0	NO PLAY	0	-	false	2026/09/19 20:46:03
17007	0	DP	0	NO PLAY	0	-	false	2026/09/19 20:46:03
17007	1	P1	5	HARD CLEAR	1114	5	true	2026/09/19 20:46:03
17007	1	DP	0	NO PLAY	0	-	false	2026/09/19 20:46:03
17007	2	P1	3	EASY CLEAR	1624	73	true	2026/09/19 20:46:03
17007	2	DP	0	NO PLAY	0	-	false	2026/09/19 20:46:03
17007	3	P1	5	HARD CLEAR	2710	24	true	2026/09/19 20:46:03
17007	3	DP	6	EX HARD CLEAR	2832	16	true	2026/09/19 20:46:03
17007	4	P1	0	NO PLAY	0	-	false	2026/09/19 20:46:03
17007	4	DP	0	NO PLAY	0	-	false	2026/09/19 20:46:03
17008	0	P1	0	NO PLAY	0	-	false	2026/09/19 20:46:03
17008	0	DP	0	NO PLAY	0	-	false	2026/09/19 20:46:03
17008	1	P1	0	NO PLAY	0	-	false	2026/09/19 20:46:03
17008	1	DP	0	NO PLAY	0	-	false	2026/09/19 20:46:03
17008	2	P1	0	NO PLAY	0	-	false	2026/09/19 20:46:03
17008	2	DP	0	NO PLAY	0	-	false	2026/09/19 20:46:03
17008	3	P1	0	NO PLAY	0	-	false	2026/09/19 20:46:03
17008	3	DP	5	HARD CLEAR	1676	27	true	2026/09/19 20:46:03
17008	4	P1	0	NO PLAY	0	-	false	2026/09/19 20:46:03
17008	4	DP	0	NO PLAY	0	-	false	2026/09/19 20:46:03
17009	0	P1	0	NO PLAY	0	-	false	2026/09/19 20:46:03
17009	0	DP	0	NO PLAY	0	-	false	2026/09/19 20:46:03
17009	1	P1	0	NO PLAY	0	-	false	2026/09/19 20:46:03
17009	1	DP	0	NO PLAY	0	-	false	2026/09/19 20:46:03
17009	2	P1	0	NO PLAY	0	-	false	2026/09/19 20:46:03
17009	2	DP	0	NO PLAY	0	-	false	2026/09/19 20:46:03
17009	3	P1	5	HARD CLEAR	2921	34	true	2026/09/19 20:46:03
17009	3	DP	6	EX HARD CLEAR	2957	23	true	2026/09/19 20:46:03
17009	4	P1	0	NO PLAY	0	-	false	2026/09/19 20:46:03
17009	4	DP	0	NO PLAY	0	-	false	2026/09/19 20:46:03
17010	0	P1	0	NO PLAY	0	-	false	2026/09/19 20:46:03
17010	0	DP	0	NO PLAY	0	-	false	2026/09/19 20:46:03
17010	1	P1	0	NO PLAY	0	-	false	2026/09/19 20:46:03
17010	1	DP	0	NO PLAY	0	-	false	2026/09/19 20:46:03
17010	2	P1	0	NO PLAY	0	-	false	2026/09/19 20:46:03
17010	2	DP	0	NO PLAY	0	-	false	2026/09/19 20:46:03
17010	3	P1	0	NO PLAY	0	-	false	2026/09/19 20:46:03
17010	3	DP	5	HARD CLEAR	1678	27	true	2026/09/19 20:46:03
17010	4	P1	0	NO PLAY	0	-	false	2026/09/19 20:46:03
17010	4	DP	0	NO PLAY	0	-	false	2026/09/19 20:46:03
17011	0	P1	0	NO PLAY	0	-	false	2026/09/19 20:46:03
17011	0	DP	0	NO PLAY	0	-	false	2026/09/19 20:46:03
17011	1	P1	0	NO PLAY	0	-	false	2026/09/19 20:46:03
17011	1	DP	0	NO PLAY	0	-	false	2026/09/19 20:46:03
17011	2	P1	0	NO PLAY	0	-	false	2026/09/19 20:46:03
17011	2	DP	0	NO PLAY	0	-	false	2026/09/19 20:46:03
17011	3	P1	0	NO PLAY	0	-	false	2026/09/19 20:46:03
17011	3	DP	0	NO PLAY	0	-	false	2026/09/19 20:46:03
17011	4	P1	0	NO PLAY	0	-	false	2026/09/19 20:46:03
17011	4	DP	0	NO PLAY	0	-	false	2026/09/19 20:46:03
17012	0	P1	0	NO PLAY	0	-	false	2026/09/19 20:46:03
17012	0	DP	0	NO PLAY	0	-	false	2026/09/19 20:46:03
17012	1	P1	0	NO PLAY	0	-	false	2026/09/19 20:46:03
17012	1	DP	7	FULL COMBO	495	0	true	2026/09/19 20:46:03
17012	2	P1	0	NO PLAY	0	-	false	2026/09/19 20:46:03
17012	2	DP	7	FULL COMBO	1001	0	true	2026/09/19 20:46:03
17012	3	P1	0	NO PLAY	0	-	false	2026/09/19 20:46:03
17012	3	DP	0	NO PLAY	0	-	false	2026/09/19 20:46:03
17012	4	P1	0	NO PLAY	0	-	false	2026/09/19 20:46:03
17012	4	DP	0	NO PLAY	0	-	false	2026/09/19 20:46:03
17013	0	P1	0	NO PLAY	0	-	false	2026/09/19 20:46:03
17013	0	DP	0	NO PLAY	0	-	false	2026/09/19 20:46:03
17013	1	P1	0	NO PLAY	0	-	false	2026/09/19 20:46:03
17013	1	DP	0	NO PLAY	0	-	false	2026/09/19 20:46:03
17013	2	P1	0	NO PLAY	0	-	false	2026/09/19 20:46:03
17013	2	DP	5	HARD CLEAR	943	25	true	2026/09/19 20:46:03
17013	3	P1	7	FULL COMBO	1680	0	true	2026/09/19 20:46:03
17013	3	DP	6	EX HARD CLEAR	1771	3	true	2026/09/19 20:46:03
17013	4	P1	0	NO PLAY	0	-	false	2026/09/19 20:46:03
17013	4	DP	0	NO PLAY	0	-	false	2026/09/19 20:46:03
17014	0	P1	0	NO PLAY	0	-	false	2026/09/19 20:46:03
17014	0	DP	0	NO PLAY	0	-	false	2026/09/19 20:46:03
17014	1	P1	0	NO PLAY	0	-	false	2026/09/19 20:46:03
17014	1	DP	0	NO PLAY	0	-	false	2026/09/19 20:46:03
17014	2	P1	4	CLEAR	1653	27	true	2026/09/19 20:46:03
17014	2	DP	0	NO PLAY	0	-	false	2026/09/19 20:46:03
17014	3	P1	1	FAILED	692	-	false	2026/09/19 20:46:03
17014	3	DP	6	EX HARD CLEAR	2587	10	true	2026/09/19 20:46:03
17014	4	P1	0	NO PLAY	0	-	false	2026/09/19 20:46:03
17014	4	DP	0	NO PLAY	0	-	false	2026/09/19 20:46:03
17015	0	P1	0	NO PLAY	0	-	false	2026/09/19 20:46:03
17015	0	DP	0	NO PLAY	0	-	false	2026/09/19 20:46:03
17015	1	P1	0	NO PLAY	0	-	false	2026/09/19 20:46:03
17015	1	DP	6	EX HARD CLEAR	902	8	true	2026/09/19 20:46:03
17015	2	P1	6	EX HARD CLEAR	1796	10	true	2026/09/19 20:46:03
17015	2	DP	6	EX HARD CLEAR	1623	10	true	2026/09/19 20:46:03
17015	3	P1	7	FULL COMBO	2253	1	true	2026/09/19 20:46:03
17015	3	DP	5	HARD CLEAR	2816	34	true	2026/09/19 20:46:03
17015	4	P1	0	NO PLAY	0	-	false	2026/09/19 20:46:03
17015	4	DP	0	NO PLAY	0	-	false	2026/09/19 20:46:03
17016	0	P1	0	NO PLAY	0	-	false	2026/09/19 20:46:03
17016	0	DP	0	NO PLAY	0	-	false	2026/09/19 20:46:03
17016	1	P1	0	NO PLAY	0	-	false	2026/09/19 20:46:03
17016	1	DP	0	NO PLAY	0	-	false	2026/09/19 20:46:03
17016	2	P1	6	EX HARD CLEAR	1666	8	true	2026/09/19 20:46:03
17016	2	DP	6	EX HARD CLEAR	1658	9	true	2026/09/19 20:46:03
17016	3	P1	6	EX HARD CLEAR	2459	16	true	2026/09/19 20:46:03
17016	3	DP	3	EASY CLEAR	2229	96	true	2026/09/19 20:46:03
17016	4	P1	0	NO PLAY	0	-	false	2026/09/19 20:46:03
17016	4	DP	0	NO PLAY	0	-	false	2026/09/19 20:46:03
17017	0	P1	0	NO PLAY	0	-	false	2026/09/19 20:46:03
17017	0	DP	0	NO PLAY	0	-	false	2026/09/19 20:46:03
17017	1	P1	0	NO PLAY	0	-	false	2026/09/19 20:46:03
17017	1	DP	0	NO PLAY	0	-	false	2026/09/19 20:46:03
17017	2	P1	0	NO PLAY	0	-	false	2026/09/19 20:46:03
17017	2	DP	0	NO PLAY	0	-	false	2026/09/19 20:46:03
17017	3	P1	6	EX HARD CLEAR	2546	24	true	2026/09/19 20:46:03
17017	3	DP	5	HARD CLEAR	3158	97	true	2026/09/19 20:46:03
17017	4	P1	0	NO PLAY	0	-	false	2026/09/19 20:46:03
17017	4	DP	0	NO PLAY	0	-	false	2026/09/19 20:46:03
17018	0	P1	0	NO PLAY	0	-	false	2026/09/19 20:46:03
17018	0	DP	0	NO PLAY	0	-	false	2026/09/19 20:46:03
17018	1	P1	0	NO PLAY	0	-	false	2026/09/19 20:46:03
17018	1	DP	7	FULL COMBO	806	0	true	2026/09/19 20:46:03
17018	2	P1	0	NO PLAY	0	-	false	2026/09/19 20:46:03
17018	2	DP	0	NO PLAY	0	-	false	2026/09/19 20:46:03
17018	3	P1	0	NO PLAY	0	-	false	2026/09/19 20:46:03
17018	3	DP	0	NO PLAY	0	-	false	2026/09/19 20:46:03
17018	4	P1	0	NO PLAY	0	-	false	2026/09/19 20:46:03
17018	4	DP	0	NO PLAY	0	-	false	2026/09/19 20:46:03
17019	0	P1	0	NO PLAY	0	-	false	2026/09/19 20:46:03
17019	0	DP	0	NO PLAY	0	-	false	2026/09/19 20:46:03
17019	1	P1	0	NO PLAY	0	-	false	2026/09/19 20:46:03
17019	1	DP	1	FAILED	288	47	true	2026/09/19 20:46:03
17019	2	P1	0	NO PLAY	0	-	false	2026/09/19 20:46:03
17019	2	DP	0	NO PLAY	0	-	false	2026/09/19 20:46:03
17019	3	P1	0	NO PLAY	0	-	false	2026/09/19 20:46:03
17019	3	DP	0	NO PLAY	0	-	false	2026/09/19 20:46:03
17019	4	P1	0	NO PLAY	0	-	false	2026/09/19 20:46:03
17019	4	DP	0	NO PLAY	0	-	false	2026/09/19 20:46:03
17020	0	P1	0	NO PLAY	0	-	false	2026/09/19 20:46:03
17020	0	DP	0	NO PLAY	0	-	false	2026/09/19 20:46:03
17020	1	P1	0	NO PLAY	0	-	false	2026/09/19 20:46:03
17020	1	DP	3	EASY CLEAR	466	42	true	2026/09/19 20:46:03
17020	2	P1	0	NO PLAY	0	-	false	2026/09/19 20:46:03
17020	2	DP	0	NO PLAY	0	-	false	2026/09/19 20:46:03
17020	3	P1	0	NO PLAY	0	-	false	2026/09/19 20:46:03
17020	3	DP	0	NO PLAY	0	-	false	2026/09/19 20:46:03
17020	4	P1	0	NO PLAY	0	-	false	2026/09/19 20:46:03
17020	4	DP	0	NO PLAY	0	-	false	2026/09/19 20:46:03
17021	0	P1	0	NO PLAY	0	-	false	2026/09/19 20:46:03
17021	0	DP	0	NO PLAY	0	-	false	2026/09/19 20:46:03
17021	1	P1	0	NO PLAY	0	-	false	2026/09/19 20:46:03
17021	1	DP	5	HARD CLEAR	643	2	true	2026/09/19 20:46:03
17021	2	P1	0	NO PLAY	0	-	false	2026/09/19 20:46:03
17021	2	DP	0	NO PLAY	0	-	false	2026/09/19 20:46:03
17021	3	P1	0	NO PLAY	0	-	false	2026/09/19 20:46:03
17021	3	DP	0	NO PLAY	0	-	false	2026/09/19 20:46:03
17021	4	P1	0	NO PLAY	0	-	false	2026/09/19 20:46:03
17021	4	DP	0	NO PLAY	0	-	false	2026/09/19 20:46:03
17022	0	P1	0	NO PLAY	0	-	false	2026/09/19 20:46:03
17022	0	DP	0	NO PLAY	0	-	false	2026/09/19 20:46:03
17022	1	P1	1	FAILED	217	-	false	2026/09/19 20:46:03
17022	1	DP	5	HARD CLEAR	780	1	true	2026/09/19 20:46:03
17022	2	P1	5	HARD CLEAR	1434	27	true	2026/09/19 20:46:03
17022	2	DP	5	HARD CLEAR	1578	16	true	2026/09/19 20:46:03
17022	3	P1	6	EX HARD CLEAR	2643	12	true	2026/09/19 20:46:03
17022	3	DP	5	HARD CLEAR	2302	54	true	2026/09/19 20:46:03
17022	4	P1	0	NO PLAY	0	-	false	2026/09/19 20:46:03
17022	4	DP	0	NO PLAY	0	-	false	2026/09/19 20:46:03
17023	0	P1	0	NO PLAY	0	-	false	2026/09/19 20:46:03
17023	0	DP	0	NO PLAY	0	-	false	2026/09/19 20:46:03
17023	1	P1	0	NO PLAY	0	-	false	2026/09/19 20:46:03
17023	1	DP	7	FULL COMBO	698	0	true	2026/09/19 20:46:03
17023	2	P1	0	NO PLAY	0	-	false	2026/09/19 20:46:03
17023	2	DP	0	NO PLAY	0	-	false	2026/09/19 20:46:03
17023	3	P1	0	NO PLAY	0	-	false	2026/09/19 20:46:03
17023	3	DP	0	NO PLAY	0	-	false	2026/09/19 20:46:03
17023	4	P1	0	NO PLAY	0	-	false	2026/09/19 20:46:03
17023	4	DP	0	NO PLAY	0	-	false	2026/09/19 20:46:03
17024	0	P1	0	NO PLAY	0	-	false	2026/09/19 20:46:03
17024	0	DP	0	NO PLAY	0	-	false	2026/09/19 20:46:03
17024	1	P1	0	NO PLAY	0	-	false	2026/09/19 20:46:03
17024	1	DP	0	NO PLAY	0	-	false	2026/09/19 20:46:03
17024	2	P1	0	NO PLAY	0	-	false	2026/09/19 20:46:03
17024	2	DP	0	NO PLAY	0	-	false	2026/09/19 20:46:03
17024	3	P1	0	NO PLAY	0	-	false	2026/09/19 20:46:03
17024	3	DP	6	EX HARD CLEAR	1628	15	true	2026/09/19 20:46:03
17024	4	P1	0	NO PLAY	0	-	false	2026/09/19 20:46:03
17024	4	DP	0	NO PLAY	0	-	false	2026/09/19 20:46:03
17025	0	P1	0	NO PLAY	0	-	false	2026/09/19 20:46:03
17025	0	DP	0	NO PLAY	0	-	false	2026/09/19 20:46:03
17025	1	P1	0	NO PLAY	0	-	false	2026/09/19 20:46:03
17025	1	DP	0	NO PLAY	0	-	false	2026/09/19 20:46:03
17025	2	P1	0	NO PLAY	0	-	false	2026/09/19 20:46:03
17025	2	DP	0	NO PLAY	0	-	false	2026/09/19 20:46:03
17025	3	P1	3	EASY CLEAR	1644	87	true	2026/09/19 20:46:03
17025	3	DP	6	EX HARD CLEAR	2147	12	true	2026/09/19 20:46:03
17025	4	P1	0	NO PLAY	0	-	false	2026/09/19 20:46:03
17025	4	DP	0	NO PLAY	0	-	false	2026/09/19 20:46:03
17026	0	P1	0	NO PLAY	0	-	false	2026/09/19 20:46:03
17026	0	DP	0	NO PLAY	0	-	false	2026/09/19 20:46:03
17026	1	P1	0	NO PLAY	0	-	false	2026/09/19 20:46:03
17026	1	DP	6	EX HARD CLEAR	1033	4	true	2026/09/19 20:46:03
17026	2	P1	0	NO PLAY	0	-	false	2026/09/19 20:46:03
17026	2	DP	0	NO PLAY	0	-	false	2026/09/19 20:46:03
17026	3	P1	0	NO PLAY	0	-	false	2026/09/19 20:46:03
17026	3	DP	5	HARD CLEAR	2075	31	true	2026/09/19 20:46:03
17026	4	P1	0	NO PLAY	0	-	false	2026/09/19 20:46:03
17026	4	DP	0	NO PLAY	0	-	false	2026/09/19 20:46:03
17027	0	P1	0	NO PLAY	0	-	false	2026/09/19 20:46:03
17027	0	DP	0	NO PLAY	0	-	false	2026/09/19 20:46:03
17027	1	P1	0	NO PLAY	0	-	false	2026/09/19 20:46:03
17027	1	DP	0	NO PLAY	0	-	false	2026/09/19 20:46:03
17027	2	P1	0	NO PLAY	0	-	false	2026/09/19 20:46:03
17027	2	DP	0	NO PLAY	0	-	false	2026/09/19 20:46:03
17027	3	P1	3	EASY CLEAR	2008	74	true	2026/09/19 20:46:03
17027	3	DP	6	EX HARD CLEAR	1975	13	true	2026/09/19 20:46:03
17027	4	P1	0	NO PLAY	0	-	false	2026/09/19 20:46:03
17027	4	DP	0	NO PLAY	0	-	false	2026/09/19 20:46:03
17028	0	P1	0	NO PLAY	0	-	false	2026/09/19 20:46:03
17028	0	DP	0	NO PLAY	0	-	false	2026/09/19 20:46:03
17028	1	P1	0	NO PLAY	0	-	false	2026/09/19 20:46:03
17028	1	DP	0	NO PLAY	0	-	false	2026/09/19 20:46:03
17028	2	P1	0	NO PLAY	0	-	false	2026/09/19 20:46:03
17028	2	DP	0	NO PLAY	0	-	false	2026/09/19 20:46:03
17028	3	P1	0	NO PLAY	0	-	false	2026/09/19 20:46:03
17028	3	DP	6	EX HARD CLEAR	1964	8	true	2026/09/19 20:46:03
17028	4	P1	6	EX HARD CLEAR	2503	11	true	2026/09/19 20:46:03
17028	4	DP	5	HARD CLEAR	2217	25	true	2026/09/19 20:46:03
17030	0	P1	0	NO PLAY	0	-	false	2026/09/19 20:46:03
17030	0	DP	0	NO PLAY	0	-	false	2026/09/19 20:46:03
17030	1	P1	0	NO PLAY	0	-	false	2026/09/19 20:46:03
17030	1	DP	6	EX HARD CLEAR	575	3	true	2026/09/19 20:46:03
17030	2	P1	0	NO PLAY	0	-	false	2026/09/19 20:46:03
17030	2	DP	0	NO PLAY	0	-	false	2026/09/19 20:46:03
17030	3	P1	0	NO PLAY	0	-	false	2026/09/19 20:46:03
17030	3	DP	0	NO PLAY	0	-	false	2026/09/19 20:46:03
17030	4	P1	0	NO PLAY	0	-	false	2026/09/19 20:46:03
17030	4	DP	0	NO PLAY	0	-	false	2026/09/19 20:46:03
17031	0	P1	0	NO PLAY	0	-	false	2026/09/19 20:46:03
17031	0	DP	0	NO PLAY	0	-	false	2026/09/19 20:46:03
17031	1	P1	0	NO PLAY	0	-	false	2026/09/19 20:46:03
17031	1	DP	1	FAILED	334	152	true	2026/09/19 20:46:03
17031	2	P1	0	NO PLAY	0	-	false	2026/09/19 20:46:03
17031	2	DP	0	NO PLAY	0	-	false	2026/09/19 20:46:03
17031	3	P1	0	NO PLAY	0	-	false	2026/09/19 20:46:03
17031	3	DP	0	NO PLAY	0	-	false	2026/09/19 20:46:03
17031	4	P1	0	NO PLAY	0	-	false	2026/09/19 20:46:03
17031	4	DP	0	NO PLAY	0	-	false	2026/09/19 20:46:03
17032	0	P1	0	NO PLAY	0	-	false	2026/09/19 20:46:03
17032	0	DP	0	NO PLAY	0	-	false	2026/09/19 20:46:03
17032	1	P1	0	NO PLAY	0	-	false	2026/09/19 20:46:03
17032	1	DP	7	FULL COMBO	897	0	true	2026/09/19 20:46:03
17032	2	P1	0	NO PLAY	0	-	false	2026/09/19 20:46:03
17032	2	DP	0	NO PLAY	0	-	false	2026/09/19 20:46:03
17032	3	P1	6	EX HARD CLEAR	2525	20	true	2026/09/19 20:46:03
17032	3	DP	6	EX HARD CLEAR	2476	12	true	2026/09/19 20:46:03
17032	4	P1	0	NO PLAY	0	-	false	2026/09/19 20:46:03
17032	4	DP	0	NO PLAY	0	-	false	2026/09/19 20:46:03
17033	0	P1	0	NO PLAY	0	-	false	2026/09/19 20:46:03
17033	0	DP	0	NO PLAY	0	-	false	2026/09/19 20:46:03
17033	1	P1	0	NO PLAY	0	-	false	2026/09/19 20:46:03
17033	1	DP	0	NO PLAY	0	-	false	2026/09/19 20:46:03
17033	2	P1	0	NO PLAY	0	-	false	2026/09/19 20:46:03
17033	2	DP	0	NO PLAY	0	-	false	2026/09/19 20:46:03
17033	3	P1	6	EX HARD CLEAR	1832	13	true	2026/09/19 20:46:03
17033	3	DP	0	NO PLAY	0	-	false	2026/09/19 20:46:03
17033	4	P1	0	NO PLAY	0	-	false	2026/09/19 20:46:03
17033	4	DP	0	NO PLAY	0	-	false	2026/09/19 20:46:03
17034	0	P1	0	NO PLAY	0	-	false	2026/09/19 20:46:03
17034	0	DP	0	NO PLAY	0	-	false	2026/09/19 20:46:03
17034	1	P1	0	NO PLAY	0	-	false	2026/09/19 20:46:03
17034	1	DP	1	FAILED	371	45	true	2026/09/19 20:46:03
17034	2	P1	0	NO PLAY	0	-	false	2026/09/19 20:46:03
17034	2	DP	0	NO PLAY	0	-	false	2026/09/19 20:46:03
17034	3	P1	1	FAILED	754	-	false	2026/09/19 20:46:03
17034	3	DP	0	NO PLAY	0	-	false	2026/09/19 20:46:03
17034	4	P1	0	NO PLAY	0	-	false	2026/09/19 20:46:03
17034	4	DP	0	NO PLAY	0	-	false	2026/09/19 20:46:03
17037	0	P1	0	NO PLAY	0	-	false	2026/09/19 20:46:03
17037	0	DP	0	NO PLAY	0	-	false	2026/09/19 20:46:03
17037	1	P1	0	NO PLAY	0	-	false	2026/09/19 20:46:03
17037	1	DP	7	FULL COMBO	620	0	true	2026/09/19 20:46:03
17037	2	P1	0	NO PLAY	0	-	false	2026/09/19 20:46:03
17037	2	DP	0	NO PLAY	0	-	false	2026/09/19 20:46:03
17037	3	P1	0	NO PLAY	0	-	false	2026/09/19 20:46:03
17037	3	DP	1	FAILED	539	-	false	2026/09/19 20:46:03
17037	4	P1	0	NO PLAY	0	-	false	2026/09/19 20:46:03
17037	4	DP	0	NO PLAY	0	-	false	2026/09/19 20:46:03
17038	0	P1	0	NO PLAY	0	-	false	2026/09/19 20:46:03
17038	0	DP	0	NO PLAY	0	-	false	2026/09/19 20:46:03
17038	1	P1	0	NO PLAY	0	-	false	2026/09/19 20:46:03
17038	1	DP	7	FULL COMBO	470	0	true	2026/09/19 20:46:03
17038	2	P1	0	NO PLAY	0	-	false	2026/09/19 20:46:03
17038	2	DP	6	EX HARD CLEAR	721	2	true	2026/09/19 20:46:03
17038	3	P1	0	NO PLAY	0	-	false	2026/09/19 20:46:03
17038	3	DP	0	NO PLAY	0	-	false	2026/09/19 20:46:03
17038	4	P1	0	NO PLAY	0	-	false	2026/09/19 20:46:03
17038	4	DP	0	NO PLAY	0	-	false	2026/09/19 20:46:03
17039	0	P1	0	NO PLAY	0	-	false	2026/09/19 20:46:03
17039	0	DP	0	NO PLAY	0	-	false	2026/09/19 20:46:03
17039	1	P1	0	NO PLAY	0	-	false	2026/09/19 20:46:03
17039	1	DP	0	NO PLAY	0	-	false	2026/09/19 20:46:03
17039	2	P1	5	HARD CLEAR	1231	35	true	2026/09/19 20:46:03
17039	2	DP	0	NO PLAY	0	-	false	2026/09/19 20:46:03
17039	3	P1	5	HARD CLEAR	1566	12	true	2026/09/19 20:46:03
17039	3	DP	6	EX HARD CLEAR	1749	11	true	2026/09/19 20:46:03
17039	4	P1	0	NO PLAY	0	-	false	2026/09/19 20:46:03
17039	4	DP	0	NO PLAY	0	-	false	2026/09/19 20:46:03
17040	0	P1	0	NO PLAY	0	-	false	2026/09/19 20:46:03
17040	0	DP	0	NO PLAY	0	-	false	2026/09/19 20:46:03
17040	1	P1	0	NO PLAY	0	-	false	2026/09/19 20:46:03
17040	1	DP	0	NO PLAY	0	-	false	2026/09/19 20:46:03
17040	2	P1	0	NO PLAY	0	-	false	2026/09/19 20:46:03
17040	2	DP	5	HARD CLEAR	1056	14	true	2026/09/19 20:46:03
17040	3	P1	0	NO PLAY	0	-	false	2026/09/19 20:46:03
17040	3	DP	6	EX HARD CLEAR	1732	17	true	2026/09/19 20:46:03
17040	4	P1	0	NO PLAY	0	-	false	2026/09/19 20:46:03
17040	4	DP	0	NO PLAY	0	-	false	2026/09/19 20:46:03
17043	0	P1	0	NO PLAY	0	-	false	2026/09/19 20:46:03
17043	0	DP	0	NO PLAY	0	-	false	2026/09/19 20:46:03
17043	1	P1	0	NO PLAY	0	-	false	2026/09/19 20:46:03
17043	1	DP	0	NO PLAY	0	-	false	2026/09/19 20:46:03
17043	2	P1	0	NO PLAY	0	-	false	2026/09/19 20:46:03
17043	2	DP	0	NO PLAY	0	-	false	2026/09/19 20:46:03
17043	3	P1	1	FAILED	1008	-	false	2026/09/19 20:46:03
17043	3	DP	1	FAILED	1630	-	false	2026/09/19 20:46:03
17043	4	P1	6	EX HARD CLEAR	1881	13	true	2026/09/19 20:46:03
17043	4	DP	6	EX HARD CLEAR	1900	7	true	2026/09/19 20:46:03
17044	0	P1	0	NO PLAY	0	-	false	2026/09/19 20:46:03
17044	0	DP	0	NO PLAY	0	-	false	2026/09/19 20:46:03
17044	1	P1	0	NO PLAY	0	-	false	2026/09/19 20:46:03
17044	1	DP	0	NO PLAY	0	-	false	2026/09/19 20:46:03
17044	2	P1	0	NO PLAY	0	-	false	2026/09/19 20:46:03
17044	2	DP	0	NO PLAY	0	-	false	2026/09/19 20:46:03
17044	3	P1	6	EX HARD CLEAR	2593	6	true	2026/09/19 20:46:03
17044	3	DP	6	EX HARD CLEAR	2452	14	true	2026/09/19 20:46:03
17044	4	P1	0	NO PLAY	0	-	false	2026/09/19 20:46:03
17044	4	DP	0	NO PLAY	0	-	false	2026/09/19 20:46:03
17046	0	P1	0	NO PLAY	0	-	false	2026/09/19 20:46:03
17046	0	DP	0	NO PLAY	0	-	false	2026/09/19 20:46:03
17046	1	P1	0	NO PLAY	0	-	false	2026/09/19 20:46:03
17046	1	DP	0	NO PLAY	0	-	false	2026/09/19 20:46:03
17046	2	P1	5	HARD CLEAR	1432	13	true	2026/09/19 20:46:03
17046	2	DP	1	FAILED	1071	-	false	2026/09/19 20:46:03
17046	3	P1	5	HARD CLEAR	2032	36	true	2026/09/19 20:46:03
17046	3	DP	5	HARD CLEAR	2178	11	true	2026/09/19 20:46:03
17046	4	P1	0	NO PLAY	0	-	false	2026/09/19 20:46:03
17046	4	DP	0	NO PLAY	0	-	false	2026/09/19 20:46:03
17048	0	P1	0	NO PLAY	0	-	false	2026/09/19 20:46:03
17048	0	DP	0	NO PLAY	0	-	false	2026/09/19 20:46:03
17048	1	P1	0	NO PLAY	0	-	false	2026/09/19 20:46:03
17048	1	DP	0	NO PLAY	0	-	false	2026/09/19 20:46:03
17048	2	P1	0	NO PLAY	0	-	false	2026/09/19 20:46:03
17048	2	DP	0	NO PLAY	0	-	false	2026/09/19 20:46:03
17048	3	P1	0	NO PLAY	0	-	false	2026/09/19 20:46:03
17048	3	DP	0	NO PLAY	0	-	false	2026/09/19 20:46:03
17048	4	P1	0	NO PLAY	0	-	false	2026/09/19 20:46:03
17048	4	DP	0	NO PLAY	0	-	false	2026/09/19 20:46:03
17049	0	P1	0	NO PLAY	0	-	false	2026/09/19 20:46:03
17049	0	DP	0	NO PLAY	0	-	false	2026/09/19 20:46:03
17049	1	P1	0	NO PLAY	0	-	false	2026/09/19 20:46:03
17049	1	DP	0	NO PLAY	0	-	false	2026/09/19 20:46:03
17049	2	P1	0	NO PLAY	0	-	false	2026/09/19 20:46:03
17049	2	DP	0	NO PLAY	0	-	false	2026/09/19 20:46:03
17049	3	P1	0	NO PLAY	0	-	false	2026/09/19 20:46:03
17049	3	DP	0	NO PLAY	0	-	false	2026/09/19 20:46:03
17049	4	P1	0	NO PLAY	0	-	false	2026/09/19 20:46:03
17049	4	DP	0	NO PLAY	0	-	false	2026/09/19 20:46:03
17050	0	P1	0	NO PLAY	0	-	false	2026/09/19 20:46:03
17050	0	DP	0	NO PLAY	0	-	false	2026/09/19 20:46:03
17050	1	P1	0	NO PLAY	0	-	false	2026/09/19 20:46:03
17050	1	DP	0	NO PLAY	0	-	false	2026/09/19 20:46:03
17050	2	P1	0	NO PLAY	0	-	false	2026/09/19 20:46:03
17050	2	DP	0	NO PLAY	0	-	false	2026/09/19 20:46:03
17050	3	P1	0	NO PLAY	0	-	false	2026/09/19 20:46:03
17050	3	DP	0	NO PLAY	0	-	false	2026/09/19 20:46:03
17050	4	P1	0	NO PLAY	0	-	false	2026/09/19 20:46:03
17050	4	DP	0	NO PLAY	0	-	false	2026/09/19 20:46:03
17051	0	P1	2	ASSIST CLEAR	94	32	true	2026/09/19 20:46:03
17051	0	DP	0	NO PLAY	0	-	false	2026/09/19 20:46:03
17051	1	P1	0	NO PLAY	0	-	false	2026/09/19 20:46:03
17051	1	DP	0	NO PLAY	0	-	false	2026/09/19 20:46:03
17051	2	P1	0	NO PLAY	0	-	false	2026/09/19 20:46:03
17051	2	DP	0	NO PLAY	0	-	false	2026/09/19 20:46:03
17051	3	P1	0	NO PLAY	0	-	false	2026/09/19 20:46:03
17051	3	DP	0	NO PLAY	0	-	false	2026/09/19 20:46:03
17051	4	P1	0	NO PLAY	0	-	false	2026/09/19 20:46:03
17051	4	DP	0	NO PLAY	0	-	false	2026/09/19 20:46:03
17053	0	P1	0	NO PLAY	0	-	false	2026/09/19 20:46:03
17053	0	DP	0	NO PLAY	0	-	false	2026/09/19 20:46:03
17053	1	P1	0	NO PLAY	0	-	false	2026/09/19 20:46:03
17053	1	DP	0	NO PLAY	0	-	false	2026/09/19 20:46:03
17053	2	P1	0	NO PLAY	0	-	false	2026/09/19 20:46:03
17053	2	DP	0	NO PLAY	0	-	false	2026/09/19 20:46:03
17053	3	P1	0	NO PLAY	0	-	false	2026/09/19 20:46:03
17053	3	DP	0	NO PLAY	0	-	false	2026/09/19 20:46:03
17053	4	P1	0	NO PLAY	0	-	false	2026/09/19 20:46:03
17053	4	DP	0	NO PLAY	0	-	false	2026/09/19 20:46:03
17054	0	P1	0	NO PLAY	0	-	false	2026/09/19 20:46:03
17054	0	DP	0	NO PLAY	0	-	false	2026/09/19 20:46:03
17054	1	P1	0	NO PLAY	0	-	false	2026/09/19 20:46:03
17054	1	DP	0	NO PLAY	0	-	false	2026/09/19 20:46:03
17054	2	P1	0	NO PLAY	0	-	false	2026/09/19 20:46:03
17054	2	DP	0	NO PLAY	0	-	false	2026/09/19 20:46:03
17054	3	P1	6	EX HARD CLEAR	2406	9	true	2026/09/19 20:46:03
17054	3	DP	6	EX HARD CLEAR	2365	13	true	2026/09/19 20:46:03
17054	4	P1	0	NO PLAY	0	-	false	2026/09/19 20:46:03
17054	4	DP	0	NO PLAY	0	-	false	2026/09/19 20:46:03
17055	0	P1	0	NO PLAY	0	-	false	2026/09/19 20:46:03
17055	0	DP	0	NO PLAY	0	-	false	2026/09/19 20:46:03
17055	1	P1	0	NO PLAY	0	-	false	2026/09/19 20:46:03
17055	1	DP	7	FULL COMBO	613	0	true	2026/09/19 20:46:03
17055	2	P1	0	NO PLAY	0	-	false	2026/09/19 20:46:03
17055	2	DP	0	NO PLAY	0	-	false	2026/09/19 20:46:03
17055	3	P1	0	NO PLAY	0	-	false	2026/09/19 20:46:03
17055	3	DP	0	NO PLAY	0	-	false	2026/09/19 20:46:03
17055	4	P1	0	NO PLAY	0	-	false	2026/09/19 20:46:03
17055	4	DP	0	NO PLAY	0	-	false	2026/09/19 20:46:03
17056	0	P1	0	NO PLAY	0	-	false	2026/09/19 20:46:03
17056	0	DP	0	NO PLAY	0	-	false	2026/09/19 20:46:03
17056	1	P1	0	NO PLAY	0	-	false	2026/09/19 20:46:03
17056	1	DP	0	NO PLAY	0	-	false	2026/09/19 20:46:03
17056	2	P1	0	NO PLAY	0	-	false	2026/09/19 20:46:03
17056	2	DP	0	NO PLAY	0	-	false	2026/09/19 20:46:03
17056	3	P1	6	EX HARD CLEAR	2582	21	true	2026/09/19 20:46:03
17056	3	DP	5	HARD CLEAR	2497	47	true	2026/09/19 20:46:03
17056	4	P1	0	NO PLAY	0	-	false	2026/09/19 20:46:03
17056	4	DP	0	NO PLAY	0	-	false	2026/09/19 20:46:03
17058	0	P1	0	NO PLAY	0	-	false	2026/09/19 20:46:03
17058	0	DP	0	NO PLAY	0	-	false	2026/09/19 20:46:03
17058	1	P1	0	NO PLAY	0	-	false	2026/09/19 20:46:03
17058	1	DP	5	HARD CLEAR	949	3	true	2026/09/19 20:46:03
17058	2	P1	0	NO PLAY	0	-	false	2026/09/19 20:46:03
17058	2	DP	0	NO PLAY	0	-	false	2026/09/19 20:46:03
17058	3	P1	1	FAILED	874	127	true	2026/09/19 20:46:03
17058	3	DP	0	NO PLAY	0	-	false	2026/09/19 20:46:03
17058	4	P1	0	NO PLAY	0	-	false	2026/09/19 20:46:03
17058	4	DP	0	NO PLAY	0	-	false	2026/09/19 20:46:03
17059	0	P1	0	NO PLAY	0	-	false	2026/09/19 20:46:03
17059	0	DP	0	NO PLAY	0	-	false	2026/09/19 20:46:03
17059	1	P1	0	NO PLAY	0	-	false	2026/09/19 20:46:03
17059	1	DP	0	NO PLAY	0	-	false	2026/09/19 20:46:03
17059	2	P1	0	NO PLAY	0	-	false	2026/09/19 20:46:03
17059	2	DP	6	EX HARD CLEAR	1585	7	true	2026/09/19 20:46:03
17059	3	P1	6	EX HARD CLEAR	2571	12	true	2026/09/19 20:46:03
17059	3	DP	2	ASSIST CLEAR	2277	102	true	2026/09/19 20:46:03
17059	4	P1	0	NO PLAY	0	-	false	2026/09/19 20:46:03
17059	4	DP	0	NO PLAY	0	-	false	2026/09/19 20:46:03
17060	0	P1	0	NO PLAY	0	-	false	2026/09/19 20:46:03
17060	0	DP	0	NO PLAY	0	-	false	2026/09/19 20:46:03
17060	1	P1	0	NO PLAY	0	-	false	2026/09/19 20:46:03
17060	1	DP	0	NO PLAY	0	-	false	2026/09/19 20:46:03
17060	2	P1	0	NO PLAY	0	-	false	2026/09/19 20:46:03
17060	2	DP	6	EX HARD CLEAR	1876	17	true	2026/09/19 20:46:03
17060	3	P1	6	EX HARD CLEAR	2913	6	true	2026/09/19 20:46:03
17060	3	DP	6	EX HARD CLEAR	3029	20	true	2026/09/19 20:46:03
17060	4	P1	5	HARD CLEAR	3082	22	true	2026/09/19 20:46:03
17060	4	DP	5	HARD CLEAR	2972	49	true	2026/09/19 20:46:03
17062	0	P1	0	NO PLAY	0	-	false	2026/09/19 20:46:03
17062	0	DP	0	NO PLAY	0	-	false	2026/09/19 20:46:03
17062	1	P1	0	NO PLAY	0	-	false	2026/09/19 20:46:03
17062	1	DP	0	NO PLAY	0	-	false	2026/09/19 20:46:03
17062	2	P1	0	NO PLAY	0	-	false	2026/09/19 20:46:03
17062	2	DP	0	NO PLAY	0	-	false	2026/09/19 20:46:03
17062	3	P1	0	NO PLAY	0	-	false	2026/09/19 20:46:03
17062	3	DP	5	HARD CLEAR	2211	48	true	2026/09/19 20:46:03
17062	4	P1	0	NO PLAY	0	-	false	2026/09/19 20:46:03
17062	4	DP	0	NO PLAY	0	-	false	2026/09/19 20:46:03
17064	0	P1	0	NO PLAY	0	-	false	2026/09/19 20:46:03
17064	0	DP	0	NO PLAY	0	-	false	2026/09/19 20:46:03
17064	1	P1	0	NO PLAY	0	-	false	2026/09/19 20:46:03
17064	1	DP	0	NO PLAY	0	-	false	2026/09/19 20:46:03
17064	2	P1	0	NO PLAY	0	-	false	2026/09/19 20:46:03
17064	2	DP	0	NO PLAY	0	-	false	2026/09/19 20:46:03
17064	3	P1	3	EASY CLEAR	1692	28	true	2026/09/19 20:46:03
17064	3	DP	6	EX HARD CLEAR	2021	10	true	2026/09/19 20:46:03
17064	4	P1	0	NO PLAY	0	-	false	2026/09/19 20:46:03
17064	4	DP	0	NO PLAY	0	-	false	2026/09/19 20:46:03
17065	0	P1	0	NO PLAY	0	-	false	2026/09/19 20:46:03
17065	0	DP	0	NO PLAY	0	-	false	2026/09/19 20:46:03
17065	1	P1	0	NO PLAY	0	-	false	2026/09/19 20:46:03
17065	1	DP	0	NO PLAY	0	-	false	2026/09/19 20:46:03
17065	2	P1	0	NO PLAY	0	-	false	2026/09/19 20:46:03
17065	2	DP	0	NO PLAY	0	-	false	2026/09/19 20:46:03
17065	3	P1	0	NO PLAY	0	-	false	2026/09/19 20:46:03
17065	3	DP	5	HARD CLEAR	1871	39	true	2026/09/19 20:46:03
17065	4	P1	0	NO PLAY	0	-	false	2026/09/19 20:46:03
17065	4	DP	0	NO PLAY	0	-	false	2026/09/19 20:46:03
18000	0	P1	0	NO PLAY	0	-	false	2026/09/19 20:46:03
18000	0	DP	0	NO PLAY	0	-	false	2026/09/19 20:46:03
18000	1	P1	0	NO PLAY	0	-	false	2026/09/19 20:46:03
18000	1	DP	0	NO PLAY	0	-	false	2026/09/19 20:46:03
18000	2	P1	0	NO PLAY	0	-	false	2026/09/19 20:46:03
18000	2	DP	0	NO PLAY	0	-	false	2026/09/19 20:46:03
18000	3	P1	0	NO PLAY	0	-	false	2026/09/19 20:46:03
18000	3	DP	0	NO PLAY	0	-	false	2026/09/19 20:46:03
18000	4	P1	0	NO PLAY	0	-	false	2026/09/19 20:46:03
18000	4	DP	0	NO PLAY	0	-	false	2026/09/19 20:46:03
18001	0	P1	0	NO PLAY	0	-	false	2026/09/19 20:46:03
18001	0	DP	0	NO PLAY	0	-	false	2026/09/19 20:46:03
18001	1	P1	0	NO PLAY	0	-	false	2026/09/19 20:46:03
18001	1	DP	0	NO PLAY	0	-	false	2026/09/19 20:46:03
18001	2	P1	0	NO PLAY	0	-	false	2026/09/19 20:46:03
18001	2	DP	0	NO PLAY	0	-	false	2026/09/19 20:46:03
18001	3	P1	5	HARD CLEAR	2259	33	true	2026/09/19 20:46:03
18001	3	DP	6	EX HARD CLEAR	1928	16	true	2026/09/19 20:46:03
18001	4	P1	0	NO PLAY	0	-	false	2026/09/19 20:46:03
18001	4	DP	0	NO PLAY	0	-	false	2026/09/19 20:46:03
18002	0	P1	0	NO PLAY	0	-	false	2026/09/19 20:46:03
18002	0	DP	0	NO PLAY	0	-	false	2026/09/19 20:46:03
18002	1	P1	0	NO PLAY	0	-	false	2026/09/19 20:46:03
18002	1	DP	0	NO PLAY	0	-	false	2026/09/19 20:46:03
18002	2	P1	0	NO PLAY	0	-	false	2026/09/19 20:46:03
18002	2	DP	5	HARD CLEAR	1654	22	true	2026/09/19 20:46:03
18002	3	P1	3	EASY CLEAR	2108	66	true	2026/09/19 20:46:03
18002	3	DP	5	HARD CLEAR	2154	42	true	2026/09/19 20:46:03
18002	4	P1	0	NO PLAY	0	-	false	2026/09/19 20:46:03
18002	4	DP	0	NO PLAY	0	-	false	2026/09/19 20:46:03
18004	0	P1	0	NO PLAY	0	-	false	2026/09/19 20:46:03
18004	0	DP	0	NO PLAY	0	-	false	2026/09/19 20:46:03
18004	1	P1	0	NO PLAY	0	-	false	2026/09/19 20:46:03
18004	1	DP	0	NO PLAY	0	-	false	2026/09/19 20:46:03
18004	2	P1	6	EX HARD CLEAR	2080	11	true	2026/09/19 20:46:03
18004	2	DP	5	HARD CLEAR	1948	26	true	2026/09/19 20:46:03
18004	3	P1	5	HARD CLEAR	3047	34	true	2026/09/19 20:46:03
18004	3	DP	3	EASY CLEAR	2798	64	true	2026/09/19 20:46:03
18004	4	P1	0	NO PLAY	0	-	false	2026/09/19 20:46:03
18004	4	DP	0	NO PLAY	0	-	false	2026/09/19 20:46:03
18005	0	P1	0	NO PLAY	0	-	false	2026/09/19 20:46:03
18005	0	DP	0	NO PLAY	0	-	false	2026/09/19 20:46:03
18005	1	P1	0	NO PLAY	0	-	false	2026/09/19 20:46:03
18005	1	DP	0	NO PLAY	0	-	false	2026/09/19 20:46:03
18005	2	P1	0	NO PLAY	0	-	false	2026/09/19 20:46:03
18005	2	DP	0	NO PLAY	0	-	false	2026/09/19 20:46:03
18005	3	P1	0	NO PLAY	0	-	false	2026/09/19 20:46:03
18005	3	DP	0	NO PLAY	0	-	false	2026/09/19 20:46:03
18005	4	P1	0	NO PLAY	0	-	false	2026/09/19 20:46:03
18005	4	DP	0	NO PLAY	0	-	false	2026/09/19 20:46:03
18006	0	P1	0	NO PLAY	0	-	false	2026/09/19 20:46:03
18006	0	DP	0	NO PLAY	0	-	false	2026/09/19 20:46:03
18006	1	P1	0	NO PLAY	0	-	false	2026/09/19 20:46:03
18006	1	DP	1	FAILED	420	168	true	2026/09/19 20:46:03
18006	2	P1	0	NO PLAY	0	-	false	2026/09/19 20:46:03
18006	2	DP	1	FAILED	830	-	false	2026/09/19 20:46:03
18006	3	P1	6	EX HARD CLEAR	2282	13	true	2026/09/19 20:46:03
18006	3	DP	6	EX HARD CLEAR	2371	4	true	2026/09/19 20:46:03
18006	4	P1	0	NO PLAY	0	-	false	2026/09/19 20:46:03
18006	4	DP	0	NO PLAY	0	-	false	2026/09/19 20:46:03
18007	0	P1	0	NO PLAY	0	-	false	2026/09/19 20:46:03
18007	0	DP	0	NO PLAY	0	-	false	2026/09/19 20:46:03
18007	1	P1	0	NO PLAY	0	-	false	2026/09/19 20:46:03
18007	1	DP	0	NO PLAY	0	-	false	2026/09/19 20:46:03
18007	2	P1	4	CLEAR	1466	90	true	2026/09/19 20:46:03
18007	2	DP	0	NO PLAY	0	-	false	2026/09/19 20:46:03
18007	3	P1	5	HARD CLEAR	3039	33	true	2026/09/19 20:46:03
18007	3	DP	5	HARD CLEAR	2976	44	true	2026/09/19 20:46:03
18007	4	P1	0	NO PLAY	0	-	false	2026/09/19 20:46:03
18007	4	DP	0	NO PLAY	0	-	false	2026/09/19 20:46:03
18008	0	P1	0	NO PLAY	0	-	false	2026/09/19 20:46:03
18008	0	DP	0	NO PLAY	0	-	false	2026/09/19 20:46:03
18008	1	P1	0	NO PLAY	0	-	false	2026/09/19 20:46:03
18008	1	DP	0	NO PLAY	0	-	false	2026/09/19 20:46:03
18008	2	P1	0	NO PLAY	0	-	false	2026/09/19 20:46:03
18008	2	DP	0	NO PLAY	0	-	false	2026/09/19 20:46:03
18008	3	P1	0	NO PLAY	0	-	false	2026/09/19 20:46:03
18008	3	DP	6	EX HARD CLEAR	2281	20	true	2026/09/19 20:46:03
18008	4	P1	0	NO PLAY	0	-	false	2026/09/19 20:46:03
18008	4	DP	0	NO PLAY	0	-	false	2026/09/19 20:46:03
18009	0	P1	0	NO PLAY	0	-	false	2026/09/19 20:46:03
18009	0	DP	0	NO PLAY	0	-	false	2026/09/19 20:46:03
18009	1	P1	0	NO PLAY	0	-	false	2026/09/19 20:46:03
18009	1	DP	0	NO PLAY	0	-	false	2026/09/19 20:46:03
18009	2	P1	0	NO PLAY	0	-	false	2026/09/19 20:46:03
18009	2	DP	0	NO PLAY	0	-	false	2026/09/19 20:46:03
18009	3	P1	6	EX HARD CLEAR	2577	17	true	2026/09/19 20:46:03
18009	3	DP	5	HARD CLEAR	2739	55	true	2026/09/19 20:46:03
18009	4	P1	0	NO PLAY	0	-	false	2026/09/19 20:46:03
18009	4	DP	0	NO PLAY	0	-	false	2026/09/19 20:46:03
18010	0	P1	0	NO PLAY	0	-	false	2026/09/19 20:46:03
18010	0	DP	0	NO PLAY	0	-	false	2026/09/19 20:46:03
18010	1	P1	0	NO PLAY	0	-	false	2026/09/19 20:46:03
18010	1	DP	0	NO PLAY	0	-	false	2026/09/19 20:46:03
18010	2	P1	0	NO PLAY	0	-	false	2026/09/19 20:46:03
18010	2	DP	0	NO PLAY	0	-	false	2026/09/19 20:46:03
18010	3	P1	0	NO PLAY	0	-	false	2026/09/19 20:46:03
18010	3	DP	1	FAILED	1436	-	false	2026/09/19 20:46:03
18010	4	P1	0	NO PLAY	0	-	false	2026/09/19 20:46:03
18010	4	DP	0	NO PLAY	0	-	false	2026/09/19 20:46:03
18011	0	P1	0	NO PLAY	0	-	false	2026/09/19 20:46:03
18011	0	DP	0	NO PLAY	0	-	false	2026/09/19 20:46:03
18011	1	P1	0	NO PLAY	0	-	false	2026/09/19 20:46:03
18011	1	DP	7	FULL COMBO	432	0	true	2026/09/19 20:46:03
18011	2	P1	0	NO PLAY	0	-	false	2026/09/19 20:46:03
18011	2	DP	0	NO PLAY	0	-	false	2026/09/19 20:46:03
18011	3	P1	0	NO PLAY	0	-	false	2026/09/19 20:46:03
18011	3	DP	0	NO PLAY	0	-	false	2026/09/19 20:46:03
18011	4	P1	0	NO PLAY	0	-	false	2026/09/19 20:46:03
18011	4	DP	6	EX HARD CLEAR	1831	5	true	2026/09/19 20:46:03
18012	0	P1	0	NO PLAY	0	-	false	2026/09/19 20:46:03
18012	0	DP	0	NO PLAY	0	-	false	2026/09/19 20:46:03
18012	1	P1	0	NO PLAY	0	-	false	2026/09/19 20:46:03
18012	1	DP	0	NO PLAY	0	-	false	2026/09/19 20:46:03
18012	2	P1	0	NO PLAY	0	-	false	2026/09/19 20:46:03
18012	2	DP	0	NO PLAY	0	-	false	2026/09/19 20:46:03
18012	3	P1	0	NO PLAY	0	-	false	2026/09/19 20:46:03
18012	3	DP	1	FAILED	1714	-	false	2026/09/19 20:46:03
18012	4	P1	0	NO PLAY	0	-	false	2026/09/19 20:46:03
18012	4	DP	0	NO PLAY	0	-	false	2026/09/19 20:46:03
18013	0	P1	0	NO PLAY	0	-	false	2026/09/19 20:46:03
18013	0	DP	0	NO PLAY	0	-	false	2026/09/19 20:46:03
18013	1	P1	0	NO PLAY	0	-	false	2026/09/19 20:46:03
18013	1	DP	0	NO PLAY	0	-	false	2026/09/19 20:46:03
18013	2	P1	0	NO PLAY	0	-	false	2026/09/19 20:46:03
18013	2	DP	0	NO PLAY	0	-	false	2026/09/19 20:46:03
18013	3	P1	3	EASY CLEAR	1426	117	true	2026/09/19 20:46:03
18013	3	DP	5	HARD CLEAR	1539	37	true	2026/09/19 20:46:03
18013	4	P1	0	NO PLAY	0	-	false	2026/09/19 20:46:03
18013	4	DP	0	NO PLAY	0	-	false	2026/09/19 20:46:03
18014	0	P1	0	NO PLAY	0	-	false	2026/09/19 20:46:03
18014	0	DP	0	NO PLAY	0	-	false	2026/09/19 20:46:03
18014	1	P1	0	NO PLAY	0	-	false	2026/09/19 20:46:03
18014	1	DP	0	NO PLAY	0	-	false	2026/09/19 20:46:03
18014	2	P1	0	NO PLAY	0	-	false	2026/09/19 20:46:03
18014	2	DP	0	NO PLAY	0	-	false	2026/09/19 20:46:03
18014	3	P1	3	EASY CLEAR	2268	66	true	2026/09/19 20:46:03
18014	3	DP	5	HARD CLEAR	2886	43	true	2026/09/19 20:46:03
18014	4	P1	0	NO PLAY	0	-	false	2026/09/19 20:46:03
18014	4	DP	0	NO PLAY	0	-	false	2026/09/19 20:46:03
18015	0	P1	0	NO PLAY	0	-	false	2026/09/19 20:46:03
18015	0	DP	0	NO PLAY	0	-	false	2026/09/19 20:46:03
18015	1	P1	0	NO PLAY	0	-	false	2026/09/19 20:46:03
18015	1	DP	6	EX HARD CLEAR	882	6	true	2026/09/19 20:46:03
18015	2	P1	5	HARD CLEAR	1467	27	true	2026/09/19 20:46:03
18015	2	DP	6	EX HARD CLEAR	1623	9	true	2026/09/19 20:46:03
18015	3	P1	6	EX HARD CLEAR	2244	12	true	2026/09/19 20:46:03
18015	3	DP	5	HARD CLEAR	2296	32	true	2026/09/19 20:46:03
18015	4	P1	0	NO PLAY	0	-	false	2026/09/19 20:46:03
18015	4	DP	0	NO PLAY	0	-	false	2026/09/19 20:46:03
18016	0	P1	0	NO PLAY	0	-	false	2026/09/19 20:46:03
18016	0	DP	0	NO PLAY	0	-	false	2026/09/19 20:46:03
18016	1	P1	0	NO PLAY	0	-	false	2026/09/19 20:46:03
18016	1	DP	0	NO PLAY	0	-	false	2026/09/19 20:46:03
18016	2	P1	0	NO PLAY	0	-	false	2026/09/19 20:46:03
18016	2	DP	0	NO PLAY	0	-	false	2026/09/19 20:46:03
18016	3	P1	0	NO PLAY	0	-	false	2026/09/19 20:46:03
18016	3	DP	0	NO PLAY	0	-	false	2026/09/19 20:46:03
18016	4	P1	0	NO PLAY	0	-	false	2026/09/19 20:46:03
18016	4	DP	0	NO PLAY	0	-	false	2026/09/19 20:46:03
18017	0	P1	0	NO PLAY	0	-	false	2026/09/19 20:46:03
18017	0	DP	0	NO PLAY	0	-	false	2026/09/19 20:46:03
18017	1	P1	0	NO PLAY	0	-	false	2026/09/19 20:46:03
18017	1	DP	0	NO PLAY	0	-	false	2026/09/19 20:46:03
18017	2	P1	0	NO PLAY	0	-	false	2026/09/19 20:46:03
18017	2	DP	6	EX HARD CLEAR	1509	14	true	2026/09/19 20:46:03
18017	3	P1	6	EX HARD CLEAR	2480	10	true	2026/09/19 20:46:03
18017	3	DP	6	EX HARD CLEAR	2694	20	true	2026/09/19 20:46:03
18017	4	P1	0	NO PLAY	0	-	false	2026/09/19 20:46:03
18017	4	DP	0	NO PLAY	0	-	false	2026/09/19 20:46:03
18018	0	P1	0	NO PLAY	0	-	false	2026/09/19 20:46:03
18018	0	DP	0	NO PLAY	0	-	false	2026/09/19 20:46:03
18018	1	P1	0	NO PLAY	0	-	false	2026/09/19 20:46:03
18018	1	DP	0	NO PLAY	0	-	false	2026/09/19 20:46:03
18018	2	P1	0	NO PLAY	0	-	false	2026/09/19 20:46:03
18018	2	DP	0	NO PLAY	0	-	false	2026/09/19 20:46:03
18018	3	P1	0	NO PLAY	0	-	false	2026/09/19 20:46:03
18018	3	DP	0	NO PLAY	0	-	false	2026/09/19 20:46:03
18018	4	P1	0	NO PLAY	0	-	false	2026/09/19 20:46:03
18018	4	DP	5	HARD CLEAR	2495	25	true	2026/09/19 20:46:03
18019	0	P1	0	NO PLAY	0	-	false	2026/09/19 20:46:03
18019	0	DP	0	NO PLAY	0	-	false	2026/09/19 20:46:03
18019	1	P1	0	NO PLAY	0	-	false	2026/09/19 20:46:03
18019	1	DP	0	NO PLAY	0	-	false	2026/09/19 20:46:03
18019	2	P1	0	NO PLAY	0	-	false	2026/09/19 20:46:03
18019	2	DP	0	NO PLAY	0	-	false	2026/09/19 20:46:03
18019	3	P1	0	NO PLAY	0	-	false	2026/09/19 20:46:03
18019	3	DP	0	NO PLAY	0	-	false	2026/09/19 20:46:03
18019	4	P1	0	NO PLAY	0	-	false	2026/09/19 20:46:03
18019	4	DP	0	NO PLAY	0	-	false	2026/09/19 20:46:03
18021	0	P1	0	NO PLAY	0	-	false	2026/09/19 20:46:03
18021	0	DP	0	NO PLAY	0	-	false	2026/09/19 20:46:03
18021	1	P1	0	NO PLAY	0	-	false	2026/09/19 20:46:03
18021	1	DP	6	EX HARD CLEAR	779	2	true	2026/09/19 20:46:03
18021	2	P1	0	NO PLAY	0	-	false	2026/09/19 20:46:03
18021	2	DP	0	NO PLAY	0	-	false	2026/09/19 20:46:03
18021	3	P1	3	EASY CLEAR	1575	82	true	2026/09/19 20:46:03
18021	3	DP	6	EX HARD CLEAR	1737	10	true	2026/09/19 20:46:03
18021	4	P1	0	NO PLAY	0	-	false	2026/09/19 20:46:03
18021	4	DP	0	NO PLAY	0	-	false	2026/09/19 20:46:03
18022	0	P1	0	NO PLAY	0	-	false	2026/09/19 20:46:03
18022	0	DP	0	NO PLAY	0	-	false	2026/09/19 20:46:03
18022	1	P1	0	NO PLAY	0	-	false	2026/09/19 20:46:03
18022	1	DP	0	NO PLAY	0	-	false	2026/09/19 20:46:03
18022	2	P1	0	NO PLAY	0	-	false	2026/09/19 20:46:03
18022	2	DP	0	NO PLAY	0	-	false	2026/09/19 20:46:03
18022	3	P1	0	NO PLAY	1729	48	true	2026/09/19 20:46:03
18022	3	DP	0	NO PLAY	0	-	false	2026/09/19 20:46:03
18022	4	P1	0	NO PLAY	0	-	false	2026/09/19 20:46:03
18022	4	DP	0	NO PLAY	0	-	false	2026/09/19 20:46:03
18023	0	P1	0	NO PLAY	0	-	false	2026/09/19 20:46:03
18023	0	DP	0	NO PLAY	0	-	false	2026/09/19 20:46:03
18023	1	P1	0	NO PLAY	0	-	false	2026/09/19 20:46:03
18023	1	DP	0	NO PLAY	0	-	false	2026/09/19 20:46:03
18023	2	P1	0	NO PLAY	0	-	false	2026/09/19 20:46:03
18023	2	DP	5	HARD CLEAR	1631	22	true	2026/09/19 20:46:03
18023	3	P1	4	CLEAR	1678	38	true	2026/09/19 20:46:03
18023	3	DP	6	EX HARD CLEAR	2341	10	true	2026/09/19 20:46:03
18023	4	P1	0	NO PLAY	0	-	false	2026/09/19 20:46:03
18023	4	DP	0	NO PLAY	0	-	false	2026/09/19 20:46:03
18024	0	P1	0	NO PLAY	0	-	false	2026/09/19 20:46:03
18024	0	DP	0	NO PLAY	0	-	false	2026/09/19 20:46:03
18024	1	P1	0	NO PLAY	0	-	false	2026/09/19 20:46:03
18024	1	DP	0	NO PLAY	0	-	false	2026/09/19 20:46:03
18024	2	P1	0	NO PLAY	0	-	false	2026/09/19 20:46:03
18024	2	DP	0	NO PLAY	0	-	false	2026/09/19 20:46:03
18024	3	P1	0	NO PLAY	0	-	false	2026/09/19 20:46:03
18024	3	DP	6	EX HARD CLEAR	2249	6	true	2026/09/19 20:46:03
18024	4	P1	0	NO PLAY	0	-	false	2026/09/19 20:46:03
18024	4	DP	0	NO PLAY	0	-	false	2026/09/19 20:46:03
18025	0	P1	0	NO PLAY	0	-	false	2026/09/19 20:46:03
18025	0	DP	0	NO PLAY	0	-	false	2026/09/19 20:46:03
18025	1	P1	0	NO PLAY	0	-	false	2026/09/19 20:46:03
18025	1	DP	0	NO PLAY	0	-	false	2026/09/19 20:46:03
18025	2	P1	0	NO PLAY	0	-	false	2026/09/19 20:46:03
18025	2	DP	0	NO PLAY	0	-	false	2026/09/19 20:46:03
18025	3	P1	0	NO PLAY	0	-	false	2026/09/19 20:46:03
18025	3	DP	0	NO PLAY	0	-	false	2026/09/19 20:46:03
18025	4	P1	0	NO PLAY	0	-	false	2026/09/19 20:46:03
18025	4	DP	6	EX HARD CLEAR	2039	11	true	2026/09/19 20:46:03
18026	0	P1	0	NO PLAY	0	-	false	2026/09/19 20:46:03
18026	0	DP	0	NO PLAY	0	-	false	2026/09/19 20:46:03
18026	1	P1	0	NO PLAY	0	-	false	2026/09/19 20:46:03
18026	1	DP	0	NO PLAY	0	-	false	2026/09/19 20:46:03
18026	2	P1	0	NO PLAY	0	-	false	2026/09/19 20:46:03
18026	2	DP	0	NO PLAY	0	-	false	2026/09/19 20:46:03
18026	3	P1	0	NO PLAY	0	-	false	2026/09/19 20:46:03
18026	3	DP	6	EX HARD CLEAR	2248	15	true	2026/09/19 20:46:03
18026	4	P1	0	NO PLAY	0	-	false	2026/09/19 20:46:03
18026	4	DP	0	NO PLAY	0	-	false	2026/09/19 20:46:03
18027	0	P1	0	NO PLAY	0	-	false	2026/09/19 20:46:03
18027	0	DP	0	NO PLAY	0	-	false	2026/09/19 20:46:03
18027	1	P1	0	NO PLAY	0	-	false	2026/09/19 20:46:03
18027	1	DP	0	NO PLAY	0	-	false	2026/09/19 20:46:03
18027	2	P1	0	NO PLAY	0	-	false	2026/09/19 20:46:03
18027	2	DP	0	NO PLAY	0	-	false	2026/09/19 20:46:03
18027	3	P1	7	FULL COMBO	1906	0	true	2026/09/19 20:46:03
18027	3	DP	1	FAILED	783	-	false	2026/09/19 20:46:03
18027	4	P1	0	NO PLAY	0	-	false	2026/09/19 20:46:03
18027	4	DP	0	NO PLAY	0	-	false	2026/09/19 20:46:03
18028	0	P1	0	NO PLAY	0	-	false	2026/09/19 20:46:03
18028	0	DP	0	NO PLAY	0	-	false	2026/09/19 20:46:03
18028	1	P1	0	NO PLAY	0	-	false	2026/09/19 20:46:03
18028	1	DP	5	HARD CLEAR	593	8	true	2026/09/19 20:46:03
18028	2	P1	0	NO PLAY	0	-	false	2026/09/19 20:46:03
18028	2	DP	1	FAILED	638	-	false	2026/09/19 20:46:03
18028	3	P1	6	EX HARD CLEAR	1708	12	true	2026/09/19 20:46:03
18028	3	DP	5	HARD CLEAR	1721	48	true	2026/09/19 20:46:03
18028	4	P1	0	NO PLAY	0	-	false	2026/09/19 20:46:03
18028	4	DP	0	NO PLAY	0	-	false	2026/09/19 20:46:03
18029	0	P1	0	NO PLAY	0	-	false	2026/09/19 20:46:03
18029	0	DP	0	NO PLAY	0	-	false	2026/09/19 20:46:03
18029	1	P1	0	NO PLAY	0	-	false	2026/09/19 20:46:03
18029	1	DP	0	NO PLAY	0	-	false	2026/09/19 20:46:03
18029	2	P1	0	NO PLAY	0	-	false	2026/09/19 20:46:03
18029	2	DP	0	NO PLAY	0	-	false	2026/09/19 20:46:03
18029	3	P1	0	NO PLAY	0	-	false	2026/09/19 20:46:03
18029	3	DP	1	FAILED	1551	-	false	2026/09/19 20:46:03
18029	4	P1	0	NO PLAY	0	-	false	2026/09/19 20:46:03
18029	4	DP	0	NO PLAY	0	-	false	2026/09/19 20:46:03
18030	0	P1	0	NO PLAY	0	-	false	2026/09/19 20:46:03
18030	0	DP	0	NO PLAY	0	-	false	2026/09/19 20:46:03
18030	1	P1	0	NO PLAY	0	-	false	2026/09/19 20:46:03
18030	1	DP	0	NO PLAY	0	-	false	2026/09/19 20:46:03
18030	2	P1	0	NO PLAY	0	-	false	2026/09/19 20:46:03
18030	2	DP	0	NO PLAY	0	-	false	2026/09/19 20:46:03
18030	3	P1	0	NO PLAY	0	-	false	2026/09/19 20:46:03
18030	3	DP	0	NO PLAY	0	-	false	2026/09/19 20:46:03
18030	4	P1	0	NO PLAY	0	-	false	2026/09/19 20:46:03
18030	4	DP	0	NO PLAY	0	-	false	2026/09/19 20:46:03
18032	0	P1	0	NO PLAY	0	-	false	2026/09/19 20:46:03
18032	0	DP	0	NO PLAY	0	-	false	2026/09/19 20:46:03
18032	1	P1	0	NO PLAY	0	-	false	2026/09/19 20:46:03
18032	1	DP	0	NO PLAY	0	-	false	2026/09/19 20:46:03
18032	2	P1	0	NO PLAY	0	-	false	2026/09/19 20:46:03
18032	2	DP	0	NO PLAY	0	-	false	2026/09/19 20:46:03
18032	3	P1	5	HARD CLEAR	2302	37	true	2026/09/19 20:46:03
18032	3	DP	5	HARD CLEAR	2316	45	true	2026/09/19 20:46:03
18032	4	P1	0	NO PLAY	0	-	false	2026/09/19 20:46:03
18032	4	DP	0	NO PLAY	0	-	false	2026/09/19 20:46:03
18035	0	P1	0	NO PLAY	0	-	false	2026/09/19 20:46:03
18035	0	DP	0	NO PLAY	0	-	false	2026/09/19 20:46:03
18035	1	P1	0	NO PLAY	0	-	false	2026/09/19 20:46:03
18035	1	DP	0	NO PLAY	0	-	false	2026/09/19 20:46:03
18035	2	P1	0	NO PLAY	0	-	false	2026/09/19 20:46:03
18035	2	DP	0	NO PLAY	0	-	false	2026/09/19 20:46:03
18035	3	P1	7	FULL COMBO	2187	0	true	2026/09/19 20:46:03
18035	3	DP	0	NO PLAY	0	-	false	2026/09/19 20:46:03
18035	4	P1	0	NO PLAY	0	-	false	2026/09/19 20:46:03
18035	4	DP	0	NO PLAY	0	-	false	2026/09/19 20:46:03
18036	0	P1	0	NO PLAY	0	-	false	2026/09/19 20:46:03
18036	0	DP	0	NO PLAY	0	-	false	2026/09/19 20:46:03
18036	1	P1	0	NO PLAY	0	-	false	2026/09/19 20:46:03
18036	1	DP	0	NO PLAY	0	-	false	2026/09/19 20:46:03
18036	2	P1	0	NO PLAY	0	-	false	2026/09/19 20:46:03
18036	2	DP	0	NO PLAY	0	-	false	2026/09/19 20:46:03
18036	3	P1	0	NO PLAY	0	-	false	2026/09/19 20:46:03
18036	3	DP	0	NO PLAY	0	-	false	2026/09/19 20:46:03
18036	4	P1	0	NO PLAY	0	-	false	2026/09/19 20:46:03
18036	4	DP	6	EX HARD CLEAR	1969	8	true	2026/09/19 20:46:03
18041	0	P1	0	NO PLAY	0	-	false	2026/09/19 20:46:03
18041	0	DP	0	NO PLAY	0	-	false	2026/09/19 20:46:03
18041	1	P1	0	NO PLAY	0	-	false	2026/09/19 20:46:03
18041	1	DP	0	NO PLAY	0	-	false	2026/09/19 20:46:03
18041	2	P1	0	NO PLAY	0	-	false	2026/09/19 20:46:03
18041	2	DP	0	NO PLAY	0	-	false	2026/09/19 20:46:03
18041	3	P1	0	NO PLAY	0	-	false	2026/09/19 20:46:03
18041	3	DP	0	NO PLAY	0	-	false	2026/09/19 20:46:03
18041	4	P1	0	NO PLAY	0	-	false	2026/09/19 20:46:03
18041	4	DP	0	NO PLAY	0	-	false	2026/09/19 20:46:03
18042	0	P1	0	NO PLAY	0	-	false	2026/09/19 20:46:03
18042	0	DP	0	NO PLAY	0	-	false	2026/09/19 20:46:03
18042	1	P1	0	NO PLAY	0	-	false	2026/09/19 20:46:03
18042	1	DP	0	NO PLAY	0	-	false	2026/09/19 20:46:03
18042	2	P1	0	NO PLAY	0	-	false	2026/09/19 20:46:03
18042	2	DP	0	NO PLAY	0	-	false	2026/09/19 20:46:03
18042	3	P1	0	NO PLAY	0	-	false	2026/09/19 20:46:03
18042	3	DP	6	EX HARD CLEAR	2116	10	true	2026/09/19 20:46:03
18042	4	P1	0	NO PLAY	0	-	false	2026/09/19 20:46:03
18042	4	DP	0	NO PLAY	0	-	false	2026/09/19 20:46:03
18043	0	P1	0	NO PLAY	0	-	false	2026/09/19 20:46:03
18043	0	DP	0	NO PLAY	0	-	false	2026/09/19 20:46:03
18043	1	P1	0	NO PLAY	0	-	false	2026/09/19 20:46:03
18043	1	DP	0	NO PLAY	0	-	false	2026/09/19 20:46:03
18043	2	P1	0	NO PLAY	0	-	false	2026/09/19 20:46:03
18043	2	DP	0	NO PLAY	0	-	false	2026/09/19 20:46:03
18043	3	P1	0	NO PLAY	0	-	false	2026/09/19 20:46:03
18043	3	DP	6	EX HARD CLEAR	1992	5	true	2026/09/19 20:46:03
18043	4	P1	0	NO PLAY	0	-	false	2026/09/19 20:46:03
18043	4	DP	0	NO PLAY	0	-	false	2026/09/19 20:46:03
18044	0	P1	0	NO PLAY	0	-	false	2026/09/19 20:46:03
18044	0	DP	0	NO PLAY	0	-	false	2026/09/19 20:46:03
18044	1	P1	0	NO PLAY	0	-	false	2026/09/19 20:46:03
18044	1	DP	0	NO PLAY	0	-	false	2026/09/19 20:46:03
18044	2	P1	0	NO PLAY	0	-	false	2026/09/19 20:46:03
18044	2	DP	0	NO PLAY	0	-	false	2026/09/19 20:46:03
18044	3	P1	0	NO PLAY	0	-	false	2026/09/19 20:46:03
18044	3	DP	6	EX HARD CLEAR	2118	10	true	2026/09/19 20:46:03
18044	4	P1	0	NO PLAY	0	-	false	2026/09/19 20:46:03
18044	4	DP	0	NO PLAY	0	-	false	2026/09/19 20:46:03
18045	0	P1	0	NO PLAY	0	-	false	2026/09/19 20:46:03
18045	0	DP	0	NO PLAY	0	-	false	2026/09/19 20:46:03
18045	1	P1	0	NO PLAY	0	-	false	2026/09/19 20:46:03
18045	1	DP	0	NO PLAY	0	-	false	2026/09/19 20:46:03
18045	2	P1	0	NO PLAY	0	-	false	2026/09/19 20:46:03
18045	2	DP	0	NO PLAY	0	-	false	2026/09/19 20:46:03
18045	3	P1	0	NO PLAY	0	-	false	2026/09/19 20:46:03
18045	3	DP	0	NO PLAY	0	-	false	2026/09/19 20:46:03
18045	4	P1	0	NO PLAY	0	-	false	2026/09/19 20:46:03
18045	4	DP	0	NO PLAY	0	-	false	2026/09/19 20:46:03
18046	0	P1	0	NO PLAY	0	-	false	2026/09/19 20:46:03
18046	0	DP	0	NO PLAY	0	-	false	2026/09/19 20:46:03
18046	1	P1	0	NO PLAY	0	-	false	2026/09/19 20:46:03
18046	1	DP	0	NO PLAY	0	-	false	2026/09/19 20:46:03
18046	2	P1	0	NO PLAY	0	-	false	2026/09/19 20:46:03
18046	2	DP	0	NO PLAY	0	-	false	2026/09/19 20:46:03
18046	3	P1	0	NO PLAY	0	-	false	2026/09/19 20:46:03
18046	3	DP	0	NO PLAY	0	-	false	2026/09/19 20:46:03
18046	4	P1	0	NO PLAY	0	-	false	2026/09/19 20:46:03
18046	4	DP	0	NO PLAY	0	-	false	2026/09/19 20:46:03
18047	0	P1	0	NO PLAY	0	-	false	2026/09/19 20:46:03
18047	0	DP	0	NO PLAY	0	-	false	2026/09/19 20:46:03
18047	1	P1	0	NO PLAY	0	-	false	2026/09/19 20:46:03
18047	1	DP	0	NO PLAY	0	-	false	2026/09/19 20:46:03
18047	2	P1	0	NO PLAY	0	-	false	2026/09/19 20:46:03
18047	2	DP	0	NO PLAY	0	-	false	2026/09/19 20:46:03
18047	3	P1	0	NO PLAY	0	-	false	2026/09/19 20:46:03
18047	3	DP	0	NO PLAY	0	-	false	2026/09/19 20:46:03
18047	4	P1	0	NO PLAY	0	-	false	2026/09/19 20:46:03
18047	4	DP	0	NO PLAY	0	-	false	2026/09/19 20:46:03
18048	0	P1	0	NO PLAY	0	-	false	2026/09/19 20:46:03
18048	0	DP	0	NO PLAY	0	-	false	2026/09/19 20:46:03
18048	1	P1	0	NO PLAY	0	-	false	2026/09/19 20:46:03
18048	1	DP	0	NO PLAY	0	-	false	2026/09/19 20:46:03
18048	2	P1	0	NO PLAY	0	-	false	2026/09/19 20:46:03
18048	2	DP	0	NO PLAY	0	-	false	2026/09/19 20:46:03
18048	3	P1	0	NO PLAY	0	-	false	2026/09/19 20:46:03
18048	3	DP	0	NO PLAY	0	-	false	2026/09/19 20:46:03
18048	4	P1	0	NO PLAY	0	-	false	2026/09/19 20:46:03
18048	4	DP	0	NO PLAY	0	-	false	2026/09/19 20:46:03
18050	0	P1	0	NO PLAY	0	-	false	2026/09/19 20:46:03
18050	0	DP	0	NO PLAY	0	-	false	2026/09/19 20:46:03
18050	1	P1	0	NO PLAY	0	-	false	2026/09/19 20:46:03
18050	1	DP	0	NO PLAY	0	-	false	2026/09/19 20:46:03
18050	2	P1	0	NO PLAY	0	-	false	2026/09/19 20:46:03
18050	2	DP	6	EX HARD CLEAR	1942	16	true	2026/09/19 20:46:03
18050	3	P1	5	HARD CLEAR	2565	35	true	2026/09/19 20:46:03
18050	3	DP	3	EASY CLEAR	2667	93	true	2026/09/19 20:46:03
18050	4	P1	0	NO PLAY	0	-	false	2026/09/19 20:46:03
18050	4	DP	0	NO PLAY	0	-	false	2026/09/19 20:46:03
18051	0	P1	0	NO PLAY	0	-	false	2026/09/19 20:46:03
18051	0	DP	0	NO PLAY	0	-	false	2026/09/19 20:46:03
18051	1	P1	0	NO PLAY	0	-	false	2026/09/19 20:46:03
18051	1	DP	5	HARD CLEAR	802	2	true	2026/09/19 20:46:03
18051	2	P1	0	NO PLAY	0	-	false	2026/09/19 20:46:03
18051	2	DP	6	EX HARD CLEAR	1877	7	true	2026/09/19 20:46:03
18051	3	P1	3	EASY CLEAR	1978	56	true	2026/09/19 20:46:03
18051	3	DP	6	EX HARD CLEAR	1957	15	true	2026/09/19 20:46:03
18051	4	P1	0	NO PLAY	0	-	false	2026/09/19 20:46:03
18051	4	DP	0	NO PLAY	0	-	false	2026/09/19 20:46:03
18053	0	P1	0	NO PLAY	0	-	false	2026/09/19 20:46:03
18053	0	DP	0	NO PLAY	0	-	false	2026/09/19 20:46:03
18053	1	P1	0	NO PLAY	0	-	false	2026/09/19 20:46:03
18053	1	DP	0	NO PLAY	0	-	false	2026/09/19 20:46:03
18053	2	P1	0	NO PLAY	0	-	false	2026/09/19 20:46:03
18053	2	DP	0	NO PLAY	0	-	false	2026/09/19 20:46:03
18053	3	P1	0	NO PLAY	0	-	false	2026/09/19 20:46:03
18053	3	DP	0	NO PLAY	0	-	false	2026/09/19 20:46:03
18053	4	P1	0	NO PLAY	0	-	false	2026/09/19 20:46:03
18053	4	DP	0	NO PLAY	0	-	false	2026/09/19 20:46:03
18055	0	P1	1	FAILED	56	37	true	2026/09/19 20:46:03
18055	0	DP	0	NO PLAY	0	-	false	2026/09/19 20:46:03
18055	1	P1	0	NO PLAY	0	-	false	2026/09/19 20:46:03
18055	1	DP	0	NO PLAY	0	-	false	2026/09/19 20:46:03
18055	2	P1	0	NO PLAY	0	-	false	2026/09/19 20:46:03
18055	2	DP	0	NO PLAY	0	-	false	2026/09/19 20:46:03
18055	3	P1	0	NO PLAY	0	-	false	2026/09/19 20:46:03
18055	3	DP	0	NO PLAY	0	-	false	2026/09/19 20:46:03
18055	4	P1	0	NO PLAY	0	-	false	2026/09/19 20:46:03
18055	4	DP	0	NO PLAY	0	-	false	2026/09/19 20:46:03
18056	0	P1	0	NO PLAY	0	-	false	2026/09/19 20:46:03
18056	0	DP	0	NO PLAY	0	-	false	2026/09/19 20:46:03
18056	1	P1	0	NO PLAY	0	-	false	2026/09/19 20:46:03
18056	1	DP	0	NO PLAY	0	-	false	2026/09/19 20:46:03
18056	2	P1	0	NO PLAY	0	-	false	2026/09/19 20:46:03
18056	2	DP	0	NO PLAY	0	-	false	2026/09/19 20:46:03
18056	3	P1	0	NO PLAY	0	-	false	2026/09/19 20:46:03
18056	3	DP	6	EX HARD CLEAR	2140	20	true	2026/09/19 20:46:03
18056	4	P1	0	NO PLAY	0	-	false	2026/09/19 20:46:03
18056	4	DP	0	NO PLAY	0	-	false	2026/09/19 20:46:03
18057	0	P1	0	NO PLAY	0	-	false	2026/09/19 20:46:03
18057	0	DP	0	NO PLAY	0	-	false	2026/09/19 20:46:03
18057	1	P1	0	NO PLAY	0	-	false	2026/09/19 20:46:03
18057	1	DP	0	NO PLAY	0	-	false	2026/09/19 20:46:03
18057	2	P1	0	NO PLAY	0	-	false	2026/09/19 20:46:03
18057	2	DP	0	NO PLAY	0	-	false	2026/09/19 20:46:03
18057	3	P1	0	NO PLAY	0	-	false	2026/09/19 20:46:03
18057	3	DP	0	NO PLAY	0	-	false	2026/09/19 20:46:03
18057	4	P1	0	NO PLAY	0	-	false	2026/09/19 20:46:03
18057	4	DP	0	NO PLAY	0	-	false	2026/09/19 20:46:03
18058	0	P1	0	NO PLAY	0	-	false	2026/09/19 20:46:03
18058	0	DP	0	NO PLAY	0	-	false	2026/09/19 20:46:03
18058	1	P1	0	NO PLAY	0	-	false	2026/09/19 20:46:03
18058	1	DP	0	NO PLAY	0	-	false	2026/09/19 20:46:03
18058	2	P1	0	NO PLAY	0	-	false	2026/09/19 20:46:03
18058	2	DP	0	NO PLAY	0	-	false	2026/09/19 20:46:03
18058	3	P1	0	NO PLAY	0	-	false	2026/09/19 20:46:03
18058	3	DP	0	NO PLAY	0	-	false	2026/09/19 20:46:03
18058	4	P1	0	NO PLAY	0	-	false	2026/09/19 20:46:03
18058	4	DP	0	NO PLAY	0	-	false	2026/09/19 20:46:03
18059	0	P1	0	NO PLAY	0	-	false	2026/09/19 20:46:03
18059	0	DP	0	NO PLAY	0	-	false	2026/09/19 20:46:03
18059	1	P1	0	NO PLAY	0	-	false	2026/09/19 20:46:03
18059	1	DP	0	NO PLAY	0	-	false	2026/09/19 20:46:03
18059	2	P1	0	NO PLAY	0	-	false	2026/09/19 20:46:03
18059	2	DP	0	NO PLAY	0	-	false	2026/09/19 20:46:03
18059	3	P1	6	EX HARD CLEAR	2497	9	true	2026/09/19 20:46:03
18059	3	DP	6	EX HARD CLEAR	2271	16	true	2026/09/19 20:46:03
18059	4	P1	0	NO PLAY	0	-	false	2026/09/19 20:46:03
18059	4	DP	0	NO PLAY	0	-	false	2026/09/19 20:46:03
18060	0	P1	0	NO PLAY	0	-	false	2026/09/19 20:46:03
18060	0	DP	0	NO PLAY	0	-	false	2026/09/19 20:46:03
18060	1	P1	0	NO PLAY	0	-	false	2026/09/19 20:46:03
18060	1	DP	0	NO PLAY	0	-	false	2026/09/19 20:46:03
18060	2	P1	0	NO PLAY	0	-	false	2026/09/19 20:46:03
18060	2	DP	0	NO PLAY	0	-	false	2026/09/19 20:46:03
18060	3	P1	6	EX HARD CLEAR	3042	4	true	2026/09/19 20:46:03
18060	3	DP	6	EX HARD CLEAR	2789	19	true	2026/09/19 20:46:03
18060	4	P1	0	NO PLAY	0	-	false	2026/09/19 20:46:03
18060	4	DP	0	NO PLAY	0	-	false	2026/09/19 20:46:03
18061	0	P1	0	NO PLAY	0	-	false	2026/09/19 20:46:03
18061	0	DP	0	NO PLAY	0	-	false	2026/09/19 20:46:03
18061	1	P1	0	NO PLAY	0	-	false	2026/09/19 20:46:03
18061	1	DP	0	NO PLAY	0	-	false	2026/09/19 20:46:03
18061	2	P1	0	NO PLAY	0	-	false	2026/09/19 20:46:03
18061	2	DP	0	NO PLAY	0	-	false	2026/09/19 20:46:03
18061	3	P1	6	EX HARD CLEAR	2120	3	true	2026/09/19 20:46:03
18061	3	DP	6	EX HARD CLEAR	2410	11	true	2026/09/19 20:46:03
18061	4	P1	0	NO PLAY	0	-	false	2026/09/19 20:46:03
18061	4	DP	0	NO PLAY	0	-	false	2026/09/19 20:46:03
18062	0	P1	0	NO PLAY	0	-	false	2026/09/19 20:46:03
18062	0	DP	0	NO PLAY	0	-	false	2026/09/19 20:46:03
18062	1	P1	0	NO PLAY	0	-	false	2026/09/19 20:46:03
18062	1	DP	0	NO PLAY	0	-	false	2026/09/19 20:46:03
18062	2	P1	0	NO PLAY	0	-	false	2026/09/19 20:46:03
18062	2	DP	0	NO PLAY	0	-	false	2026/09/19 20:46:03
18062	3	P1	0	NO PLAY	0	-	false	2026/09/19 20:46:03
18062	3	DP	0	NO PLAY	0	-	false	2026/09/19 20:46:03
18062	4	P1	0	NO PLAY	0	-	false	2026/09/19 20:46:03
18062	4	DP	0	NO PLAY	0	-	false	2026/09/19 20:46:03
18063	0	P1	0	NO PLAY	0	-	false	2026/09/19 20:46:03
18063	0	DP	0	NO PLAY	0	-	false	2026/09/19 20:46:03
18063	1	P1	0	NO PLAY	0	-	false	2026/09/19 20:46:03
18063	1	DP	0	NO PLAY	0	-	false	2026/09/19 20:46:03
18063	2	P1	0	NO PLAY	0	-	false	2026/09/19 20:46:03
18063	2	DP	0	NO PLAY	0	-	false	2026/09/19 20:46:03
18063	3	P1	0	NO PLAY	0	-	false	2026/09/19 20:46:03
18063	3	DP	0	NO PLAY	0	-	false	2026/09/19 20:46:03
18063	4	P1	0	NO PLAY	0	-	false	2026/09/19 20:46:03
18063	4	DP	0	NO PLAY	0	-	false	2026/09/19 20:46:03
18064	0	P1	0	NO PLAY	0	-	false	2026/09/19 20:46:03
18064	0	DP	0	NO PLAY	0	-	false	2026/09/19 20:46:03
18064	1	P1	0	NO PLAY	0	-	false	2026/09/19 20:46:03
18064	1	DP	0	NO PLAY	0	-	false	2026/09/19 20:46:03
18064	2	P1	0	NO PLAY	0	-	false	2026/09/19 20:46:03
18064	2	DP	0	NO PLAY	0	-	false	2026/09/19 20:46:03
18064	3	P1	0	NO PLAY	0	-	false	2026/09/19 20:46:03
18064	3	DP	6	EX HARD CLEAR	2096	11	true	2026/09/19 20:46:03
18064	4	P1	0	NO PLAY	0	-	false	2026/09/19 20:46:03
18064	4	DP	0	NO PLAY	0	-	false	2026/09/19 20:46:03
18065	0	P1	0	NO PLAY	0	-	false	2026/09/19 20:46:03
18065	0	DP	0	NO PLAY	0	-	false	2026/09/19 20:46:03
18065	1	P1	0	NO PLAY	0	-	false	2026/09/19 20:46:03
18065	1	DP	0	NO PLAY	0	-	false	2026/09/19 20:46:03
18065	2	P1	0	NO PLAY	0	-	false	2026/09/19 20:46:03
18065	2	DP	0	NO PLAY	0	-	false	2026/09/19 20:46:03
18065	3	P1	0	NO PLAY	0	-	false	2026/09/19 20:46:03
18065	3	DP	0	NO PLAY	0	-	false	2026/09/19 20:46:03
18065	4	P1	0	NO PLAY	0	-	false	2026/09/19 20:46:03
18065	4	DP	0	NO PLAY	0	-	false	2026/09/19 20:46:03
18066	0	P1	0	NO PLAY	0	-	false	2026/09/19 20:46:03
18066	0	DP	0	NO PLAY	0	-	false	2026/09/19 20:46:03
18066	1	P1	0	NO PLAY	0	-	false	2026/09/19 20:46:03
18066	1	DP	0	NO PLAY	0	-	false	2026/09/19 20:46:03
18066	2	P1	0	NO PLAY	0	-	false	2026/09/19 20:46:03
18066	2	DP	0	NO PLAY	0	-	false	2026/09/19 20:46:03
18066	3	P1	6	EX HARD CLEAR	2170	4	true	2026/09/19 20:46:03
18066	3	DP	6	EX HARD CLEAR	2497	4	true	2026/09/19 20:46:03
18066	4	P1	0	NO PLAY	0	-	false	2026/09/19 20:46:03
18066	4	DP	0	NO PLAY	0	-	false	2026/09/19 20:46:03
18067	0	P1	0	NO PLAY	0	-	false	2026/09/19 20:46:03
18067	0	DP	0	NO PLAY	0	-	false	2026/09/19 20:46:03
18067	1	P1	0	NO PLAY	0	-	false	2026/09/19 20:46:03
18067	1	DP	0	NO PLAY	0	-	false	2026/09/19 20:46:03
18067	2	P1	0	NO PLAY	0	-	false	2026/09/19 20:46:03
18067	2	DP	0	NO PLAY	0	-	false	2026/09/19 20:46:03
18067	3	P1	0	NO PLAY	0	-	false	2026/09/19 20:46:03
18067	3	DP	6	EX HARD CLEAR	1970	14	true	2026/09/19 20:46:03
18067	4	P1	0	NO PLAY	0	-	false	2026/09/19 20:46:03
18067	4	DP	0	NO PLAY	0	-	false	2026/09/19 20:46:03
18068	0	P1	0	NO PLAY	0	-	false	2026/09/19 20:46:03
18068	0	DP	0	NO PLAY	0	-	false	2026/09/19 20:46:03
18068	1	P1	0	NO PLAY	0	-	false	2026/09/19 20:46:03
18068	1	DP	0	NO PLAY	0	-	false	2026/09/19 20:46:03
18068	2	P1	0	NO PLAY	0	-	false	2026/09/19 20:46:03
18068	2	DP	1	FAILED	555	-	false	2026/09/19 20:46:03
18068	3	P1	6	EX HARD CLEAR	2645	5	true	2026/09/19 20:46:03
18068	3	DP	6	EX HARD CLEAR	2362	19	true	2026/09/19 20:46:03
18068	4	P1	0	NO PLAY	0	-	false	2026/09/19 20:46:03
18068	4	DP	0	NO PLAY	0	-	false	2026/09/19 20:46:03
18069	0	P1	0	NO PLAY	0	-	false	2026/09/19 20:46:03
18069	0	DP	0	NO PLAY	0	-	false	2026/09/19 20:46:03
18069	1	P1	0	NO PLAY	0	-	false	2026/09/19 20:46:03
18069	1	DP	0	NO PLAY	0	-	false	2026/09/19 20:46:03
18069	2	P1	0	NO PLAY	0	-	false	2026/09/19 20:46:03
18069	2	DP	0	NO PLAY	0	-	false	2026/09/19 20:46:03
18069	3	P1	0	NO PLAY	0	-	false	2026/09/19 20:46:03
18069	3	DP	6	EX HARD CLEAR	1840	4	true	2026/09/19 20:46:03
18069	4	P1	0	NO PLAY	0	-	false	2026/09/19 20:46:03
18069	4	DP	0	NO PLAY	0	-	false	2026/09/19 20:46:03
18070	0	P1	0	NO PLAY	0	-	false	2026/09/19 20:46:03
18070	0	DP	0	NO PLAY	0	-	false	2026/09/19 20:46:03
18070	1	P1	0	NO PLAY	0	-	false	2026/09/19 20:46:03
18070	1	DP	0	NO PLAY	0	-	false	2026/09/19 20:46:03
18070	2	P1	0	NO PLAY	0	-	false	2026/09/19 20:46:03
18070	2	DP	0	NO PLAY	0	-	false	2026/09/19 20:46:03
18070	3	P1	0	NO PLAY	0	-	false	2026/09/19 20:46:03
18070	3	DP	0	NO PLAY	0	-	false	2026/09/19 20:46:03
18070	4	P1	0	NO PLAY	0	-	false	2026/09/19 20:46:03
18070	4	DP	0	NO PLAY	0	-	false	2026/09/19 20:46:03
18071	0	P1	0	NO PLAY	0	-	false	2026/09/19 20:46:03
18071	0	DP	0	NO PLAY	0	-	false	2026/09/19 20:46:03
18071	1	P1	0	NO PLAY	0	-	false	2026/09/19 20:46:03
18071	1	DP	0	NO PLAY	0	-	false	2026/09/19 20:46:03
18071	2	P1	0	NO PLAY	0	-	false	2026/09/19 20:46:03
18071	2	DP	0	NO PLAY	0	-	false	2026/09/19 20:46:03
18071	3	P1	6	EX HARD CLEAR	2552	7	true	2026/09/19 20:46:03
18071	3	DP	6	EX HARD CLEAR	2325	18	true	2026/09/19 20:46:03
18071	4	P1	0	NO PLAY	0	-	false	2026/09/19 20:46:03
18071	4	DP	0	NO PLAY	0	-	false	2026/09/19 20:46:03
18072	0	P1	0	NO PLAY	0	-	false	2026/09/19 20:46:03
18072	0	DP	0	NO PLAY	0	-	false	2026/09/19 20:46:03
18072	1	P1	0	NO PLAY	0	-	false	2026/09/19 20:46:03
18072	1	DP	0	NO PLAY	0	-	false	2026/09/19 20:46:03
18072	2	P1	0	NO PLAY	0	-	false	2026/09/19 20:46:03
18072	2	DP	0	NO PLAY	0	-	false	2026/09/19 20:46:03
18072	3	P1	1	FAILED	1744	-	false	2026/09/19 20:46:03
18072	3	DP	7	FULL COMBO	2308	0	true	2026/09/19 20:46:03
18072	4	P1	0	NO PLAY	0	-	false	2026/09/19 20:46:03
18072	4	DP	0	NO PLAY	0	-	false	2026/09/19 20:46:03
19001	0	P1	0	NO PLAY	0	-	false	2026/09/19 20:46:03
19001	0	DP	0	NO PLAY	0	-	false	2026/09/19 20:46:03
19001	1	P1	0	NO PLAY	0	-	false	2026/09/19 20:46:03
19001	1	DP	0	NO PLAY	0	-	false	2026/09/19 20:46:03
19001	2	P1	0	NO PLAY	0	-	false	2026/09/19 20:46:03
19001	2	DP	0	NO PLAY	0	-	false	2026/09/19 20:46:03
19001	3	P1	5	HARD CLEAR	2134	43	true	2026/09/19 20:46:03
19001	3	DP	5	HARD CLEAR	1863	48	true	2026/09/19 20:46:03
19001	4	P1	0	NO PLAY	0	-	false	2026/09/19 20:46:03
19001	4	DP	0	NO PLAY	0	-	false	2026/09/19 20:46:03
19002	0	P1	0	NO PLAY	0	-	false	2026/09/19 20:46:03
19002	0	DP	0	NO PLAY	0	-	false	2026/09/19 20:46:03
19002	1	P1	0	NO PLAY	0	-	false	2026/09/19 20:46:03
19002	1	DP	6	EX HARD CLEAR	1153	7	true	2026/09/19 20:46:03
19002	2	P1	0	NO PLAY	0	-	false	2026/09/19 20:46:03
19002	2	DP	6	EX HARD CLEAR	2275	10	true	2026/09/19 20:46:03
19002	3	P1	6	EX HARD CLEAR	3322	6	true	2026/09/19 20:46:03
19002	3	DP	4	CLEAR	3055	75	true	2026/09/19 20:46:03
19002	4	P1	0	NO PLAY	0	-	false	2026/09/19 20:46:03
19002	4	DP	0	NO PLAY	0	-	false	2026/09/19 20:46:03
19003	0	P1	0	NO PLAY	0	-	false	2026/09/19 20:46:03
19003	0	DP	0	NO PLAY	0	-	false	2026/09/19 20:46:03
19003	1	P1	0	NO PLAY	0	-	false	2026/09/19 20:46:03
19003	1	DP	0	NO PLAY	0	-	false	2026/09/19 20:46:03
19003	2	P1	0	NO PLAY	0	-	false	2026/09/19 20:46:03
19003	2	DP	0	NO PLAY	0	-	false	2026/09/19 20:46:03
19003	3	P1	6	EX HARD CLEAR	2791	7	true	2026/09/19 20:46:03
19003	3	DP	6	EX HARD CLEAR	2525	18	true	2026/09/19 20:46:03
19003	4	P1	0	NO PLAY	0	-	false	2026/09/19 20:46:03
19003	4	DP	0	NO PLAY	0	-	false	2026/09/19 20:46:03
19004	0	P1	0	NO PLAY	0	-	false	2026/09/19 20:46:03
19004	0	DP	0	NO PLAY	0	-	false	2026/09/19 20:46:03
19004	1	P1	0	NO PLAY	0	-	false	2026/09/19 20:46:03
19004	1	DP	0	NO PLAY	0	-	false	2026/09/19 20:46:03
19004	2	P1	0	NO PLAY	0	-	false	2026/09/19 20:46:03
19004	2	DP	0	NO PLAY	0	-	false	2026/09/19 20:46:03
19004	3	P1	6	EX HARD CLEAR	2039	10	true	2026/09/19 20:46:03
19004	3	DP	6	EX HARD CLEAR	2135	15	true	2026/09/19 20:46:03
19004	4	P1	0	NO PLAY	0	-	false	2026/09/19 20:46:03
19004	4	DP	0	NO PLAY	0	-	false	2026/09/19 20:46:03
19005	0	P1	0	NO PLAY	0	-	false	2026/09/19 20:46:03
19005	0	DP	0	NO PLAY	0	-	false	2026/09/19 20:46:03
19005	1	P1	0	NO PLAY	0	-	false	2026/09/19 20:46:03
19005	1	DP	1	FAILED	402	99	true	2026/09/19 20:46:03
19005	2	P1	7	FULL COMBO	1531	2	true	2026/09/19 20:46:03
19005	2	DP	0	NO PLAY	0	-	false	2026/09/19 20:46:03
19005	3	P1	6	EX HARD CLEAR	2832	9	true	2026/09/19 20:46:03
19005	3	DP	6	EX HARD CLEAR	3087	22	true	2026/09/19 20:46:03
19005	4	P1	6	EX HARD CLEAR	3415	21	true	2026/09/19 20:46:03
19005	4	DP	5	HARD CLEAR	3645	30	true	2026/09/19 20:46:03
19006	0	P1	0	NO PLAY	0	-	false	2026/09/19 20:46:03
19006	0	DP	0	NO PLAY	0	-	false	2026/09/19 20:46:03
19006	1	P1	0	NO PLAY	0	-	false	2026/09/19 20:46:03
19006	1	DP	6	EX HARD CLEAR	676	3	true	2026/09/19 20:46:03
19006	2	P1	0	NO PLAY	0	-	false	2026/09/19 20:46:03
19006	2	DP	0	NO PLAY	0	-	false	2026/09/19 20:46:03
19006	3	P1	7	FULL COMBO	2238	1	true	2026/09/19 20:46:03
19006	3	DP	6	EX HARD CLEAR	2165	4	true	2026/09/19 20:46:03
19006	4	P1	0	NO PLAY	0	-	false	2026/09/19 20:46:03
19006	4	DP	0	NO PLAY	0	-	false	2026/09/19 20:46:03
19007	0	P1	0	NO PLAY	0	-	false	2026/09/19 20:46:03
19007	0	DP	0	NO PLAY	0	-	false	2026/09/19 20:46:03
19007	1	P1	0	NO PLAY	0	-	false	2026/09/19 20:46:03
19007	1	DP	0	NO PLAY	0	-	false	2026/09/19 20:46:03
19007	2	P1	0	NO PLAY	0	-	false	2026/09/19 20:46:03
19007	2	DP	0	NO PLAY	0	-	false	2026/09/19 20:46:03
19007	3	P1	5	HARD CLEAR	2975	28	true	2026/09/19 20:46:03
19007	3	DP	5	HARD CLEAR	2775	46	true	2026/09/19 20:46:03
19007	4	P1	0	NO PLAY	0	-	false	2026/09/19 20:46:03
19007	4	DP	0	NO PLAY	0	-	false	2026/09/19 20:46:03
19008	0	P1	0	NO PLAY	0	-	false	2026/09/19 20:46:03
19008	0	DP	0	NO PLAY	0	-	false	2026/09/19 20:46:03
19008	1	P1	0	NO PLAY	0	-	false	2026/09/19 20:46:03
19008	1	DP	0	NO PLAY	0	-	false	2026/09/19 20:46:03
19008	2	P1	0	NO PLAY	0	-	false	2026/09/19 20:46:03
19008	2	DP	0	NO PLAY	0	-	false	2026/09/19 20:46:03
19008	3	P1	5	HARD CLEAR	2519	32	true	2026/09/19 20:46:03
19008	3	DP	5	HARD CLEAR	2501	44	true	2026/09/19 20:46:03
19008	4	P1	0	NO PLAY	0	-	false	2026/09/19 20:46:03
19008	4	DP	0	NO PLAY	0	-	false	2026/09/19 20:46:03
19009	0	P1	0	NO PLAY	0	-	false	2026/09/19 20:46:03
19009	0	DP	0	NO PLAY	0	-	false	2026/09/19 20:46:03
19009	1	P1	0	NO PLAY	0	-	false	2026/09/19 20:46:03
19009	1	DP	0	NO PLAY	0	-	false	2026/09/19 20:46:03
19009	2	P1	0	NO PLAY	0	-	false	2026/09/19 20:46:03
19009	2	DP	0	NO PLAY	0	-	false	2026/09/19 20:46:03
19009	3	P1	6	EX HARD CLEAR	2530	5	true	2026/09/19 20:46:03
19009	3	DP	6	EX HARD CLEAR	2530	19	true	2026/09/19 20:46:03
19009	4	P1	0	NO PLAY	0	-	false	2026/09/19 20:46:03
19009	4	DP	0	NO PLAY	0	-	false	2026/09/19 20:46:03
19010	0	P1	0	NO PLAY	0	-	false	2026/09/19 20:46:03
19010	0	DP	0	NO PLAY	0	-	false	2026/09/19 20:46:03
19010	1	P1	0	NO PLAY	0	-	false	2026/09/19 20:46:03
19010	1	DP	0	NO PLAY	0	-	false	2026/09/19 20:46:03
19010	2	P1	0	NO PLAY	0	-	false	2026/09/19 20:46:03
19010	2	DP	0	NO PLAY	0	-	false	2026/09/19 20:46:03
19010	3	P1	6	EX HARD CLEAR	1823	1	true	2026/09/19 20:46:03
19010	3	DP	6	EX HARD CLEAR	1821	2	true	2026/09/19 20:46:03
19010	4	P1	0	NO PLAY	0	-	false	2026/09/19 20:46:03
19010	4	DP	0	NO PLAY	0	-	false	2026/09/19 20:46:03
19011	0	P1	0	NO PLAY	0	-	false	2026/09/19 20:46:03
19011	0	DP	0	NO PLAY	0	-	false	2026/09/19 20:46:03
19011	1	P1	1	FAILED	67	-	false	2026/09/19 20:46:03
19011	1	DP	7	FULL COMBO	478	0	true	2026/09/19 20:46:03
19011	2	P1	0	NO PLAY	0	-	false	2026/09/19 20:46:03
19011	2	DP	6	EX HARD CLEAR	1267	2	true	2026/09/19 20:46:03
19011	3	P1	0	NO PLAY	0	-	false	2026/09/19 20:46:03
19011	3	DP	6	EX HARD CLEAR	1495	6	true	2026/09/19 20:46:03
19011	4	P1	6	EX HARD CLEAR	2173	10	true	2026/09/19 20:46:03
19011	4	DP	6	EX HARD CLEAR	2288	5	true	2026/09/19 20:46:03
19012	0	P1	0	NO PLAY	0	-	false	2026/09/19 20:46:03
19012	0	DP	0	NO PLAY	0	-	false	2026/09/19 20:46:03
19012	1	P1	0	NO PLAY	0	-	false	2026/09/19 20:46:03
19012	1	DP	0	NO PLAY	0	-	false	2026/09/19 20:46:03
19012	2	P1	0	NO PLAY	0	-	false	2026/09/19 20:46:03
19012	2	DP	0	NO PLAY	0	-	false	2026/09/19 20:46:03
19012	3	P1	6	EX HARD CLEAR	1718	3	true	2026/09/19 20:46:03
19012	3	DP	7	FULL COMBO	1867	1	true	2026/09/19 20:46:03
19012	4	P1	0	NO PLAY	0	-	false	2026/09/19 20:46:03
19012	4	DP	6	EX HARD CLEAR	2705	20	true	2026/09/19 20:46:03
19013	0	P1	0	NO PLAY	0	-	false	2026/09/19 20:46:03
19013	0	DP	0	NO PLAY	0	-	false	2026/09/19 20:46:03
19013	1	P1	0	NO PLAY	0	-	false	2026/09/19 20:46:03
19013	1	DP	0	NO PLAY	0	-	false	2026/09/19 20:46:03
19013	2	P1	0	NO PLAY	0	-	false	2026/09/19 20:46:03
19013	2	DP	0	NO PLAY	0	-	false	2026/09/19 20:46:03
19013	3	P1	6	EX HARD CLEAR	1840	6	true	2026/09/19 20:46:03
19013	3	DP	6	EX HARD CLEAR	1718	10	true	2026/09/19 20:46:03
19013	4	P1	0	NO PLAY	0	-	false	2026/09/19 20:46:03
19013	4	DP	0	NO PLAY	0	-	false	2026/09/19 20:46:03
19014	0	P1	0	NO PLAY	0	-	false	2026/09/19 20:46:03
19014	0	DP	0	NO PLAY	0	-	false	2026/09/19 20:46:03
19014	1	P1	0	NO PLAY	0	-	false	2026/09/19 20:46:03
19014	1	DP	0	NO PLAY	0	-	false	2026/09/19 20:46:03
19014	2	P1	0	NO PLAY	0	-	false	2026/09/19 20:46:03
19014	2	DP	0	NO PLAY	0	-	false	2026/09/19 20:46:03
19014	3	P1	0	NO PLAY	0	-	false	2026/09/19 20:46:03
19014	3	DP	0	NO PLAY	0	-	false	2026/09/19 20:46:03
19014	4	P1	0	NO PLAY	0	-	false	2026/09/19 20:46:03
19014	4	DP	0	NO PLAY	0	-	false	2026/09/19 20:46:03
19015	0	P1	0	NO PLAY	0	-	false	2026/09/19 20:46:03
19015	0	DP	0	NO PLAY	0	-	false	2026/09/19 20:46:03
19015	1	P1	0	NO PLAY	0	-	false	2026/09/19 20:46:03
19015	1	DP	0	NO PLAY	0	-	false	2026/09/19 20:46:03
19015	2	P1	0	NO PLAY	0	-	false	2026/09/19 20:46:03
19015	2	DP	0	NO PLAY	0	-	false	2026/09/19 20:46:03
19015	3	P1	6	EX HARD CLEAR	2419	6	true	2026/09/19 20:46:03
19015	3	DP	6	EX HARD CLEAR	2371	11	true	2026/09/19 20:46:03
19015	4	P1	0	NO PLAY	0	-	false	2026/09/19 20:46:03
19015	4	DP	0	NO PLAY	0	-	false	2026/09/19 20:46:03
19016	0	P1	0	NO PLAY	0	-	false	2026/09/19 20:46:03
19016	0	DP	0	NO PLAY	0	-	false	2026/09/19 20:46:03
19016	1	P1	0	NO PLAY	0	-	false	2026/09/19 20:46:03
19016	1	DP	0	NO PLAY	0	-	false	2026/09/19 20:46:03
19016	2	P1	0	NO PLAY	0	-	false	2026/09/19 20:46:03
19016	2	DP	0	NO PLAY	0	-	false	2026/09/19 20:46:03
19016	3	P1	6	EX HARD CLEAR	2778	9	true	2026/09/19 20:46:03
19016	3	DP	5	HARD CLEAR	3068	23	true	2026/09/19 20:46:03
19016	4	P1	0	NO PLAY	0	-	false	2026/09/19 20:46:03
19016	4	DP	0	NO PLAY	0	-	false	2026/09/19 20:46:03
19017	0	P1	0	NO PLAY	0	-	false	2026/09/19 20:46:03
19017	0	DP	0	NO PLAY	0	-	false	2026/09/19 20:46:03
19017	1	P1	0	NO PLAY	0	-	false	2026/09/19 20:46:03
19017	1	DP	0	NO PLAY	0	-	false	2026/09/19 20:46:03
19017	2	P1	0	NO PLAY	0	-	false	2026/09/19 20:46:03
19017	2	DP	0	NO PLAY	0	-	false	2026/09/19 20:46:03
19017	3	P1	7	FULL COMBO	1531	0	true	2026/09/19 20:46:03
19017	3	DP	6	EX HARD CLEAR	1640	6	true	2026/09/19 20:46:03
19017	4	P1	0	NO PLAY	0	-	false	2026/09/19 20:46:03
19017	4	DP	6	EX HARD CLEAR	2564	10	true	2026/09/19 20:46:03
19018	0	P1	0	NO PLAY	0	-	false	2026/09/19 20:46:03
19018	0	DP	0	NO PLAY	0	-	false	2026/09/19 20:46:03
19018	1	P1	0	NO PLAY	0	-	false	2026/09/19 20:46:03
19018	1	DP	0	NO PLAY	0	-	false	2026/09/19 20:46:03
19018	2	P1	0	NO PLAY	0	-	false	2026/09/19 20:46:03
19018	2	DP	0	NO PLAY	0	-	false	2026/09/19 20:46:03
19018	3	P1	6	EX HARD CLEAR	2281	13	true	2026/09/19 20:46:03
19018	3	DP	6	EX HARD CLEAR	2498	14	true	2026/09/19 20:46:03
19018	4	P1	0	NO PLAY	0	-	false	2026/09/19 20:46:03
19018	4	DP	0	NO PLAY	0	-	false	2026/09/19 20:46:03
19019	0	P1	0	NO PLAY	0	-	false	2026/09/19 20:46:03
19019	0	DP	0	NO PLAY	0	-	false	2026/09/19 20:46:03
19019	1	P1	0	NO PLAY	0	-	false	2026/09/19 20:46:03
19019	1	DP	0	NO PLAY	0	-	false	2026/09/19 20:46:03
19019	2	P1	0	NO PLAY	0	-	false	2026/09/19 20:46:03
19019	2	DP	0	NO PLAY	0	-	false	2026/09/19 20:46:03
19019	3	P1	6	EX HARD CLEAR	2063	7	true	2026/09/19 20:46:03
19019	3	DP	6	EX HARD CLEAR	1948	11	true	2026/09/19 20:46:03
19019	4	P1	0	NO PLAY	0	-	false	2026/09/19 20:46:03
19019	4	DP	0	NO PLAY	0	-	false	2026/09/19 20:46:03
19020	0	P1	0	NO PLAY	0	-	false	2026/09/19 20:46:03
19020	0	DP	0	NO PLAY	0	-	false	2026/09/19 20:46:03
19020	1	P1	0	NO PLAY	0	-	false	2026/09/19 20:46:03
19020	1	DP	0	NO PLAY	0	-	false	2026/09/19 20:46:03
19020	2	P1	0	NO PLAY	0	-	false	2026/09/19 20:46:03
19020	2	DP	0	NO PLAY	0	-	false	2026/09/19 20:46:03
19020	3	P1	6	EX HARD CLEAR	2043	8	true	2026/09/19 20:46:03
19020	3	DP	6	EX HARD CLEAR	2165	14	true	2026/09/19 20:46:03
19020	4	P1	0	NO PLAY	0	-	false	2026/09/19 20:46:03
19020	4	DP	0	NO PLAY	0	-	false	2026/09/19 20:46:03
19021	0	P1	0	NO PLAY	0	-	false	2026/09/19 20:46:03
19021	0	DP	0	NO PLAY	0	-	false	2026/09/19 20:46:03
19021	1	P1	0	NO PLAY	0	-	false	2026/09/19 20:46:03
19021	1	DP	0	NO PLAY	0	-	false	2026/09/19 20:46:03
19021	2	P1	0	NO PLAY	0	-	false	2026/09/19 20:46:03
19021	2	DP	0	NO PLAY	0	-	false	2026/09/19 20:46:03
19021	3	P1	7	FULL COMBO	2089	0	true	2026/09/19 20:46:03
19021	3	DP	6	EX HARD CLEAR	2609	10	true	2026/09/19 20:46:03
19021	4	P1	0	NO PLAY	0	-	false	2026/09/19 20:46:03
19021	4	DP	0	NO PLAY	0	-	false	2026/09/19 20:46:03
19022	0	P1	0	NO PLAY	0	-	false	2026/09/19 20:46:03
19022	0	DP	0	NO PLAY	0	-	false	2026/09/19 20:46:03
19022	1	P1	0	NO PLAY	0	-	false	2026/09/19 20:46:03
19022	1	DP	0	NO PLAY	0	-	false	2026/09/19 20:46:03
19022	2	P1	0	NO PLAY	0	-	false	2026/09/19 20:46:03
19022	2	DP	0	NO PLAY	0	-	false	2026/09/19 20:46:03
19022	3	P1	6	EX HARD CLEAR	2153	3	true	2026/09/19 20:46:03
19022	3	DP	5	HARD CLEAR	2700	44	true	2026/09/19 20:46:03
19022	4	P1	0	NO PLAY	0	-	false	2026/09/19 20:46:03
19022	4	DP	0	NO PLAY	0	-	false	2026/09/19 20:46:03
19024	0	P1	0	NO PLAY	0	-	false	2026/09/19 20:46:03
19024	0	DP	0	NO PLAY	0	-	false	2026/09/19 20:46:03
19024	1	P1	0	NO PLAY	0	-	false	2026/09/19 20:46:03
19024	1	DP	0	NO PLAY	0	-	false	2026/09/19 20:46:03
19024	2	P1	0	NO PLAY	0	-	false	2026/09/19 20:46:03
19024	2	DP	0	NO PLAY	0	-	false	2026/09/19 20:46:03
19024	3	P1	6	EX HARD CLEAR	1694	3	true	2026/09/19 20:46:03
19024	3	DP	6	EX HARD CLEAR	1855	13	true	2026/09/19 20:46:03
19024	4	P1	0	NO PLAY	0	-	false	2026/09/19 20:46:03
19024	4	DP	0	NO PLAY	0	-	false	2026/09/19 20:46:03
19025	0	P1	0	NO PLAY	0	-	false	2026/09/19 20:46:03
19025	0	DP	0	NO PLAY	0	-	false	2026/09/19 20:46:03
19025	1	P1	0	NO PLAY	0	-	false	2026/09/19 20:46:03
19025	1	DP	0	NO PLAY	0	-	false	2026/09/19 20:46:03
19025	2	P1	0	NO PLAY	0	-	false	2026/09/19 20:46:03
19025	2	DP	0	NO PLAY	0	-	false	2026/09/19 20:46:03
19025	3	P1	7	FULL COMBO	2060	2	true	2026/09/19 20:46:03
19025	3	DP	6	EX HARD CLEAR	2320	4	true	2026/09/19 20:46:03
19025	4	P1	0	NO PLAY	0	-	false	2026/09/19 20:46:03
19025	4	DP	0	NO PLAY	0	-	false	2026/09/19 20:46:03
19026	0	P1	0	NO PLAY	0	-	false	2026/09/19 20:46:03
19026	0	DP	0	NO PLAY	0	-	false	2026/09/19 20:46:03
19026	1	P1	0	NO PLAY	0	-	false	2026/09/19 20:46:03
19026	1	DP	0	NO PLAY	0	-	false	2026/09/19 20:46:03
19026	2	P1	0	NO PLAY	0	-	false	2026/09/19 20:46:03
19026	2	DP	0	NO PLAY	0	-	false	2026/09/19 20:46:03
19026	3	P1	6	EX HARD CLEAR	2456	8	true	2026/09/19 20:46:03
19026	3	DP	6	EX HARD CLEAR	2551	13	true	2026/09/19 20:46:03
19026	4	P1	0	NO PLAY	0	-	false	2026/09/19 20:46:03
19026	4	DP	0	NO PLAY	0	-	false	2026/09/19 20:46:03
19027	0	P1	0	NO PLAY	0	-	false	2026/09/19 20:46:03
19027	0	DP	0	NO PLAY	0	-	false	2026/09/19 20:46:03
19027	1	P1	0	NO PLAY	0	-	false	2026/09/19 20:46:03
19027	1	DP	0	NO PLAY	0	-	false	2026/09/19 20:46:03
19027	2	P1	0	NO PLAY	0	-	false	2026/09/19 20:46:03
19027	2	DP	0	NO PLAY	0	-	false	2026/09/19 20:46:03
19027	3	P1	6	EX HARD CLEAR	1786	2	true	2026/09/19 20:46:03
19027	3	DP	6	EX HARD CLEAR	1580	7	true	2026/09/19 20:46:03
19027	4	P1	0	NO PLAY	0	-	false	2026/09/19 20:46:03
19027	4	DP	0	NO PLAY	0	-	false	2026/09/19 20:46:03
19028	0	P1	0	NO PLAY	0	-	false	2026/09/19 20:46:03
19028	0	DP	0	NO PLAY	0	-	false	2026/09/19 20:46:03
19028	1	P1	0	NO PLAY	0	-	false	2026/09/19 20:46:03
19028	1	DP	0	NO PLAY	0	-	false	2026/09/19 20:46:03
19028	2	P1	5	HARD CLEAR	1475	12	true	2026/09/19 20:46:03
19028	2	DP	0	NO PLAY	0	-	false	2026/09/19 20:46:03
19028	3	P1	6	EX HARD CLEAR	2891	19	true	2026/09/19 20:46:03
19028	3	DP	5	HARD CLEAR	2448	33	true	2026/09/19 20:46:03
19028	4	P1	0	NO PLAY	0	-	false	2026/09/19 20:46:03
19028	4	DP	0	NO PLAY	0	-	false	2026/09/19 20:46:03
19029	0	P1	0	NO PLAY	0	-	false	2026/09/19 20:46:03
19029	0	DP	0	NO PLAY	0	-	false	2026/09/19 20:46:03
19029	1	P1	0	NO PLAY	0	-	false	2026/09/19 20:46:03
19029	1	DP	0	NO PLAY	0	-	false	2026/09/19 20:46:03
19029	2	P1	0	NO PLAY	0	-	false	2026/09/19 20:46:03
19029	2	DP	0	NO PLAY	0	-	false	2026/09/19 20:46:03
19029	3	P1	6	EX HARD CLEAR	1908	4	true	2026/09/19 20:46:03
19029	3	DP	6	EX HARD CLEAR	2095	4	true	2026/09/19 20:46:03
19029	4	P1	0	NO PLAY	0	-	false	2026/09/19 20:46:03
19029	4	DP	0	NO PLAY	0	-	false	2026/09/19 20:46:03
19030	0	P1	0	NO PLAY	0	-	false	2026/09/19 20:46:03
19030	0	DP	0	NO PLAY	0	-	false	2026/09/19 20:46:03
19030	1	P1	0	NO PLAY	0	-	false	2026/09/19 20:46:03
19030	1	DP	0	NO PLAY	0	-	false	2026/09/19 20:46:03
19030	2	P1	0	NO PLAY	0	-	false	2026/09/19 20:46:03
19030	2	DP	0	NO PLAY	0	-	false	2026/09/19 20:46:03
19030	3	P1	6	EX HARD CLEAR	2814	15	true	2026/09/19 20:46:03
19030	3	DP	6	EX HARD CLEAR	3161	19	true	2026/09/19 20:46:03
19030	4	P1	0	NO PLAY	0	-	false	2026/09/19 20:46:03
19030	4	DP	0	NO PLAY	0	-	false	2026/09/19 20:46:03
19031	0	P1	0	NO PLAY	0	-	false	2026/09/19 20:46:03
19031	0	DP	0	NO PLAY	0	-	false	2026/09/19 20:46:03
19031	1	P1	0	NO PLAY	0	-	false	2026/09/19 20:46:03
19031	1	DP	0	NO PLAY	0	-	false	2026/09/19 20:46:03
19031	2	P1	0	NO PLAY	0	-	false	2026/09/19 20:46:03
19031	2	DP	0	NO PLAY	0	-	false	2026/09/19 20:46:03
19031	3	P1	6	EX HARD CLEAR	2415	10	true	2026/09/19 20:46:03
19031	3	DP	6	EX HARD CLEAR	2210	9	true	2026/09/19 20:46:03
19031	4	P1	0	NO PLAY	0	-	false	2026/09/19 20:46:03
19031	4	DP	0	NO PLAY	0	-	false	2026/09/19 20:46:03
19032	0	P1	0	NO PLAY	0	-	false	2026/09/19 20:46:03
19032	0	DP	0	NO PLAY	0	-	false	2026/09/19 20:46:03
19032	1	P1	0	NO PLAY	0	-	false	2026/09/19 20:46:03
19032	1	DP	0	NO PLAY	0	-	false	2026/09/19 20:46:03
19032	2	P1	0	NO PLAY	0	-	false	2026/09/19 20:46:03
19032	2	DP	0	NO PLAY	0	-	false	2026/09/19 20:46:03
19032	3	P1	3	EASY CLEAR	2002	101	true	2026/09/19 20:46:03
19032	3	DP	6	EX HARD CLEAR	2037	16	true	2026/09/19 20:46:03
19032	4	P1	0	NO PLAY	0	-	false	2026/09/19 20:46:03
19032	4	DP	0	NO PLAY	0	-	false	2026/09/19 20:46:03
19033	0	P1	0	NO PLAY	0	-	false	2026/09/19 20:46:03
19033	0	DP	0	NO PLAY	0	-	false	2026/09/19 20:46:03
19033	1	P1	0	NO PLAY	0	-	false	2026/09/19 20:46:03
19033	1	DP	0	NO PLAY	0	-	false	2026/09/19 20:46:03
19033	2	P1	0	NO PLAY	0	-	false	2026/09/19 20:46:03
19033	2	DP	0	NO PLAY	0	-	false	2026/09/19 20:46:03
19033	3	P1	6	EX HARD CLEAR	2813	13	true	2026/09/19 20:46:03
19033	3	DP	6	EX HARD CLEAR	2633	18	true	2026/09/19 20:46:03
19033	4	P1	5	HARD CLEAR	3243	48	true	2026/09/19 20:46:03
19033	4	DP	1	FAILED	3032	108	true	2026/09/19 20:46:03
19034	0	P1	0	NO PLAY	0	-	false	2026/09/19 20:46:03
19034	0	DP	0	NO PLAY	0	-	false	2026/09/19 20:46:03
19034	1	P1	0	NO PLAY	0	-	false	2026/09/19 20:46:03
19034	1	DP	0	NO PLAY	0	-	false	2026/09/19 20:46:03
19034	2	P1	0	NO PLAY	0	-	false	2026/09/19 20:46:03
19034	2	DP	0	NO PLAY	0	-	false	2026/09/19 20:46:03
19034	3	P1	6	EX HARD CLEAR	1375	2	true	2026/09/19 20:46:03
19034	3	DP	6	EX HARD CLEAR	1671	7	true	2026/09/19 20:46:03
19034	4	P1	0	NO PLAY	0	-	false	2026/09/19 20:46:03
19034	4	DP	0	NO PLAY	0	-	false	2026/09/19 20:46:03
19035	0	P1	0	NO PLAY	0	-	false	2026/09/19 20:46:03
19035	0	DP	0	NO PLAY	0	-	false	2026/09/19 20:46:03
19035	1	P1	0	NO PLAY	0	-	false	2026/09/19 20:46:03
19035	1	DP	7	FULL COMBO	628	0	true	2026/09/19 20:46:03
19035	2	P1	0	NO PLAY	0	-	false	2026/09/19 20:46:03
19035	2	DP	7	FULL COMBO	1407	0	true	2026/09/19 20:46:03
19035	3	P1	0	NO PLAY	0	-	false	2026/09/19 20:46:03
19035	3	DP	6	EX HARD CLEAR	2109	9	true	2026/09/19 20:46:03
19035	4	P1	6	EX HARD CLEAR	3358	9	true	2026/09/19 20:46:03
19035	4	DP	6	EX HARD CLEAR	3229	13	true	2026/09/19 20:46:03
19036	0	P1	0	NO PLAY	0	-	false	2026/09/19 20:46:03
19036	0	DP	0	NO PLAY	0	-	false	2026/09/19 20:46:03
19036	1	P1	0	NO PLAY	0	-	false	2026/09/19 20:46:03
19036	1	DP	0	NO PLAY	0	-	false	2026/09/19 20:46:03
19036	2	P1	0	NO PLAY	0	-	false	2026/09/19 20:46:03
19036	2	DP	0	NO PLAY	0	-	false	2026/09/19 20:46:03
19036	3	P1	6	EX HARD CLEAR	2542	8	true	2026/09/19 20:46:03
19036	3	DP	6	EX HARD CLEAR	2333	14	true	2026/09/19 20:46:03
19036	4	P1	0	NO PLAY	0	-	false	2026/09/19 20:46:03
19036	4	DP	0	NO PLAY	0	-	false	2026/09/19 20:46:03
19037	0	P1	0	NO PLAY	0	-	false	2026/09/19 20:46:03
19037	0	DP	0	NO PLAY	0	-	false	2026/09/19 20:46:03
19037	1	P1	0	NO PLAY	0	-	false	2026/09/19 20:46:03
19037	1	DP	0	NO PLAY	0	-	false	2026/09/19 20:46:03
19037	2	P1	0	NO PLAY	0	-	false	2026/09/19 20:46:03
19037	2	DP	0	NO PLAY	0	-	false	2026/09/19 20:46:03
19037	3	P1	6	EX HARD CLEAR	2796	15	true	2026/09/19 20:46:03
19037	3	DP	6	EX HARD CLEAR	2766	15	true	2026/09/19 20:46:03
19037	4	P1	0	NO PLAY	0	-	false	2026/09/19 20:46:03
19037	4	DP	0	NO PLAY	0	-	false	2026/09/19 20:46:03
19038	0	P1	0	NO PLAY	0	-	false	2026/09/19 20:46:03
19038	0	DP	0	NO PLAY	0	-	false	2026/09/19 20:46:03
19038	1	P1	0	NO PLAY	0	-	false	2026/09/19 20:46:03
19038	1	DP	0	NO PLAY	0	-	false	2026/09/19 20:46:03
19038	2	P1	0	NO PLAY	0	-	false	2026/09/19 20:46:03
19038	2	DP	0	NO PLAY	0	-	false	2026/09/19 20:46:03
19038	3	P1	7	FULL COMBO	1978	0	true	2026/09/19 20:46:03
19038	3	DP	6	EX HARD CLEAR	1819	9	true	2026/09/19 20:46:03
19038	4	P1	0	NO PLAY	0	-	false	2026/09/19 20:46:03
19038	4	DP	0	NO PLAY	0	-	false	2026/09/19 20:46:03
19039	0	P1	0	NO PLAY	0	-	false	2026/09/19 20:46:03
19039	0	DP	0	NO PLAY	0	-	false	2026/09/19 20:46:03
19039	1	P1	0	NO PLAY	0	-	false	2026/09/19 20:46:03
19039	1	DP	0	NO PLAY	0	-	false	2026/09/19 20:46:03
19039	2	P1	0	NO PLAY	0	-	false	2026/09/19 20:46:03
19039	2	DP	0	NO PLAY	0	-	false	2026/09/19 20:46:03
19039	3	P1	6	EX HARD CLEAR	1769	2	true	2026/09/19 20:46:03
19039	3	DP	6	EX HARD CLEAR	1849	3	true	2026/09/19 20:46:03
19039	4	P1	0	NO PLAY	0	-	false	2026/09/19 20:46:03
19039	4	DP	0	NO PLAY	0	-	false	2026/09/19 20:46:03
19040	0	P1	0	NO PLAY	0	-	false	2026/09/19 20:46:03
19040	0	DP	0	NO PLAY	0	-	false	2026/09/19 20:46:03
19040	1	P1	0	NO PLAY	0	-	false	2026/09/19 20:46:03
19040	1	DP	0	NO PLAY	0	-	false	2026/09/19 20:46:03
19040	2	P1	0	NO PLAY	0	-	false	2026/09/19 20:46:03
19040	2	DP	0	NO PLAY	0	-	false	2026/09/19 20:46:03
19040	3	P1	0	NO PLAY	0	-	false	2026/09/19 20:46:03
19040	3	DP	6	EX HARD CLEAR	1904	1	true	2026/09/19 20:46:03
19040	4	P1	0	NO PLAY	0	-	false	2026/09/19 20:46:03
19040	4	DP	0	NO PLAY	0	-	false	2026/09/19 20:46:03
19045	0	P1	0	NO PLAY	0	-	false	2026/09/19 20:46:03
19045	0	DP	0	NO PLAY	0	-	false	2026/09/19 20:46:03
19045	1	P1	0	NO PLAY	0	-	false	2026/09/19 20:46:03
19045	1	DP	0	NO PLAY	0	-	false	2026/09/19 20:46:03
19045	2	P1	0	NO PLAY	0	-	false	2026/09/19 20:46:03
19045	2	DP	0	NO PLAY	0	-	false	2026/09/19 20:46:03
19045	3	P1	6	EX HARD CLEAR	2157	9	true	2026/09/19 20:46:03
19045	3	DP	6	EX HARD CLEAR	2066	12	true	2026/09/19 20:46:03
19045	4	P1	0	NO PLAY	0	-	false	2026/09/19 20:46:03
19045	4	DP	0	NO PLAY	0	-	false	2026/09/19 20:46:03
19046	0	P1	0	NO PLAY	0	-	false	2026/09/19 20:46:03
19046	0	DP	0	NO PLAY	0	-	false	2026/09/19 20:46:03
19046	1	P1	0	NO PLAY	0	-	false	2026/09/19 20:46:03
19046	1	DP	6	EX HARD CLEAR	577	4	true	2026/09/19 20:46:03
19046	2	P1	0	NO PLAY	0	-	false	2026/09/19 20:46:03
19046	2	DP	5	HARD CLEAR	1046	11	true	2026/09/19 20:46:03
19046	3	P1	5	HARD CLEAR	1684	38	true	2026/09/19 20:46:03
19046	3	DP	6	EX HARD CLEAR	2005	10	true	2026/09/19 20:46:03
19046	4	P1	0	NO PLAY	0	-	false	2026/09/19 20:46:03
19046	4	DP	0	NO PLAY	0	-	false	2026/09/19 20:46:03
19047	0	P1	0	NO PLAY	0	-	false	2026/09/19 20:46:03
19047	0	DP	0	NO PLAY	0	-	false	2026/09/19 20:46:03
19047	1	P1	0	NO PLAY	0	-	false	2026/09/19 20:46:03
19047	1	DP	1	FAILED	44	-	false	2026/09/19 20:46:03
19047	2	P1	0	NO PLAY	0	-	false	2026/09/19 20:46:03
19047	2	DP	0	NO PLAY	0	-	false	2026/09/19 20:46:03
19047	3	P1	0	NO PLAY	0	-	false	2026/09/19 20:46:03
19047	3	DP	0	NO PLAY	0	-	false	2026/09/19 20:46:03
19047	4	P1	0	NO PLAY	0	-	false	2026/09/19 20:46:03
19047	4	DP	0	NO PLAY	0	-	false	2026/09/19 20:46:03
19048	0	P1	0	NO PLAY	0	-	false	2026/09/19 20:46:03
19048	0	DP	0	NO PLAY	0	-	false	2026/09/19 20:46:03
19048	1	P1	0	NO PLAY	0	-	false	2026/09/19 20:46:03
19048	1	DP	0	NO PLAY	0	-	false	2026/09/19 20:46:03
19048	2	P1	0	NO PLAY	0	-	false	2026/09/19 20:46:03
19048	2	DP	0	NO PLAY	0	-	false	2026/09/19 20:46:03
19048	3	P1	6	EX HARD CLEAR	1894	1	true	2026/09/19 20:46:03
19048	3	DP	6	EX HARD CLEAR	2168	6	true	2026/09/19 20:46:03
19048	4	P1	0	NO PLAY	0	-	false	2026/09/19 20:46:03
19048	4	DP	0	NO PLAY	0	-	false	2026/09/19 20:46:03
19049	0	P1	0	NO PLAY	0	-	false	2026/09/19 20:46:03
19049	0	DP	0	NO PLAY	0	-	false	2026/09/19 20:46:03
19049	1	P1	0	NO PLAY	0	-	false	2026/09/19 20:46:03
19049	1	DP	0	NO PLAY	0	-	false	2026/09/19 20:46:03
19049	2	P1	0	NO PLAY	0	-	false	2026/09/19 20:46:03
19049	2	DP	0	NO PLAY	0	-	false	2026/09/19 20:46:03
19049	3	P1	7	FULL COMBO	1522	1	true	2026/09/19 20:46:03
19049	3	DP	7	FULL COMBO	1986	0	true	2026/09/19 20:46:03
19049	4	P1	0	NO PLAY	0	-	false	2026/09/19 20:46:03
19049	4	DP	0	NO PLAY	0	-	false	2026/09/19 20:46:03
19052	0	P1	0	NO PLAY	0	-	false	2026/09/19 20:46:03
19052	0	DP	0	NO PLAY	0	-	false	2026/09/19 20:46:03
19052	1	P1	0	NO PLAY	0	-	false	2026/09/19 20:46:03
19052	1	DP	0	NO PLAY	0	-	false	2026/09/19 20:46:03
19052	2	P1	0	NO PLAY	0	-	false	2026/09/19 20:46:03
19052	2	DP	0	NO PLAY	0	-	false	2026/09/19 20:46:03
19052	3	P1	6	EX HARD CLEAR	1418	5	true	2026/09/19 20:46:03
19052	3	DP	6	EX HARD CLEAR	2149	5	true	2026/09/19 20:46:03
19052	4	P1	0	NO PLAY	0	-	false	2026/09/19 20:46:03
19052	4	DP	0	NO PLAY	0	-	false	2026/09/19 20:46:03
19053	0	P1	0	NO PLAY	0	-	false	2026/09/19 20:46:03
19053	0	DP	0	NO PLAY	0	-	false	2026/09/19 20:46:03
19053	1	P1	0	NO PLAY	0	-	false	2026/09/19 20:46:03
19053	1	DP	0	NO PLAY	0	-	false	2026/09/19 20:46:03
19053	2	P1	0	NO PLAY	0	-	false	2026/09/19 20:46:03
19053	2	DP	0	NO PLAY	0	-	false	2026/09/19 20:46:03
19053	3	P1	6	EX HARD CLEAR	2156	9	true	2026/09/19 20:46:03
19053	3	DP	6	EX HARD CLEAR	2211	7	true	2026/09/19 20:46:03
19053	4	P1	5	HARD CLEAR	3116	40	true	2026/09/19 20:46:03
19053	4	DP	6	EX HARD CLEAR	3064	19	true	2026/09/19 20:46:03
19054	0	P1	0	NO PLAY	0	-	false	2026/09/19 20:46:03
19054	0	DP	0	NO PLAY	0	-	false	2026/09/19 20:46:03
19054	1	P1	0	NO PLAY	0	-	false	2026/09/19 20:46:03
19054	1	DP	0	NO PLAY	0	-	false	2026/09/19 20:46:03
19054	2	P1	0	NO PLAY	0	-	false	2026/09/19 20:46:03
19054	2	DP	0	NO PLAY	0	-	false	2026/09/19 20:46:03
19054	3	P1	6	EX HARD CLEAR	2060	2	true	2026/09/19 20:46:03
19054	3	DP	6	EX HARD CLEAR	2160	6	true	2026/09/19 20:46:03
19054	4	P1	5	HARD CLEAR	2937	55	true	2026/09/19 20:46:03
19054	4	DP	3	EASY CLEAR	2853	81	true	2026/09/19 20:46:03
19055	0	P1	0	NO PLAY	0	-	false	2026/09/19 20:46:03
19055	0	DP	0	NO PLAY	0	-	false	2026/09/19 20:46:03
19055	1	P1	0	NO PLAY	0	-	false	2026/09/19 20:46:03
19055	1	DP	0	NO PLAY	0	-	false	2026/09/19 20:46:03
19055	2	P1	0	NO PLAY	0	-	false	2026/09/19 20:46:03
19055	2	DP	0	NO PLAY	0	-	false	2026/09/19 20:46:03
19055	3	P1	6	EX HARD CLEAR	2149	4	true	2026/09/19 20:46:03
19055	3	DP	7	FULL COMBO	2397	3	true	2026/09/19 20:46:03
19055	4	P1	0	NO PLAY	0	-	false	2026/09/19 20:46:03
19055	4	DP	0	NO PLAY	0	-	false	2026/09/19 20:46:03
19056	0	P1	0	NO PLAY	0	-	false	2026/09/19 20:46:03
19056	0	DP	0	NO PLAY	0	-	false	2026/09/19 20:46:03
19056	1	P1	0	NO PLAY	0	-	false	2026/09/19 20:46:03
19056	1	DP	0	NO PLAY	0	-	false	2026/09/19 20:46:03
19056	2	P1	0	NO PLAY	0	-	false	2026/09/19 20:46:03
19056	2	DP	0	NO PLAY	0	-	false	2026/09/19 20:46:03
19056	3	P1	6	EX HARD CLEAR	1951	3	true	2026/09/19 20:46:03
19056	3	DP	6	EX HARD CLEAR	1956	7	true	2026/09/19 20:46:03
19056	4	P1	0	NO PLAY	0	-	false	2026/09/19 20:46:03
19056	4	DP	0	NO PLAY	0	-	false	2026/09/19 20:46:03
19058	0	P1	0	NO PLAY	0	-	false	2026/09/19 20:46:03
19058	0	DP	0	NO PLAY	0	-	false	2026/09/19 20:46:03
19058	1	P1	0	NO PLAY	0	-	false	2026/09/19 20:46:03
19058	1	DP	0	NO PLAY	0	-	false	2026/09/19 20:46:03
19058	2	P1	0	NO PLAY	0	-	false	2026/09/19 20:46:03
19058	2	DP	0	NO PLAY	0	-	false	2026/09/19 20:46:03
19058	3	P1	6	EX HARD CLEAR	2080	2	true	2026/09/19 20:46:03
19058	3	DP	6	EX HARD CLEAR	1925	10	true	2026/09/19 20:46:03
19058	4	P1	0	NO PLAY	0	-	false	2026/09/19 20:46:03
19058	4	DP	0	NO PLAY	0	-	false	2026/09/19 20:46:03
19059	0	P1	0	NO PLAY	0	-	false	2026/09/19 20:46:03
19059	0	DP	0	NO PLAY	0	-	false	2026/09/19 20:46:03
19059	1	P1	0	NO PLAY	0	-	false	2026/09/19 20:46:03
19059	1	DP	0	NO PLAY	0	-	false	2026/09/19 20:46:03
19059	2	P1	0	NO PLAY	0	-	false	2026/09/19 20:46:03
19059	2	DP	0	NO PLAY	0	-	false	2026/09/19 20:46:03
19059	3	P1	0	NO PLAY	0	-	false	2026/09/19 20:46:03
19059	3	DP	6	EX HARD CLEAR	2333	17	true	2026/09/19 20:46:03
19059	4	P1	0	NO PLAY	0	-	false	2026/09/19 20:46:03
19059	4	DP	0	NO PLAY	0	-	false	2026/09/19 20:46:03
19060	0	P1	0	NO PLAY	0	-	false	2026/09/19 20:46:03
19060	0	DP	0	NO PLAY	0	-	false	2026/09/19 20:46:03
19060	1	P1	0	NO PLAY	0	-	false	2026/09/19 20:46:03
19060	1	DP	0	NO PLAY	0	-	false	2026/09/19 20:46:03
19060	2	P1	0	NO PLAY	0	-	false	2026/09/19 20:46:03
19060	2	DP	0	NO PLAY	0	-	false	2026/09/19 20:46:03
19060	3	P1	6	EX HARD CLEAR	1598	3	true	2026/09/19 20:46:03
19060	3	DP	6	EX HARD CLEAR	1839	9	true	2026/09/19 20:46:03
19060	4	P1	0	NO PLAY	0	-	false	2026/09/19 20:46:03
19060	4	DP	0	NO PLAY	0	-	false	2026/09/19 20:46:03
19061	0	P1	0	NO PLAY	0	-	false	2026/09/19 20:46:03
19061	0	DP	0	NO PLAY	0	-	false	2026/09/19 20:46:03
19061	1	P1	0	NO PLAY	0	-	false	2026/09/19 20:46:03
19061	1	DP	0	NO PLAY	0	-	false	2026/09/19 20:46:03
19061	2	P1	0	NO PLAY	0	-	false	2026/09/19 20:46:03
19061	2	DP	0	NO PLAY	0	-	false	2026/09/19 20:46:03
19061	3	P1	6	EX HARD CLEAR	1696	15	true	2026/09/19 20:46:03
19061	3	DP	7	FULL COMBO	1784	1	true	2026/09/19 20:46:03
19061	4	P1	0	NO PLAY	0	-	false	2026/09/19 20:46:03
19061	4	DP	0	NO PLAY	0	-	false	2026/09/19 20:46:03
19062	0	P1	0	NO PLAY	0	-	false	2026/09/19 20:46:03
19062	0	DP	0	NO PLAY	0	-	false	2026/09/19 20:46:03
19062	1	P1	0	NO PLAY	0	-	false	2026/09/19 20:46:03
19062	1	DP	0	NO PLAY	0	-	false	2026/09/19 20:46:03
19062	2	P1	0	NO PLAY	0	-	false	2026/09/19 20:46:03
19062	2	DP	0	NO PLAY	0	-	false	2026/09/19 20:46:03
19062	3	P1	0	NO PLAY	0	-	false	2026/09/19 20:46:03
19062	3	DP	6	EX HARD CLEAR	2531	16	true	2026/09/19 20:46:03
19062	4	P1	0	NO PLAY	0	-	false	2026/09/19 20:46:03
19062	4	DP	0	NO PLAY	0	-	false	2026/09/19 20:46:03
19063	0	P1	0	NO PLAY	0	-	false	2026/09/19 20:46:03
19063	0	DP	0	NO PLAY	0	-	false	2026/09/19 20:46:03
19063	1	P1	0	NO PLAY	0	-	false	2026/09/19 20:46:03
19063	1	DP	0	NO PLAY	0	-	false	2026/09/19 20:46:03
19063	2	P1	0	NO PLAY	0	-	false	2026/09/19 20:46:03
19063	2	DP	0	NO PLAY	0	-	false	2026/09/19 20:46:03
19063	3	P1	6	EX HARD CLEAR	2321	1	true	2026/09/19 20:46:03
19063	3	DP	3	EASY CLEAR	2644	68	true	2026/09/19 20:46:03
19063	4	P1	6	EX HARD CLEAR	2906	7	true	2026/09/19 20:46:03
19063	4	DP	5	HARD CLEAR	2587	44	true	2026/09/19 20:46:03
19064	0	P1	0	NO PLAY	0	-	false	2026/09/19 20:46:03
19064	0	DP	0	NO PLAY	0	-	false	2026/09/19 20:46:03
19064	1	P1	0	NO PLAY	0	-	false	2026/09/19 20:46:03
19064	1	DP	0	NO PLAY	0	-	false	2026/09/19 20:46:03
19064	2	P1	0	NO PLAY	0	-	false	2026/09/19 20:46:03
19064	2	DP	0	NO PLAY	0	-	false	2026/09/19 20:46:03
19064	3	P1	6	EX HARD CLEAR	2489	15	true	2026/09/19 20:46:03
19064	3	DP	5	HARD CLEAR	2284	39	true	2026/09/19 20:46:03
19064	4	P1	0	NO PLAY	0	-	false	2026/09/19 20:46:03
19064	4	DP	0	NO PLAY	0	-	false	2026/09/19 20:46:03
19065	0	P1	0	NO PLAY	0	-	false	2026/09/19 20:46:03
19065	0	DP	0	NO PLAY	0	-	false	2026/09/19 20:46:03
19065	1	P1	0	NO PLAY	0	-	false	2026/09/19 20:46:03
19065	1	DP	0	NO PLAY	0	-	false	2026/09/19 20:46:03
19065	2	P1	0	NO PLAY	0	-	false	2026/09/19 20:46:03
19065	2	DP	0	NO PLAY	0	-	false	2026/09/19 20:46:03
19065	3	P1	6	EX HARD CLEAR	2154	7	true	2026/09/19 20:46:03
19065	3	DP	6	EX HARD CLEAR	1936	9	true	2026/09/19 20:46:03
19065	4	P1	0	NO PLAY	0	-	false	2026/09/19 20:46:03
19065	4	DP	0	NO PLAY	0	-	false	2026/09/19 20:46:03
19067	0	P1	0	NO PLAY	0	-	false	2026/09/19 20:46:03
19067	0	DP	0	NO PLAY	0	-	false	2026/09/19 20:46:03
19067	1	P1	0	NO PLAY	0	-	false	2026/09/19 20:46:03
19067	1	DP	0	NO PLAY	0	-	false	2026/09/19 20:46:03
19067	2	P1	0	NO PLAY	0	-	false	2026/09/19 20:46:03
19067	2	DP	0	NO PLAY	0	-	false	2026/09/19 20:46:03
19067	3	P1	6	EX HARD CLEAR	1722	11	true	2026/09/19 20:46:03
19067	3	DP	6	EX HARD CLEAR	2237	8	true	2026/09/19 20:46:03
19067	4	P1	0	NO PLAY	0	-	false	2026/09/19 20:46:03
19067	4	DP	0	NO PLAY	0	-	false	2026/09/19 20:46:03
19068	0	P1	0	NO PLAY	0	-	false	2026/09/19 20:46:03
19068	0	DP	0	NO PLAY	0	-	false	2026/09/19 20:46:03
19068	1	P1	0	NO PLAY	0	-	false	2026/09/19 20:46:03
19068	1	DP	0	NO PLAY	0	-	false	2026/09/19 20:46:03
19068	2	P1	0	NO PLAY	0	-	false	2026/09/19 20:46:03
19068	2	DP	0	NO PLAY	0	-	false	2026/09/19 20:46:03
19068	3	P1	6	EX HARD CLEAR	3083	6	true	2026/09/19 20:46:03
19068	3	DP	6	EX HARD CLEAR	2915	12	true	2026/09/19 20:46:03
19068	4	P1	0	NO PLAY	0	-	false	2026/09/19 20:46:03
19068	4	DP	0	NO PLAY	0	-	false	2026/09/19 20:46:03
19069	0	P1	0	NO PLAY	0	-	false	2026/09/19 20:46:03
19069	0	DP	0	NO PLAY	0	-	false	2026/09/19 20:46:03
19069	1	P1	0	NO PLAY	0	-	false	2026/09/19 20:46:03
19069	1	DP	0	NO PLAY	0	-	false	2026/09/19 20:46:03
19069	2	P1	0	NO PLAY	0	-	false	2026/09/19 20:46:03
19069	2	DP	0	NO PLAY	0	-	false	2026/09/19 20:46:03
19069	3	P1	0	NO PLAY	0	-	false	2026/09/19 20:46:03
19069	3	DP	6	EX HARD CLEAR	2092	16	true	2026/09/19 20:46:03
19069	4	P1	0	NO PLAY	0	-	false	2026/09/19 20:46:03
19069	4	DP	0	NO PLAY	0	-	false	2026/09/19 20:46:03
19070	0	P1	5	HARD CLEAR	256	4	true	2026/09/19 20:46:03
19070	0	DP	0	NO PLAY	0	-	false	2026/09/19 20:46:03
19070	1	P1	0	NO PLAY	0	-	false	2026/09/19 20:46:03
19070	1	DP	0	NO PLAY	0	-	false	2026/09/19 20:46:03
19070	2	P1	0	NO PLAY	0	-	false	2026/09/19 20:46:03
19070	2	DP	0	NO PLAY	0	-	false	2026/09/19 20:46:03
19070	3	P1	6	EX HARD CLEAR	1743	5	true	2026/09/19 20:46:03
19070	3	DP	6	EX HARD CLEAR	1546	12	true	2026/09/19 20:46:03
19070	4	P1	0	NO PLAY	0	-	false	2026/09/19 20:46:03
19070	4	DP	0	NO PLAY	0	-	false	2026/09/19 20:46:03
19071	0	P1	0	NO PLAY	0	-	false	2026/09/19 20:46:03
19071	0	DP	0	NO PLAY	0	-	false	2026/09/19 20:46:03
19071	1	P1	0	NO PLAY	0	-	false	2026/09/19 20:46:03
19071	1	DP	0	NO PLAY	0	-	false	2026/09/19 20:46:03
19071	2	P1	0	NO PLAY	0	-	false	2026/09/19 20:46:03
19071	2	DP	0	NO PLAY	0	-	false	2026/09/19 20:46:03
19071	3	P1	6	EX HARD CLEAR	2937	14	true	2026/09/19 20:46:03
19071	3	DP	5	HARD CLEAR	2720	34	true	2026/09/19 20:46:03
19071	4	P1	0	NO PLAY	0	-	false	2026/09/19 20:46:03
19071	4	DP	0	NO PLAY	0	-	false	2026/09/19 20:46:03
19072	0	P1	0	NO PLAY	0	-	false	2026/09/19 20:46:03
19072	0	DP	0	NO PLAY	0	-	false	2026/09/19 20:46:03
19072	1	P1	0	NO PLAY	0	-	false	2026/09/19 20:46:03
19072	1	DP	0	NO PLAY	0	-	false	2026/09/19 20:46:03
19072	2	P1	0	NO PLAY	0	-	false	2026/09/19 20:46:03
19072	2	DP	0	NO PLAY	0	-	false	2026/09/19 20:46:03
19072	3	P1	6	EX HARD CLEAR	1797	14	true	2026/09/19 20:46:03
19072	3	DP	6	EX HARD CLEAR	2120	17	true	2026/09/19 20:46:03
19072	4	P1	0	NO PLAY	0	-	false	2026/09/19 20:46:03
19072	4	DP	0	NO PLAY	0	-	false	2026/09/19 20:46:03
19073	0	P1	0	NO PLAY	0	-	false	2026/09/19 20:46:03
19073	0	DP	0	NO PLAY	0	-	false	2026/09/19 20:46:03
19073	1	P1	0	NO PLAY	0	-	false	2026/09/19 20:46:03
19073	1	DP	0	NO PLAY	0	-	false	2026/09/19 20:46:03
19073	2	P1	0	NO PLAY	0	-	false	2026/09/19 20:46:03
19073	2	DP	0	NO PLAY	0	-	false	2026/09/19 20:46:03
19073	3	P1	6	EX HARD CLEAR	1840	4	true	2026/09/19 20:46:03
19073	3	DP	6	EX HARD CLEAR	1551	11	true	2026/09/19 20:46:03
19073	4	P1	0	NO PLAY	0	-	false	2026/09/19 20:46:03
19073	4	DP	0	NO PLAY	0	-	false	2026/09/19 20:46:03
19074	0	P1	0	NO PLAY	0	-	false	2026/09/19 20:46:03
19074	0	DP	0	NO PLAY	0	-	false	2026/09/19 20:46:03
19074	1	P1	0	NO PLAY	0	-	false	2026/09/19 20:46:03
19074	1	DP	0	NO PLAY	0	-	false	2026/09/19 20:46:03
19074	2	P1	0	NO PLAY	0	-	false	2026/09/19 20:46:03
19074	2	DP	0	NO PLAY	0	-	false	2026/09/19 20:46:03
19074	3	P1	0	NO PLAY	0	-	false	2026/09/19 20:46:03
19074	3	DP	0	NO PLAY	0	-	false	2026/09/19 20:46:03
19074	4	P1	5	HARD CLEAR	2159	23	true	2026/09/19 20:46:03
19074	4	DP	5	HARD CLEAR	2088	58	true	2026/09/19 20:46:03
19075	0	P1	0	NO PLAY	0	-	false	2026/09/19 20:46:03
19075	0	DP	0	NO PLAY	0	-	false	2026/09/19 20:46:03
19075	1	P1	0	NO PLAY	0	-	false	2026/09/19 20:46:03
19075	1	DP	0	NO PLAY	0	-	false	2026/09/19 20:46:03
19075	2	P1	0	NO PLAY	0	-	false	2026/09/19 20:46:03
19075	2	DP	0	NO PLAY	0	-	false	2026/09/19 20:46:03
19075	3	P1	5	HARD CLEAR	2357	26	true	2026/09/19 20:46:03
19075	3	DP	5	HARD CLEAR	2202	28	true	2026/09/19 20:46:03
19075	4	P1	0	NO PLAY	0	-	false	2026/09/19 20:46:03
19075	4	DP	0	NO PLAY	0	-	false	2026/09/19 20:46:03
20000	0	P1	0	NO PLAY	0	-	false	2026/09/19 20:46:03
20000	0	DP	0	NO PLAY	0	-	false	2026/09/19 20:46:03
20000	1	P1	0	NO PLAY	0	-	false	2026/09/19 20:46:03
20000	1	DP	0	NO PLAY	0	-	false	2026/09/19 20:46:03
20000	2	P1	0	NO PLAY	0	-	false	2026/09/19 20:46:03
20000	2	DP	0	NO PLAY	0	-	false	2026/09/19 20:46:03
20000	3	P1	7	FULL COMBO	2214	0	true	2026/09/19 20:46:03
20000	3	DP	6	EX HARD CLEAR	2254	11	true	2026/09/19 20:46:03
20000	4	P1	0	NO PLAY	0	-	false	2026/09/19 20:46:03
20000	4	DP	0	NO PLAY	0	-	false	2026/09/19 20:46:03
20001	0	P1	0	NO PLAY	0	-	false	2026/09/19 20:46:03
20001	0	DP	0	NO PLAY	0	-	false	2026/09/19 20:46:03
20001	1	P1	0	NO PLAY	0	-	false	2026/09/19 20:46:03
20001	1	DP	0	NO PLAY	0	-	false	2026/09/19 20:46:03
20001	2	P1	0	NO PLAY	0	-	false	2026/09/19 20:46:03
20001	2	DP	0	NO PLAY	0	-	false	2026/09/19 20:46:03
20001	3	P1	6	EX HARD CLEAR	2426	9	true	2026/09/19 20:46:03
20001	3	DP	6	EX HARD CLEAR	2764	11	true	2026/09/19 20:46:03
20001	4	P1	0	NO PLAY	0	-	false	2026/09/19 20:46:03
20001	4	DP	0	NO PLAY	0	-	false	2026/09/19 20:46:03
20002	0	P1	0	NO PLAY	0	-	false	2026/09/19 20:46:03
20002	0	DP	0	NO PLAY	0	-	false	2026/09/19 20:46:03
20002	1	P1	0	NO PLAY	0	-	false	2026/09/19 20:46:03
20002	1	DP	0	NO PLAY	0	-	false	2026/09/19 20:46:03
20002	2	P1	0	NO PLAY	0	-	false	2026/09/19 20:46:03
20002	2	DP	0	NO PLAY	0	-	false	2026/09/19 20:46:03
20002	3	P1	6	EX HARD CLEAR	3048	18	true	2026/09/19 20:46:03
20002	3	DP	6	EX HARD CLEAR	2821	7	true	2026/09/19 20:46:03
20002	4	P1	0	NO PLAY	0	-	false	2026/09/19 20:46:03
20002	4	DP	0	NO PLAY	0	-	false	2026/09/19 20:46:03
20003	0	P1	0	NO PLAY	0	-	false	2026/09/19 20:46:03
20003	0	DP	0	NO PLAY	0	-	false	2026/09/19 20:46:03
20003	1	P1	0	NO PLAY	0	-	false	2026/09/19 20:46:03
20003	1	DP	0	NO PLAY	0	-	false	2026/09/19 20:46:03
20003	2	P1	0	NO PLAY	0	-	false	2026/09/19 20:46:03
20003	2	DP	0	NO PLAY	0	-	false	2026/09/19 20:46:03
20003	3	P1	6	EX HARD CLEAR	2637	3	true	2026/09/19 20:46:03
20003	3	DP	6	EX HARD CLEAR	2385	13	true	2026/09/19 20:46:03
20003	4	P1	6	EX HARD CLEAR	2698	10	true	2026/09/19 20:46:03
20003	4	DP	5	HARD CLEAR	2502	38	true	2026/09/19 20:46:03
20004	0	P1	0	NO PLAY	0	-	false	2026/09/19 20:46:03
20004	0	DP	0	NO PLAY	0	-	false	2026/09/19 20:46:03
20004	1	P1	0	NO PLAY	0	-	false	2026/09/19 20:46:03
20004	1	DP	0	NO PLAY	0	-	false	2026/09/19 20:46:03
20004	2	P1	0	NO PLAY	0	-	false	2026/09/19 20:46:03
20004	2	DP	0	NO PLAY	0	-	false	2026/09/19 20:46:03
20004	3	P1	6	EX HARD CLEAR	2984	5	true	2026/09/19 20:46:03
20004	3	DP	6	EX HARD CLEAR	3069	18	true	2026/09/19 20:46:03
20004	4	P1	0	NO PLAY	0	-	false	2026/09/19 20:46:03
20004	4	DP	0	NO PLAY	0	-	false	2026/09/19 20:46:03
20005	0	P1	0	NO PLAY	0	-	false	2026/09/19 20:46:03
20005	0	DP	0	NO PLAY	0	-	false	2026/09/19 20:46:03
20005	1	P1	0	NO PLAY	0	-	false	2026/09/19 20:46:03
20005	1	DP	0	NO PLAY	0	-	false	2026/09/19 20:46:03
20005	2	P1	0	NO PLAY	0	-	false	2026/09/19 20:46:03
20005	2	DP	0	NO PLAY	0	-	false	2026/09/19 20:46:03
20005	3	P1	0	NO PLAY	0	-	false	2026/09/19 20:46:03
20005	3	DP	6	EX HARD CLEAR	2038	3	true	2026/09/19 20:46:03
20005	4	P1	0	NO PLAY	0	-	false	2026/09/19 20:46:03
20005	4	DP	0	NO PLAY	0	-	false	2026/09/19 20:46:03
20006	0	P1	0	NO PLAY	0	-	false	2026/09/19 20:46:03
20006	0	DP	0	NO PLAY	0	-	false	2026/09/19 20:46:03
20006	1	P1	0	NO PLAY	0	-	false	2026/09/19 20:46:03
20006	1	DP	0	NO PLAY	0	-	false	2026/09/19 20:46:03
20006	2	P1	0	NO PLAY	0	-	false	2026/09/19 20:46:03
20006	2	DP	0	NO PLAY	0	-	false	2026/09/19 20:46:03
20006	3	P1	6	EX HARD CLEAR	3084	16	true	2026/09/19 20:46:03
20006	3	DP	6	EX HARD CLEAR	2728	10	true	2026/09/19 20:46:03
20006	4	P1	0	NO PLAY	0	-	false	2026/09/19 20:46:03
20006	4	DP	0	NO PLAY	0	-	false	2026/09/19 20:46:03
20007	0	P1	0	NO PLAY	0	-	false	2026/09/19 20:46:03
20007	0	DP	0	NO PLAY	0	-	false	2026/09/19 20:46:03
20007	1	P1	0	NO PLAY	0	-	false	2026/09/19 20:46:03
20007	1	DP	0	NO PLAY	0	-	false	2026/09/19 20:46:03
20007	2	P1	0	NO PLAY	0	-	false	2026/09/19 20:46:03
20007	2	DP	0	NO PLAY	0	-	false	2026/09/19 20:46:03
20007	3	P1	6	EX HARD CLEAR	3122	26	true	2026/09/19 20:46:03
20007	3	DP	5	HARD CLEAR	2883	44	true	2026/09/19 20:46:03
20007	4	P1	0	NO PLAY	0	-	false	2026/09/19 20:46:03
20007	4	DP	0	NO PLAY	0	-	false	2026/09/19 20:46:03
20008	0	P1	0	NO PLAY	0	-	false	2026/09/19 20:46:03
20008	0	DP	0	NO PLAY	0	-	false	2026/09/19 20:46:03
20008	1	P1	0	NO PLAY	0	-	false	2026/09/19 20:46:03
20008	1	DP	0	NO PLAY	0	-	false	2026/09/19 20:46:03
20008	2	P1	0	NO PLAY	0	-	false	2026/09/19 20:46:03
20008	2	DP	0	NO PLAY	0	-	false	2026/09/19 20:46:03
20008	3	P1	6	EX HARD CLEAR	2936	22	true	2026/09/19 20:46:03
20008	3	DP	5	HARD CLEAR	2913	52	true	2026/09/19 20:46:03
20008	4	P1	0	NO PLAY	0	-	false	2026/09/19 20:46:03
20008	4	DP	0	NO PLAY	0	-	false	2026/09/19 20:46:03
20009	0	P1	0	NO PLAY	0	-	false	2026/09/19 20:46:03
20009	0	DP	0	NO PLAY	0	-	false	2026/09/19 20:46:03
20009	1	P1	0	NO PLAY	0	-	false	2026/09/19 20:46:03
20009	1	DP	0	NO PLAY	0	-	false	2026/09/19 20:46:03
20009	2	P1	0	NO PLAY	0	-	false	2026/09/19 20:46:03
20009	2	DP	0	NO PLAY	0	-	false	2026/09/19 20:46:03
20009	3	P1	0	NO PLAY	0	-	false	2026/09/19 20:46:03
20009	3	DP	6	EX HARD CLEAR	1658	6	true	2026/09/19 20:46:03
20009	4	P1	0	NO PLAY	0	-	false	2026/09/19 20:46:03
20009	4	DP	0	NO PLAY	0	-	false	2026/09/19 20:46:03
20010	0	P1	0	NO PLAY	0	-	false	2026/09/19 20:46:03
20010	0	DP	0	NO PLAY	0	-	false	2026/09/19 20:46:03
20010	1	P1	0	NO PLAY	0	-	false	2026/09/19 20:46:03
20010	1	DP	0	NO PLAY	0	-	false	2026/09/19 20:46:03
20010	2	P1	0	NO PLAY	0	-	false	2026/09/19 20:46:03
20010	2	DP	0	NO PLAY	0	-	false	2026/09/19 20:46:03
20010	3	P1	0	NO PLAY	0	-	false	2026/09/19 20:46:03
20010	3	DP	6	EX HARD CLEAR	1585	12	true	2026/09/19 20:46:03
20010	4	P1	0	NO PLAY	0	-	false	2026/09/19 20:46:03
20010	4	DP	0	NO PLAY	0	-	false	2026/09/19 20:46:03
20011	0	P1	0	NO PLAY	0	-	false	2026/09/19 20:46:03
20011	0	DP	0	NO PLAY	0	-	false	2026/09/19 20:46:03
20011	1	P1	1	FAILED	46	119	true	2026/09/19 20:46:03
20011	1	DP	0	NO PLAY	0	-	false	2026/09/19 20:46:03
20011	2	P1	0	NO PLAY	0	-	false	2026/09/19 20:46:03
20011	2	DP	0	NO PLAY	0	-	false	2026/09/19 20:46:03
20011	3	P1	0	NO PLAY	0	-	false	2026/09/19 20:46:03
20011	3	DP	7	FULL COMBO	1416	2	true	2026/09/19 20:46:03
20011	4	P1	0	NO PLAY	0	-	false	2026/09/19 20:46:03
20011	4	DP	0	NO PLAY	0	-	false	2026/09/19 20:46:03
20012	0	P1	0	NO PLAY	0	-	false	2026/09/19 20:46:03
20012	0	DP	0	NO PLAY	0	-	false	2026/09/19 20:46:03
20012	1	P1	0	NO PLAY	0	-	false	2026/09/19 20:46:03
20012	1	DP	0	NO PLAY	0	-	false	2026/09/19 20:46:03
20012	2	P1	0	NO PLAY	0	-	false	2026/09/19 20:46:03
20012	2	DP	0	NO PLAY	0	-	false	2026/09/19 20:46:03
20012	3	P1	5	HARD CLEAR	2423	22	true	2026/09/19 20:46:03
20012	3	DP	6	EX HARD CLEAR	2398	17	true	2026/09/19 20:46:03
20012	4	P1	0	NO PLAY	0	-	false	2026/09/19 20:46:03
20012	4	DP	0	NO PLAY	0	-	false	2026/09/19 20:46:03
20013	0	P1	0	NO PLAY	0	-	false	2026/09/19 20:46:03
20013	0	DP	0	NO PLAY	0	-	false	2026/09/19 20:46:03
20013	1	P1	0	NO PLAY	0	-	false	2026/09/19 20:46:03
20013	1	DP	0	NO PLAY	0	-	false	2026/09/19 20:46:03
20013	2	P1	0	NO PLAY	0	-	false	2026/09/19 20:46:03
20013	2	DP	0	NO PLAY	0	-	false	2026/09/19 20:46:03
20013	3	P1	0	NO PLAY	0	-	false	2026/09/19 20:46:03
20013	3	DP	6	EX HARD CLEAR	2071	8	true	2026/09/19 20:46:03
20013	4	P1	0	NO PLAY	0	-	false	2026/09/19 20:46:03
20013	4	DP	0	NO PLAY	0	-	false	2026/09/19 20:46:03
20014	0	P1	0	NO PLAY	0	-	false	2026/09/19 20:46:03
20014	0	DP	0	NO PLAY	0	-	false	2026/09/19 20:46:03
20014	1	P1	0	NO PLAY	0	-	false	2026/09/19 20:46:03
20014	1	DP	0	NO PLAY	0	-	false	2026/09/19 20:46:03
20014	2	P1	0	NO PLAY	0	-	false	2026/09/19 20:46:03
20014	2	DP	0	NO PLAY	0	-	false	2026/09/19 20:46:03
20014	3	P1	0	NO PLAY	0	-	false	2026/09/19 20:46:03
20014	3	DP	6	EX HARD CLEAR	1685	6	true	2026/09/19 20:46:03
20014	4	P1	0	NO PLAY	0	-	false	2026/09/19 20:46:03
20014	4	DP	0	NO PLAY	0	-	false	2026/09/19 20:46:03
20015	0	P1	1	FAILED	69	35	true	2026/09/19 20:46:03
20015	0	DP	0	NO PLAY	0	-	false	2026/09/19 20:46:03
20015	1	P1	0	NO PLAY	0	-	false	2026/09/19 20:46:03
20015	1	DP	7	FULL COMBO	734	2	true	2026/09/19 20:46:03
20015	2	P1	0	NO PLAY	0	-	false	2026/09/19 20:46:03
20015	2	DP	5	HARD CLEAR	1255	15	true	2026/09/19 20:46:03
20015	3	P1	4	CLEAR	1515	41	true	2026/09/19 20:46:03
20015	3	DP	6	EX HARD CLEAR	2298	13	true	2026/09/19 20:46:03
20015	4	P1	0	NO PLAY	0	-	false	2026/09/19 20:46:03
20015	4	DP	0	NO PLAY	0	-	false	2026/09/19 20:46:03
20016	0	P1	0	NO PLAY	0	-	false	2026/09/19 20:46:03
20016	0	DP	0	NO PLAY	0	-	false	2026/09/19 20:46:03
20016	1	P1	0	NO PLAY	0	-	false	2026/09/19 20:46:03
20016	1	DP	0	NO PLAY	0	-	false	2026/09/19 20:46:03
20016	2	P1	0	NO PLAY	0	-	false	2026/09/19 20:46:03
20016	2	DP	0	NO PLAY	0	-	false	2026/09/19 20:46:03
20016	3	P1	0	NO PLAY	0	-	false	2026/09/19 20:46:03
20016	3	DP	6	EX HARD CLEAR	1935	5	true	2026/09/19 20:46:03
20016	4	P1	0	NO PLAY	0	-	false	2026/09/19 20:46:03
20016	4	DP	0	NO PLAY	0	-	false	2026/09/19 20:46:03
20017	0	P1	0	NO PLAY	0	-	false	2026/09/19 20:46:03
20017	0	DP	0	NO PLAY	0	-	false	2026/09/19 20:46:03
20017	1	P1	0	NO PLAY	0	-	false	2026/09/19 20:46:03
20017	1	DP	0	NO PLAY	0	-	false	2026/09/19 20:46:03
20017	2	P1	0	NO PLAY	0	-	false	2026/09/19 20:46:03
20017	2	DP	0	NO PLAY	0	-	false	2026/09/19 20:46:03
20017	3	P1	0	NO PLAY	0	-	false	2026/09/19 20:46:03
20017	3	DP	6	EX HARD CLEAR	2425	8	true	2026/09/19 20:46:03
20017	4	P1	0	NO PLAY	0	-	false	2026/09/19 20:46:03
20017	4	DP	0	NO PLAY	0	-	false	2026/09/19 20:46:03
20018	0	P1	0	NO PLAY	0	-	false	2026/09/19 20:46:03
20018	0	DP	0	NO PLAY	0	-	false	2026/09/19 20:46:03
20018	1	P1	0	NO PLAY	0	-	false	2026/09/19 20:46:03
20018	1	DP	0	NO PLAY	0	-	false	2026/09/19 20:46:03
20018	2	P1	0	NO PLAY	0	-	false	2026/09/19 20:46:03
20018	2	DP	0	NO PLAY	0	-	false	2026/09/19 20:46:03
20018	3	P1	0	NO PLAY	0	-	false	2026/09/19 20:46:03
20018	3	DP	6	EX HARD CLEAR	2257	15	true	2026/09/19 20:46:03
20018	4	P1	0	NO PLAY	0	-	false	2026/09/19 20:46:03
20018	4	DP	0	NO PLAY	0	-	false	2026/09/19 20:46:03
20019	0	P1	0	NO PLAY	0	-	false	2026/09/19 20:46:03
20019	0	DP	0	NO PLAY	0	-	false	2026/09/19 20:46:03
20019	1	P1	0	NO PLAY	0	-	false	2026/09/19 20:46:03
20019	1	DP	0	NO PLAY	0	-	false	2026/09/19 20:46:03
20019	2	P1	0	NO PLAY	0	-	false	2026/09/19 20:46:03
20019	2	DP	0	NO PLAY	0	-	false	2026/09/19 20:46:03
20019	3	P1	0	NO PLAY	0	-	false	2026/09/19 20:46:03
20019	3	DP	6	EX HARD CLEAR	2141	11	true	2026/09/19 20:46:03
20019	4	P1	6	EX HARD CLEAR	2820	8	true	2026/09/19 20:46:03
20019	4	DP	6	EX HARD CLEAR	2675	20	true	2026/09/19 20:46:03
20020	0	P1	0	NO PLAY	0	-	false	2026/09/19 20:46:03
20020	0	DP	0	NO PLAY	0	-	false	2026/09/19 20:46:03
20020	1	P1	0	NO PLAY	0	-	false	2026/09/19 20:46:03
20020	1	DP	0	NO PLAY	0	-	false	2026/09/19 20:46:03
20020	2	P1	0	NO PLAY	0	-	false	2026/09/19 20:46:03
20020	2	DP	0	NO PLAY	0	-	false	2026/09/19 20:46:03
20020	3	P1	5	HARD CLEAR	3413	24	true	2026/09/19 20:46:03
20020	3	DP	1	FAILED	3087	87	true	2026/09/19 20:46:03
20020	4	P1	0	NO PLAY	0	-	false	2026/09/19 20:46:03
20020	4	DP	0	NO PLAY	0	-	false	2026/09/19 20:46:03
20021	0	P1	0	NO PLAY	0	-	false	2026/09/19 20:46:03
20021	0	DP	0	NO PLAY	0	-	false	2026/09/19 20:46:03
20021	1	P1	0	NO PLAY	0	-	false	2026/09/19 20:46:03
20021	1	DP	0	NO PLAY	0	-	false	2026/09/19 20:46:03
20021	2	P1	0	NO PLAY	0	-	false	2026/09/19 20:46:03
20021	2	DP	0	NO PLAY	0	-	false	2026/09/19 20:46:03
20021	3	P1	0	NO PLAY	0	-	false	2026/09/19 20:46:03
20021	3	DP	6	EX HARD CLEAR	2328	14	true	2026/09/19 20:46:03
20021	4	P1	0	NO PLAY	0	-	false	2026/09/19 20:46:03
20021	4	DP	0	NO PLAY	0	-	false	2026/09/19 20:46:03
20022	0	P1	0	NO PLAY	0	-	false	2026/09/19 20:46:03
20022	0	DP	0	NO PLAY	0	-	false	2026/09/19 20:46:03
20022	1	P1	0	NO PLAY	0	-	false	2026/09/19 20:46:03
20022	1	DP	0	NO PLAY	0	-	false	2026/09/19 20:46:03
20022	2	P1	0	NO PLAY	0	-	false	2026/09/19 20:46:03
20022	2	DP	0	NO PLAY	0	-	false	2026/09/19 20:46:03
20022	3	P1	0	NO PLAY	0	-	false	2026/09/19 20:46:03
20022	3	DP	6	EX HARD CLEAR	1566	18	true	2026/09/19 20:46:03
20022	4	P1	0	NO PLAY	0	-	false	2026/09/19 20:46:03
20022	4	DP	0	NO PLAY	0	-	false	2026/09/19 20:46:03
20023	0	P1	0	NO PLAY	0	-	false	2026/09/19 20:46:03
20023	0	DP	0	NO PLAY	0	-	false	2026/09/19 20:46:03
20023	1	P1	0	NO PLAY	0	-	false	2026/09/19 20:46:03
20023	1	DP	0	NO PLAY	0	-	false	2026/09/19 20:46:03
20023	2	P1	0	NO PLAY	0	-	false	2026/09/19 20:46:03
20023	2	DP	0	NO PLAY	0	-	false	2026/09/19 20:46:03
20023	3	P1	0	NO PLAY	0	-	false	2026/09/19 20:46:03
20023	3	DP	6	EX HARD CLEAR	2160	6	true	2026/09/19 20:46:03
20023	4	P1	0	NO PLAY	0	-	false	2026/09/19 20:46:03
20023	4	DP	0	NO PLAY	0	-	false	2026/09/19 20:46:03
20024	0	P1	0	NO PLAY	0	-	false	2026/09/19 20:46:03
20024	0	DP	0	NO PLAY	0	-	false	2026/09/19 20:46:03
20024	1	P1	0	NO PLAY	0	-	false	2026/09/19 20:46:03
20024	1	DP	0	NO PLAY	0	-	false	2026/09/19 20:46:03
20024	2	P1	0	NO PLAY	0	-	false	2026/09/19 20:46:03
20024	2	DP	0	NO PLAY	0	-	false	2026/09/19 20:46:03
20024	3	P1	6	EX HARD CLEAR	1730	2	true	2026/09/19 20:46:03
20024	3	DP	6	EX HARD CLEAR	1680	11	true	2026/09/19 20:46:03
20024	4	P1	0	NO PLAY	0	-	false	2026/09/19 20:46:03
20024	4	DP	6	EX HARD CLEAR	2442	7	true	2026/09/19 20:46:03
20025	0	P1	0	NO PLAY	0	-	false	2026/09/19 20:46:03
20025	0	DP	0	NO PLAY	0	-	false	2026/09/19 20:46:03
20025	1	P1	0	NO PLAY	0	-	false	2026/09/19 20:46:03
20025	1	DP	0	NO PLAY	0	-	false	2026/09/19 20:46:03
20025	2	P1	0	NO PLAY	0	-	false	2026/09/19 20:46:03
20025	2	DP	0	NO PLAY	0	-	false	2026/09/19 20:46:03
20025	3	P1	6	EX HARD CLEAR	2468	11	true	2026/09/19 20:46:03
20025	3	DP	6	EX HARD CLEAR	2731	24	true	2026/09/19 20:46:03
20025	4	P1	0	NO PLAY	0	-	false	2026/09/19 20:46:03
20025	4	DP	0	NO PLAY	0	-	false	2026/09/19 20:46:03
20027	0	P1	0	NO PLAY	0	-	false	2026/09/19 20:46:03
20027	0	DP	0	NO PLAY	0	-	false	2026/09/19 20:46:03
20027	1	P1	0	NO PLAY	0	-	false	2026/09/19 20:46:03
20027	1	DP	0	NO PLAY	0	-	false	2026/09/19 20:46:03
20027	2	P1	0	NO PLAY	0	-	false	2026/09/19 20:46:03
20027	2	DP	0	NO PLAY	0	-	false	2026/09/19 20:46:03
20027	3	P1	0	NO PLAY	0	-	false	2026/09/19 20:46:03
20027	3	DP	6	EX HARD CLEAR	1839	9	true	2026/09/19 20:46:03
20027	4	P1	0	NO PLAY	0	-	false	2026/09/19 20:46:03
20027	4	DP	0	NO PLAY	0	-	false	2026/09/19 20:46:03
20028	0	P1	0	NO PLAY	0	-	false	2026/09/19 20:46:03
20028	0	DP	0	NO PLAY	0	-	false	2026/09/19 20:46:03
20028	1	P1	0	NO PLAY	0	-	false	2026/09/19 20:46:03
20028	1	DP	0	NO PLAY	0	-	false	2026/09/19 20:46:03
20028	2	P1	0	NO PLAY	0	-	false	2026/09/19 20:46:03
20028	2	DP	0	NO PLAY	0	-	false	2026/09/19 20:46:03
20028	3	P1	0	NO PLAY	0	-	false	2026/09/19 20:46:03
20028	3	DP	6	EX HARD CLEAR	2663	15	true	2026/09/19 20:46:03
20028	4	P1	0	NO PLAY	0	-	false	2026/09/19 20:46:03
20028	4	DP	0	NO PLAY	0	-	false	2026/09/19 20:46:03
20029	0	P1	0	NO PLAY	0	-	false	2026/09/19 20:46:03
20029	0	DP	0	NO PLAY	0	-	false	2026/09/19 20:46:03
20029	1	P1	0	NO PLAY	0	-	false	2026/09/19 20:46:03
20029	1	DP	0	NO PLAY	0	-	false	2026/09/19 20:46:03
20029	2	P1	0	NO PLAY	0	-	false	2026/09/19 20:46:03
20029	2	DP	0	NO PLAY	0	-	false	2026/09/19 20:46:03
20029	3	P1	5	HARD CLEAR	2410	19	true	2026/09/19 20:46:03
20029	3	DP	5	HARD CLEAR	2371	40	true	2026/09/19 20:46:03
20029	4	P1	0	NO PLAY	0	-	false	2026/09/19 20:46:03
20029	4	DP	0	NO PLAY	0	-	false	2026/09/19 20:46:03
20030	0	P1	0	NO PLAY	0	-	false	2026/09/19 20:46:03
20030	0	DP	0	NO PLAY	0	-	false	2026/09/19 20:46:03
20030	1	P1	0	NO PLAY	0	-	false	2026/09/19 20:46:03
20030	1	DP	0	NO PLAY	0	-	false	2026/09/19 20:46:03
20030	2	P1	0	NO PLAY	0	-	false	2026/09/19 20:46:03
20030	2	DP	0	NO PLAY	0	-	false	2026/09/19 20:46:03
20030	3	P1	0	NO PLAY	0	-	false	2026/09/19 20:46:03
20030	3	DP	6	EX HARD CLEAR	1980	13	true	2026/09/19 20:46:03
20030	4	P1	0	NO PLAY	0	-	false	2026/09/19 20:46:03
20030	4	DP	0	NO PLAY	0	-	false	2026/09/19 20:46:03
20031	0	P1	0	NO PLAY	0	-	false	2026/09/19 20:46:03
20031	0	DP	0	NO PLAY	0	-	false	2026/09/19 20:46:03
20031	1	P1	0	NO PLAY	0	-	false	2026/09/19 20:46:03
20031	1	DP	0	NO PLAY	0	-	false	2026/09/19 20:46:03
20031	2	P1	0	NO PLAY	0	-	false	2026/09/19 20:46:03
20031	2	DP	0	NO PLAY	0	-	false	2026/09/19 20:46:03
20031	3	P1	6	EX HARD CLEAR	1790	17	true	2026/09/19 20:46:03
20031	3	DP	5	HARD CLEAR	2608	26	true	2026/09/19 20:46:03
20031	4	P1	5	HARD CLEAR	2688	44	true	2026/09/19 20:46:03
20031	4	DP	3	EASY CLEAR	2729	90	true	2026/09/19 20:46:03
20032	0	P1	0	NO PLAY	0	-	false	2026/09/19 20:46:03
20032	0	DP	0	NO PLAY	0	-	false	2026/09/19 20:46:03
20032	1	P1	0	NO PLAY	0	-	false	2026/09/19 20:46:03
20032	1	DP	0	NO PLAY	0	-	false	2026/09/19 20:46:03
20032	2	P1	0	NO PLAY	0	-	false	2026/09/19 20:46:03
20032	2	DP	0	NO PLAY	0	-	false	2026/09/19 20:46:03
20032	3	P1	5	HARD CLEAR	1907	8	true	2026/09/19 20:46:03
20032	3	DP	6	EX HARD CLEAR	2436	11	true	2026/09/19 20:46:03
20032	4	P1	0	NO PLAY	0	-	false	2026/09/19 20:46:03
20032	4	DP	0	NO PLAY	0	-	false	2026/09/19 20:46:03
20033	0	P1	0	NO PLAY	0	-	false	2026/09/19 20:46:03
20033	0	DP	0	NO PLAY	0	-	false	2026/09/19 20:46:03
20033	1	P1	0	NO PLAY	0	-	false	2026/09/19 20:46:03
20033	1	DP	0	NO PLAY	0	-	false	2026/09/19 20:46:03
20033	2	P1	0	NO PLAY	0	-	false	2026/09/19 20:46:03
20033	2	DP	0	NO PLAY	0	-	false	2026/09/19 20:46:03
20033	3	P1	0	NO PLAY	0	-	false	2026/09/19 20:46:03
20033	3	DP	6	EX HARD CLEAR	1593	7	true	2026/09/19 20:46:03
20033	4	P1	0	NO PLAY	0	-	false	2026/09/19 20:46:03
20033	4	DP	0	NO PLAY	0	-	false	2026/09/19 20:46:03
20034	0	P1	0	NO PLAY	0	-	false	2026/09/19 20:46:03
20034	0	DP	0	NO PLAY	0	-	false	2026/09/19 20:46:03
20034	1	P1	0	NO PLAY	0	-	false	2026/09/19 20:46:03
20034	1	DP	0	NO PLAY	0	-	false	2026/09/19 20:46:03
20034	2	P1	0	NO PLAY	0	-	false	2026/09/19 20:46:03
20034	2	DP	0	NO PLAY	0	-	false	2026/09/19 20:46:03
20034	3	P1	0	NO PLAY	0	-	false	2026/09/19 20:46:03
20034	3	DP	6	EX HARD CLEAR	1393	9	true	2026/09/19 20:46:03
20034	4	P1	0	NO PLAY	0	-	false	2026/09/19 20:46:03
20034	4	DP	0	NO PLAY	0	-	false	2026/09/19 20:46:03
20035	0	P1	0	NO PLAY	0	-	false	2026/09/19 20:46:03
20035	0	DP	0	NO PLAY	0	-	false	2026/09/19 20:46:03
20035	1	P1	0	NO PLAY	0	-	false	2026/09/19 20:46:03
20035	1	DP	0	NO PLAY	0	-	false	2026/09/19 20:46:03
20035	2	P1	0	NO PLAY	0	-	false	2026/09/19 20:46:03
20035	2	DP	0	NO PLAY	0	-	false	2026/09/19 20:46:03
20035	3	P1	0	NO PLAY	0	-	false	2026/09/19 20:46:03
20035	3	DP	6	EX HARD CLEAR	2260	16	true	2026/09/19 20:46:03
20035	4	P1	0	NO PLAY	0	-	false	2026/09/19 20:46:03
20035	4	DP	0	NO PLAY	0	-	false	2026/09/19 20:46:03
20036	0	P1	0	NO PLAY	0	-	false	2026/09/19 20:46:03
20036	0	DP	0	NO PLAY	0	-	false	2026/09/19 20:46:03
20036	1	P1	0	NO PLAY	0	-	false	2026/09/19 20:46:03
20036	1	DP	0	NO PLAY	0	-	false	2026/09/19 20:46:03
20036	2	P1	0	NO PLAY	0	-	false	2026/09/19 20:46:03
20036	2	DP	0	NO PLAY	0	-	false	2026/09/19 20:46:03
20036	3	P1	0	NO PLAY	0	-	false	2026/09/19 20:46:03
20036	3	DP	6	EX HARD CLEAR	2250	10	true	2026/09/19 20:46:03
20036	4	P1	0	NO PLAY	0	-	false	2026/09/19 20:46:03
20036	4	DP	0	NO PLAY	0	-	false	2026/09/19 20:46:03
20037	0	P1	0	NO PLAY	0	-	false	2026/09/19 20:46:03
20037	0	DP	0	NO PLAY	0	-	false	2026/09/19 20:46:03
20037	1	P1	0	NO PLAY	0	-	false	2026/09/19 20:46:03
20037	1	DP	0	NO PLAY	0	-	false	2026/09/19 20:46:03
20037	2	P1	0	NO PLAY	0	-	false	2026/09/19 20:46:03
20037	2	DP	0	NO PLAY	0	-	false	2026/09/19 20:46:03
20037	3	P1	6	EX HARD CLEAR	1741	4	true	2026/09/19 20:46:03
20037	3	DP	6	EX HARD CLEAR	1991	8	true	2026/09/19 20:46:03
20037	4	P1	0	NO PLAY	0	-	false	2026/09/19 20:46:03
20037	4	DP	0	NO PLAY	0	-	false	2026/09/19 20:46:03
20038	0	P1	0	NO PLAY	0	-	false	2026/09/19 20:46:03
20038	0	DP	0	NO PLAY	0	-	false	2026/09/19 20:46:03
20038	1	P1	0	NO PLAY	0	-	false	2026/09/19 20:46:03
20038	1	DP	0	NO PLAY	0	-	false	2026/09/19 20:46:03
20038	2	P1	0	NO PLAY	0	-	false	2026/09/19 20:46:03
20038	2	DP	0	NO PLAY	0	-	false	2026/09/19 20:46:03
20038	3	P1	5	HARD CLEAR	2632	35	true	2026/09/19 20:46:03
20038	3	DP	5	HARD CLEAR	2254	49	true	2026/09/19 20:46:03
20038	4	P1	0	NO PLAY	0	-	false	2026/09/19 20:46:03
20038	4	DP	0	NO PLAY	0	-	false	2026/09/19 20:46:03
20039	0	P1	0	NO PLAY	0	-	false	2026/09/19 20:46:03
20039	0	DP	0	NO PLAY	0	-	false	2026/09/19 20:46:03
20039	1	P1	0	NO PLAY	0	-	false	2026/09/19 20:46:03
20039	1	DP	0	NO PLAY	0	-	false	2026/09/19 20:46:03
20039	2	P1	0	NO PLAY	0	-	false	2026/09/19 20:46:03
20039	2	DP	0	NO PLAY	0	-	false	2026/09/19 20:46:03
20039	3	P1	7	FULL COMBO	2533	1	true	2026/09/19 20:46:03
20039	3	DP	6	EX HARD CLEAR	2462	21	true	2026/09/19 20:46:03
20039	4	P1	6	EX HARD CLEAR	3342	7	true	2026/09/19 20:46:03
20039	4	DP	6	EX HARD CLEAR	2882	16	true	2026/09/19 20:46:03
20040	0	P1	0	NO PLAY	0	-	false	2026/09/19 20:46:03
20040	0	DP	0	NO PLAY	0	-	false	2026/09/19 20:46:03
20040	1	P1	0	NO PLAY	0	-	false	2026/09/19 20:46:03
20040	1	DP	0	NO PLAY	0	-	false	2026/09/19 20:46:03
20040	2	P1	0	NO PLAY	0	-	false	2026/09/19 20:46:03
20040	2	DP	0	NO PLAY	0	-	false	2026/09/19 20:46:03
20040	3	P1	0	NO PLAY	0	-	false	2026/09/19 20:46:03
20040	3	DP	6	EX HARD CLEAR	2305	16	true	2026/09/19 20:46:03
20040	4	P1	0	NO PLAY	0	-	false	2026/09/19 20:46:03
20040	4	DP	0	NO PLAY	0	-	false	2026/09/19 20:46:03
20041	0	P1	0	NO PLAY	0	-	false	2026/09/19 20:46:03
20041	0	DP	0	NO PLAY	0	-	false	2026/09/19 20:46:03
20041	1	P1	0	NO PLAY	0	-	false	2026/09/19 20:46:03
20041	1	DP	0	NO PLAY	0	-	false	2026/09/19 20:46:03
20041	2	P1	0	NO PLAY	0	-	false	2026/09/19 20:46:03
20041	2	DP	0	NO PLAY	0	-	false	2026/09/19 20:46:03
20041	3	P1	6	EX HARD CLEAR	3059	18	true	2026/09/19 20:46:03
20041	3	DP	6	EX HARD CLEAR	2644	19	true	2026/09/19 20:46:03
20041	4	P1	0	NO PLAY	0	-	false	2026/09/19 20:46:03
20041	4	DP	0	NO PLAY	0	-	false	2026/09/19 20:46:03
20042	0	P1	0	NO PLAY	0	-	false	2026/09/19 20:46:03
20042	0	DP	0	NO PLAY	0	-	false	2026/09/19 20:46:03
20042	1	P1	0	NO PLAY	0	-	false	2026/09/19 20:46:03
20042	1	DP	0	NO PLAY	0	-	false	2026/09/19 20:46:03
20042	2	P1	0	NO PLAY	0	-	false	2026/09/19 20:46:03
20042	2	DP	0	NO PLAY	0	-	false	2026/09/19 20:46:03
20042	3	P1	0	NO PLAY	0	-	false	2026/09/19 20:46:03
20042	3	DP	6	EX HARD CLEAR	2105	15	true	2026/09/19 20:46:03
20042	4	P1	0	NO PLAY	0	-	false	2026/09/19 20:46:03
20042	4	DP	0	NO PLAY	0	-	false	2026/09/19 20:46:03
20043	0	P1	0	NO PLAY	0	-	false	2026/09/19 20:46:03
20043	0	DP	0	NO PLAY	0	-	false	2026/09/19 20:46:03
20043	1	P1	0	NO PLAY	0	-	false	2026/09/19 20:46:03
20043	1	DP	0	NO PLAY	0	-	false	2026/09/19 20:46:03
20043	2	P1	0	NO PLAY	0	-	false	2026/09/19 20:46:03
20043	2	DP	6	EX HARD CLEAR	1587	6	true	2026/09/19 20:46:03
20043	3	P1	5	HARD CLEAR	2477	29	true	2026/09/19 20:46:03
20043	3	DP	5	HARD CLEAR	1779	32	true	2026/09/19 20:46:03
20043	4	P1	0	NO PLAY	0	-	false	2026/09/19 20:46:03
20043	4	DP	0	NO PLAY	0	-	false	2026/09/19 20:46:03
20044	0	P1	0	NO PLAY	0	-	false	2026/09/19 20:46:03
20044	0	DP	0	NO PLAY	0	-	false	2026/09/19 20:46:03
20044	1	P1	0	NO PLAY	0	-	false	2026/09/19 20:46:03
20044	1	DP	0	NO PLAY	0	-	false	2026/09/19 20:46:03
20044	2	P1	0	NO PLAY	0	-	false	2026/09/19 20:46:03
20044	2	DP	0	NO PLAY	0	-	false	2026/09/19 20:46:03
20044	3	P1	0	NO PLAY	0	-	false	2026/09/19 20:46:03
20044	3	DP	0	NO PLAY	0	-	false	2026/09/19 20:46:03
20044	4	P1	0	NO PLAY	0	-	false	2026/09/19 20:46:03
20044	4	DP	0	NO PLAY	0	-	false	2026/09/19 20:46:03
20045	0	P1	0	NO PLAY	0	-	false	2026/09/19 20:46:03
20045	0	DP	0	NO PLAY	0	-	false	2026/09/19 20:46:03
20045	1	P1	0	NO PLAY	0	-	false	2026/09/19 20:46:03
20045	1	DP	0	NO PLAY	0	-	false	2026/09/19 20:46:03
20045	2	P1	0	NO PLAY	0	-	false	2026/09/19 20:46:03
20045	2	DP	0	NO PLAY	0	-	false	2026/09/19 20:46:03
20045	3	P1	0	NO PLAY	0	-	false	2026/09/19 20:46:03
20045	3	DP	6	EX HARD CLEAR	2451	11	true	2026/09/19 20:46:03
20045	4	P1	0	NO PLAY	0	-	false	2026/09/19 20:46:03
20045	4	DP	0	NO PLAY	0	-	false	2026/09/19 20:46:03
20046	0	P1	0	NO PLAY	0	-	false	2026/09/19 20:46:03
20046	0	DP	0	NO PLAY	0	-	false	2026/09/19 20:46:03
20046	1	P1	0	NO PLAY	0	-	false	2026/09/19 20:46:03
20046	1	DP	0	NO PLAY	0	-	false	2026/09/19 20:46:03
20046	2	P1	0	NO PLAY	0	-	false	2026/09/19 20:46:03
20046	2	DP	0	NO PLAY	0	-	false	2026/09/19 20:46:03
20046	3	P1	6	EX HARD CLEAR	1819	11	true	2026/09/19 20:46:03
20046	3	DP	6	EX HARD CLEAR	1854	8	true	2026/09/19 20:46:03
20046	4	P1	0	NO PLAY	0	-	false	2026/09/19 20:46:03
20046	4	DP	0	NO PLAY	0	-	false	2026/09/19 20:46:03
20047	0	P1	0	NO PLAY	0	-	false	2026/09/19 20:46:03
20047	0	DP	0	NO PLAY	0	-	false	2026/09/19 20:46:03
20047	1	P1	0	NO PLAY	0	-	false	2026/09/19 20:46:03
20047	1	DP	0	NO PLAY	0	-	false	2026/09/19 20:46:03
20047	2	P1	0	NO PLAY	0	-	false	2026/09/19 20:46:03
20047	2	DP	0	NO PLAY	0	-	false	2026/09/19 20:46:03
20047	3	P1	6	EX HARD CLEAR	2805	14	true	2026/09/19 20:46:03
20047	3	DP	1	FAILED	2801	148	true	2026/09/19 20:46:03
20047	4	P1	0	NO PLAY	0	-	false	2026/09/19 20:46:03
20047	4	DP	0	NO PLAY	0	-	false	2026/09/19 20:46:03
20048	0	P1	0	NO PLAY	0	-	false	2026/09/19 20:46:03
20048	0	DP	0	NO PLAY	0	-	false	2026/09/19 20:46:03
20048	1	P1	0	NO PLAY	0	-	false	2026/09/19 20:46:03
20048	1	DP	0	NO PLAY	0	-	false	2026/09/19 20:46:03
20048	2	P1	0	NO PLAY	0	-	false	2026/09/19 20:46:03
20048	2	DP	0	NO PLAY	0	-	false	2026/09/19 20:46:03
20048	3	P1	6	EX HARD CLEAR	2554	13	true	2026/09/19 20:46:03
20048	3	DP	6	EX HARD CLEAR	2471	12	true	2026/09/19 20:46:03
20048	4	P1	0	NO PLAY	0	-	false	2026/09/19 20:46:03
20048	4	DP	0	NO PLAY	0	-	false	2026/09/19 20:46:03
20049	0	P1	0	NO PLAY	0	-	false	2026/09/19 20:46:03
20049	0	DP	0	NO PLAY	0	-	false	2026/09/19 20:46:03
20049	1	P1	0	NO PLAY	0	-	false	2026/09/19 20:46:03
20049	1	DP	0	NO PLAY	0	-	false	2026/09/19 20:46:03
20049	2	P1	0	NO PLAY	0	-	false	2026/09/19 20:46:03
20049	2	DP	0	NO PLAY	0	-	false	2026/09/19 20:46:03
20049	3	P1	5	HARD CLEAR	2479	28	true	2026/09/19 20:46:03
20049	3	DP	5	HARD CLEAR	2192	44	true	2026/09/19 20:46:03
20049	4	P1	0	NO PLAY	0	-	false	2026/09/19 20:46:03
20049	4	DP	0	NO PLAY	0	-	false	2026/09/19 20:46:03
20050	0	P1	0	NO PLAY	0	-	false	2026/09/19 20:46:03
20050	0	DP	0	NO PLAY	0	-	false	2026/09/19 20:46:03
20050	1	P1	0	NO PLAY	0	-	false	2026/09/19 20:46:03
20050	1	DP	0	NO PLAY	0	-	false	2026/09/19 20:46:03
20050	2	P1	0	NO PLAY	0	-	false	2026/09/19 20:46:03
20050	2	DP	0	NO PLAY	0	-	false	2026/09/19 20:46:03
20050	3	P1	0	NO PLAY	0	-	false	2026/09/19 20:46:03
20050	3	DP	7	FULL COMBO	1752	2	true	2026/09/19 20:46:03
20050	4	P1	0	NO PLAY	0	-	false	2026/09/19 20:46:03
20050	4	DP	0	NO PLAY	0	-	false	2026/09/19 20:46:03
20051	0	P1	0	NO PLAY	0	-	false	2026/09/19 20:46:03
20051	0	DP	0	NO PLAY	0	-	false	2026/09/19 20:46:03
20051	1	P1	0	NO PLAY	0	-	false	2026/09/19 20:46:03
20051	1	DP	0	NO PLAY	0	-	false	2026/09/19 20:46:03
20051	2	P1	0	NO PLAY	0	-	false	2026/09/19 20:46:03
20051	2	DP	0	NO PLAY	0	-	false	2026/09/19 20:46:03
20051	3	P1	6	EX HARD CLEAR	2423	12	true	2026/09/19 20:46:03
20051	3	DP	5	HARD CLEAR	2093	39	true	2026/09/19 20:46:03
20051	4	P1	0	NO PLAY	0	-	false	2026/09/19 20:46:03
20051	4	DP	0	NO PLAY	0	-	false	2026/09/19 20:46:03
20052	0	P1	0	NO PLAY	0	-	false	2026/09/19 20:46:03
20052	0	DP	0	NO PLAY	0	-	false	2026/09/19 20:46:03
20052	1	P1	0	NO PLAY	0	-	false	2026/09/19 20:46:03
20052	1	DP	0	NO PLAY	0	-	false	2026/09/19 20:46:03
20052	2	P1	0	NO PLAY	0	-	false	2026/09/19 20:46:03
20052	2	DP	0	NO PLAY	0	-	false	2026/09/19 20:46:03
20052	3	P1	7	FULL COMBO	1889	0	true	2026/09/19 20:46:03
20052	3	DP	6	EX HARD CLEAR	2082	6	true	2026/09/19 20:46:03
20052	4	P1	0	NO PLAY	0	-	false	2026/09/19 20:46:03
20052	4	DP	0	NO PLAY	0	-	false	2026/09/19 20:46:03
20053	0	P1	0	NO PLAY	0	-	false	2026/09/19 20:46:03
20053	0	DP	0	NO PLAY	0	-	false	2026/09/19 20:46:03
20053	1	P1	1	FAILED	12	621	true	2026/09/19 20:46:03
20053	1	DP	5	HARD CLEAR	841	8	true	2026/09/19 20:46:03
20053	2	P1	0	NO PLAY	0	-	false	2026/09/19 20:46:03
20053	2	DP	5	HARD CLEAR	925	28	true	2026/09/19 20:46:03
20053	3	P1	6	EX HARD CLEAR	2329	7	true	2026/09/19 20:46:03
20053	3	DP	6	EX HARD CLEAR	2442	12	true	2026/09/19 20:46:03
20053	4	P1	0	NO PLAY	0	-	false	2026/09/19 20:46:03
20053	4	DP	0	NO PLAY	0	-	false	2026/09/19 20:46:03
20055	0	P1	0	NO PLAY	0	-	false	2026/09/19 20:46:03
20055	0	DP	0	NO PLAY	0	-	false	2026/09/19 20:46:03
20055	1	P1	0	NO PLAY	0	-	false	2026/09/19 20:46:03
20055	1	DP	0	NO PLAY	0	-	false	2026/09/19 20:46:03
20055	2	P1	0	NO PLAY	0	-	false	2026/09/19 20:46:03
20055	2	DP	0	NO PLAY	0	-	false	2026/09/19 20:46:03
20055	3	P1	0	NO PLAY	0	-	false	2026/09/19 20:46:03
20055	3	DP	5	HARD CLEAR	2075	37	true	2026/09/19 20:46:03
20055	4	P1	0	NO PLAY	0	-	false	2026/09/19 20:46:03
20055	4	DP	0	NO PLAY	0	-	false	2026/09/19 20:46:03
20056	0	P1	0	NO PLAY	0	-	false	2026/09/19 20:46:03
20056	0	DP	0	NO PLAY	0	-	false	2026/09/19 20:46:03
20056	1	P1	0	NO PLAY	0	-	false	2026/09/19 20:46:03
20056	1	DP	0	NO PLAY	0	-	false	2026/09/19 20:46:03
20056	2	P1	0	NO PLAY	0	-	false	2026/09/19 20:46:03
20056	2	DP	0	NO PLAY	0	-	false	2026/09/19 20:46:03
20056	3	P1	0	NO PLAY	0	-	false	2026/09/19 20:46:03
20056	3	DP	6	EX HARD CLEAR	2235	10	true	2026/09/19 20:46:03
20056	4	P1	0	NO PLAY	0	-	false	2026/09/19 20:46:03
20056	4	DP	0	NO PLAY	0	-	false	2026/09/19 20:46:03
20057	0	P1	0	NO PLAY	0	-	false	2026/09/19 20:46:03
20057	0	DP	0	NO PLAY	0	-	false	2026/09/19 20:46:03
20057	1	P1	0	NO PLAY	0	-	false	2026/09/19 20:46:03
20057	1	DP	0	NO PLAY	0	-	false	2026/09/19 20:46:03
20057	2	P1	0	NO PLAY	0	-	false	2026/09/19 20:46:03
20057	2	DP	0	NO PLAY	0	-	false	2026/09/19 20:46:03
20057	3	P1	0	NO PLAY	0	-	false	2026/09/19 20:46:03
20057	3	DP	6	EX HARD CLEAR	1807	12	true	2026/09/19 20:46:03
20057	4	P1	0	NO PLAY	0	-	false	2026/09/19 20:46:03
20057	4	DP	0	NO PLAY	0	-	false	2026/09/19 20:46:03
20058	0	P1	0	NO PLAY	0	-	false	2026/09/19 20:46:03
20058	0	DP	0	NO PLAY	0	-	false	2026/09/19 20:46:03
20058	1	P1	0	NO PLAY	0	-	false	2026/09/19 20:46:03
20058	1	DP	0	NO PLAY	0	-	false	2026/09/19 20:46:03
20058	2	P1	0	NO PLAY	0	-	false	2026/09/19 20:46:03
20058	2	DP	0	NO PLAY	0	-	false	2026/09/19 20:46:03
20058	3	P1	6	EX HARD CLEAR	3198	6	true	2026/09/19 20:46:03
20058	3	DP	6	EX HARD CLEAR	2656	14	true	2026/09/19 20:46:03
20058	4	P1	0	NO PLAY	0	-	false	2026/09/19 20:46:03
20058	4	DP	0	NO PLAY	0	-	false	2026/09/19 20:46:03
20060	0	P1	0	NO PLAY	0	-	false	2026/09/19 20:46:03
20060	0	DP	0	NO PLAY	0	-	false	2026/09/19 20:46:03
20060	1	P1	0	NO PLAY	0	-	false	2026/09/19 20:46:03
20060	1	DP	0	NO PLAY	0	-	false	2026/09/19 20:46:03
20060	2	P1	0	NO PLAY	0	-	false	2026/09/19 20:46:03
20060	2	DP	0	NO PLAY	0	-	false	2026/09/19 20:46:03
20060	3	P1	0	NO PLAY	0	-	false	2026/09/19 20:46:03
20060	3	DP	6	EX HARD CLEAR	1518	8	true	2026/09/19 20:46:03
20060	4	P1	0	NO PLAY	0	-	false	2026/09/19 20:46:03
20060	4	DP	0	NO PLAY	0	-	false	2026/09/19 20:46:03
20061	0	P1	0	NO PLAY	0	-	false	2026/09/19 20:46:03
20061	0	DP	0	NO PLAY	0	-	false	2026/09/19 20:46:03
20061	1	P1	0	NO PLAY	0	-	false	2026/09/19 20:46:03
20061	1	DP	0	NO PLAY	0	-	false	2026/09/19 20:46:03
20061	2	P1	0	NO PLAY	0	-	false	2026/09/19 20:46:03
20061	2	DP	0	NO PLAY	0	-	false	2026/09/19 20:46:03
20061	3	P1	0	NO PLAY	0	-	false	2026/09/19 20:46:03
20061	3	DP	6	EX HARD CLEAR	1800	14	true	2026/09/19 20:46:03
20061	4	P1	0	NO PLAY	0	-	false	2026/09/19 20:46:03
20061	4	DP	0	NO PLAY	0	-	false	2026/09/19 20:46:03
20062	0	P1	0	NO PLAY	0	-	false	2026/09/19 20:46:03
20062	0	DP	0	NO PLAY	0	-	false	2026/09/19 20:46:03
20062	1	P1	0	NO PLAY	0	-	false	2026/09/19 20:46:03
20062	1	DP	0	NO PLAY	0	-	false	2026/09/19 20:46:03
20062	2	P1	0	NO PLAY	0	-	false	2026/09/19 20:46:03
20062	2	DP	0	NO PLAY	0	-	false	2026/09/19 20:46:03
20062	3	P1	6	EX HARD CLEAR	2183	10	true	2026/09/19 20:46:03
20062	3	DP	1	FAILED	2098	-	false	2026/09/19 20:46:03
20062	4	P1	0	NO PLAY	0	-	false	2026/09/19 20:46:03
20062	4	DP	0	NO PLAY	0	-	false	2026/09/19 20:46:03
20064	0	P1	0	NO PLAY	0	-	false	2026/09/19 20:46:03
20064	0	DP	0	NO PLAY	0	-	false	2026/09/19 20:46:03
20064	1	P1	0	NO PLAY	0	-	false	2026/09/19 20:46:03
20064	1	DP	0	NO PLAY	0	-	false	2026/09/19 20:46:03
20064	2	P1	0	NO PLAY	0	-	false	2026/09/19 20:46:03
20064	2	DP	0	NO PLAY	0	-	false	2026/09/19 20:46:03
20064	3	P1	0	NO PLAY	0	-	false	2026/09/19 20:46:03
20064	3	DP	6	EX HARD CLEAR	2312	8	true	2026/09/19 20:46:03
20064	4	P1	0	NO PLAY	0	-	false	2026/09/19 20:46:03
20064	4	DP	0	NO PLAY	0	-	false	2026/09/19 20:46:03
20065	0	P1	0	NO PLAY	0	-	false	2026/09/19 20:46:03
20065	0	DP	0	NO PLAY	0	-	false	2026/09/19 20:46:03
20065	1	P1	0	NO PLAY	0	-	false	2026/09/19 20:46:03
20065	1	DP	0	NO PLAY	0	-	false	2026/09/19 20:46:03
20065	2	P1	0	NO PLAY	0	-	false	2026/09/19 20:46:03
20065	2	DP	0	NO PLAY	0	-	false	2026/09/19 20:46:03
20065	3	P1	0	NO PLAY	0	-	false	2026/09/19 20:46:03
20065	3	DP	6	EX HARD CLEAR	2229	7	true	2026/09/19 20:46:03
20065	4	P1	0	NO PLAY	0	-	false	2026/09/19 20:46:03
20065	4	DP	0	NO PLAY	0	-	false	2026/09/19 20:46:03
20066	0	P1	0	NO PLAY	0	-	false	2026/09/19 20:46:03
20066	0	DP	0	NO PLAY	0	-	false	2026/09/19 20:46:03
20066	1	P1	0	NO PLAY	0	-	false	2026/09/19 20:46:03
20066	1	DP	0	NO PLAY	0	-	false	2026/09/19 20:46:03
20066	2	P1	0	NO PLAY	0	-	false	2026/09/19 20:46:03
20066	2	DP	0	NO PLAY	0	-	false	2026/09/19 20:46:03
20066	3	P1	0	NO PLAY	0	-	false	2026/09/19 20:46:03
20066	3	DP	6	EX HARD CLEAR	1788	9	true	2026/09/19 20:46:03
20066	4	P1	0	NO PLAY	0	-	false	2026/09/19 20:46:03
20066	4	DP	0	NO PLAY	0	-	false	2026/09/19 20:46:03
20067	0	P1	0	NO PLAY	0	-	false	2026/09/19 20:46:03
20067	0	DP	0	NO PLAY	0	-	false	2026/09/19 20:46:03
20067	1	P1	0	NO PLAY	0	-	false	2026/09/19 20:46:03
20067	1	DP	0	NO PLAY	0	-	false	2026/09/19 20:46:03
20067	2	P1	0	NO PLAY	0	-	false	2026/09/19 20:46:03
20067	2	DP	0	NO PLAY	0	-	false	2026/09/19 20:46:03
20067	3	P1	6	EX HARD CLEAR	2443	17	true	2026/09/19 20:46:03
20067	3	DP	5	HARD CLEAR	2142	44	true	2026/09/19 20:46:03
20067	4	P1	0	NO PLAY	0	-	false	2026/09/19 20:46:03
20067	4	DP	0	NO PLAY	0	-	false	2026/09/19 20:46:03
20068	0	P1	0	NO PLAY	0	-	false	2026/09/19 20:46:03
20068	0	DP	0	NO PLAY	0	-	false	2026/09/19 20:46:03
20068	1	P1	0	NO PLAY	0	-	false	2026/09/19 20:46:03
20068	1	DP	0	NO PLAY	0	-	false	2026/09/19 20:46:03
20068	2	P1	0	NO PLAY	0	-	false	2026/09/19 20:46:03
20068	2	DP	0	NO PLAY	0	-	false	2026/09/19 20:46:03
20068	3	P1	0	NO PLAY	0	-	false	2026/09/19 20:46:03
20068	3	DP	6	EX HARD CLEAR	2350	15	true	2026/09/19 20:46:03
20068	4	P1	0	NO PLAY	0	-	false	2026/09/19 20:46:03
20068	4	DP	6	EX HARD CLEAR	2434	14	true	2026/09/19 20:46:03
20069	0	P1	0	NO PLAY	0	-	false	2026/09/19 20:46:03
20069	0	DP	0	NO PLAY	0	-	false	2026/09/19 20:46:03
20069	1	P1	0	NO PLAY	0	-	false	2026/09/19 20:46:03
20069	1	DP	0	NO PLAY	0	-	false	2026/09/19 20:46:03
20069	2	P1	0	NO PLAY	0	-	false	2026/09/19 20:46:03
20069	2	DP	0	NO PLAY	0	-	false	2026/09/19 20:46:03
20069	3	P1	6	EX HARD CLEAR	1761	19	true	2026/09/19 20:46:03
20069	3	DP	6	EX HARD CLEAR	2178	15	true	2026/09/19 20:46:03
20069	4	P1	0	NO PLAY	0	-	false	2026/09/19 20:46:03
20069	4	DP	0	NO PLAY	0	-	false	2026/09/19 20:46:03
20070	0	P1	0	NO PLAY	0	-	false	2026/09/19 20:46:03
20070	0	DP	0	NO PLAY	0	-	false	2026/09/19 20:46:03
20070	1	P1	0	NO PLAY	0	-	false	2026/09/19 20:46:03
20070	1	DP	0	NO PLAY	0	-	false	2026/09/19 20:46:03
20070	2	P1	0	NO PLAY	0	-	false	2026/09/19 20:46:03
20070	2	DP	0	NO PLAY	0	-	false	2026/09/19 20:46:03
20070	3	P1	6	EX HARD CLEAR	1580	17	true	2026/09/19 20:46:03
20070	3	DP	5	HARD CLEAR	1294	42	true	2026/09/19 20:46:03
20070	4	P1	0	NO PLAY	0	-	false	2026/09/19 20:46:03
20070	4	DP	0	NO PLAY	0	-	false	2026/09/19 20:46:03
20071	0	P1	0	NO PLAY	0	-	false	2026/09/19 20:46:03
20071	0	DP	0	NO PLAY	0	-	false	2026/09/19 20:46:03
20071	1	P1	0	NO PLAY	0	-	false	2026/09/19 20:46:03
20071	1	DP	0	NO PLAY	0	-	false	2026/09/19 20:46:03
20071	2	P1	0	NO PLAY	0	-	false	2026/09/19 20:46:03
20071	2	DP	0	NO PLAY	0	-	false	2026/09/19 20:46:03
20071	3	P1	6	EX HARD CLEAR	2779	12	true	2026/09/19 20:46:03
20071	3	DP	5	HARD CLEAR	2653	42	true	2026/09/19 20:46:03
20071	4	P1	0	NO PLAY	0	-	false	2026/09/19 20:46:03
20071	4	DP	0	NO PLAY	0	-	false	2026/09/19 20:46:03
20072	0	P1	0	NO PLAY	0	-	false	2026/09/19 20:46:03
20072	0	DP	0	NO PLAY	0	-	false	2026/09/19 20:46:03
20072	1	P1	0	NO PLAY	0	-	false	2026/09/19 20:46:03
20072	1	DP	0	NO PLAY	0	-	false	2026/09/19 20:46:03
20072	2	P1	0	NO PLAY	0	-	false	2026/09/19 20:46:03
20072	2	DP	0	NO PLAY	0	-	false	2026/09/19 20:46:03
20072	3	P1	6	EX HARD CLEAR	2510	14	true	2026/09/19 20:46:03
20072	3	DP	6	EX HARD CLEAR	2457	10	true	2026/09/19 20:46:03
20072	4	P1	0	NO PLAY	0	-	false	2026/09/19 20:46:03
20072	4	DP	0	NO PLAY	0	-	false	2026/09/19 20:46:03
20073	0	P1	0	NO PLAY	0	-	false	2026/09/19 20:46:03
20073	0	DP	0	NO PLAY	0	-	false	2026/09/19 20:46:03
20073	1	P1	0	NO PLAY	0	-	false	2026/09/19 20:46:03
20073	1	DP	0	NO PLAY	0	-	false	2026/09/19 20:46:03
20073	2	P1	0	NO PLAY	0	-	false	2026/09/19 20:46:03
20073	2	DP	0	NO PLAY	0	-	false	2026/09/19 20:46:03
20073	3	P1	6	EX HARD CLEAR	2235	12	true	2026/09/19 20:46:03
20073	3	DP	6	EX HARD CLEAR	2217	9	true	2026/09/19 20:46:03
20073	4	P1	0	NO PLAY	0	-	false	2026/09/19 20:46:03
20073	4	DP	0	NO PLAY	0	-	false	2026/09/19 20:46:03
20074	0	P1	0	NO PLAY	0	-	false	2026/09/19 20:46:03
20074	0	DP	0	NO PLAY	0	-	false	2026/09/19 20:46:03
20074	1	P1	0	NO PLAY	0	-	false	2026/09/19 20:46:03
20074	1	DP	0	NO PLAY	0	-	false	2026/09/19 20:46:03
20074	2	P1	0	NO PLAY	0	-	false	2026/09/19 20:46:03
20074	2	DP	0	NO PLAY	0	-	false	2026/09/19 20:46:03
20074	3	P1	6	EX HARD CLEAR	3273	18	true	2026/09/19 20:46:03
20074	3	DP	5	HARD CLEAR	3030	55	true	2026/09/19 20:46:03
20074	4	P1	0	NO PLAY	0	-	false	2026/09/19 20:46:03
20074	4	DP	0	NO PLAY	0	-	false	2026/09/19 20:46:03
20075	0	P1	0	NO PLAY	0	-	false	2026/09/19 20:46:03
20075	0	DP	0	NO PLAY	0	-	false	2026/09/19 20:46:03
20075	1	P1	0	NO PLAY	0	-	false	2026/09/19 20:46:03
20075	1	DP	0	NO PLAY	0	-	false	2026/09/19 20:46:03
20075	2	P1	0	NO PLAY	0	-	false	2026/09/19 20:46:03
20075	2	DP	0	NO PLAY	0	-	false	2026/09/19 20:46:03
20075	3	P1	0	NO PLAY	0	-	false	2026/09/19 20:46:03
20075	3	DP	6	EX HARD CLEAR	1924	7	true	2026/09/19 20:46:03
20075	4	P1	0	NO PLAY	0	-	false	2026/09/19 20:46:03
20075	4	DP	5	HARD CLEAR	2592	34	true	2026/09/19 20:46:03
20076	0	P1	0	NO PLAY	0	-	false	2026/09/19 20:46:03
20076	0	DP	0	NO PLAY	0	-	false	2026/09/19 20:46:03
20076	1	P1	0	NO PLAY	0	-	false	2026/09/19 20:46:03
20076	1	DP	0	NO PLAY	0	-	false	2026/09/19 20:46:03
20076	2	P1	0	NO PLAY	0	-	false	2026/09/19 20:46:03
20076	2	DP	0	NO PLAY	0	-	false	2026/09/19 20:46:03
20076	3	P1	0	NO PLAY	0	-	false	2026/09/19 20:46:03
20076	3	DP	6	EX HARD CLEAR	2070	13	true	2026/09/19 20:46:03
20076	4	P1	0	NO PLAY	0	-	false	2026/09/19 20:46:03
20076	4	DP	0	NO PLAY	0	-	false	2026/09/19 20:46:03
20082	0	P1	0	NO PLAY	0	-	false	2026/09/19 20:46:03
20082	0	DP	0	NO PLAY	0	-	false	2026/09/19 20:46:03
20082	1	P1	0	NO PLAY	0	-	false	2026/09/19 20:46:03
20082	1	DP	0	NO PLAY	0	-	false	2026/09/19 20:46:03
20082	2	P1	0	NO PLAY	0	-	false	2026/09/19 20:46:03
20082	2	DP	0	NO PLAY	0	-	false	2026/09/19 20:46:03
20082	3	P1	5	HARD CLEAR	1987	43	true	2026/09/19 20:46:03
20082	3	DP	6	EX HARD CLEAR	2453	11	true	2026/09/19 20:46:03
20082	4	P1	0	NO PLAY	0	-	false	2026/09/19 20:46:03
20082	4	DP	0	NO PLAY	0	-	false	2026/09/19 20:46:03
20083	0	P1	0	NO PLAY	0	-	false	2026/09/19 20:46:03
20083	0	DP	0	NO PLAY	0	-	false	2026/09/19 20:46:03
20083	1	P1	0	NO PLAY	0	-	false	2026/09/19 20:46:03
20083	1	DP	0	NO PLAY	0	-	false	2026/09/19 20:46:03
20083	2	P1	0	NO PLAY	0	-	false	2026/09/19 20:46:03
20083	2	DP	0	NO PLAY	0	-	false	2026/09/19 20:46:03
20083	3	P1	6	EX HARD CLEAR	2171	15	true	2026/09/19 20:46:03
20083	3	DP	6	EX HARD CLEAR	2380	14	true	2026/09/19 20:46:03
20083	4	P1	0	NO PLAY	0	-	false	2026/09/19 20:46:03
20083	4	DP	0	NO PLAY	0	-	false	2026/09/19 20:46:03
20086	0	P1	0	NO PLAY	0	-	false	2026/09/19 20:46:03
20086	0	DP	0	NO PLAY	0	-	false	2026/09/19 20:46:03
20086	1	P1	0	NO PLAY	0	-	false	2026/09/19 20:46:03
20086	1	DP	0	NO PLAY	0	-	false	2026/09/19 20:46:03
20086	2	P1	0	NO PLAY	0	-	false	2026/09/19 20:46:03
20086	2	DP	0	NO PLAY	0	-	false	2026/09/19 20:46:03
20086	3	P1	6	EX HARD CLEAR	2230	12	true	2026/09/19 20:46:03
20086	3	DP	6	EX HARD CLEAR	2382	19	true	2026/09/19 20:46:03
20086	4	P1	0	NO PLAY	0	-	false	2026/09/19 20:46:03
20086	4	DP	0	NO PLAY	0	-	false	2026/09/19 20:46:03
20087	0	P1	0	NO PLAY	0	-	false	2026/09/19 20:46:03
20087	0	DP	0	NO PLAY	0	-	false	2026/09/19 20:46:03
20087	1	P1	0	NO PLAY	0	-	false	2026/09/19 20:46:03
20087	1	DP	0	NO PLAY	0	-	false	2026/09/19 20:46:03
20087	2	P1	0	NO PLAY	0	-	false	2026/09/19 20:46:03
20087	2	DP	0	NO PLAY	0	-	false	2026/09/19 20:46:03
20087	3	P1	0	NO PLAY	0	-	false	2026/09/19 20:46:03
20087	3	DP	6	EX HARD CLEAR	3024	15	true	2026/09/19 20:46:03
20087	4	P1	0	NO PLAY	0	-	false	2026/09/19 20:46:03
20087	4	DP	0	NO PLAY	0	-	false	2026/09/19 20:46:03
20088	0	P1	0	NO PLAY	0	-	false	2026/09/19 20:46:03
20088	0	DP	0	NO PLAY	0	-	false	2026/09/19 20:46:03
20088	1	P1	0	NO PLAY	0	-	false	2026/09/19 20:46:03
20088	1	DP	0	NO PLAY	0	-	false	2026/09/19 20:46:03
20088	2	P1	0	NO PLAY	0	-	false	2026/09/19 20:46:03
20088	2	DP	0	NO PLAY	0	-	false	2026/09/19 20:46:03
20088	3	P1	0	NO PLAY	0	-	false	2026/09/19 20:46:03
20088	3	DP	6	EX HARD CLEAR	1323	2	true	2026/09/19 20:46:03
20088	4	P1	0	NO PLAY	0	-	false	2026/09/19 20:46:03
20088	4	DP	0	NO PLAY	0	-	false	2026/09/19 20:46:03
20089	0	P1	0	NO PLAY	0	-	false	2026/09/19 20:46:03
20089	0	DP	0	NO PLAY	0	-	false	2026/09/19 20:46:03
20089	1	P1	0	NO PLAY	0	-	false	2026/09/19 20:46:03
20089	1	DP	0	NO PLAY	0	-	false	2026/09/19 20:46:03
20089	2	P1	0	NO PLAY	0	-	false	2026/09/19 20:46:03
20089	2	DP	0	NO PLAY	0	-	false	2026/09/19 20:46:03
20089	3	P1	6	EX HARD CLEAR	1898	5	true	2026/09/19 20:46:03
20089	3	DP	6	EX HARD CLEAR	1779	13	true	2026/09/19 20:46:03
20089	4	P1	0	NO PLAY	0	-	false	2026/09/19 20:46:03
20089	4	DP	0	NO PLAY	0	-	false	2026/09/19 20:46:03
20090	0	P1	0	NO PLAY	0	-	false	2026/09/19 20:46:03
20090	0	DP	0	NO PLAY	0	-	false	2026/09/19 20:46:03
20090	1	P1	0	NO PLAY	0	-	false	2026/09/19 20:46:03
20090	1	DP	0	NO PLAY	0	-	false	2026/09/19 20:46:03
20090	2	P1	0	NO PLAY	0	-	false	2026/09/19 20:46:03
20090	2	DP	0	NO PLAY	0	-	false	2026/09/19 20:46:03
20090	3	P1	6	EX HARD CLEAR	2457	4	true	2026/09/19 20:46:03
20090	3	DP	6	EX HARD CLEAR	2163	12	true	2026/09/19 20:46:03
20090	4	P1	0	NO PLAY	0	-	false	2026/09/19 20:46:03
20090	4	DP	0	NO PLAY	0	-	false	2026/09/19 20:46:03
20091	0	P1	0	NO PLAY	0	-	false	2026/09/19 20:46:03
20091	0	DP	0	NO PLAY	0	-	false	2026/09/19 20:46:03
20091	1	P1	0	NO PLAY	0	-	false	2026/09/19 20:46:03
20091	1	DP	0	NO PLAY	0	-	false	2026/09/19 20:46:03
20091	2	P1	0	NO PLAY	0	-	false	2026/09/19 20:46:03
20091	2	DP	0	NO PLAY	0	-	false	2026/09/19 20:46:03
20091	3	P1	0	NO PLAY	0	-	false	2026/09/19 20:46:03
20091	3	DP	6	EX HARD CLEAR	2300	6	true	2026/09/19 20:46:03
20091	4	P1	0	NO PLAY	0	-	false	2026/09/19 20:46:03
20091	4	DP	0	NO PLAY	0	-	false	2026/09/19 20:46:03
20092	0	P1	0	NO PLAY	0	-	false	2026/09/19 20:46:03
20092	0	DP	0	NO PLAY	0	-	false	2026/09/19 20:46:03
20092	1	P1	0	NO PLAY	0	-	false	2026/09/19 20:46:03
20092	1	DP	0	NO PLAY	0	-	false	2026/09/19 20:46:03
20092	2	P1	0	NO PLAY	0	-	false	2026/09/19 20:46:03
20092	2	DP	0	NO PLAY	0	-	false	2026/09/19 20:46:03
20092	3	P1	0	NO PLAY	0	-	false	2026/09/19 20:46:03
20092	3	DP	6	EX HARD CLEAR	1950	11	true	2026/09/19 20:46:03
20092	4	P1	0	NO PLAY	0	-	false	2026/09/19 20:46:03
20092	4	DP	0	NO PLAY	0	-	false	2026/09/19 20:46:03
20093	0	P1	0	NO PLAY	0	-	false	2026/09/19 20:46:03
20093	0	DP	0	NO PLAY	0	-	false	2026/09/19 20:46:03
20093	1	P1	0	NO PLAY	0	-	false	2026/09/19 20:46:03
20093	1	DP	0	NO PLAY	0	-	false	2026/09/19 20:46:03
20093	2	P1	0	NO PLAY	0	-	false	2026/09/19 20:46:03
20093	2	DP	0	NO PLAY	0	-	false	2026/09/19 20:46:03
20093	3	P1	6	EX HARD CLEAR	2728	6	true	2026/09/19 20:46:03
20093	3	DP	5	HARD CLEAR	2427	49	true	2026/09/19 20:46:03
20093	4	P1	0	NO PLAY	0	-	false	2026/09/19 20:46:03
20093	4	DP	0	NO PLAY	0	-	false	2026/09/19 20:46:03
20094	0	P1	0	NO PLAY	0	-	false	2026/09/19 20:46:03
20094	0	DP	0	NO PLAY	0	-	false	2026/09/19 20:46:03
20094	1	P1	0	NO PLAY	0	-	false	2026/09/19 20:46:03
20094	1	DP	0	NO PLAY	0	-	false	2026/09/19 20:46:03
20094	2	P1	0	NO PLAY	0	-	false	2026/09/19 20:46:03
20094	2	DP	0	NO PLAY	0	-	false	2026/09/19 20:46:03
20094	3	P1	6	EX HARD CLEAR	2797	19	true	2026/09/19 20:46:03
20094	3	DP	5	HARD CLEAR	2685	50	true	2026/09/19 20:46:03
20094	4	P1	0	NO PLAY	0	-	false	2026/09/19 20:46:03
20094	4	DP	0	NO PLAY	0	-	false	2026/09/19 20:46:03
20095	0	P1	0	NO PLAY	0	-	false	2026/09/19 20:46:03
20095	0	DP	0	NO PLAY	0	-	false	2026/09/19 20:46:03
20095	1	P1	0	NO PLAY	0	-	false	2026/09/19 20:46:03
20095	1	DP	0	NO PLAY	0	-	false	2026/09/19 20:46:03
20095	2	P1	0	NO PLAY	0	-	false	2026/09/19 20:46:03
20095	2	DP	0	NO PLAY	0	-	false	2026/09/19 20:46:03
20095	3	P1	6	EX HARD CLEAR	2870	8	true	2026/09/19 20:46:03
20095	3	DP	6	EX HARD CLEAR	2582	13	true	2026/09/19 20:46:03
20095	4	P1	0	NO PLAY	0	-	false	2026/09/19 20:46:03
20095	4	DP	0	NO PLAY	0	-	false	2026/09/19 20:46:03
20096	0	P1	0	NO PLAY	0	-	false	2026/09/19 20:46:03
20096	0	DP	0	NO PLAY	0	-	false	2026/09/19 20:46:03
20096	1	P1	0	NO PLAY	0	-	false	2026/09/19 20:46:03
20096	1	DP	0	NO PLAY	0	-	false	2026/09/19 20:46:03
20096	2	P1	0	NO PLAY	0	-	false	2026/09/19 20:46:03
20096	2	DP	0	NO PLAY	0	-	false	2026/09/19 20:46:03
20096	3	P1	6	EX HARD CLEAR	2345	11	true	2026/09/19 20:46:03
20096	3	DP	6	EX HARD CLEAR	2709	20	true	2026/09/19 20:46:03
20096	4	P1	0	NO PLAY	0	-	false	2026/09/19 20:46:03
20096	4	DP	0	NO PLAY	0	-	false	2026/09/19 20:46:03
20097	0	P1	0	NO PLAY	0	-	false	2026/09/19 20:46:03
20097	0	DP	0	NO PLAY	0	-	false	2026/09/19 20:46:03
20097	1	P1	0	NO PLAY	0	-	false	2026/09/19 20:46:03
20097	1	DP	0	NO PLAY	0	-	false	2026/09/19 20:46:03
20097	2	P1	4	CLEAR	1563	68	true	2026/09/19 20:46:03
20097	2	DP	0	NO PLAY	0	-	false	2026/09/19 20:46:03
20097	3	P1	6	EX HARD CLEAR	2904	10	true	2026/09/19 20:46:03
20097	3	DP	5	HARD CLEAR	2805	51	true	2026/09/19 20:46:03
20097	4	P1	0	NO PLAY	0	-	false	2026/09/19 20:46:03
20097	4	DP	0	NO PLAY	0	-	false	2026/09/19 20:46:03
20098	0	P1	0	NO PLAY	0	-	false	2026/09/19 20:46:03
20098	0	DP	0	NO PLAY	0	-	false	2026/09/19 20:46:03
20098	1	P1	0	NO PLAY	0	-	false	2026/09/19 20:46:03
20098	1	DP	0	NO PLAY	0	-	false	2026/09/19 20:46:03
20098	2	P1	0	NO PLAY	0	-	false	2026/09/19 20:46:03
20098	2	DP	0	NO PLAY	0	-	false	2026/09/19 20:46:03
20098	3	P1	0	NO PLAY	0	-	false	2026/09/19 20:46:03
20098	3	DP	6	EX HARD CLEAR	1873	13	true	2026/09/19 20:46:03
20098	4	P1	0	NO PLAY	0	-	false	2026/09/19 20:46:03
20098	4	DP	0	NO PLAY	0	-	false	2026/09/19 20:46:03
20099	0	P1	0	NO PLAY	0	-	false	2026/09/19 20:46:03
20099	0	DP	0	NO PLAY	0	-	false	2026/09/19 20:46:03
20099	1	P1	0	NO PLAY	0	-	false	2026/09/19 20:46:03
20099	1	DP	0	NO PLAY	0	-	false	2026/09/19 20:46:03
20099	2	P1	0	NO PLAY	0	-	false	2026/09/19 20:46:03
20099	2	DP	0	NO PLAY	0	-	false	2026/09/19 20:46:03
20099	3	P1	6	EX HARD CLEAR	2311	16	true	2026/09/19 20:46:03
20099	3	DP	6	EX HARD CLEAR	2079	17	true	2026/09/19 20:46:03
20099	4	P1	0	NO PLAY	0	-	false	2026/09/19 20:46:03
20099	4	DP	0	NO PLAY	0	-	false	2026/09/19 20:46:03
20100	0	P1	5	HARD CLEAR	116	7	true	2026/09/19 20:46:03
20100	0	DP	0	NO PLAY	0	-	false	2026/09/19 20:46:03
20100	1	P1	0	NO PLAY	0	-	false	2026/09/19 20:46:03
20100	1	DP	0	NO PLAY	0	-	false	2026/09/19 20:46:03
20100	2	P1	0	NO PLAY	0	-	false	2026/09/19 20:46:03
20100	2	DP	0	NO PLAY	0	-	false	2026/09/19 20:46:03
20100	3	P1	7	FULL COMBO	1962	0	true	2026/09/19 20:46:03
20100	3	DP	6	EX HARD CLEAR	1786	4	true	2026/09/19 20:46:03
20100	4	P1	7	FULL COMBO	2276	1	true	2026/09/19 20:46:03
20100	4	DP	6	EX HARD CLEAR	2101	6	true	2026/09/19 20:46:03
20101	0	P1	0	NO PLAY	0	-	false	2026/09/19 20:46:03
20101	0	DP	0	NO PLAY	0	-	false	2026/09/19 20:46:03
20101	1	P1	0	NO PLAY	0	-	false	2026/09/19 20:46:03
20101	1	DP	0	NO PLAY	0	-	false	2026/09/19 20:46:03
20101	2	P1	0	NO PLAY	0	-	false	2026/09/19 20:46:03
20101	2	DP	0	NO PLAY	0	-	false	2026/09/19 20:46:03
20101	3	P1	6	EX HARD CLEAR	2721	3	true	2026/09/19 20:46:03
20101	3	DP	5	HARD CLEAR	2729	41	true	2026/09/19 20:46:03
20101	4	P1	0	NO PLAY	0	-	false	2026/09/19 20:46:03
20101	4	DP	0	NO PLAY	0	-	false	2026/09/19 20:46:03
20102	0	P1	0	NO PLAY	0	-	false	2026/09/19 20:46:03
20102	0	DP	0	NO PLAY	0	-	false	2026/09/19 20:46:03
20102	1	P1	0	NO PLAY	0	-	false	2026/09/19 20:46:03
20102	1	DP	0	NO PLAY	0	-	false	2026/09/19 20:46:03
20102	2	P1	0	NO PLAY	0	-	false	2026/09/19 20:46:03
20102	2	DP	0	NO PLAY	0	-	false	2026/09/19 20:46:03
20102	3	P1	0	NO PLAY	0	-	false	2026/09/19 20:46:03
20102	3	DP	6	EX HARD CLEAR	2535	10	true	2026/09/19 20:46:03
20102	4	P1	0	NO PLAY	0	-	false	2026/09/19 20:46:03
20102	4	DP	0	NO PLAY	0	-	false	2026/09/19 20:46:03
21001	0	P1	0	NO PLAY	0	-	false	2026/09/19 20:46:03
21001	0	DP	0	NO PLAY	0	-	false	2026/09/19 20:46:03
21001	1	P1	0	NO PLAY	0	-	false	2026/09/19 20:46:03
21001	1	DP	0	NO PLAY	0	-	false	2026/09/19 20:46:03
21001	2	P1	0	NO PLAY	0	-	false	2026/09/19 20:46:03
21001	2	DP	0	NO PLAY	0	-	false	2026/09/19 20:46:03
21001	3	P1	6	EX HARD CLEAR	2270	11	true	2026/09/19 20:46:03
21001	3	DP	6	EX HARD CLEAR	2593	15	true	2026/09/19 20:46:03
21001	4	P1	0	NO PLAY	0	-	false	2026/09/19 20:46:03
21001	4	DP	0	NO PLAY	0	-	false	2026/09/19 20:46:03
21002	0	P1	0	NO PLAY	0	-	false	2026/09/19 20:46:03
21002	0	DP	0	NO PLAY	0	-	false	2026/09/19 20:46:03
21002	1	P1	0	NO PLAY	0	-	false	2026/09/19 20:46:03
21002	1	DP	0	NO PLAY	0	-	false	2026/09/19 20:46:03
21002	2	P1	0	NO PLAY	0	-	false	2026/09/19 20:46:03
21002	2	DP	0	NO PLAY	0	-	false	2026/09/19 20:46:03
21002	3	P1	5	HARD CLEAR	3103	7	true	2026/09/19 20:46:03
21002	3	DP	5	HARD CLEAR	3001	38	true	2026/09/19 20:46:03
21002	4	P1	0	NO PLAY	0	-	false	2026/09/19 20:46:03
21002	4	DP	0	NO PLAY	0	-	false	2026/09/19 20:46:03
21003	0	P1	0	NO PLAY	0	-	false	2026/09/19 20:46:03
21003	0	DP	0	NO PLAY	0	-	false	2026/09/19 20:46:03
21003	1	P1	0	NO PLAY	0	-	false	2026/09/19 20:46:03
21003	1	DP	0	NO PLAY	0	-	false	2026/09/19 20:46:03
21003	2	P1	0	NO PLAY	0	-	false	2026/09/19 20:46:03
21003	2	DP	0	NO PLAY	0	-	false	2026/09/19 20:46:03
21003	3	P1	3	EASY CLEAR	1748	55	true	2026/09/19 20:46:03
21003	3	DP	0	NO PLAY	0	-	false	2026/09/19 20:46:03
21003	4	P1	0	NO PLAY	0	-	false	2026/09/19 20:46:03
21003	4	DP	0	NO PLAY	0	-	false	2026/09/19 20:46:03
21004	0	P1	0	NO PLAY	0	-	false	2026/09/19 20:46:03
21004	0	DP	0	NO PLAY	0	-	false	2026/09/19 20:46:03
21004	1	P1	0	NO PLAY	0	-	false	2026/09/19 20:46:03
21004	1	DP	0	NO PLAY	0	-	false	2026/09/19 20:46:03
21004	2	P1	0	NO PLAY	0	-	false	2026/09/19 20:46:03
21004	2	DP	0	NO PLAY	0	-	false	2026/09/19 20:46:03
21004	3	P1	0	NO PLAY	0	-	false	2026/09/19 20:46:03
21004	3	DP	0	NO PLAY	0	-	false	2026/09/19 20:46:03
21004	4	P1	0	NO PLAY	0	-	false	2026/09/19 20:46:03
21004	4	DP	6	EX HARD CLEAR	2809	3	true	2026/09/19 20:46:03
21005	0	P1	0	NO PLAY	0	-	false	2026/09/19 20:46:03
21005	0	DP	0	NO PLAY	0	-	false	2026/09/19 20:46:03
21005	1	P1	0	NO PLAY	0	-	false	2026/09/19 20:46:03
21005	1	DP	0	NO PLAY	0	-	false	2026/09/19 20:46:03
21005	2	P1	0	NO PLAY	0	-	false	2026/09/19 20:46:03
21005	2	DP	0	NO PLAY	0	-	false	2026/09/19 20:46:03
21005	3	P1	6	EX HARD CLEAR	2862	14	true	2026/09/19 20:46:03
21005	3	DP	5	HARD CLEAR	2558	42	true	2026/09/19 20:46:03
21005	4	P1	0	NO PLAY	0	-	false	2026/09/19 20:46:03
21005	4	DP	0	NO PLAY	0	-	false	2026/09/19 20:46:03
21006	0	P1	0	NO PLAY	0	-	false	2026/09/19 20:46:03
21006	0	DP	0	NO PLAY	0	-	false	2026/09/19 20:46:03
21006	1	P1	0	NO PLAY	0	-	false	2026/09/19 20:46:03
21006	1	DP	0	NO PLAY	0	-	false	2026/09/19 20:46:03
21006	2	P1	0	NO PLAY	0	-	false	2026/09/19 20:46:03
21006	2	DP	0	NO PLAY	0	-	false	2026/09/19 20:46:03
21006	3	P1	6	EX HARD CLEAR	1782	4	true	2026/09/19 20:46:03
21006	3	DP	6	EX HARD CLEAR	1702	6	true	2026/09/19 20:46:03
21006	4	P1	0	NO PLAY	0	-	false	2026/09/19 20:46:03
21006	4	DP	0	NO PLAY	0	-	false	2026/09/19 20:46:03
21007	0	P1	0	NO PLAY	0	-	false	2026/09/19 20:46:03
21007	0	DP	0	NO PLAY	0	-	false	2026/09/19 20:46:03
21007	1	P1	0	NO PLAY	0	-	false	2026/09/19 20:46:03
21007	1	DP	0	NO PLAY	0	-	false	2026/09/19 20:46:03
21007	2	P1	0	NO PLAY	0	-	false	2026/09/19 20:46:03
21007	2	DP	0	NO PLAY	0	-	false	2026/09/19 20:46:03
21007	3	P1	0	NO PLAY	0	-	false	2026/09/19 20:46:03
21007	3	DP	1	FAILED	2120	-	false	2026/09/19 20:46:03
21007	4	P1	0	NO PLAY	0	-	false	2026/09/19 20:46:03
21007	4	DP	0	NO PLAY	0	-	false	2026/09/19 20:46:03
21008	0	P1	0	NO PLAY	0	-	false	2026/09/19 20:46:03
21008	0	DP	0	NO PLAY	0	-	false	2026/09/19 20:46:03
21008	1	P1	0	NO PLAY	0	-	false	2026/09/19 20:46:03
21008	1	DP	0	NO PLAY	0	-	false	2026/09/19 20:46:03
21008	2	P1	0	NO PLAY	0	-	false	2026/09/19 20:46:03
21008	2	DP	0	NO PLAY	0	-	false	2026/09/19 20:46:03
21008	3	P1	0	NO PLAY	0	-	false	2026/09/19 20:46:03
21008	3	DP	0	NO PLAY	0	-	false	2026/09/19 20:46:03
21008	4	P1	0	NO PLAY	0	-	false	2026/09/19 20:46:03
21008	4	DP	0	NO PLAY	0	-	false	2026/09/19 20:46:03
21009	0	P1	0	NO PLAY	0	-	false	2026/09/19 20:46:03
21009	0	DP	0	NO PLAY	0	-	false	2026/09/19 20:46:03
21009	1	P1	0	NO PLAY	0	-	false	2026/09/19 20:46:03
21009	1	DP	0	NO PLAY	0	-	false	2026/09/19 20:46:03
21009	2	P1	0	NO PLAY	0	-	false	2026/09/19 20:46:03
21009	2	DP	0	NO PLAY	0	-	false	2026/09/19 20:46:03
21009	3	P1	0	NO PLAY	0	-	false	2026/09/19 20:46:03
21009	3	DP	0	NO PLAY	0	-	false	2026/09/19 20:46:03
21009	4	P1	0	NO PLAY	0	-	false	2026/09/19 20:46:03
21009	4	DP	0	NO PLAY	0	-	false	2026/09/19 20:46:03
21010	0	P1	0	NO PLAY	0	-	false	2026/09/19 20:46:03
21010	0	DP	0	NO PLAY	0	-	false	2026/09/19 20:46:03
21010	1	P1	0	NO PLAY	0	-	false	2026/09/19 20:46:03
21010	1	DP	0	NO PLAY	0	-	false	2026/09/19 20:46:03
21010	2	P1	0	NO PLAY	0	-	false	2026/09/19 20:46:03
21010	2	DP	0	NO PLAY	0	-	false	2026/09/19 20:46:03
21010	3	P1	0	NO PLAY	0	-	false	2026/09/19 20:46:03
21010	3	DP	0	NO PLAY	0	-	false	2026/09/19 20:46:03
21010	4	P1	0	NO PLAY	0	-	false	2026/09/19 20:46:03
21010	4	DP	0	NO PLAY	0	-	false	2026/09/19 20:46:03
21011	0	P1	0	NO PLAY	0	-	false	2026/09/19 20:46:03
21011	0	DP	0	NO PLAY	0	-	false	2026/09/19 20:46:03
21011	1	P1	0	NO PLAY	0	-	false	2026/09/19 20:46:03
21011	1	DP	0	NO PLAY	0	-	false	2026/09/19 20:46:03
21011	2	P1	0	NO PLAY	0	-	false	2026/09/19 20:46:03
21011	2	DP	0	NO PLAY	0	-	false	2026/09/19 20:46:03
21011	3	P1	0	NO PLAY	0	-	false	2026/09/19 20:46:03
21011	3	DP	6	EX HARD CLEAR	2052	4	true	2026/09/19 20:46:03
21011	4	P1	0	NO PLAY	0	-	false	2026/09/19 20:46:03
21011	4	DP	0	NO PLAY	0	-	false	2026/09/19 20:46:03
21012	0	P1	0	NO PLAY	0	-	false	2026/09/19 20:46:03
21012	0	DP	0	NO PLAY	0	-	false	2026/09/19 20:46:03
21012	1	P1	0	NO PLAY	0	-	false	2026/09/19 20:46:03
21012	1	DP	0	NO PLAY	0	-	false	2026/09/19 20:46:03
21012	2	P1	0	NO PLAY	0	-	false	2026/09/19 20:46:03
21012	2	DP	0	NO PLAY	0	-	false	2026/09/19 20:46:03
21012	3	P1	6	EX HARD CLEAR	2880	17	true	2026/09/19 20:46:03
21012	3	DP	6	EX HARD CLEAR	2435	10	true	2026/09/19 20:46:03
21012	4	P1	6	EX HARD CLEAR	3144	16	true	2026/09/19 20:46:03
21012	4	DP	5	HARD CLEAR	2741	32	true	2026/09/19 20:46:03
21014	0	P1	0	NO PLAY	0	-	false	2026/09/19 20:46:03
21014	0	DP	0	NO PLAY	0	-	false	2026/09/19 20:46:03
21014	1	P1	0	NO PLAY	0	-	false	2026/09/19 20:46:03
21014	1	DP	0	NO PLAY	0	-	false	2026/09/19 20:46:03
21014	2	P1	0	NO PLAY	0	-	false	2026/09/19 20:46:03
21014	2	DP	0	NO PLAY	0	-	false	2026/09/19 20:46:03
21014	3	P1	0	NO PLAY	0	-	false	2026/09/19 20:46:03
21014	3	DP	6	EX HARD CLEAR	2712	9	true	2026/09/19 20:46:03
21014	4	P1	0	NO PLAY	0	-	false	2026/09/19 20:46:03
21014	4	DP	0	NO PLAY	0	-	false	2026/09/19 20:46:03
21015	0	P1	0	NO PLAY	0	-	false	2026/09/19 20:46:03
21015	0	DP	0	NO PLAY	0	-	false	2026/09/19 20:46:03
21015	1	P1	0	NO PLAY	0	-	false	2026/09/19 20:46:03
21015	1	DP	0	NO PLAY	0	-	false	2026/09/19 20:46:03
21015	2	P1	0	NO PLAY	0	-	false	2026/09/19 20:46:03
21015	2	DP	0	NO PLAY	0	-	false	2026/09/19 20:46:03
21015	3	P1	6	EX HARD CLEAR	2370	3	true	2026/09/19 20:46:03
21015	3	DP	6	EX HARD CLEAR	2725	7	true	2026/09/19 20:46:03
21015	4	P1	0	NO PLAY	0	-	false	2026/09/19 20:46:03
21015	4	DP	0	NO PLAY	0	-	false	2026/09/19 20:46:03
21016	0	P1	0	NO PLAY	0	-	false	2026/09/19 20:46:03
21016	0	DP	0	NO PLAY	0	-	false	2026/09/19 20:46:03
21016	1	P1	0	NO PLAY	0	-	false	2026/09/19 20:46:03
21016	1	DP	0	NO PLAY	0	-	false	2026/09/19 20:46:03
21016	2	P1	0	NO PLAY	0	-	false	2026/09/19 20:46:03
21016	2	DP	0	NO PLAY	0	-	false	2026/09/19 20:46:03
21016	3	P1	0	NO PLAY	0	-	false	2026/09/19 20:46:03
21016	3	DP	6	EX HARD CLEAR	2646	19	true	2026/09/19 20:46:03
21016	4	P1	6	EX HARD CLEAR	3124	21	true	2026/09/19 20:46:03
21016	4	DP	5	HARD CLEAR	3403	51	true	2026/09/19 20:46:03
21017	0	P1	0	NO PLAY	0	-	false	2026/09/19 20:46:03
21017	0	DP	0	NO PLAY	0	-	false	2026/09/19 20:46:03
21017	1	P1	0	NO PLAY	0	-	false	2026/09/19 20:46:03
21017	1	DP	0	NO PLAY	0	-	false	2026/09/19 20:46:03
21017	2	P1	0	NO PLAY	0	-	false	2026/09/19 20:46:03
21017	2	DP	0	NO PLAY	0	-	false	2026/09/19 20:46:03
21017	3	P1	6	EX HARD CLEAR	2573	4	true	2026/09/19 20:46:03
21017	3	DP	0	NO PLAY	0	-	false	2026/09/19 20:46:03
21017	4	P1	0	NO PLAY	0	-	false	2026/09/19 20:46:03
21017	4	DP	0	NO PLAY	0	-	false	2026/09/19 20:46:03
21018	0	P1	0	NO PLAY	0	-	false	2026/09/19 20:46:03
21018	0	DP	0	NO PLAY	0	-	false	2026/09/19 20:46:03
21018	1	P1	0	NO PLAY	0	-	false	2026/09/19 20:46:03
21018	1	DP	0	NO PLAY	0	-	false	2026/09/19 20:46:03
21018	2	P1	0	NO PLAY	0	-	false	2026/09/19 20:46:03
21018	2	DP	0	NO PLAY	0	-	false	2026/09/19 20:46:03
21018	3	P1	0	NO PLAY	0	-	false	2026/09/19 20:46:03
21018	3	DP	0	NO PLAY	0	-	false	2026/09/19 20:46:03
21018	4	P1	0	NO PLAY	0	-	false	2026/09/19 20:46:03
21018	4	DP	0	NO PLAY	0	-	false	2026/09/19 20:46:03
21019	0	P1	0	NO PLAY	0	-	false	2026/09/19 20:46:03
21019	0	DP	0	NO PLAY	0	-	false	2026/09/19 20:46:03
21019	1	P1	0	NO PLAY	0	-	false	2026/09/19 20:46:03
21019	1	DP	0	NO PLAY	0	-	false	2026/09/19 20:46:03
21019	2	P1	0	NO PLAY	0	-	false	2026/09/19 20:46:03
21019	2	DP	0	NO PLAY	0	-	false	2026/09/19 20:46:03
21019	3	P1	6	EX HARD CLEAR	2347	11	true	2026/09/19 20:46:03
21019	3	DP	6	EX HARD CLEAR	2113	13	true	2026/09/19 20:46:03
21019	4	P1	0	NO PLAY	0	-	false	2026/09/19 20:46:03
21019	4	DP	0	NO PLAY	0	-	false	2026/09/19 20:46:03
21020	0	P1	0	NO PLAY	0	-	false	2026/09/19 20:46:03
21020	0	DP	0	NO PLAY	0	-	false	2026/09/19 20:46:03
21020	1	P1	0	NO PLAY	0	-	false	2026/09/19 20:46:03
21020	1	DP	0	NO PLAY	0	-	false	2026/09/19 20:46:03
21020	2	P1	0	NO PLAY	0	-	false	2026/09/19 20:46:03
21020	2	DP	0	NO PLAY	0	-	false	2026/09/19 20:46:03
21020	3	P1	0	NO PLAY	0	-	false	2026/09/19 20:46:03
21020	3	DP	0	NO PLAY	0	-	false	2026/09/19 20:46:03
21020	4	P1	0	NO PLAY	0	-	false	2026/09/19 20:46:03
21020	4	DP	0	NO PLAY	0	-	false	2026/09/19 20:46:03
21021	0	P1	0	NO PLAY	0	-	false	2026/09/19 20:46:03
21021	0	DP	0	NO PLAY	0	-	false	2026/09/19 20:46:03
21021	1	P1	0	NO PLAY	0	-	false	2026/09/19 20:46:03
21021	1	DP	0	NO PLAY	0	-	false	2026/09/19 20:46:03
21021	2	P1	0	NO PLAY	0	-	false	2026/09/19 20:46:03
21021	2	DP	0	NO PLAY	0	-	false	2026/09/19 20:46:03
21021	3	P1	0	NO PLAY	0	-	false	2026/09/19 20:46:03
21021	3	DP	0	NO PLAY	0	-	false	2026/09/19 20:46:03
21021	4	P1	0	NO PLAY	0	-	false	2026/09/19 20:46:03
21021	4	DP	0	NO PLAY	0	-	false	2026/09/19 20:46:03
21022	0	P1	0	NO PLAY	0	-	false	2026/09/19 20:46:03
21022	0	DP	0	NO PLAY	0	-	false	2026/09/19 20:46:03
21022	1	P1	0	NO PLAY	0	-	false	2026/09/19 20:46:03
21022	1	DP	0	NO PLAY	0	-	false	2026/09/19 20:46:03
21022	2	P1	0	NO PLAY	0	-	false	2026/09/19 20:46:03
21022	2	DP	0	NO PLAY	0	-	false	2026/09/19 20:46:03
21022	3	P1	0	NO PLAY	0	-	false	2026/09/19 20:46:03
21022	3	DP	0	NO PLAY	0	-	false	2026/09/19 20:46:03
21022	4	P1	6	EX HARD CLEAR	2018	21	true	2026/09/19 20:46:03
21022	4	DP	1	FAILED	1522	-	false	2026/09/19 20:46:03
21024	0	P1	0	NO PLAY	0	-	false	2026/09/19 20:46:03
21024	0	DP	0	NO PLAY	0	-	false	2026/09/19 20:46:03
21024	1	P1	0	NO PLAY	0	-	false	2026/09/19 20:46:03
21024	1	DP	0	NO PLAY	0	-	false	2026/09/19 20:46:03
21024	2	P1	0	NO PLAY	0	-	false	2026/09/19 20:46:03
21024	2	DP	0	NO PLAY	0	-	false	2026/09/19 20:46:03
21024	3	P1	0	NO PLAY	0	-	false	2026/09/19 20:46:03
21024	3	DP	6	EX HARD CLEAR	2008	18	true	2026/09/19 20:46:03
21024	4	P1	0	NO PLAY	0	-	false	2026/09/19 20:46:03
21024	4	DP	0	NO PLAY	0	-	false	2026/09/19 20:46:03
21025	0	P1	0	NO PLAY	0	-	false	2026/09/19 20:46:03
21025	0	DP	0	NO PLAY	0	-	false	2026/09/19 20:46:03
21025	1	P1	0	NO PLAY	0	-	false	2026/09/19 20:46:03
21025	1	DP	0	NO PLAY	0	-	false	2026/09/19 20:46:03
21025	2	P1	0	NO PLAY	0	-	false	2026/09/19 20:46:03
21025	2	DP	0	NO PLAY	0	-	false	2026/09/19 20:46:03
21025	3	P1	0	NO PLAY	0	-	false	2026/09/19 20:46:03
21025	3	DP	6	EX HARD CLEAR	1844	9	true	2026/09/19 20:46:03
21025	4	P1	0	NO PLAY	0	-	false	2026/09/19 20:46:03
21025	4	DP	0	NO PLAY	0	-	false	2026/09/19 20:46:03
21026	0	P1	0	NO PLAY	0	-	false	2026/09/19 20:46:03
21026	0	DP	0	NO PLAY	0	-	false	2026/09/19 20:46:03
21026	1	P1	0	NO PLAY	0	-	false	2026/09/19 20:46:03
21026	1	DP	0	NO PLAY	0	-	false	2026/09/19 20:46:03
21026	2	P1	0	NO PLAY	0	-	false	2026/09/19 20:46:03
21026	2	DP	0	NO PLAY	0	-	false	2026/09/19 20:46:03
21026	3	P1	0	NO PLAY	0	-	false	2026/09/19 20:46:03
21026	3	DP	0	NO PLAY	0	-	false	2026/09/19 20:46:03
21026	4	P1	0	NO PLAY	0	-	false	2026/09/19 20:46:03
21026	4	DP	0	NO PLAY	0	-	false	2026/09/19 20:46:03
21027	0	P1	0	NO PLAY	0	-	false	2026/09/19 20:46:03
21027	0	DP	0	NO PLAY	0	-	false	2026/09/19 20:46:03
21027	1	P1	0	NO PLAY	0	-	false	2026/09/19 20:46:03
21027	1	DP	0	NO PLAY	0	-	false	2026/09/19 20:46:03
21027	2	P1	0	NO PLAY	0	-	false	2026/09/19 20:46:03
21027	2	DP	0	NO PLAY	0	-	false	2026/09/19 20:46:03
21027	3	P1	0	NO PLAY	0	-	false	2026/09/19 20:46:03
21027	3	DP	0	NO PLAY	0	-	false	2026/09/19 20:46:03
21027	4	P1	0	NO PLAY	0	-	false	2026/09/19 20:46:03
21027	4	DP	0	NO PLAY	0	-	false	2026/09/19 20:46:03
21028	0	P1	0	NO PLAY	0	-	false	2026/09/19 20:46:03
21028	0	DP	0	NO PLAY	0	-	false	2026/09/19 20:46:03
21028	1	P1	0	NO PLAY	0	-	false	2026/09/19 20:46:03
21028	1	DP	0	NO PLAY	0	-	false	2026/09/19 20:46:03
21028	2	P1	0	NO PLAY	0	-	false	2026/09/19 20:46:03
21028	2	DP	0	NO PLAY	0	-	false	2026/09/19 20:46:03
21028	3	P1	0	NO PLAY	0	-	false	2026/09/19 20:46:03
21028	3	DP	0	NO PLAY	0	-	false	2026/09/19 20:46:03
21028	4	P1	0	NO PLAY	0	-	false	2026/09/19 20:46:03
21028	4	DP	0	NO PLAY	0	-	false	2026/09/19 20:46:03
21029	0	P1	0	NO PLAY	0	-	false	2026/09/19 20:46:03
21029	0	DP	0	NO PLAY	0	-	false	2026/09/19 20:46:03
21029	1	P1	0	NO PLAY	0	-	false	2026/09/19 20:46:03
21029	1	DP	0	NO PLAY	0	-	false	2026/09/19 20:46:03
21029	2	P1	0	NO PLAY	0	-	false	2026/09/19 20:46:03
21029	2	DP	0	NO PLAY	0	-	false	2026/09/19 20:46:03
21029	3	P1	0	NO PLAY	0	-	false	2026/09/19 20:46:03
21029	3	DP	0	NO PLAY	0	-	false	2026/09/19 20:46:03
21029	4	P1	5	HARD CLEAR	2672	24	true	2026/09/19 20:46:03
21029	4	DP	5	HARD CLEAR	2458	33	true	2026/09/19 20:46:03
21030	0	P1	0	NO PLAY	0	-	false	2026/09/19 20:46:03
21030	0	DP	0	NO PLAY	0	-	false	2026/09/19 20:46:03
21030	1	P1	0	NO PLAY	0	-	false	2026/09/19 20:46:03
21030	1	DP	0	NO PLAY	0	-	false	2026/09/19 20:46:03
21030	2	P1	0	NO PLAY	0	-	false	2026/09/19 20:46:03
21030	2	DP	0	NO PLAY	0	-	false	2026/09/19 20:46:03
21030	3	P1	0	NO PLAY	0	-	false	2026/09/19 20:46:03
21030	3	DP	0	NO PLAY	0	-	false	2026/09/19 20:46:03
21030	4	P1	0	NO PLAY	0	-	false	2026/09/19 20:46:03
21030	4	DP	0	NO PLAY	0	-	false	2026/09/19 20:46:03
21032	0	P1	0	NO PLAY	0	-	false	2026/09/19 20:46:03
21032	0	DP	0	NO PLAY	0	-	false	2026/09/19 20:46:03
21032	1	P1	0	NO PLAY	0	-	false	2026/09/19 20:46:03
21032	1	DP	0	NO PLAY	0	-	false	2026/09/19 20:46:03
21032	2	P1	0	NO PLAY	0	-	false	2026/09/19 20:46:03
21032	2	DP	0	NO PLAY	0	-	false	2026/09/19 20:46:03
21032	3	P1	5	HARD CLEAR	3127	33	true	2026/09/19 20:46:03
21032	3	DP	3	EASY CLEAR	2408	103	true	2026/09/19 20:46:03
21032	4	P1	0	NO PLAY	0	-	false	2026/09/19 20:46:03
21032	4	DP	0	NO PLAY	0	-	false	2026/09/19 20:46:03
21033	0	P1	0	NO PLAY	0	-	false	2026/09/19 20:46:03
21033	0	DP	0	NO PLAY	0	-	false	2026/09/19 20:46:03
21033	1	P1	0	NO PLAY	0	-	false	2026/09/19 20:46:03
21033	1	DP	7	FULL COMBO	819	1	true	2026/09/19 20:46:03
21033	2	P1	0	NO PLAY	0	-	false	2026/09/19 20:46:03
21033	2	DP	0	NO PLAY	0	-	false	2026/09/19 20:46:03
21033	3	P1	5	HARD CLEAR	2505	57	true	2026/09/19 20:46:03
21033	3	DP	5	HARD CLEAR	2487	40	true	2026/09/19 20:46:03
21033	4	P1	0	NO PLAY	0	-	false	2026/09/19 20:46:03
21033	4	DP	0	NO PLAY	0	-	false	2026/09/19 20:46:03
21035	0	P1	0	NO PLAY	0	-	false	2026/09/19 20:46:03
21035	0	DP	0	NO PLAY	0	-	false	2026/09/19 20:46:03
21035	1	P1	0	NO PLAY	0	-	false	2026/09/19 20:46:03
21035	1	DP	0	NO PLAY	0	-	false	2026/09/19 20:46:03
21035	2	P1	0	NO PLAY	0	-	false	2026/09/19 20:46:03
21035	2	DP	0	NO PLAY	0	-	false	2026/09/19 20:46:03
21035	3	P1	0	NO PLAY	0	-	false	2026/09/19 20:46:03
21035	3	DP	0	NO PLAY	0	-	false	2026/09/19 20:46:03
21035	4	P1	0	NO PLAY	0	-	false	2026/09/19 20:46:03
21035	4	DP	0	NO PLAY	0	-	false	2026/09/19 20:46:03
21036	0	P1	0	NO PLAY	0	-	false	2026/09/19 20:46:03
21036	0	DP	0	NO PLAY	0	-	false	2026/09/19 20:46:03
21036	1	P1	0	NO PLAY	0	-	false	2026/09/19 20:46:03
21036	1	DP	0	NO PLAY	0	-	false	2026/09/19 20:46:03
21036	2	P1	0	NO PLAY	0	-	false	2026/09/19 20:46:03
21036	2	DP	0	NO PLAY	0	-	false	2026/09/19 20:46:03
21036	3	P1	0	NO PLAY	0	-	false	2026/09/19 20:46:03
21036	3	DP	0	NO PLAY	0	-	false	2026/09/19 20:46:03
21036	4	P1	0	NO PLAY	0	-	false	2026/09/19 20:46:03
21036	4	DP	0	NO PLAY	0	-	false	2026/09/19 20:46:03
21037	0	P1	0	NO PLAY	0	-	false	2026/09/19 20:46:03
21037	0	DP	0	NO PLAY	0	-	false	2026/09/19 20:46:03
21037	1	P1	0	NO PLAY	0	-	false	2026/09/19 20:46:03
21037	1	DP	0	NO PLAY	0	-	false	2026/09/19 20:46:03
21037	2	P1	0	NO PLAY	0	-	false	2026/09/19 20:46:03
21037	2	DP	0	NO PLAY	0	-	false	2026/09/19 20:46:03
21037	3	P1	7	FULL COMBO	2751	1	true	2026/09/19 20:46:03
21037	3	DP	6	EX HARD CLEAR	2799	6	true	2026/09/19 20:46:03
21037	4	P1	0	NO PLAY	0	-	false	2026/09/19 20:46:03
21037	4	DP	0	NO PLAY	0	-	false	2026/09/19 20:46:03
21038	0	P1	0	NO PLAY	0	-	false	2026/09/19 20:46:03
21038	0	DP	0	NO PLAY	0	-	false	2026/09/19 20:46:03
21038	1	P1	0	NO PLAY	0	-	false	2026/09/19 20:46:03
21038	1	DP	0	NO PLAY	0	-	false	2026/09/19 20:46:03
21038	2	P1	0	NO PLAY	0	-	false	2026/09/19 20:46:03
21038	2	DP	0	NO PLAY	0	-	false	2026/09/19 20:46:03
21038	3	P1	0	NO PLAY	0	-	false	2026/09/19 20:46:03
21038	3	DP	0	NO PLAY	0	-	false	2026/09/19 20:46:03
21038	4	P1	0	NO PLAY	0	-	false	2026/09/19 20:46:03
21038	4	DP	0	NO PLAY	0	-	false	2026/09/19 20:46:03
21041	0	P1	0	NO PLAY	0	-	false	2026/09/19 20:46:03
21041	0	DP	0	NO PLAY	0	-	false	2026/09/19 20:46:03
21041	1	P1	0	NO PLAY	0	-	false	2026/09/19 20:46:03
21041	1	DP	0	NO PLAY	0	-	false	2026/09/19 20:46:03
21041	2	P1	0	NO PLAY	0	-	false	2026/09/19 20:46:03
21041	2	DP	0	NO PLAY	0	-	false	2026/09/19 20:46:03
21041	3	P1	0	NO PLAY	0	-	false	2026/09/19 20:46:03
21041	3	DP	0	NO PLAY	0	-	false	2026/09/19 20:46:03
21041	4	P1	0	NO PLAY	0	-	false	2026/09/19 20:46:03
21041	4	DP	0	NO PLAY	0	-	false	2026/09/19 20:46:03
21042	0	P1	0	NO PLAY	0	-	false	2026/09/19 20:46:03
21042	0	DP	0	NO PLAY	0	-	false	2026/09/19 20:46:03
21042	1	P1	0	NO PLAY	0	-	false	2026/09/19 20:46:03
21042	1	DP	0	NO PLAY	0	-	false	2026/09/19 20:46:03
21042	2	P1	0	NO PLAY	0	-	false	2026/09/19 20:46:03
21042	2	DP	0	NO PLAY	0	-	false	2026/09/19 20:46:03
21042	3	P1	0	NO PLAY	0	-	false	2026/09/19 20:46:03
21042	3	DP	6	EX HARD CLEAR	2299	6	true	2026/09/19 20:46:03
21042	4	P1	0	NO PLAY	0	-	false	2026/09/19 20:46:03
21042	4	DP	0	NO PLAY	0	-	false	2026/09/19 20:46:03
21043	0	P1	0	NO PLAY	0	-	false	2026/09/19 20:46:03
21043	0	DP	0	NO PLAY	0	-	false	2026/09/19 20:46:03
21043	1	P1	0	NO PLAY	0	-	false	2026/09/19 20:46:03
21043	1	DP	0	NO PLAY	0	-	false	2026/09/19 20:46:03
21043	2	P1	0	NO PLAY	0	-	false	2026/09/19 20:46:03
21043	2	DP	0	NO PLAY	0	-	false	2026/09/19 20:46:03
21043	3	P1	0	NO PLAY	0	-	false	2026/09/19 20:46:03
21043	3	DP	0	NO PLAY	0	-	false	2026/09/19 20:46:03
21043	4	P1	0	NO PLAY	0	-	false	2026/09/19 20:46:03
21043	4	DP	0	NO PLAY	0	-	false	2026/09/19 20:46:03
21045	0	P1	0	NO PLAY	0	-	false	2026/09/19 20:46:03
21045	0	DP	0	NO PLAY	0	-	false	2026/09/19 20:46:03
21045	1	P1	0	NO PLAY	0	-	false	2026/09/19 20:46:03
21045	1	DP	0	NO PLAY	0	-	false	2026/09/19 20:46:03
21045	2	P1	0	NO PLAY	0	-	false	2026/09/19 20:46:03
21045	2	DP	0	NO PLAY	0	-	false	2026/09/19 20:46:03
21045	3	P1	6	EX HARD CLEAR	2696	4	true	2026/09/19 20:46:03
21045	3	DP	6	EX HARD CLEAR	2527	16	true	2026/09/19 20:46:03
21045	4	P1	0	NO PLAY	0	-	false	2026/09/19 20:46:03
21045	4	DP	0	NO PLAY	0	-	false	2026/09/19 20:46:03
21046	0	P1	0	NO PLAY	0	-	false	2026/09/19 20:46:03
21046	0	DP	0	NO PLAY	0	-	false	2026/09/19 20:46:03
21046	1	P1	0	NO PLAY	0	-	false	2026/09/19 20:46:03
21046	1	DP	0	NO PLAY	0	-	false	2026/09/19 20:46:03
21046	2	P1	0	NO PLAY	0	-	false	2026/09/19 20:46:03
21046	2	DP	0	NO PLAY	0	-	false	2026/09/19 20:46:03
21046	3	P1	0	NO PLAY	0	-	false	2026/09/19 20:46:03
21046	3	DP	5	HARD CLEAR	2152	39	true	2026/09/19 20:46:03
21046	4	P1	0	NO PLAY	0	-	false	2026/09/19 20:46:03
21046	4	DP	0	NO PLAY	0	-	false	2026/09/19 20:46:03
21047	0	P1	0	NO PLAY	0	-	false	2026/09/19 20:46:03
21047	0	DP	0	NO PLAY	0	-	false	2026/09/19 20:46:03
21047	1	P1	0	NO PLAY	0	-	false	2026/09/19 20:46:03
21047	1	DP	0	NO PLAY	0	-	false	2026/09/19 20:46:03
21047	2	P1	0	NO PLAY	0	-	false	2026/09/19 20:46:03
21047	2	DP	0	NO PLAY	0	-	false	2026/09/19 20:46:03
21047	3	P1	5	HARD CLEAR	2152	34	true	2026/09/19 20:46:03
21047	3	DP	5	HARD CLEAR	2144	44	true	2026/09/19 20:46:03
21047	4	P1	0	NO PLAY	0	-	false	2026/09/19 20:46:03
21047	4	DP	0	NO PLAY	0	-	false	2026/09/19 20:46:03
21048	0	P1	0	NO PLAY	0	-	false	2026/09/19 20:46:03
21048	0	DP	0	NO PLAY	0	-	false	2026/09/19 20:46:03
21048	1	P1	0	NO PLAY	0	-	false	2026/09/19 20:46:03
21048	1	DP	0	NO PLAY	0	-	false	2026/09/19 20:46:03
21048	2	P1	0	NO PLAY	0	-	false	2026/09/19 20:46:03
21048	2	DP	0	NO PLAY	0	-	false	2026/09/19 20:46:03
21048	3	P1	5	HARD CLEAR	2415	12	true	2026/09/19 20:46:03
21048	3	DP	5	HARD CLEAR	2322	36	true	2026/09/19 20:46:03
21048	4	P1	5	HARD CLEAR	2784	38	true	2026/09/19 20:46:03
21048	4	DP	3	EASY CLEAR	2375	82	true	2026/09/19 20:46:03
21049	0	P1	0	NO PLAY	0	-	false	2026/09/19 20:46:03
21049	0	DP	0	NO PLAY	0	-	false	2026/09/19 20:46:03
21049	1	P1	0	NO PLAY	0	-	false	2026/09/19 20:46:03
21049	1	DP	0	NO PLAY	0	-	false	2026/09/19 20:46:03
21049	2	P1	0	NO PLAY	0	-	false	2026/09/19 20:46:03
21049	2	DP	0	NO PLAY	0	-	false	2026/09/19 20:46:03
21049	3	P1	5	HARD CLEAR	2514	19	true	2026/09/19 20:46:03
21049	3	DP	6	EX HARD CLEAR	2553	19	true	2026/09/19 20:46:03
21049	4	P1	0	NO PLAY	0	-	false	2026/09/19 20:46:03
21049	4	DP	0	NO PLAY	0	-	false	2026/09/19 20:46:03
21050	0	P1	0	NO PLAY	0	-	false	2026/09/19 20:46:03
21050	0	DP	0	NO PLAY	0	-	false	2026/09/19 20:46:03
21050	1	P1	0	NO PLAY	0	-	false	2026/09/19 20:46:03
21050	1	DP	0	NO PLAY	0	-	false	2026/09/19 20:46:03
21050	2	P1	0	NO PLAY	0	-	false	2026/09/19 20:46:03
21050	2	DP	0	NO PLAY	0	-	false	2026/09/19 20:46:03
21050	3	P1	6	EX HARD CLEAR	2970	6	true	2026/09/19 20:46:03
21050	3	DP	5	HARD CLEAR	2662	48	true	2026/09/19 20:46:03
21050	4	P1	5	HARD CLEAR	3715	32	true	2026/09/19 20:46:03
21050	4	DP	5	HARD CLEAR	2816	74	true	2026/09/19 20:46:03
21051	0	P1	0	NO PLAY	0	-	false	2026/09/19 20:46:03
21051	0	DP	0	NO PLAY	0	-	false	2026/09/19 20:46:03
21051	1	P1	0	NO PLAY	0	-	false	2026/09/19 20:46:03
21051	1	DP	0	NO PLAY	0	-	false	2026/09/19 20:46:03
21051	2	P1	0	NO PLAY	0	-	false	2026/09/19 20:46:03
21051	2	DP	0	NO PLAY	0	-	false	2026/09/19 20:46:03
21051	3	P1	0	NO PLAY	0	-	false	2026/09/19 20:46:03
21051	3	DP	6	EX HARD CLEAR	2088	1	true	2026/09/19 20:46:03
21051	4	P1	0	NO PLAY	0	-	false	2026/09/19 20:46:03
21051	4	DP	0	NO PLAY	0	-	false	2026/09/19 20:46:03
21052	0	P1	0	NO PLAY	0	-	false	2026/09/19 20:46:03
21052	0	DP	0	NO PLAY	0	-	false	2026/09/19 20:46:03
21052	1	P1	0	NO PLAY	0	-	false	2026/09/19 20:46:03
21052	1	DP	0	NO PLAY	0	-	false	2026/09/19 20:46:03
21052	2	P1	0	NO PLAY	0	-	false	2026/09/19 20:46:03
21052	2	DP	0	NO PLAY	0	-	false	2026/09/19 20:46:03
21052	3	P1	6	EX HARD CLEAR	2799	11	true	2026/09/19 20:46:03
21052	3	DP	6	EX HARD CLEAR	2490	14	true	2026/09/19 20:46:03
21052	4	P1	6	EX HARD CLEAR	3364	20	true	2026/09/19 20:46:03
21052	4	DP	6	EX HARD CLEAR	2979	18	true	2026/09/19 20:46:03
21053	0	P1	0	NO PLAY	0	-	false	2026/09/19 20:46:03
21053	0	DP	0	NO PLAY	0	-	false	2026/09/19 20:46:03
21053	1	P1	0	NO PLAY	0	-	false	2026/09/19 20:46:03
21053	1	DP	0	NO PLAY	0	-	false	2026/09/19 20:46:03
21053	2	P1	0	NO PLAY	0	-	false	2026/09/19 20:46:03
21053	2	DP	0	NO PLAY	0	-	false	2026/09/19 20:46:03
21053	3	P1	0	NO PLAY	0	-	false	2026/09/19 20:46:03
21053	3	DP	0	NO PLAY	0	-	false	2026/09/19 20:46:03
21053	4	P1	0	NO PLAY	0	-	false	2026/09/19 20:46:03
21053	4	DP	0	NO PLAY	0	-	false	2026/09/19 20:46:03
21054	0	P1	0	NO PLAY	0	-	false	2026/09/19 20:46:03
21054	0	DP	0	NO PLAY	0	-	false	2026/09/19 20:46:03
21054	1	P1	0	NO PLAY	0	-	false	2026/09/19 20:46:03
21054	1	DP	0	NO PLAY	0	-	false	2026/09/19 20:46:03
21054	2	P1	0	NO PLAY	0	-	false	2026/09/19 20:46:03
21054	2	DP	0	NO PLAY	0	-	false	2026/09/19 20:46:03
21054	3	P1	0	NO PLAY	0	-	false	2026/09/19 20:46:03
21054	3	DP	0	NO PLAY	0	-	false	2026/09/19 20:46:03
21054	4	P1	0	NO PLAY	0	-	false	2026/09/19 20:46:03
21054	4	DP	0	NO PLAY	0	-	false	2026/09/19 20:46:03
21056	0	P1	0	NO PLAY	0	-	false	2026/09/19 20:46:03
21056	0	DP	0	NO PLAY	0	-	false	2026/09/19 20:46:03
21056	1	P1	0	NO PLAY	0	-	false	2026/09/19 20:46:03
21056	1	DP	0	NO PLAY	0	-	false	2026/09/19 20:46:03
21056	2	P1	0	NO PLAY	0	-	false	2026/09/19 20:46:03
21056	2	DP	0	NO PLAY	0	-	false	2026/09/19 20:46:03
21056	3	P1	0	NO PLAY	0	-	false	2026/09/19 20:46:03
21056	3	DP	6	EX HARD CLEAR	2340	11	true	2026/09/19 20:46:03
21056	4	P1	0	NO PLAY	0	-	false	2026/09/19 20:46:03
21056	4	DP	0	NO PLAY	0	-	false	2026/09/19 20:46:03
21057	0	P1	0	NO PLAY	0	-	false	2026/09/19 20:46:03
21057	0	DP	0	NO PLAY	0	-	false	2026/09/19 20:46:03
21057	1	P1	0	NO PLAY	0	-	false	2026/09/19 20:46:03
21057	1	DP	0	NO PLAY	0	-	false	2026/09/19 20:46:03
21057	2	P1	0	NO PLAY	0	-	false	2026/09/19 20:46:03
21057	2	DP	0	NO PLAY	0	-	false	2026/09/19 20:46:03
21057	3	P1	0	NO PLAY	0	-	false	2026/09/19 20:46:03
21057	3	DP	6	EX HARD CLEAR	2088	18	true	2026/09/19 20:46:03
21057	4	P1	0	NO PLAY	0	-	false	2026/09/19 20:46:03
21057	4	DP	0	NO PLAY	0	-	false	2026/09/19 20:46:03
21058	0	P1	5	HARD CLEAR	85	9	true	2026/09/19 20:46:03
21058	0	DP	0	NO PLAY	0	-	false	2026/09/19 20:46:03
21058	1	P1	0	NO PLAY	0	-	false	2026/09/19 20:46:03
21058	1	DP	0	NO PLAY	0	-	false	2026/09/19 20:46:03
21058	2	P1	0	NO PLAY	0	-	false	2026/09/19 20:46:03
21058	2	DP	0	NO PLAY	0	-	false	2026/09/19 20:46:03
21058	3	P1	0	NO PLAY	0	-	false	2026/09/19 20:46:03
21058	3	DP	0	NO PLAY	0	-	false	2026/09/19 20:46:03
21058	4	P1	0	NO PLAY	0	-	false	2026/09/19 20:46:03
21058	4	DP	0	NO PLAY	0	-	false	2026/09/19 20:46:03
21059	0	P1	0	NO PLAY	0	-	false	2026/09/19 20:46:03
21059	0	DP	0	NO PLAY	0	-	false	2026/09/19 20:46:03
21059	1	P1	0	NO PLAY	0	-	false	2026/09/19 20:46:03
21059	1	DP	0	NO PLAY	0	-	false	2026/09/19 20:46:03
21059	2	P1	0	NO PLAY	0	-	false	2026/09/19 20:46:03
21059	2	DP	6	EX HARD CLEAR	1843	21	true	2026/09/19 20:46:03
21059	3	P1	6	EX HARD CLEAR	3057	18	true	2026/09/19 20:46:03
21059	3	DP	3	EASY CLEAR	2782	64	true	2026/09/19 20:46:03
21059	4	P1	5	HARD CLEAR	3236	46	true	2026/09/19 20:46:03
21059	4	DP	1	FAILED	2913	128	true	2026/09/19 20:46:03
21060	0	P1	0	NO PLAY	0	-	false	2026/09/19 20:46:03
21060	0	DP	0	NO PLAY	0	-	false	2026/09/19 20:46:03
21060	1	P1	0	NO PLAY	0	-	false	2026/09/19 20:46:03
21060	1	DP	0	NO PLAY	0	-	false	2026/09/19 20:46:03
21060	2	P1	0	NO PLAY	0	-	false	2026/09/19 20:46:03
21060	2	DP	0	NO PLAY	0	-	false	2026/09/19 20:46:03
21060	3	P1	0	NO PLAY	0	-	false	2026/09/19 20:46:03
21060	3	DP	6	EX HARD CLEAR	2211	15	true	2026/09/19 20:46:03
21060	4	P1	0	NO PLAY	0	-	false	2026/09/19 20:46:03
21060	4	DP	0	NO PLAY	0	-	false	2026/09/19 20:46:03
21061	0	P1	0	NO PLAY	0	-	false	2026/09/19 20:46:03
21061	0	DP	0	NO PLAY	0	-	false	2026/09/19 20:46:03
21061	1	P1	0	NO PLAY	0	-	false	2026/09/19 20:46:03
21061	1	DP	0	NO PLAY	0	-	false	2026/09/19 20:46:03
21061	2	P1	0	NO PLAY	0	-	false	2026/09/19 20:46:03
21061	2	DP	0	NO PLAY	0	-	false	2026/09/19 20:46:03
21061	3	P1	0	NO PLAY	0	-	false	2026/09/19 20:46:03
21061	3	DP	6	EX HARD CLEAR	2021	17	true	2026/09/19 20:46:03
21061	4	P1	6	EX HARD CLEAR	2698	9	true	2026/09/19 20:46:03
21061	4	DP	5	HARD CLEAR	2540	35	true	2026/09/19 20:46:03
21062	0	P1	0	NO PLAY	0	-	false	2026/09/19 20:46:03
21062	0	DP	0	NO PLAY	0	-	false	2026/09/19 20:46:03
21062	1	P1	0	NO PLAY	0	-	false	2026/09/19 20:46:03
21062	1	DP	0	NO PLAY	0	-	false	2026/09/19 20:46:03
21062	2	P1	0	NO PLAY	0	-	false	2026/09/19 20:46:03
21062	2	DP	1	FAILED	2268	-	false	2026/09/19 20:46:03
21062	3	P1	5	HARD CLEAR	2782	73	true	2026/09/19 20:46:03
21062	3	DP	5	HARD CLEAR	2868	72	true	2026/09/19 20:46:03
21062	4	P1	0	NO PLAY	0	-	false	2026/09/19 20:46:03
21062	4	DP	0	NO PLAY	0	-	false	2026/09/19 20:46:03
21063	0	P1	0	NO PLAY	0	-	false	2026/09/19 20:46:03
21063	0	DP	0	NO PLAY	0	-	false	2026/09/19 20:46:03
21063	1	P1	0	NO PLAY	0	-	false	2026/09/19 20:46:03
21063	1	DP	0	NO PLAY	0	-	false	2026/09/19 20:46:03
21063	2	P1	0	NO PLAY	0	-	false	2026/09/19 20:46:03
21063	2	DP	0	NO PLAY	0	-	false	2026/09/19 20:46:03
21063	3	P1	0	NO PLAY	0	-	false	2026/09/19 20:46:03
21063	3	DP	6	EX HARD CLEAR	2488	16	true	2026/09/19 20:46:03
21063	4	P1	0	NO PLAY	0	-	false	2026/09/19 20:46:03
21063	4	DP	0	NO PLAY	0	-	false	2026/09/19 20:46:03
21064	0	P1	0	NO PLAY	0	-	false	2026/09/19 20:46:03
21064	0	DP	0	NO PLAY	0	-	false	2026/09/19 20:46:03
21064	1	P1	0	NO PLAY	0	-	false	2026/09/19 20:46:03
21064	1	DP	0	NO PLAY	0	-	false	2026/09/19 20:46:03
21064	2	P1	0	NO PLAY	0	-	false	2026/09/19 20:46:03
21064	2	DP	0	NO PLAY	0	-	false	2026/09/19 20:46:03
21064	3	P1	0	NO PLAY	0	-	false	2026/09/19 20:46:03
21064	3	DP	0	NO PLAY	0	-	false	2026/09/19 20:46:03
21064	4	P1	0	NO PLAY	0	-	false	2026/09/19 20:46:03
21064	4	DP	0	NO PLAY	0	-	false	2026/09/19 20:46:03
21065	0	P1	0	NO PLAY	0	-	false	2026/09/19 20:46:03
21065	0	DP	0	NO PLAY	0	-	false	2026/09/19 20:46:03
21065	1	P1	0	NO PLAY	0	-	false	2026/09/19 20:46:03
21065	1	DP	0	NO PLAY	0	-	false	2026/09/19 20:46:03
21065	2	P1	0	NO PLAY	0	-	false	2026/09/19 20:46:03
21065	2	DP	0	NO PLAY	0	-	false	2026/09/19 20:46:03
21065	3	P1	0	NO PLAY	0	-	false	2026/09/19 20:46:03
21065	3	DP	0	NO PLAY	0	-	false	2026/09/19 20:46:03
21065	4	P1	0	NO PLAY	0	-	false	2026/09/19 20:46:03
21065	4	DP	0	NO PLAY	0	-	false	2026/09/19 20:46:03
21066	0	P1	0	NO PLAY	0	-	false	2026/09/19 20:46:03
21066	0	DP	0	NO PLAY	0	-	false	2026/09/19 20:46:03
21066	1	P1	0	NO PLAY	0	-	false	2026/09/19 20:46:03
21066	1	DP	0	NO PLAY	0	-	false	2026/09/19 20:46:03
21066	2	P1	0	NO PLAY	0	-	false	2026/09/19 20:46:03
21066	2	DP	0	NO PLAY	0	-	false	2026/09/19 20:46:03
21066	3	P1	0	NO PLAY	0	-	false	2026/09/19 20:46:03
21066	3	DP	6	EX HARD CLEAR	2919	17	true	2026/09/19 20:46:03
21066	4	P1	0	NO PLAY	0	-	false	2026/09/19 20:46:03
21066	4	DP	0	NO PLAY	0	-	false	2026/09/19 20:46:03
21067	0	P1	0	NO PLAY	0	-	false	2026/09/19 20:46:03
21067	0	DP	0	NO PLAY	0	-	false	2026/09/19 20:46:03
21067	1	P1	0	NO PLAY	0	-	false	2026/09/19 20:46:03
21067	1	DP	0	NO PLAY	0	-	false	2026/09/19 20:46:03
21067	2	P1	0	NO PLAY	0	-	false	2026/09/19 20:46:03
21067	2	DP	0	NO PLAY	0	-	false	2026/09/19 20:46:03
21067	3	P1	0	NO PLAY	0	-	false	2026/09/19 20:46:03
21067	3	DP	5	HARD CLEAR	2748	38	true	2026/09/19 20:46:03
21067	4	P1	0	NO PLAY	0	-	false	2026/09/19 20:46:03
21067	4	DP	0	NO PLAY	0	-	false	2026/09/19 20:46:03
21068	0	P1	0	NO PLAY	0	-	false	2026/09/19 20:46:03
21068	0	DP	0	NO PLAY	0	-	false	2026/09/19 20:46:03
21068	1	P1	0	NO PLAY	0	-	false	2026/09/19 20:46:03
21068	1	DP	0	NO PLAY	0	-	false	2026/09/19 20:46:03
21068	2	P1	0	NO PLAY	0	-	false	2026/09/19 20:46:03
21068	2	DP	0	NO PLAY	0	-	false	2026/09/19 20:46:03
21068	3	P1	0	NO PLAY	0	-	false	2026/09/19 20:46:03
21068	3	DP	0	NO PLAY	0	-	false	2026/09/19 20:46:03
21068	4	P1	0	NO PLAY	0	-	false	2026/09/19 20:46:03
21068	4	DP	0	NO PLAY	0	-	false	2026/09/19 20:46:03
21069	0	P1	0	NO PLAY	0	-	false	2026/09/19 20:46:03
21069	0	DP	0	NO PLAY	0	-	false	2026/09/19 20:46:03
21069	1	P1	0	NO PLAY	0	-	false	2026/09/19 20:46:03
21069	1	DP	0	NO PLAY	0	-	false	2026/09/19 20:46:03
21069	2	P1	0	NO PLAY	0	-	false	2026/09/19 20:46:03
21069	2	DP	0	NO PLAY	0	-	false	2026/09/19 20:46:03
21069	3	P1	6	EX HARD CLEAR	2788	15	true	2026/09/19 20:46:03
21069	3	DP	5	HARD CLEAR	2800	51	true	2026/09/19 20:46:03
21069	4	P1	6	EX HARD CLEAR	3493	25	true	2026/09/19 20:46:03
21069	4	DP	5	HARD CLEAR	3033	59	true	2026/09/19 20:46:03
21070	0	P1	0	NO PLAY	0	-	false	2026/09/19 20:46:03
21070	0	DP	0	NO PLAY	0	-	false	2026/09/19 20:46:03
21070	1	P1	0	NO PLAY	0	-	false	2026/09/19 20:46:03
21070	1	DP	0	NO PLAY	0	-	false	2026/09/19 20:46:03
21070	2	P1	0	NO PLAY	0	-	false	2026/09/19 20:46:03
21070	2	DP	0	NO PLAY	0	-	false	2026/09/19 20:46:03
21070	3	P1	0	NO PLAY	0	-	false	2026/09/19 20:46:03
21070	3	DP	6	EX HARD CLEAR	2146	15	true	2026/09/19 20:46:03
21070	4	P1	0	NO PLAY	0	-	false	2026/09/19 20:46:03
21070	4	DP	0	NO PLAY	0	-	false	2026/09/19 20:46:03
21071	0	P1	0	NO PLAY	0	-	false	2026/09/19 20:46:03
21071	0	DP	0	NO PLAY	0	-	false	2026/09/19 20:46:03
21071	1	P1	0	NO PLAY	0	-	false	2026/09/19 20:46:03
21071	1	DP	0	NO PLAY	0	-	false	2026/09/19 20:46:03
21071	2	P1	0	NO PLAY	0	-	false	2026/09/19 20:46:03
21071	2	DP	0	NO PLAY	0	-	false	2026/09/19 20:46:03
21071	3	P1	0	NO PLAY	0	-	false	2026/09/19 20:46:03
21071	3	DP	6	EX HARD CLEAR	2171	8	true	2026/09/19 20:46:03
21071	4	P1	0	NO PLAY	0	-	false	2026/09/19 20:46:03
21071	4	DP	0	NO PLAY	0	-	false	2026/09/19 20:46:03
21073	0	P1	0	NO PLAY	0	-	false	2026/09/19 20:46:03
21073	0	DP	0	NO PLAY	0	-	false	2026/09/19 20:46:03
21073	1	P1	0	NO PLAY	0	-	false	2026/09/19 20:46:03
21073	1	DP	0	NO PLAY	0	-	false	2026/09/19 20:46:03
21073	2	P1	0	NO PLAY	0	-	false	2026/09/19 20:46:03
21073	2	DP	0	NO PLAY	0	-	false	2026/09/19 20:46:03
21073	3	P1	6	EX HARD CLEAR	2554	5	true	2026/09/19 20:46:03
21073	3	DP	6	EX HARD CLEAR	2673	18	true	2026/09/19 20:46:03
21073	4	P1	5	HARD CLEAR	2842	43	true	2026/09/19 20:46:03
21073	4	DP	5	HARD CLEAR	2791	44	true	2026/09/19 20:46:03
21074	0	P1	0	NO PLAY	0	-	false	2026/09/19 20:46:03
21074	0	DP	0	NO PLAY	0	-	false	2026/09/19 20:46:03
21074	1	P1	0	NO PLAY	0	-	false	2026/09/19 20:46:03
21074	1	DP	0	NO PLAY	0	-	false	2026/09/19 20:46:03
21074	2	P1	0	NO PLAY	0	-	false	2026/09/19 20:46:03
21074	2	DP	0	NO PLAY	0	-	false	2026/09/19 20:46:03
21074	3	P1	0	NO PLAY	0	-	false	2026/09/19 20:46:03
21074	3	DP	6	EX HARD CLEAR	2121	18	true	2026/09/19 20:46:03
21074	4	P1	0	NO PLAY	0	-	false	2026/09/19 20:46:03
21074	4	DP	0	NO PLAY	0	-	false	2026/09/19 20:46:03
21075	0	P1	0	NO PLAY	0	-	false	2026/09/19 20:46:03
21075	0	DP	0	NO PLAY	0	-	false	2026/09/19 20:46:03
21075	1	P1	0	NO PLAY	0	-	false	2026/09/19 20:46:03
21075	1	DP	0	NO PLAY	0	-	false	2026/09/19 20:46:03
21075	2	P1	0	NO PLAY	0	-	false	2026/09/19 20:46:03
21075	2	DP	0	NO PLAY	0	-	false	2026/09/19 20:46:03
21075	3	P1	0	NO PLAY	0	-	false	2026/09/19 20:46:03
21075	3	DP	0	NO PLAY	0	-	false	2026/09/19 20:46:03
21075	4	P1	0	NO PLAY	0	-	false	2026/09/19 20:46:03
21075	4	DP	0	NO PLAY	0	-	false	2026/09/19 20:46:03
21076	0	P1	0	NO PLAY	0	-	false	2026/09/19 20:46:03
21076	0	DP	0	NO PLAY	0	-	false	2026/09/19 20:46:03
21076	1	P1	0	NO PLAY	0	-	false	2026/09/19 20:46:03
21076	1	DP	0	NO PLAY	0	-	false	2026/09/19 20:46:03
21076	2	P1	0	NO PLAY	0	-	false	2026/09/19 20:46:03
21076	2	DP	0	NO PLAY	0	-	false	2026/09/19 20:46:03
21076	3	P1	6	EX HARD CLEAR	2835	10	true	2026/09/19 20:46:03
21076	3	DP	6	EX HARD CLEAR	2905	18	true	2026/09/19 20:46:03
21076	4	P1	0	NO PLAY	0	-	false	2026/09/19 20:46:03
21076	4	DP	0	NO PLAY	0	-	false	2026/09/19 20:46:03
21077	0	P1	0	NO PLAY	0	-	false	2026/09/19 20:46:03
21077	0	DP	0	NO PLAY	0	-	false	2026/09/19 20:46:03
21077	1	P1	0	NO PLAY	0	-	false	2026/09/19 20:46:03
21077	1	DP	0	NO PLAY	0	-	false	2026/09/19 20:46:03
21077	2	P1	0	NO PLAY	0	-	false	2026/09/19 20:46:03
21077	2	DP	0	NO PLAY	0	-	false	2026/09/19 20:46:03
21077	3	P1	0	NO PLAY	0	-	false	2026/09/19 20:46:03
21077	3	DP	0	NO PLAY	0	-	false	2026/09/19 20:46:03
21077	4	P1	0	NO PLAY	0	-	false	2026/09/19 20:46:03
21077	4	DP	0	NO PLAY	0	-	false	2026/09/19 20:46:03
21078	0	P1	0	NO PLAY	0	-	false	2026/09/19 20:46:03
21078	0	DP	0	NO PLAY	0	-	false	2026/09/19 20:46:03
21078	1	P1	0	NO PLAY	0	-	false	2026/09/19 20:46:03
21078	1	DP	0	NO PLAY	0	-	false	2026/09/19 20:46:03
21078	2	P1	0	NO PLAY	0	-	false	2026/09/19 20:46:03
21078	2	DP	0	NO PLAY	0	-	false	2026/09/19 20:46:03
21078	3	P1	0	NO PLAY	0	-	false	2026/09/19 20:46:03
21078	3	DP	0	NO PLAY	0	-	false	2026/09/19 20:46:03
21078	4	P1	0	NO PLAY	0	-	false	2026/09/19 20:46:03
21078	4	DP	0	NO PLAY	0	-	false	2026/09/19 20:46:03
21079	0	P1	0	NO PLAY	0	-	false	2026/09/19 20:46:03
21079	0	DP	0	NO PLAY	0	-	false	2026/09/19 20:46:03
21079	1	P1	0	NO PLAY	0	-	false	2026/09/19 20:46:03
21079	1	DP	1	FAILED	304	83	true	2026/09/19 20:46:03
21079	2	P1	0	NO PLAY	0	-	false	2026/09/19 20:46:03
21079	2	DP	0	NO PLAY	0	-	false	2026/09/19 20:46:03
21079	3	P1	0	NO PLAY	0	-	false	2026/09/19 20:46:03
21079	3	DP	6	EX HARD CLEAR	2267	15	true	2026/09/19 20:46:03
21079	4	P1	0	NO PLAY	0	-	false	2026/09/19 20:46:03
21079	4	DP	0	NO PLAY	0	-	false	2026/09/19 20:46:03
21080	0	P1	0	NO PLAY	0	-	false	2026/09/19 20:46:03
21080	0	DP	0	NO PLAY	0	-	false	2026/09/19 20:46:03
21080	1	P1	0	NO PLAY	0	-	false	2026/09/19 20:46:03
21080	1	DP	0	NO PLAY	0	-	false	2026/09/19 20:46:03
21080	2	P1	0	NO PLAY	0	-	false	2026/09/19 20:46:03
21080	2	DP	0	NO PLAY	0	-	false	2026/09/19 20:46:03
21080	3	P1	0	NO PLAY	0	-	false	2026/09/19 20:46:03
21080	3	DP	6	EX HARD CLEAR	1675	9	true	2026/09/19 20:46:03
21080	4	P1	0	NO PLAY	0	-	false	2026/09/19 20:46:03
21080	4	DP	0	NO PLAY	0	-	false	2026/09/19 20:46:03
21081	0	P1	0	NO PLAY	0	-	false	2026/09/19 20:46:03
21081	0	DP	0	NO PLAY	0	-	false	2026/09/19 20:46:03
21081	1	P1	0	NO PLAY	0	-	false	2026/09/19 20:46:03
21081	1	DP	0	NO PLAY	0	-	false	2026/09/19 20:46:03
21081	2	P1	0	NO PLAY	0	-	false	2026/09/19 20:46:03
21081	2	DP	0	NO PLAY	0	-	false	2026/09/19 20:46:03
21081	3	P1	6	EX HARD CLEAR	2886	15	true	2026/09/19 20:46:03
21081	3	DP	5	HARD CLEAR	2617	33	true	2026/09/19 20:46:03
21081	4	P1	0	NO PLAY	0	-	false	2026/09/19 20:46:03
21081	4	DP	0	NO PLAY	0	-	false	2026/09/19 20:46:03
21082	0	P1	0	NO PLAY	0	-	false	2026/09/19 20:46:03
21082	0	DP	0	NO PLAY	0	-	false	2026/09/19 20:46:03
21082	1	P1	0	NO PLAY	0	-	false	2026/09/19 20:46:03
21082	1	DP	0	NO PLAY	0	-	false	2026/09/19 20:46:03
21082	2	P1	0	NO PLAY	0	-	false	2026/09/19 20:46:03
21082	2	DP	6	EX HARD CLEAR	2296	9	true	2026/09/19 20:46:03
21082	3	P1	5	HARD CLEAR	3036	41	true	2026/09/19 20:46:03
21082	3	DP	5	HARD CLEAR	3108	54	true	2026/09/19 20:46:03
21082	4	P1	0	NO PLAY	0	-	false	2026/09/19 20:46:03
21082	4	DP	0	NO PLAY	0	-	false	2026/09/19 20:46:03
21083	0	P1	0	NO PLAY	0	-	false	2026/09/19 20:46:03
21083	0	DP	0	NO PLAY	0	-	false	2026/09/19 20:46:03
21083	1	P1	0	NO PLAY	0	-	false	2026/09/19 20:46:03
21083	1	DP	0	NO PLAY	0	-	false	2026/09/19 20:46:03
21083	2	P1	0	NO PLAY	0	-	false	2026/09/19 20:46:03
21083	2	DP	0	NO PLAY	0	-	false	2026/09/19 20:46:03
21083	3	P1	0	NO PLAY	0	-	false	2026/09/19 20:46:03
21083	3	DP	6	EX HARD CLEAR	2023	6	true	2026/09/19 20:46:03
21083	4	P1	0	NO PLAY	0	-	false	2026/09/19 20:46:03
21083	4	DP	0	NO PLAY	0	-	false	2026/09/19 20:46:03
21085	0	P1	0	NO PLAY	0	-	false	2026/09/19 20:46:03
21085	0	DP	0	NO PLAY	0	-	false	2026/09/19 20:46:03
21085	1	P1	0	NO PLAY	0	-	false	2026/09/19 20:46:03
21085	1	DP	7	FULL COMBO	698	0	true	2026/09/19 20:46:03
21085	2	P1	0	NO PLAY	0	-	false	2026/09/19 20:46:03
21085	2	DP	0	NO PLAY	0	-	false	2026/09/19 20:46:03
21085	3	P1	3	EASY CLEAR	1812	84	true	2026/09/19 20:46:03
21085	3	DP	5	HARD CLEAR	1640	36	true	2026/09/19 20:46:03
21085	4	P1	0	NO PLAY	0	-	false	2026/09/19 20:46:03
21085	4	DP	0	NO PLAY	0	-	false	2026/09/19 20:46:03
21086	0	P1	0	NO PLAY	0	-	false	2026/09/19 20:46:03
21086	0	DP	0	NO PLAY	0	-	false	2026/09/19 20:46:03
21086	1	P1	0	NO PLAY	0	-	false	2026/09/19 20:46:03
21086	1	DP	0	NO PLAY	0	-	false	2026/09/19 20:46:03
21086	2	P1	0	NO PLAY	0	-	false	2026/09/19 20:46:03
21086	2	DP	0	NO PLAY	0	-	false	2026/09/19 20:46:03
21086	3	P1	0	NO PLAY	0	-	false	2026/09/19 20:46:03
21086	3	DP	0	NO PLAY	0	-	false	2026/09/19 20:46:03
21086	4	P1	0	NO PLAY	0	-	false	2026/09/19 20:46:03
21086	4	DP	0	NO PLAY	0	-	false	2026/09/19 20:46:03
21087	0	P1	0	NO PLAY	0	-	false	2026/09/19 20:46:03
21087	0	DP	0	NO PLAY	0	-	false	2026/09/19 20:46:03
21087	1	P1	0	NO PLAY	0	-	false	2026/09/19 20:46:03
21087	1	DP	0	NO PLAY	0	-	false	2026/09/19 20:46:03
21087	2	P1	0	NO PLAY	0	-	false	2026/09/19 20:46:03
21087	2	DP	0	NO PLAY	0	-	false	2026/09/19 20:46:03
21087	3	P1	0	NO PLAY	0	-	false	2026/09/19 20:46:03
21087	3	DP	0	NO PLAY	0	-	false	2026/09/19 20:46:03
21087	4	P1	0	NO PLAY	0	-	false	2026/09/19 20:46:03
21087	4	DP	0	NO PLAY	0	-	false	2026/09/19 20:46:03
21088	0	P1	0	NO PLAY	0	-	false	2026/09/19 20:46:03
21088	0	DP	0	NO PLAY	0	-	false	2026/09/19 20:46:03
21088	1	P1	0	NO PLAY	0	-	false	2026/09/19 20:46:03
21088	1	DP	0	NO PLAY	0	-	false	2026/09/19 20:46:03
21088	2	P1	0	NO PLAY	0	-	false	2026/09/19 20:46:03
21088	2	DP	0	NO PLAY	0	-	false	2026/09/19 20:46:03
21088	3	P1	6	EX HARD CLEAR	2670	17	true	2026/09/19 20:46:03
21088	3	DP	6	EX HARD CLEAR	2470	13	true	2026/09/19 20:46:03
21088	4	P1	0	NO PLAY	0	-	false	2026/09/19 20:46:03
21088	4	DP	0	NO PLAY	0	-	false	2026/09/19 20:46:03
21089	0	P1	0	NO PLAY	0	-	false	2026/09/19 20:46:03
21089	0	DP	0	NO PLAY	0	-	false	2026/09/19 20:46:03
21089	1	P1	0	NO PLAY	0	-	false	2026/09/19 20:46:03
21089	1	DP	0	NO PLAY	0	-	false	2026/09/19 20:46:03
21089	2	P1	6	EX HARD CLEAR	1925	15	true	2026/09/19 20:46:03
21089	2	DP	6	EX HARD CLEAR	1720	8	true	2026/09/19 20:46:03
21089	3	P1	6	EX HARD CLEAR	2661	13	true	2026/09/19 20:46:03
21089	3	DP	6	EX HARD CLEAR	2031	9	true	2026/09/19 20:46:03
21089	4	P1	6	EX HARD CLEAR	3049	10	true	2026/09/19 20:46:03
21089	4	DP	1	FAILED	2708	116	true	2026/09/19 20:46:03
21090	0	P1	0	NO PLAY	0	-	false	2026/09/19 20:46:03
21090	0	DP	0	NO PLAY	0	-	false	2026/09/19 20:46:03
21090	1	P1	0	NO PLAY	0	-	false	2026/09/19 20:46:03
21090	1	DP	0	NO PLAY	0	-	false	2026/09/19 20:46:03
21090	2	P1	0	NO PLAY	0	-	false	2026/09/19 20:46:03
21090	2	DP	0	NO PLAY	0	-	false	2026/09/19 20:46:03
21090	3	P1	0	NO PLAY	0	-	false	2026/09/19 20:46:03
21090	3	DP	1	FAILED	1615	-	false	2026/09/19 20:46:03
21090	4	P1	0	NO PLAY	0	-	false	2026/09/19 20:46:03
21090	4	DP	0	NO PLAY	0	-	false	2026/09/19 20:46:03
22001	0	P1	0	NO PLAY	0	-	false	2026/09/19 20:46:03
22001	0	DP	0	NO PLAY	0	-	false	2026/09/19 20:46:03
22001	1	P1	0	NO PLAY	0	-	false	2026/09/19 20:46:03
22001	1	DP	6	EX HARD CLEAR	783	4	true	2026/09/19 20:46:03
22001	2	P1	0	NO PLAY	0	-	false	2026/09/19 20:46:03
22001	2	DP	0	NO PLAY	0	-	false	2026/09/19 20:46:03
22001	3	P1	6	EX HARD CLEAR	2867	16	true	2026/09/19 20:46:03
22001	3	DP	6	EX HARD CLEAR	2997	17	true	2026/09/19 20:46:03
22001	4	P1	0	NO PLAY	0	-	false	2026/09/19 20:46:03
22001	4	DP	0	NO PLAY	0	-	false	2026/09/19 20:46:03
22002	0	P1	0	NO PLAY	0	-	false	2026/09/19 20:46:03
22002	0	DP	0	NO PLAY	0	-	false	2026/09/19 20:46:03
22002	1	P1	0	NO PLAY	0	-	false	2026/09/19 20:46:03
22002	1	DP	0	NO PLAY	0	-	false	2026/09/19 20:46:03
22002	2	P1	0	NO PLAY	0	-	false	2026/09/19 20:46:03
22002	2	DP	0	NO PLAY	0	-	false	2026/09/19 20:46:03
22002	3	P1	0	NO PLAY	0	-	false	2026/09/19 20:46:03
22002	3	DP	6	EX HARD CLEAR	2193	5	true	2026/09/19 20:46:03
22002	4	P1	0	NO PLAY	0	-	false	2026/09/19 20:46:03
22002	4	DP	0	NO PLAY	0	-	false	2026/09/19 20:46:03
22003	0	P1	0	NO PLAY	0	-	false	2026/09/19 20:46:03
22003	0	DP	0	NO PLAY	0	-	false	2026/09/19 20:46:03
22003	1	P1	0	NO PLAY	0	-	false	2026/09/19 20:46:03
22003	1	DP	0	NO PLAY	0	-	false	2026/09/19 20:46:03
22003	2	P1	0	NO PLAY	0	-	false	2026/09/19 20:46:03
22003	2	DP	0	NO PLAY	0	-	false	2026/09/19 20:46:03
22003	3	P1	5	HARD CLEAR	2503	30	true	2026/09/19 20:46:03
22003	3	DP	6	EX HARD CLEAR	2494	8	true	2026/09/19 20:46:03
22003	4	P1	0	NO PLAY	0	-	false	2026/09/19 20:46:03
22003	4	DP	0	NO PLAY	0	-	false	2026/09/19 20:46:03
22004	0	P1	0	NO PLAY	0	-	false	2026/09/19 20:46:03
22004	0	DP	0	NO PLAY	0	-	false	2026/09/19 20:46:03
22004	1	P1	0	NO PLAY	0	-	false	2026/09/19 20:46:03
22004	1	DP	0	NO PLAY	0	-	false	2026/09/19 20:46:03
22004	2	P1	0	NO PLAY	0	-	false	2026/09/19 20:46:03
22004	2	DP	0	NO PLAY	0	-	false	2026/09/19 20:46:03
22004	3	P1	6	EX HARD CLEAR	3323	9	true	2026/09/19 20:46:03
22004	3	DP	6	EX HARD CLEAR	2806	15	true	2026/09/19 20:46:03
22004	4	P1	0	NO PLAY	0	-	false	2026/09/19 20:46:03
22004	4	DP	0	NO PLAY	0	-	false	2026/09/19 20:46:03
22005	0	P1	0	NO PLAY	0	-	false	2026/09/19 20:46:03
22005	0	DP	0	NO PLAY	0	-	false	2026/09/19 20:46:03
22005	1	P1	0	NO PLAY	0	-	false	2026/09/19 20:46:03
22005	1	DP	0	NO PLAY	0	-	false	2026/09/19 20:46:03
22005	2	P1	0	NO PLAY	0	-	false	2026/09/19 20:46:03
22005	2	DP	0	NO PLAY	0	-	false	2026/09/19 20:46:03
22005	3	P1	6	EX HARD CLEAR	2632	15	true	2026/09/19 20:46:03
22005	3	DP	5	HARD CLEAR	2634	38	true	2026/09/19 20:46:03
22005	4	P1	0	NO PLAY	0	-	false	2026/09/19 20:46:03
22005	4	DP	0	NO PLAY	0	-	false	2026/09/19 20:46:03
22006	0	P1	0	NO PLAY	0	-	false	2026/09/19 20:46:03
22006	0	DP	0	NO PLAY	0	-	false	2026/09/19 20:46:03
22006	1	P1	0	NO PLAY	0	-	false	2026/09/19 20:46:03
22006	1	DP	0	NO PLAY	0	-	false	2026/09/19 20:46:03
22006	2	P1	0	NO PLAY	0	-	false	2026/09/19 20:46:03
22006	2	DP	0	NO PLAY	0	-	false	2026/09/19 20:46:03
22006	3	P1	0	NO PLAY	0	-	false	2026/09/19 20:46:03
22006	3	DP	0	NO PLAY	0	-	false	2026/09/19 20:46:03
22006	4	P1	6	EX HARD CLEAR	2462	14	true	2026/09/19 20:46:03
22006	4	DP	5	HARD CLEAR	2771	33	true	2026/09/19 20:46:03
22007	0	P1	0	NO PLAY	0	-	false	2026/09/19 20:46:03
22007	0	DP	0	NO PLAY	0	-	false	2026/09/19 20:46:03
22007	1	P1	0	NO PLAY	0	-	false	2026/09/19 20:46:03
22007	1	DP	0	NO PLAY	0	-	false	2026/09/19 20:46:03
22007	2	P1	0	NO PLAY	0	-	false	2026/09/19 20:46:03
22007	2	DP	0	NO PLAY	0	-	false	2026/09/19 20:46:03
22007	3	P1	5	HARD CLEAR	2471	35	true	2026/09/19 20:46:03
22007	3	DP	5	HARD CLEAR	2492	44	true	2026/09/19 20:46:03
22007	4	P1	5	HARD CLEAR	2573	46	true	2026/09/19 20:46:03
22007	4	DP	3	EASY CLEAR	2727	83	true	2026/09/19 20:46:03
22008	0	P1	0	NO PLAY	0	-	false	2026/09/19 20:46:03
22008	0	DP	0	NO PLAY	0	-	false	2026/09/19 20:46:03
22008	1	P1	0	NO PLAY	0	-	false	2026/09/19 20:46:03
22008	1	DP	0	NO PLAY	0	-	false	2026/09/19 20:46:03
22008	2	P1	0	NO PLAY	0	-	false	2026/09/19 20:46:03
22008	2	DP	0	NO PLAY	0	-	false	2026/09/19 20:46:03
22008	3	P1	0	NO PLAY	0	-	false	2026/09/19 20:46:03
22008	3	DP	6	EX HARD CLEAR	2627	12	true	2026/09/19 20:46:03
22008	4	P1	5	HARD CLEAR	3415	29	true	2026/09/19 20:46:03
22008	4	DP	3	EASY CLEAR	3667	117	true	2026/09/19 20:46:03
22009	0	P1	0	NO PLAY	0	-	false	2026/09/19 20:46:03
22009	0	DP	0	NO PLAY	0	-	false	2026/09/19 20:46:03
22009	1	P1	0	NO PLAY	0	-	false	2026/09/19 20:46:03
22009	1	DP	0	NO PLAY	0	-	false	2026/09/19 20:46:03
22009	2	P1	0	NO PLAY	0	-	false	2026/09/19 20:46:03
22009	2	DP	0	NO PLAY	0	-	false	2026/09/19 20:46:03
22009	3	P1	6	EX HARD CLEAR	2920	8	true	2026/09/19 20:46:03
22009	3	DP	5	HARD CLEAR	3087	69	true	2026/09/19 20:46:03
22009	4	P1	0	NO PLAY	0	-	false	2026/09/19 20:46:03
22009	4	DP	0	NO PLAY	0	-	false	2026/09/19 20:46:03
22010	0	P1	0	NO PLAY	0	-	false	2026/09/19 20:46:03
22010	0	DP	0	NO PLAY	0	-	false	2026/09/19 20:46:03
22010	1	P1	0	NO PLAY	0	-	false	2026/09/19 20:46:03
22010	1	DP	6	EX HARD CLEAR	802	6	true	2026/09/19 20:46:03
22010	2	P1	0	NO PLAY	0	-	false	2026/09/19 20:46:03
22010	2	DP	0	NO PLAY	0	-	false	2026/09/19 20:46:03
22010	3	P1	3	EASY CLEAR	1636	128	true	2026/09/19 20:46:03
22010	3	DP	5	HARD CLEAR	1788	29	true	2026/09/19 20:46:03
22010	4	P1	0	NO PLAY	0	-	false	2026/09/19 20:46:03
22010	4	DP	0	NO PLAY	0	-	false	2026/09/19 20:46:03
22011	0	P1	0	NO PLAY	0	-	false	2026/09/19 20:46:03
22011	0	DP	0	NO PLAY	0	-	false	2026/09/19 20:46:03
22011	1	P1	0	NO PLAY	0	-	false	2026/09/19 20:46:03
22011	1	DP	0	NO PLAY	0	-	false	2026/09/19 20:46:03
22011	2	P1	0	NO PLAY	0	-	false	2026/09/19 20:46:03
22011	2	DP	0	NO PLAY	0	-	false	2026/09/19 20:46:03
22011	3	P1	6	EX HARD CLEAR	2713	13	true	2026/09/19 20:46:03
22011	3	DP	0	NO PLAY	0	-	false	2026/09/19 20:46:03
22011	4	P1	0	NO PLAY	0	-	false	2026/09/19 20:46:03
22011	4	DP	0	NO PLAY	0	-	false	2026/09/19 20:46:03
22012	0	P1	0	NO PLAY	0	-	false	2026/09/19 20:46:03
22012	0	DP	0	NO PLAY	0	-	false	2026/09/19 20:46:03
22012	1	P1	0	NO PLAY	0	-	false	2026/09/19 20:46:03
22012	1	DP	0	NO PLAY	0	-	false	2026/09/19 20:46:03
22012	2	P1	0	NO PLAY	0	-	false	2026/09/19 20:46:03
22012	2	DP	0	NO PLAY	0	-	false	2026/09/19 20:46:03
22012	3	P1	5	HARD CLEAR	2802	38	true	2026/09/19 20:46:03
22012	3	DP	3	EASY CLEAR	2848	86	true	2026/09/19 20:46:03
22012	4	P1	0	NO PLAY	0	-	false	2026/09/19 20:46:03
22012	4	DP	0	NO PLAY	0	-	false	2026/09/19 20:46:03
22013	0	P1	0	NO PLAY	0	-	false	2026/09/19 20:46:03
22013	0	DP	0	NO PLAY	0	-	false	2026/09/19 20:46:03
22013	1	P1	0	NO PLAY	0	-	false	2026/09/19 20:46:03
22013	1	DP	0	NO PLAY	0	-	false	2026/09/19 20:46:03
22013	2	P1	0	NO PLAY	0	-	false	2026/09/19 20:46:03
22013	2	DP	0	NO PLAY	0	-	false	2026/09/19 20:46:03
22013	3	P1	0	NO PLAY	0	-	false	2026/09/19 20:46:03
22013	3	DP	0	NO PLAY	0	-	false	2026/09/19 20:46:03
22013	4	P1	6	EX HARD CLEAR	2065	4	true	2026/09/19 20:46:03
22013	4	DP	7	FULL COMBO	2062	0	true	2026/09/19 20:46:03
22014	0	P1	0	NO PLAY	0	-	false	2026/09/19 20:46:03
22014	0	DP	0	NO PLAY	0	-	false	2026/09/19 20:46:03
22014	1	P1	0	NO PLAY	0	-	false	2026/09/19 20:46:03
22014	1	DP	0	NO PLAY	0	-	false	2026/09/19 20:46:03
22014	2	P1	0	NO PLAY	0	-	false	2026/09/19 20:46:03
22014	2	DP	0	NO PLAY	0	-	false	2026/09/19 20:46:03
22014	3	P1	0	NO PLAY	0	-	false	2026/09/19 20:46:03
22014	3	DP	6	EX HARD CLEAR	2047	9	true	2026/09/19 20:46:03
22014	4	P1	0	NO PLAY	0	-	false	2026/09/19 20:46:03
22014	4	DP	0	NO PLAY	0	-	false	2026/09/19 20:46:03
22015	0	P1	0	NO PLAY	0	-	false	2026/09/19 20:46:03
22015	0	DP	0	NO PLAY	0	-	false	2026/09/19 20:46:03
22015	1	P1	0	NO PLAY	0	-	false	2026/09/19 20:46:03
22015	1	DP	0	NO PLAY	0	-	false	2026/09/19 20:46:03
22015	2	P1	0	NO PLAY	0	-	false	2026/09/19 20:46:03
22015	2	DP	0	NO PLAY	0	-	false	2026/09/19 20:46:03
22015	3	P1	6	EX HARD CLEAR	3412	16	true	2026/09/19 20:46:03
22015	3	DP	6	EX HARD CLEAR	3544	19	true	2026/09/19 20:46:03
22015	4	P1	0	NO PLAY	0	-	false	2026/09/19 20:46:03
22015	4	DP	0	NO PLAY	0	-	false	2026/09/19 20:46:03
22016	0	P1	0	NO PLAY	0	-	false	2026/09/19 20:46:03
22016	0	DP	0	NO PLAY	0	-	false	2026/09/19 20:46:03
22016	1	P1	0	NO PLAY	0	-	false	2026/09/19 20:46:03
22016	1	DP	0	NO PLAY	0	-	false	2026/09/19 20:46:03
22016	2	P1	0	NO PLAY	0	-	false	2026/09/19 20:46:03
22016	2	DP	0	NO PLAY	0	-	false	2026/09/19 20:46:03
22016	3	P1	6	EX HARD CLEAR	2624	15	true	2026/09/19 20:46:03
22016	3	DP	5	HARD CLEAR	3085	40	true	2026/09/19 20:46:03
22016	4	P1	0	NO PLAY	0	-	false	2026/09/19 20:46:03
22016	4	DP	0	NO PLAY	0	-	false	2026/09/19 20:46:03
22017	0	P1	0	NO PLAY	0	-	false	2026/09/19 20:46:03
22017	0	DP	0	NO PLAY	0	-	false	2026/09/19 20:46:03
22017	1	P1	0	NO PLAY	0	-	false	2026/09/19 20:46:03
22017	1	DP	0	NO PLAY	0	-	false	2026/09/19 20:46:03
22017	2	P1	0	NO PLAY	0	-	false	2026/09/19 20:46:03
22017	2	DP	0	NO PLAY	0	-	false	2026/09/19 20:46:03
22017	3	P1	6	EX HARD CLEAR	2689	1	true	2026/09/19 20:46:03
22017	3	DP	1	FAILED	2356	-	false	2026/09/19 20:46:03
22017	4	P1	0	NO PLAY	0	-	false	2026/09/19 20:46:03
22017	4	DP	0	NO PLAY	0	-	false	2026/09/19 20:46:03
22018	0	P1	0	NO PLAY	0	-	false	2026/09/19 20:46:03
22018	0	DP	0	NO PLAY	0	-	false	2026/09/19 20:46:03
22018	1	P1	0	NO PLAY	0	-	false	2026/09/19 20:46:03
22018	1	DP	0	NO PLAY	0	-	false	2026/09/19 20:46:03
22018	2	P1	0	NO PLAY	0	-	false	2026/09/19 20:46:03
22018	2	DP	0	NO PLAY	0	-	false	2026/09/19 20:46:03
22018	3	P1	6	EX HARD CLEAR	2661	14	true	2026/09/19 20:46:03
22018	3	DP	5	HARD CLEAR	2588	57	true	2026/09/19 20:46:03
22018	4	P1	0	NO PLAY	0	-	false	2026/09/19 20:46:03
22018	4	DP	0	NO PLAY	0	-	false	2026/09/19 20:46:03
22019	0	P1	0	NO PLAY	0	-	false	2026/09/19 20:46:03
22019	0	DP	0	NO PLAY	0	-	false	2026/09/19 20:46:03
22019	1	P1	0	NO PLAY	0	-	false	2026/09/19 20:46:03
22019	1	DP	0	NO PLAY	0	-	false	2026/09/19 20:46:03
22019	2	P1	0	NO PLAY	0	-	false	2026/09/19 20:46:03
22019	2	DP	0	NO PLAY	0	-	false	2026/09/19 20:46:03
22019	3	P1	0	NO PLAY	0	-	false	2026/09/19 20:46:03
22019	3	DP	0	NO PLAY	0	-	false	2026/09/19 20:46:03
22019	4	P1	0	NO PLAY	0	-	false	2026/09/19 20:46:03
22019	4	DP	0	NO PLAY	0	-	false	2026/09/19 20:46:03
22020	0	P1	0	NO PLAY	0	-	false	2026/09/19 20:46:03
22020	0	DP	0	NO PLAY	0	-	false	2026/09/19 20:46:03
22020	1	P1	0	NO PLAY	0	-	false	2026/09/19 20:46:03
22020	1	DP	0	NO PLAY	0	-	false	2026/09/19 20:46:03
22020	2	P1	0	NO PLAY	0	-	false	2026/09/19 20:46:03
22020	2	DP	0	NO PLAY	0	-	false	2026/09/19 20:46:03
22020	3	P1	0	NO PLAY	0	-	false	2026/09/19 20:46:03
22020	3	DP	0	NO PLAY	0	-	false	2026/09/19 20:46:03
22020	4	P1	0	NO PLAY	0	-	false	2026/09/19 20:46:03
22020	4	DP	0	NO PLAY	0	-	false	2026/09/19 20:46:03
22023	0	P1	0	NO PLAY	0	-	false	2026/09/19 20:46:03
22023	0	DP	0	NO PLAY	0	-	false	2026/09/19 20:46:03
22023	1	P1	0	NO PLAY	0	-	false	2026/09/19 20:46:03
22023	1	DP	0	NO PLAY	0	-	false	2026/09/19 20:46:03
22023	2	P1	0	NO PLAY	0	-	false	2026/09/19 20:46:03
22023	2	DP	0	NO PLAY	0	-	false	2026/09/19 20:46:03
22023	3	P1	0	NO PLAY	0	-	false	2026/09/19 20:46:03
22023	3	DP	1	FAILED	0	-	false	2026/09/19 20:46:03
22023	4	P1	0	NO PLAY	0	-	false	2026/09/19 20:46:03
22023	4	DP	0	NO PLAY	0	-	false	2026/09/19 20:46:03
22024	0	P1	0	NO PLAY	0	-	false	2026/09/19 20:46:03
22024	0	DP	0	NO PLAY	0	-	false	2026/09/19 20:46:03
22024	1	P1	0	NO PLAY	0	-	false	2026/09/19 20:46:03
22024	1	DP	0	NO PLAY	0	-	false	2026/09/19 20:46:03
22024	2	P1	0	NO PLAY	0	-	false	2026/09/19 20:46:03
22024	2	DP	0	NO PLAY	0	-	false	2026/09/19 20:46:03
22024	3	P1	0	NO PLAY	0	-	false	2026/09/19 20:46:03
22024	3	DP	0	NO PLAY	0	-	false	2026/09/19 20:46:03
22024	4	P1	7	FULL COMBO	2507	1	true	2026/09/19 20:46:03
22024	4	DP	6	EX HARD CLEAR	2710	4	true	2026/09/19 20:46:03
22025	0	P1	0	NO PLAY	0	-	false	2026/09/19 20:46:03
22025	0	DP	0	NO PLAY	0	-	false	2026/09/19 20:46:03
22025	1	P1	0	NO PLAY	0	-	false	2026/09/19 20:46:03
22025	1	DP	0	NO PLAY	0	-	false	2026/09/19 20:46:03
22025	2	P1	0	NO PLAY	0	-	false	2026/09/19 20:46:03
22025	2	DP	0	NO PLAY	0	-	false	2026/09/19 20:46:03
22025	3	P1	0	NO PLAY	0	-	false	2026/09/19 20:46:03
22025	3	DP	6	EX HARD CLEAR	2062	11	true	2026/09/19 20:46:03
22025	4	P1	0	NO PLAY	0	-	false	2026/09/19 20:46:03
22025	4	DP	0	NO PLAY	0	-	false	2026/09/19 20:46:03
22026	0	P1	0	NO PLAY	0	-	false	2026/09/19 20:46:03
22026	0	DP	0	NO PLAY	0	-	false	2026/09/19 20:46:03
22026	1	P1	0	NO PLAY	0	-	false	2026/09/19 20:46:03
22026	1	DP	0	NO PLAY	0	-	false	2026/09/19 20:46:03
22026	2	P1	0	NO PLAY	0	-	false	2026/09/19 20:46:03
22026	2	DP	0	NO PLAY	0	-	false	2026/09/19 20:46:03
22026	3	P1	0	NO PLAY	0	-	false	2026/09/19 20:46:03
22026	3	DP	0	NO PLAY	0	-	false	2026/09/19 20:46:03
22026	4	P1	0	NO PLAY	0	-	false	2026/09/19 20:46:03
22026	4	DP	0	NO PLAY	0	-	false	2026/09/19 20:46:03
22027	0	P1	0	NO PLAY	0	-	false	2026/09/19 20:46:03
22027	0	DP	0	NO PLAY	0	-	false	2026/09/19 20:46:03
22027	1	P1	0	NO PLAY	0	-	false	2026/09/19 20:46:03
22027	1	DP	7	FULL COMBO	752	0	true	2026/09/19 20:46:03
22027	2	P1	0	NO PLAY	0	-	false	2026/09/19 20:46:03
22027	2	DP	0	NO PLAY	0	-	false	2026/09/19 20:46:03
22027	3	P1	0	NO PLAY	0	-	false	2026/09/19 20:46:03
22027	3	DP	6	EX HARD CLEAR	2160	5	true	2026/09/19 20:46:03
22027	4	P1	6	EX HARD CLEAR	3155	8	true	2026/09/19 20:46:03
22027	4	DP	6	EX HARD CLEAR	3408	22	true	2026/09/19 20:46:03
22028	0	P1	0	NO PLAY	0	-	false	2026/09/19 20:46:03
22028	0	DP	0	NO PLAY	0	-	false	2026/09/19 20:46:03
22028	1	P1	0	NO PLAY	0	-	false	2026/09/19 20:46:03
22028	1	DP	0	NO PLAY	0	-	false	2026/09/19 20:46:03
22028	2	P1	0	NO PLAY	0	-	false	2026/09/19 20:46:03
22028	2	DP	0	NO PLAY	0	-	false	2026/09/19 20:46:03
22028	3	P1	0	NO PLAY	0	-	false	2026/09/19 20:46:03
22028	3	DP	6	EX HARD CLEAR	1754	11	true	2026/09/19 20:46:03
22028	4	P1	6	EX HARD CLEAR	2479	16	true	2026/09/19 20:46:03
22028	4	DP	6	EX HARD CLEAR	2307	12	true	2026/09/19 20:46:03
22029	0	P1	0	NO PLAY	0	-	false	2026/09/19 20:46:03
22029	0	DP	0	NO PLAY	0	-	false	2026/09/19 20:46:03
22029	1	P1	0	NO PLAY	0	-	false	2026/09/19 20:46:03
22029	1	DP	0	NO PLAY	0	-	false	2026/09/19 20:46:03
22029	2	P1	0	NO PLAY	0	-	false	2026/09/19 20:46:03
22029	2	DP	0	NO PLAY	0	-	false	2026/09/19 20:46:03
22029	3	P1	0	NO PLAY	0	-	false	2026/09/19 20:46:03
22029	3	DP	6	EX HARD CLEAR	1946	5	true	2026/09/19 20:46:03
22029	4	P1	0	NO PLAY	0	-	false	2026/09/19 20:46:03
22029	4	DP	0	NO PLAY	0	-	false	2026/09/19 20:46:03
22031	0	P1	0	NO PLAY	0	-	false	2026/09/19 20:46:03
22031	0	DP	0	NO PLAY	0	-	false	2026/09/19 20:46:03
22031	1	P1	0	NO PLAY	0	-	false	2026/09/19 20:46:03
22031	1	DP	0	NO PLAY	0	-	false	2026/09/19 20:46:03
22031	2	P1	0	NO PLAY	0	-	false	2026/09/19 20:46:03
22031	2	DP	0	NO PLAY	0	-	false	2026/09/19 20:46:03
22031	3	P1	7	FULL COMBO	2419	0	true	2026/09/19 20:46:03
22031	3	DP	6	EX HARD CLEAR	2745	15	true	2026/09/19 20:46:03
22031	4	P1	6	EX HARD CLEAR	3417	17	true	2026/09/19 20:46:03
22031	4	DP	4	CLEAR	2922	119	true	2026/09/19 20:46:03
22032	0	P1	0	NO PLAY	0	-	false	2026/09/19 20:46:03
22032	0	DP	0	NO PLAY	0	-	false	2026/09/19 20:46:03
22032	1	P1	0	NO PLAY	0	-	false	2026/09/19 20:46:03
22032	1	DP	6	EX HARD CLEAR	770	4	true	2026/09/19 20:46:03
22032	2	P1	0	NO PLAY	0	-	false	2026/09/19 20:46:03
22032	2	DP	6	EX HARD CLEAR	1967	12	true	2026/09/19 20:46:03
22032	3	P1	6	EX HARD CLEAR	2850	6	true	2026/09/19 20:46:03
22032	3	DP	6	EX HARD CLEAR	2970	18	true	2026/09/19 20:46:03
22032	4	P1	0	NO PLAY	0	-	false	2026/09/19 20:46:03
22032	4	DP	0	NO PLAY	0	-	false	2026/09/19 20:46:03
22033	0	P1	0	NO PLAY	0	-	false	2026/09/19 20:46:03
22033	0	DP	0	NO PLAY	0	-	false	2026/09/19 20:46:03
22033	1	P1	0	NO PLAY	0	-	false	2026/09/19 20:46:03
22033	1	DP	0	NO PLAY	0	-	false	2026/09/19 20:46:03
22033	2	P1	0	NO PLAY	0	-	false	2026/09/19 20:46:03
22033	2	DP	0	NO PLAY	0	-	false	2026/09/19 20:46:03
22033	3	P1	6	EX HARD CLEAR	2625	14	true	2026/09/19 20:46:03
22033	3	DP	6	EX HARD CLEAR	2760	19	true	2026/09/19 20:46:03
22033	4	P1	0	NO PLAY	0	-	false	2026/09/19 20:46:03
22033	4	DP	0	NO PLAY	0	-	false	2026/09/19 20:46:03
22034	0	P1	0	NO PLAY	0	-	false	2026/09/19 20:46:03
22034	0	DP	0	NO PLAY	0	-	false	2026/09/19 20:46:03
22034	1	P1	0	NO PLAY	0	-	false	2026/09/19 20:46:03
22034	1	DP	0	NO PLAY	0	-	false	2026/09/19 20:46:03
22034	2	P1	0	NO PLAY	0	-	false	2026/09/19 20:46:03
22034	2	DP	0	NO PLAY	0	-	false	2026/09/19 20:46:03
22034	3	P1	0	NO PLAY	0	-	false	2026/09/19 20:46:03
22034	3	DP	6	EX HARD CLEAR	2373	13	true	2026/09/19 20:46:03
22034	4	P1	0	NO PLAY	0	-	false	2026/09/19 20:46:03
22034	4	DP	0	NO PLAY	0	-	false	2026/09/19 20:46:03
22035	0	P1	0	NO PLAY	0	-	false	2026/09/19 20:46:03
22035	0	DP	0	NO PLAY	0	-	false	2026/09/19 20:46:03
22035	1	P1	0	NO PLAY	0	-	false	2026/09/19 20:46:03
22035	1	DP	0	NO PLAY	0	-	false	2026/09/19 20:46:03
22035	2	P1	0	NO PLAY	0	-	false	2026/09/19 20:46:03
22035	2	DP	0	NO PLAY	0	-	false	2026/09/19 20:46:03
22035	3	P1	0	NO PLAY	0	-	false	2026/09/19 20:46:03
22035	3	DP	6	EX HARD CLEAR	2707	14	true	2026/09/19 20:46:03
22035	4	P1	0	NO PLAY	0	-	false	2026/09/19 20:46:03
22035	4	DP	0	NO PLAY	0	-	false	2026/09/19 20:46:03
22036	0	P1	0	NO PLAY	0	-	false	2026/09/19 20:46:03
22036	0	DP	0	NO PLAY	0	-	false	2026/09/19 20:46:03
22036	1	P1	0	NO PLAY	0	-	false	2026/09/19 20:46:03
22036	1	DP	0	NO PLAY	0	-	false	2026/09/19 20:46:03
22036	2	P1	0	NO PLAY	0	-	false	2026/09/19 20:46:03
22036	2	DP	0	NO PLAY	0	-	false	2026/09/19 20:46:03
22036	3	P1	0	NO PLAY	0	-	false	2026/09/19 20:46:03
22036	3	DP	0	NO PLAY	0	-	false	2026/09/19 20:46:03
22036	4	P1	0	NO PLAY	0	-	false	2026/09/19 20:46:03
22036	4	DP	0	NO PLAY	0	-	false	2026/09/19 20:46:03
22037	0	P1	0	NO PLAY	0	-	false	2026/09/19 20:46:03
22037	0	DP	0	NO PLAY	0	-	false	2026/09/19 20:46:03
22037	1	P1	0	NO PLAY	0	-	false	2026/09/19 20:46:03
22037	1	DP	0	NO PLAY	0	-	false	2026/09/19 20:46:03
22037	2	P1	0	NO PLAY	0	-	false	2026/09/19 20:46:03
22037	2	DP	0	NO PLAY	0	-	false	2026/09/19 20:46:03
22037	3	P1	0	NO PLAY	0	-	false	2026/09/19 20:46:03
22037	3	DP	0	NO PLAY	0	-	false	2026/09/19 20:46:03
22037	4	P1	0	NO PLAY	0	-	false	2026/09/19 20:46:03
22037	4	DP	0	NO PLAY	0	-	false	2026/09/19 20:46:03
22038	0	P1	0	NO PLAY	0	-	false	2026/09/19 20:46:03
22038	0	DP	0	NO PLAY	0	-	false	2026/09/19 20:46:03
22038	1	P1	0	NO PLAY	0	-	false	2026/09/19 20:46:03
22038	1	DP	0	NO PLAY	0	-	false	2026/09/19 20:46:03
22038	2	P1	0	NO PLAY	0	-	false	2026/09/19 20:46:03
22038	2	DP	0	NO PLAY	0	-	false	2026/09/19 20:46:03
22038	3	P1	6	EX HARD CLEAR	2396	11	true	2026/09/19 20:46:03
22038	3	DP	0	NO PLAY	0	-	false	2026/09/19 20:46:03
22038	4	P1	0	NO PLAY	0	-	false	2026/09/19 20:46:03
22038	4	DP	0	NO PLAY	0	-	false	2026/09/19 20:46:03
22039	0	P1	0	NO PLAY	0	-	false	2026/09/19 20:46:03
22039	0	DP	0	NO PLAY	0	-	false	2026/09/19 20:46:03
22039	1	P1	0	NO PLAY	0	-	false	2026/09/19 20:46:03
22039	1	DP	0	NO PLAY	0	-	false	2026/09/19 20:46:03
22039	2	P1	0	NO PLAY	0	-	false	2026/09/19 20:46:03
22039	2	DP	0	NO PLAY	0	-	false	2026/09/19 20:46:03
22039	3	P1	5	HARD CLEAR	2338	36	true	2026/09/19 20:46:03
22039	3	DP	6	EX HARD CLEAR	2250	17	true	2026/09/19 20:46:03
22039	4	P1	0	NO PLAY	0	-	false	2026/09/19 20:46:03
22039	4	DP	0	NO PLAY	0	-	false	2026/09/19 20:46:03
22040	0	P1	0	NO PLAY	0	-	false	2026/09/19 20:46:03
22040	0	DP	0	NO PLAY	0	-	false	2026/09/19 20:46:03
22040	1	P1	0	NO PLAY	0	-	false	2026/09/19 20:46:03
22040	1	DP	0	NO PLAY	0	-	false	2026/09/19 20:46:03
22040	2	P1	0	NO PLAY	0	-	false	2026/09/19 20:46:03
22040	2	DP	0	NO PLAY	0	-	false	2026/09/19 20:46:03
22040	3	P1	0	NO PLAY	0	-	false	2026/09/19 20:46:03
22040	3	DP	0	NO PLAY	0	-	false	2026/09/19 20:46:03
22040	4	P1	0	NO PLAY	0	-	false	2026/09/19 20:46:03
22040	4	DP	0	NO PLAY	0	-	false	2026/09/19 20:46:03
22041	0	P1	0	NO PLAY	0	-	false	2026/09/19 20:46:03
22041	0	DP	0	NO PLAY	0	-	false	2026/09/19 20:46:03
22041	1	P1	0	NO PLAY	0	-	false	2026/09/19 20:46:03
22041	1	DP	0	NO PLAY	0	-	false	2026/09/19 20:46:03
22041	2	P1	0	NO PLAY	0	-	false	2026/09/19 20:46:03
22041	2	DP	0	NO PLAY	0	-	false	2026/09/19 20:46:03
22041	3	P1	0	NO PLAY	0	-	false	2026/09/19 20:46:03
22041	3	DP	6	EX HARD CLEAR	2680	12	true	2026/09/19 20:46:03
22041	4	P1	0	NO PLAY	0	-	false	2026/09/19 20:46:03
22041	4	DP	0	NO PLAY	0	-	false	2026/09/19 20:46:03
22042	0	P1	0	NO PLAY	0	-	false	2026/09/19 20:46:03
22042	0	DP	0	NO PLAY	0	-	false	2026/09/19 20:46:03
22042	1	P1	0	NO PLAY	0	-	false	2026/09/19 20:46:03
22042	1	DP	0	NO PLAY	0	-	false	2026/09/19 20:46:03
22042	2	P1	0	NO PLAY	0	-	false	2026/09/19 20:46:03
22042	2	DP	0	NO PLAY	0	-	false	2026/09/19 20:46:03
22042	3	P1	7	FULL COMBO	1849	1	true	2026/09/19 20:46:03
22042	3	DP	6	EX HARD CLEAR	1785	6	true	2026/09/19 20:46:03
22042	4	P1	0	NO PLAY	0	-	false	2026/09/19 20:46:03
22042	4	DP	0	NO PLAY	0	-	false	2026/09/19 20:46:03
22043	0	P1	0	NO PLAY	0	-	false	2026/09/19 20:46:03
22043	0	DP	0	NO PLAY	0	-	false	2026/09/19 20:46:03
22043	1	P1	0	NO PLAY	0	-	false	2026/09/19 20:46:03
22043	1	DP	0	NO PLAY	0	-	false	2026/09/19 20:46:03
22043	2	P1	0	NO PLAY	0	-	false	2026/09/19 20:46:03
22043	2	DP	0	NO PLAY	0	-	false	2026/09/19 20:46:03
22043	3	P1	5	HARD CLEAR	1795	19	true	2026/09/19 20:46:03
22043	3	DP	0	NO PLAY	0	-	false	2026/09/19 20:46:03
22043	4	P1	0	NO PLAY	0	-	false	2026/09/19 20:46:03
22043	4	DP	0	NO PLAY	0	-	false	2026/09/19 20:46:03
22044	0	P1	0	NO PLAY	0	-	false	2026/09/19 20:46:03
22044	0	DP	0	NO PLAY	0	-	false	2026/09/19 20:46:03
22044	1	P1	0	NO PLAY	0	-	false	2026/09/19 20:46:03
22044	1	DP	0	NO PLAY	0	-	false	2026/09/19 20:46:03
22044	2	P1	0	NO PLAY	0	-	false	2026/09/19 20:46:03
22044	2	DP	0	NO PLAY	0	-	false	2026/09/19 20:46:03
22044	3	P1	0	NO PLAY	0	-	false	2026/09/19 20:46:03
22044	3	DP	6	EX HARD CLEAR	2792	18	true	2026/09/19 20:46:03
22044	4	P1	0	NO PLAY	0	-	false	2026/09/19 20:46:03
22044	4	DP	0	NO PLAY	0	-	false	2026/09/19 20:46:03
22045	0	P1	0	NO PLAY	0	-	false	2026/09/19 20:46:03
22045	0	DP	0	NO PLAY	0	-	false	2026/09/19 20:46:03
22045	1	P1	0	NO PLAY	0	-	false	2026/09/19 20:46:03
22045	1	DP	0	NO PLAY	0	-	false	2026/09/19 20:46:03
22045	2	P1	0	NO PLAY	0	-	false	2026/09/19 20:46:03
22045	2	DP	0	NO PLAY	0	-	false	2026/09/19 20:46:03
22045	3	P1	0	NO PLAY	0	-	false	2026/09/19 20:46:03
22045	3	DP	0	NO PLAY	0	-	false	2026/09/19 20:46:03
22045	4	P1	0	NO PLAY	0	-	false	2026/09/19 20:46:03
22045	4	DP	0	NO PLAY	0	-	false	2026/09/19 20:46:03
22046	0	P1	0	NO PLAY	0	-	false	2026/09/19 20:46:03
22046	0	DP	0	NO PLAY	0	-	false	2026/09/19 20:46:03
22046	1	P1	0	NO PLAY	0	-	false	2026/09/19 20:46:03
22046	1	DP	0	NO PLAY	0	-	false	2026/09/19 20:46:03
22046	2	P1	0	NO PLAY	0	-	false	2026/09/19 20:46:03
22046	2	DP	0	NO PLAY	0	-	false	2026/09/19 20:46:03
22046	3	P1	0	NO PLAY	0	-	false	2026/09/19 20:46:03
22046	3	DP	0	NO PLAY	0	-	false	2026/09/19 20:46:03
22046	4	P1	0	NO PLAY	0	-	false	2026/09/19 20:46:03
22046	4	DP	0	NO PLAY	0	-	false	2026/09/19 20:46:03
22047	0	P1	0	NO PLAY	0	-	false	2026/09/19 20:46:03
22047	0	DP	0	NO PLAY	0	-	false	2026/09/19 20:46:03
22047	1	P1	0	NO PLAY	0	-	false	2026/09/19 20:46:03
22047	1	DP	0	NO PLAY	0	-	false	2026/09/19 20:46:03
22047	2	P1	0	NO PLAY	0	-	false	2026/09/19 20:46:03
22047	2	DP	0	NO PLAY	0	-	false	2026/09/19 20:46:03
22047	3	P1	0	NO PLAY	0	-	false	2026/09/19 20:46:03
22047	3	DP	6	EX HARD CLEAR	2159	8	true	2026/09/19 20:46:03
22047	4	P1	0	NO PLAY	0	-	false	2026/09/19 20:46:03
22047	4	DP	0	NO PLAY	0	-	false	2026/09/19 20:46:03
22048	0	P1	0	NO PLAY	0	-	false	2026/09/19 20:46:03
22048	0	DP	0	NO PLAY	0	-	false	2026/09/19 20:46:03
22048	1	P1	0	NO PLAY	0	-	false	2026/09/19 20:46:03
22048	1	DP	0	NO PLAY	0	-	false	2026/09/19 20:46:03
22048	2	P1	0	NO PLAY	0	-	false	2026/09/19 20:46:03
22048	2	DP	0	NO PLAY	0	-	false	2026/09/19 20:46:03
22048	3	P1	0	NO PLAY	0	-	false	2026/09/19 20:46:03
22048	3	DP	0	NO PLAY	0	-	false	2026/09/19 20:46:03
22048	4	P1	0	NO PLAY	0	-	false	2026/09/19 20:46:03
22048	4	DP	0	NO PLAY	0	-	false	2026/09/19 20:46:03
22051	0	P1	0	NO PLAY	0	-	false	2026/09/19 20:46:03
22051	0	DP	0	NO PLAY	0	-	false	2026/09/19 20:46:03
22051	1	P1	0	NO PLAY	0	-	false	2026/09/19 20:46:03
22051	1	DP	0	NO PLAY	0	-	false	2026/09/19 20:46:03
22051	2	P1	0	NO PLAY	0	-	false	2026/09/19 20:46:03
22051	2	DP	0	NO PLAY	0	-	false	2026/09/19 20:46:03
22051	3	P1	0	NO PLAY	0	-	false	2026/09/19 20:46:03
22051	3	DP	6	EX HARD CLEAR	2048	10	true	2026/09/19 20:46:03
22051	4	P1	0	NO PLAY	0	-	false	2026/09/19 20:46:03
22051	4	DP	0	NO PLAY	0	-	false	2026/09/19 20:46:03
22052	0	P1	0	NO PLAY	0	-	false	2026/09/19 20:46:03
22052	0	DP	0	NO PLAY	0	-	false	2026/09/19 20:46:03
22052	1	P1	0	NO PLAY	0	-	false	2026/09/19 20:46:03
22052	1	DP	0	NO PLAY	0	-	false	2026/09/19 20:46:03
22052	2	P1	0	NO PLAY	0	-	false	2026/09/19 20:46:03
22052	2	DP	0	NO PLAY	0	-	false	2026/09/19 20:46:03
22052	3	P1	0	NO PLAY	0	-	false	2026/09/19 20:46:03
22052	3	DP	6	EX HARD CLEAR	1811	10	true	2026/09/19 20:46:03
22052	4	P1	0	NO PLAY	0	-	false	2026/09/19 20:46:03
22052	4	DP	0	NO PLAY	0	-	false	2026/09/19 20:46:03
22053	0	P1	0	NO PLAY	0	-	false	2026/09/19 20:46:03
22053	0	DP	0	NO PLAY	0	-	false	2026/09/19 20:46:03
22053	1	P1	0	NO PLAY	0	-	false	2026/09/19 20:46:03
22053	1	DP	0	NO PLAY	0	-	false	2026/09/19 20:46:03
22053	2	P1	0	NO PLAY	0	-	false	2026/09/19 20:46:03
22053	2	DP	0	NO PLAY	0	-	false	2026/09/19 20:46:03
22053	3	P1	6	EX HARD CLEAR	2316	17	true	2026/09/19 20:46:03
22053	3	DP	6	EX HARD CLEAR	2024	10	true	2026/09/19 20:46:03
22053	4	P1	0	NO PLAY	0	-	false	2026/09/19 20:46:03
22053	4	DP	0	NO PLAY	0	-	false	2026/09/19 20:46:03
22054	0	P1	0	NO PLAY	0	-	false	2026/09/19 20:46:03
22054	0	DP	0	NO PLAY	0	-	false	2026/09/19 20:46:03
22054	1	P1	0	NO PLAY	0	-	false	2026/09/19 20:46:03
22054	1	DP	6	EX HARD CLEAR	1184	10	true	2026/09/19 20:46:03
22054	2	P1	7	FULL COMBO	2370	1	true	2026/09/19 20:46:03
22054	2	DP	6	EX HARD CLEAR	2218	10	true	2026/09/19 20:46:03
22054	3	P1	5	HARD CLEAR	3450	21	true	2026/09/19 20:46:03
22054	3	DP	3	EASY CLEAR	3146	104	true	2026/09/19 20:46:03
22054	4	P1	0	NO PLAY	0	-	false	2026/09/19 20:46:03
22054	4	DP	0	NO PLAY	0	-	false	2026/09/19 20:46:03
22055	0	P1	0	NO PLAY	0	-	false	2026/09/19 20:46:03
22055	0	DP	0	NO PLAY	0	-	false	2026/09/19 20:46:03
22055	1	P1	0	NO PLAY	0	-	false	2026/09/19 20:46:03
22055	1	DP	0	NO PLAY	0	-	false	2026/09/19 20:46:03
22055	2	P1	0	NO PLAY	0	-	false	2026/09/19 20:46:03
22055	2	DP	0	NO PLAY	0	-	false	2026/09/19 20:46:03
22055	3	P1	6	EX HARD CLEAR	2259	14	true	2026/09/19 20:46:03
22055	3	DP	6	EX HARD CLEAR	2434	15	true	2026/09/19 20:46:03
22055	4	P1	0	NO PLAY	0	-	false	2026/09/19 20:46:03
22055	4	DP	0	NO PLAY	0	-	false	2026/09/19 20:46:03
22057	0	P1	0	NO PLAY	0	-	false	2026/09/19 20:46:03
22057	0	DP	0	NO PLAY	0	-	false	2026/09/19 20:46:03
22057	1	P1	0	NO PLAY	0	-	false	2026/09/19 20:46:03
22057	1	DP	0	NO PLAY	0	-	false	2026/09/19 20:46:03
22057	2	P1	0	NO PLAY	0	-	false	2026/09/19 20:46:03
22057	2	DP	0	NO PLAY	0	-	false	2026/09/19 20:46:03
22057	3	P1	0	NO PLAY	0	-	false	2026/09/19 20:46:03
22057	3	DP	0	NO PLAY	0	-	false	2026/09/19 20:46:03
22057	4	P1	0	NO PLAY	0	-	false	2026/09/19 20:46:03
22057	4	DP	0	NO PLAY	0	-	false	2026/09/19 20:46:03
22058	0	P1	0	NO PLAY	0	-	false	2026/09/19 20:46:03
22058	0	DP	0	NO PLAY	0	-	false	2026/09/19 20:46:03
22058	1	P1	0	NO PLAY	0	-	false	2026/09/19 20:46:03
22058	1	DP	0	NO PLAY	0	-	false	2026/09/19 20:46:03
22058	2	P1	0	NO PLAY	0	-	false	2026/09/19 20:46:03
22058	2	DP	0	NO PLAY	0	-	false	2026/09/19 20:46:03
22058	3	P1	0	NO PLAY	0	-	false	2026/09/19 20:46:03
22058	3	DP	6	EX HARD CLEAR	2452	4	true	2026/09/19 20:46:03
22058	4	P1	0	NO PLAY	0	-	false	2026/09/19 20:46:03
22058	4	DP	0	NO PLAY	0	-	false	2026/09/19 20:46:03
22059	0	P1	0	NO PLAY	0	-	false	2026/09/19 20:46:03
22059	0	DP	0	NO PLAY	0	-	false	2026/09/19 20:46:03
22059	1	P1	0	NO PLAY	0	-	false	2026/09/19 20:46:03
22059	1	DP	0	NO PLAY	0	-	false	2026/09/19 20:46:03
22059	2	P1	0	NO PLAY	0	-	false	2026/09/19 20:46:03
22059	2	DP	0	NO PLAY	0	-	false	2026/09/19 20:46:03
22059	3	P1	0	NO PLAY	0	-	false	2026/09/19 20:46:03
22059	3	DP	0	NO PLAY	0	-	false	2026/09/19 20:46:03
22059	4	P1	5	HARD CLEAR	1756	33	true	2026/09/19 20:46:03
22059	4	DP	5	HARD CLEAR	1749	37	true	2026/09/19 20:46:03
22060	0	P1	0	NO PLAY	0	-	false	2026/09/19 20:46:03
22060	0	DP	0	NO PLAY	0	-	false	2026/09/19 20:46:03
22060	1	P1	0	NO PLAY	0	-	false	2026/09/19 20:46:03
22060	1	DP	0	NO PLAY	0	-	false	2026/09/19 20:46:03
22060	2	P1	0	NO PLAY	0	-	false	2026/09/19 20:46:03
22060	2	DP	0	NO PLAY	0	-	false	2026/09/19 20:46:03
22060	3	P1	0	NO PLAY	0	-	false	2026/09/19 20:46:03
22060	3	DP	0	NO PLAY	0	-	false	2026/09/19 20:46:03
22060	4	P1	0	NO PLAY	0	-	false	2026/09/19 20:46:03
22060	4	DP	0	NO PLAY	0	-	false	2026/09/19 20:46:03
22061	0	P1	0	NO PLAY	0	-	false	2026/09/19 20:46:03
22061	0	DP	0	NO PLAY	0	-	false	2026/09/19 20:46:03
22061	1	P1	0	NO PLAY	0	-	false	2026/09/19 20:46:03
22061	1	DP	0	NO PLAY	0	-	false	2026/09/19 20:46:03
22061	2	P1	0	NO PLAY	0	-	false	2026/09/19 20:46:03
22061	2	DP	0	NO PLAY	0	-	false	2026/09/19 20:46:03
22061	3	P1	0	NO PLAY	0	-	false	2026/09/19 20:46:03
22061	3	DP	0	NO PLAY	0	-	false	2026/09/19 20:46:03
22061	4	P1	0	NO PLAY	0	-	false	2026/09/19 20:46:03
22061	4	DP	0	NO PLAY	0	-	false	2026/09/19 20:46:03
22062	0	P1	5	HARD CLEAR	70	14	true	2026/09/19 20:46:03
22062	0	DP	0	NO PLAY	0	-	false	2026/09/19 20:46:03
22062	1	P1	0	NO PLAY	0	-	false	2026/09/19 20:46:03
22062	1	DP	0	NO PLAY	0	-	false	2026/09/19 20:46:03
22062	2	P1	0	NO PLAY	0	-	false	2026/09/19 20:46:03
22062	2	DP	0	NO PLAY	0	-	false	2026/09/19 20:46:03
22062	3	P1	0	NO PLAY	0	-	false	2026/09/19 20:46:03
22062	3	DP	6	EX HARD CLEAR	2304	7	true	2026/09/19 20:46:03
22062	4	P1	0	NO PLAY	0	-	false	2026/09/19 20:46:03
22062	4	DP	0	NO PLAY	0	-	false	2026/09/19 20:46:03
22063	0	P1	0	NO PLAY	0	-	false	2026/09/19 20:46:03
22063	0	DP	0	NO PLAY	0	-	false	2026/09/19 20:46:03
22063	1	P1	0	NO PLAY	0	-	false	2026/09/19 20:46:03
22063	1	DP	0	NO PLAY	0	-	false	2026/09/19 20:46:03
22063	2	P1	0	NO PLAY	0	-	false	2026/09/19 20:46:03
22063	2	DP	0	NO PLAY	0	-	false	2026/09/19 20:46:03
22063	3	P1	0	NO PLAY	0	-	false	2026/09/19 20:46:03
22063	3	DP	0	NO PLAY	0	-	false	2026/09/19 20:46:03
22063	4	P1	0	NO PLAY	0	-	false	2026/09/19 20:46:03
22063	4	DP	0	NO PLAY	0	-	false	2026/09/19 20:46:03
22064	0	P1	0	NO PLAY	0	-	false	2026/09/19 20:46:03
22064	0	DP	0	NO PLAY	0	-	false	2026/09/19 20:46:03
22064	1	P1	0	NO PLAY	0	-	false	2026/09/19 20:46:03
22064	1	DP	0	NO PLAY	0	-	false	2026/09/19 20:46:03
22064	2	P1	0	NO PLAY	0	-	false	2026/09/19 20:46:03
22064	2	DP	0	NO PLAY	0	-	false	2026/09/19 20:46:03
22064	3	P1	0	NO PLAY	0	-	false	2026/09/19 20:46:03
22064	3	DP	5	HARD CLEAR	2192	36	true	2026/09/19 20:46:03
22064	4	P1	0	NO PLAY	0	-	false	2026/09/19 20:46:03
22064	4	DP	0	NO PLAY	0	-	false	2026/09/19 20:46:03
22065	0	P1	0	NO PLAY	0	-	false	2026/09/19 20:46:03
22065	0	DP	0	NO PLAY	0	-	false	2026/09/19 20:46:03
22065	1	P1	0	NO PLAY	0	-	false	2026/09/19 20:46:03
22065	1	DP	0	NO PLAY	0	-	false	2026/09/19 20:46:03
22065	2	P1	0	NO PLAY	0	-	false	2026/09/19 20:46:03
22065	2	DP	0	NO PLAY	0	-	false	2026/09/19 20:46:03
22065	3	P1	6	EX HARD CLEAR	2867	4	true	2026/09/19 20:46:03
22065	3	DP	6	EX HARD CLEAR	2902	20	true	2026/09/19 20:46:03
22065	4	P1	0	NO PLAY	0	-	false	2026/09/19 20:46:03
22065	4	DP	0	NO PLAY	0	-	false	2026/09/19 20:46:03
22067	0	P1	0	NO PLAY	0	-	false	2026/09/19 20:46:03
22067	0	DP	0	NO PLAY	0	-	false	2026/09/19 20:46:03
22067	1	P1	0	NO PLAY	0	-	false	2026/09/19 20:46:03
22067	1	DP	0	NO PLAY	0	-	false	2026/09/19 20:46:03
22067	2	P1	0	NO PLAY	0	-	false	2026/09/19 20:46:03
22067	2	DP	0	NO PLAY	0	-	false	2026/09/19 20:46:03
22067	3	P1	0	NO PLAY	0	-	false	2026/09/19 20:46:03
22067	3	DP	0	NO PLAY	0	-	false	2026/09/19 20:46:03
22067	4	P1	0	NO PLAY	0	-	false	2026/09/19 20:46:03
22067	4	DP	0	NO PLAY	0	-	false	2026/09/19 20:46:03
22068	0	P1	0	NO PLAY	0	-	false	2026/09/19 20:46:03
22068	0	DP	0	NO PLAY	0	-	false	2026/09/19 20:46:03
22068	1	P1	0	NO PLAY	0	-	false	2026/09/19 20:46:03
22068	1	DP	0	NO PLAY	0	-	false	2026/09/19 20:46:03
22068	2	P1	0	NO PLAY	0	-	false	2026/09/19 20:46:03
22068	2	DP	0	NO PLAY	0	-	false	2026/09/19 20:46:03
22068	3	P1	0	NO PLAY	0	-	false	2026/09/19 20:46:03
22068	3	DP	6	EX HARD CLEAR	2493	18	true	2026/09/19 20:46:03
22068	4	P1	0	NO PLAY	0	-	false	2026/09/19 20:46:03
22068	4	DP	0	NO PLAY	0	-	false	2026/09/19 20:46:03
22069	0	P1	0	NO PLAY	0	-	false	2026/09/19 20:46:03
22069	0	DP	0	NO PLAY	0	-	false	2026/09/19 20:46:03
22069	1	P1	0	NO PLAY	0	-	false	2026/09/19 20:46:03
22069	1	DP	0	NO PLAY	0	-	false	2026/09/19 20:46:03
22069	2	P1	0	NO PLAY	0	-	false	2026/09/19 20:46:03
22069	2	DP	0	NO PLAY	0	-	false	2026/09/19 20:46:03
22069	3	P1	6	EX HARD CLEAR	2340	10	true	2026/09/19 20:46:03
22069	3	DP	6	EX HARD CLEAR	2058	11	true	2026/09/19 20:46:03
22069	4	P1	0	NO PLAY	0	-	false	2026/09/19 20:46:03
22069	4	DP	0	NO PLAY	0	-	false	2026/09/19 20:46:03
22070	0	P1	0	NO PLAY	0	-	false	2026/09/19 20:46:03
22070	0	DP	0	NO PLAY	0	-	false	2026/09/19 20:46:03
22070	1	P1	0	NO PLAY	0	-	false	2026/09/19 20:46:03
22070	1	DP	0	NO PLAY	0	-	false	2026/09/19 20:46:03
22070	2	P1	0	NO PLAY	0	-	false	2026/09/19 20:46:03
22070	2	DP	0	NO PLAY	0	-	false	2026/09/19 20:46:03
22070	3	P1	6	EX HARD CLEAR	2679	9	true	2026/09/19 20:46:03
22070	3	DP	5	HARD CLEAR	2700	39	true	2026/09/19 20:46:03
22070	4	P1	0	NO PLAY	0	-	false	2026/09/19 20:46:03
22070	4	DP	0	NO PLAY	0	-	false	2026/09/19 20:46:03
22071	0	P1	0	NO PLAY	0	-	false	2026/09/19 20:46:03
22071	0	DP	0	NO PLAY	0	-	false	2026/09/19 20:46:03
22071	1	P1	0	NO PLAY	0	-	false	2026/09/19 20:46:03
22071	1	DP	0	NO PLAY	0	-	false	2026/09/19 20:46:03
22071	2	P1	0	NO PLAY	0	-	false	2026/09/19 20:46:03
22071	2	DP	0	NO PLAY	0	-	false	2026/09/19 20:46:03
22071	3	P1	6	EX HARD CLEAR	2629	13	true	2026/09/19 20:46:03
22071	3	DP	6	EX HARD CLEAR	2838	16	true	2026/09/19 20:46:03
22071	4	P1	0	NO PLAY	0	-	false	2026/09/19 20:46:03
22071	4	DP	0	NO PLAY	0	-	false	2026/09/19 20:46:03
22073	0	P1	0	NO PLAY	0	-	false	2026/09/19 20:46:03
22073	0	DP	0	NO PLAY	0	-	false	2026/09/19 20:46:03
22073	1	P1	0	NO PLAY	0	-	false	2026/09/19 20:46:03
22073	1	DP	0	NO PLAY	0	-	false	2026/09/19 20:46:03
22073	2	P1	0	NO PLAY	0	-	false	2026/09/19 20:46:03
22073	2	DP	0	NO PLAY	0	-	false	2026/09/19 20:46:03
22073	3	P1	5	HARD CLEAR	2594	34	true	2026/09/19 20:46:03
22073	3	DP	0	NO PLAY	0	-	false	2026/09/19 20:46:03
22073	4	P1	0	NO PLAY	0	-	false	2026/09/19 20:46:03
22073	4	DP	0	NO PLAY	0	-	false	2026/09/19 20:46:03
22074	0	P1	0	NO PLAY	0	-	false	2026/09/19 20:46:03
22074	0	DP	0	NO PLAY	0	-	false	2026/09/19 20:46:03
22074	1	P1	0	NO PLAY	0	-	false	2026/09/19 20:46:03
22074	1	DP	0	NO PLAY	0	-	false	2026/09/19 20:46:03
22074	2	P1	0	NO PLAY	0	-	false	2026/09/19 20:46:03
22074	2	DP	0	NO PLAY	0	-	false	2026/09/19 20:46:03
22074	3	P1	6	EX HARD CLEAR	2847	12	true	2026/09/19 20:46:03
22074	3	DP	5	HARD CLEAR	3199	48	true	2026/09/19 20:46:03
22074	4	P1	0	NO PLAY	0	-	false	2026/09/19 20:46:03
22074	4	DP	0	NO PLAY	0	-	false	2026/09/19 20:46:03
22075	0	P1	0	NO PLAY	0	-	false	2026/09/19 20:46:03
22075	0	DP	0	NO PLAY	0	-	false	2026/09/19 20:46:03
22075	1	P1	0	NO PLAY	0	-	false	2026/09/19 20:46:03
22075	1	DP	0	NO PLAY	0	-	false	2026/09/19 20:46:03
22075	2	P1	0	NO PLAY	0	-	false	2026/09/19 20:46:03
22075	2	DP	0	NO PLAY	0	-	false	2026/09/19 20:46:03
22075	3	P1	0	NO PLAY	0	-	false	2026/09/19 20:46:03
22075	3	DP	6	EX HARD CLEAR	1911	15	true	2026/09/19 20:46:03
22075	4	P1	0	NO PLAY	0	-	false	2026/09/19 20:46:03
22075	4	DP	0	NO PLAY	0	-	false	2026/09/19 20:46:03
22077	0	P1	0	NO PLAY	0	-	false	2026/09/19 20:46:03
22077	0	DP	0	NO PLAY	0	-	false	2026/09/19 20:46:03
22077	1	P1	0	NO PLAY	0	-	false	2026/09/19 20:46:03
22077	1	DP	0	NO PLAY	0	-	false	2026/09/19 20:46:03
22077	2	P1	0	NO PLAY	0	-	false	2026/09/19 20:46:03
22077	2	DP	0	NO PLAY	0	-	false	2026/09/19 20:46:03
22077	3	P1	6	EX HARD CLEAR	2523	7	true	2026/09/19 20:46:03
22077	3	DP	6	EX HARD CLEAR	2591	6	true	2026/09/19 20:46:03
22077	4	P1	0	NO PLAY	0	-	false	2026/09/19 20:46:03
22077	4	DP	0	NO PLAY	0	-	false	2026/09/19 20:46:03
22079	0	P1	0	NO PLAY	0	-	false	2026/09/19 20:46:03
22079	0	DP	0	NO PLAY	0	-	false	2026/09/19 20:46:03
22079	1	P1	0	NO PLAY	0	-	false	2026/09/19 20:46:03
22079	1	DP	0	NO PLAY	0	-	false	2026/09/19 20:46:03
22079	2	P1	0	NO PLAY	0	-	false	2026/09/19 20:46:03
22079	2	DP	0	NO PLAY	0	-	false	2026/09/19 20:46:03
22079	3	P1	6	EX HARD CLEAR	2999	17	true	2026/09/19 20:46:03
22079	3	DP	6	EX HARD CLEAR	2761	23	true	2026/09/19 20:46:03
22079	4	P1	0	NO PLAY	0	-	false	2026/09/19 20:46:03
22079	4	DP	0	NO PLAY	0	-	false	2026/09/19 20:46:03
22080	0	P1	0	NO PLAY	0	-	false	2026/09/19 20:46:03
22080	0	DP	0	NO PLAY	0	-	false	2026/09/19 20:46:03
22080	1	P1	0	NO PLAY	0	-	false	2026/09/19 20:46:03
22080	1	DP	0	NO PLAY	0	-	false	2026/09/19 20:46:03
22080	2	P1	0	NO PLAY	0	-	false	2026/09/19 20:46:03
22080	2	DP	0	NO PLAY	0	-	false	2026/09/19 20:46:03
22080	3	P1	6	EX HARD CLEAR	2950	18	true	2026/09/19 20:46:03
22080	3	DP	6	EX HARD CLEAR	2825	18	true	2026/09/19 20:46:03
22080	4	P1	0	NO PLAY	0	-	false	2026/09/19 20:46:03
22080	4	DP	0	NO PLAY	0	-	false	2026/09/19 20:46:03
22081	0	P1	0	NO PLAY	0	-	false	2026/09/19 20:46:03
22081	0	DP	0	NO PLAY	0	-	false	2026/09/19 20:46:03
22081	1	P1	0	NO PLAY	0	-	false	2026/09/19 20:46:03
22081	1	DP	0	NO PLAY	0	-	false	2026/09/19 20:46:03
22081	2	P1	0	NO PLAY	0	-	false	2026/09/19 20:46:03
22081	2	DP	0	NO PLAY	0	-	false	2026/09/19 20:46:03
22081	3	P1	6	EX HARD CLEAR	2980	10	true	2026/09/19 20:46:03
22081	3	DP	5	HARD CLEAR	2552	58	true	2026/09/19 20:46:03
22081	4	P1	0	NO PLAY	0	-	false	2026/09/19 20:46:03
22081	4	DP	0	NO PLAY	0	-	false	2026/09/19 20:46:03
22082	0	P1	0	NO PLAY	0	-	false	2026/09/19 20:46:03
22082	0	DP	0	NO PLAY	0	-	false	2026/09/19 20:46:03
22082	1	P1	0	NO PLAY	0	-	false	2026/09/19 20:46:03
22082	1	DP	0	NO PLAY	0	-	false	2026/09/19 20:46:03
22082	2	P1	0	NO PLAY	0	-	false	2026/09/19 20:46:03
22082	2	DP	0	NO PLAY	0	-	false	2026/09/19 20:46:03
22082	3	P1	0	NO PLAY	0	-	false	2026/09/19 20:46:03
22082	3	DP	6	EX HARD CLEAR	2193	16	true	2026/09/19 20:46:03
22082	4	P1	0	NO PLAY	0	-	false	2026/09/19 20:46:03
22082	4	DP	0	NO PLAY	0	-	false	2026/09/19 20:46:03
22083	0	P1	0	NO PLAY	0	-	false	2026/09/19 20:46:03
22083	0	DP	0	NO PLAY	0	-	false	2026/09/19 20:46:03
22083	1	P1	0	NO PLAY	0	-	false	2026/09/19 20:46:03
22083	1	DP	0	NO PLAY	0	-	false	2026/09/19 20:46:03
22083	2	P1	0	NO PLAY	0	-	false	2026/09/19 20:46:03
22083	2	DP	0	NO PLAY	0	-	false	2026/09/19 20:46:03
22083	3	P1	7	FULL COMBO	2863	1	true	2026/09/19 20:46:03
22083	3	DP	6	EX HARD CLEAR	2589	21	true	2026/09/19 20:46:03
22083	4	P1	6	EX HARD CLEAR	3667	13	true	2026/09/19 20:46:03
22083	4	DP	5	HARD CLEAR	3246	55	true	2026/09/19 20:46:03
22084	0	P1	0	NO PLAY	0	-	false	2026/09/19 20:46:03
22084	0	DP	0	NO PLAY	0	-	false	2026/09/19 20:46:03
22084	1	P1	0	NO PLAY	0	-	false	2026/09/19 20:46:03
22084	1	DP	0	NO PLAY	0	-	false	2026/09/19 20:46:03
22084	2	P1	0	NO PLAY	0	-	false	2026/09/19 20:46:03
22084	2	DP	0	NO PLAY	0	-	false	2026/09/19 20:46:03
22084	3	P1	0	NO PLAY	0	-	false	2026/09/19 20:46:03
22084	3	DP	0	NO PLAY	0	-	false	2026/09/19 20:46:03
22084	4	P1	0	NO PLAY	0	-	false	2026/09/19 20:46:03
22084	4	DP	0	NO PLAY	0	-	false	2026/09/19 20:46:03
22085	0	P1	0	NO PLAY	0	-	false	2026/09/19 20:46:03
22085	0	DP	0	NO PLAY	0	-	false	2026/09/19 20:46:03
22085	1	P1	0	NO PLAY	0	-	false	2026/09/19 20:46:03
22085	1	DP	0	NO PLAY	0	-	false	2026/09/19 20:46:03
22085	2	P1	0	NO PLAY	0	-	false	2026/09/19 20:46:03
22085	2	DP	0	NO PLAY	0	-	false	2026/09/19 20:46:03
22085	3	P1	0	NO PLAY	0	-	false	2026/09/19 20:46:03
22085	3	DP	0	NO PLAY	0	-	false	2026/09/19 20:46:03
22085	4	P1	0	NO PLAY	0	-	false	2026/09/19 20:46:03
22085	4	DP	0	NO PLAY	0	-	false	2026/09/19 20:46:03
22086	0	P1	0	NO PLAY	0	-	false	2026/09/19 20:46:03
22086	0	DP	0	NO PLAY	0	-	false	2026/09/19 20:46:03
22086	1	P1	0	NO PLAY	0	-	false	2026/09/19 20:46:03
22086	1	DP	0	NO PLAY	0	-	false	2026/09/19 20:46:03
22086	2	P1	0	NO PLAY	0	-	false	2026/09/19 20:46:03
22086	2	DP	0	NO PLAY	0	-	false	2026/09/19 20:46:03
22086	3	P1	0	NO PLAY	0	-	false	2026/09/19 20:46:03
22086	3	DP	6	EX HARD CLEAR	2247	9	true	2026/09/19 20:46:03
22086	4	P1	0	NO PLAY	0	-	false	2026/09/19 20:46:03
22086	4	DP	0	NO PLAY	0	-	false	2026/09/19 20:46:03
22087	0	P1	0	NO PLAY	0	-	false	2026/09/19 20:46:03
22087	0	DP	0	NO PLAY	0	-	false	2026/09/19 20:46:03
22087	1	P1	0	NO PLAY	0	-	false	2026/09/19 20:46:03
22087	1	DP	0	NO PLAY	0	-	false	2026/09/19 20:46:03
22087	2	P1	0	NO PLAY	0	-	false	2026/09/19 20:46:03
22087	2	DP	0	NO PLAY	0	-	false	2026/09/19 20:46:03
22087	3	P1	6	EX HARD CLEAR	3213	15	true	2026/09/19 20:46:03
22087	3	DP	5	HARD CLEAR	2796	38	true	2026/09/19 20:46:03
22087	4	P1	0	NO PLAY	0	-	false	2026/09/19 20:46:03
22087	4	DP	0	NO PLAY	0	-	false	2026/09/19 20:46:03
22088	0	P1	1	FAILED	39	-	false	2026/09/19 20:46:03
22088	0	DP	0	NO PLAY	0	-	false	2026/09/19 20:46:03
22088	1	P1	0	NO PLAY	0	-	false	2026/09/19 20:46:03
22088	1	DP	0	NO PLAY	0	-	false	2026/09/19 20:46:03
22088	2	P1	0	NO PLAY	0	-	false	2026/09/19 20:46:03
22088	2	DP	0	NO PLAY	0	-	false	2026/09/19 20:46:03
22088	3	P1	7	FULL COMBO	2295	0	true	2026/09/19 20:46:03
22088	3	DP	6	EX HARD CLEAR	2280	14	true	2026/09/19 20:46:03
22088	4	P1	0	NO PLAY	0	-	false	2026/09/19 20:46:03
22088	4	DP	0	NO PLAY	0	-	false	2026/09/19 20:46:03
22089	0	P1	0	NO PLAY	0	-	false	2026/09/19 20:46:03
22089	0	DP	0	NO PLAY	0	-	false	2026/09/19 20:46:03
22089	1	P1	0	NO PLAY	0	-	false	2026/09/19 20:46:03
22089	1	DP	0	NO PLAY	0	-	false	2026/09/19 20:46:03
22089	2	P1	0	NO PLAY	0	-	false	2026/09/19 20:46:03
22089	2	DP	0	NO PLAY	0	-	false	2026/09/19 20:46:03
22089	3	P1	6	EX HARD CLEAR	2554	4	true	2026/09/19 20:46:03
22089	3	DP	5	HARD CLEAR	2419	33	true	2026/09/19 20:46:03
22089	4	P1	5	HARD CLEAR	2864	46	true	2026/09/19 20:46:03
22089	4	DP	4	CLEAR	2566	97	true	2026/09/19 20:46:03
22090	0	P1	0	NO PLAY	0	-	false	2026/09/19 20:46:03
22090	0	DP	0	NO PLAY	0	-	false	2026/09/19 20:46:03
22090	1	P1	0	NO PLAY	0	-	false	2026/09/19 20:46:03
22090	1	DP	0	NO PLAY	0	-	false	2026/09/19 20:46:03
22090	2	P1	0	NO PLAY	0	-	false	2026/09/19 20:46:03
22090	2	DP	0	NO PLAY	0	-	false	2026/09/19 20:46:03
22090	3	P1	0	NO PLAY	0	-	false	2026/09/19 20:46:03
22090	3	DP	0	NO PLAY	0	-	false	2026/09/19 20:46:03
22090	4	P1	0	NO PLAY	0	-	false	2026/09/19 20:46:03
22090	4	DP	0	NO PLAY	0	-	false	2026/09/19 20:46:03
22091	0	P1	0	NO PLAY	0	-	false	2026/09/19 20:46:03
22091	0	DP	0	NO PLAY	0	-	false	2026/09/19 20:46:03
22091	1	P1	0	NO PLAY	0	-	false	2026/09/19 20:46:03
22091	1	DP	0	NO PLAY	0	-	false	2026/09/19 20:46:03
22091	2	P1	0	NO PLAY	0	-	false	2026/09/19 20:46:03
22091	2	DP	0	NO PLAY	0	-	false	2026/09/19 20:46:03
22091	3	P1	6	EX HARD CLEAR	2440	9	true	2026/09/19 20:46:03
22091	3	DP	6	EX HARD CLEAR	2619	14	true	2026/09/19 20:46:03
22091	4	P1	0	NO PLAY	0	-	false	2026/09/19 20:46:03
22091	4	DP	0	NO PLAY	0	-	false	2026/09/19 20:46:03
22092	0	P1	0	NO PLAY	0	-	false	2026/09/19 20:46:03
22092	0	DP	0	NO PLAY	0	-	false	2026/09/19 20:46:03
22092	1	P1	0	NO PLAY	0	-	false	2026/09/19 20:46:03
22092	1	DP	0	NO PLAY	0	-	false	2026/09/19 20:46:03
22092	2	P1	0	NO PLAY	0	-	false	2026/09/19 20:46:03
22092	2	DP	0	NO PLAY	0	-	false	2026/09/19 20:46:03
22092	3	P1	0	NO PLAY	0	-	false	2026/09/19 20:46:03
22092	3	DP	0	NO PLAY	0	-	false	2026/09/19 20:46:03
22092	4	P1	0	NO PLAY	0	-	false	2026/09/19 20:46:03
22092	4	DP	0	NO PLAY	0	-	false	2026/09/19 20:46:03
22093	0	P1	0	NO PLAY	0	-	false	2026/09/19 20:46:03
22093	0	DP	0	NO PLAY	0	-	false	2026/09/19 20:46:03
22093	1	P1	0	NO PLAY	0	-	false	2026/09/19 20:46:03
22093	1	DP	0	NO PLAY	0	-	false	2026/09/19 20:46:03
22093	2	P1	0	NO PLAY	0	-	false	2026/09/19 20:46:03
22093	2	DP	0	NO PLAY	0	-	false	2026/09/19 20:46:03
22093	3	P1	5	HARD CLEAR	2576	23	true	2026/09/19 20:46:03
22093	3	DP	5	HARD CLEAR	2703	53	true	2026/09/19 20:46:03
22093	4	P1	0	NO PLAY	0	-	false	2026/09/19 20:46:03
22093	4	DP	0	NO PLAY	0	-	false	2026/09/19 20:46:03
22094	0	P1	0	NO PLAY	0	-	false	2026/09/19 20:46:03
22094	0	DP	0	NO PLAY	0	-	false	2026/09/19 20:46:03
22094	1	P1	0	NO PLAY	0	-	false	2026/09/19 20:46:03
22094	1	DP	0	NO PLAY	0	-	false	2026/09/19 20:46:03
22094	2	P1	0	NO PLAY	0	-	false	2026/09/19 20:46:03
22094	2	DP	0	NO PLAY	0	-	false	2026/09/19 20:46:03
22094	3	P1	0	NO PLAY	0	-	false	2026/09/19 20:46:03
22094	3	DP	0	NO PLAY	0	-	false	2026/09/19 20:46:03
22094	4	P1	0	NO PLAY	0	-	false	2026/09/19 20:46:03
22094	4	DP	0	NO PLAY	0	-	false	2026/09/19 20:46:03
22095	0	P1	0	NO PLAY	0	-	false	2026/09/19 20:46:03
22095	0	DP	0	NO PLAY	0	-	false	2026/09/19 20:46:03
22095	1	P1	0	NO PLAY	0	-	false	2026/09/19 20:46:03
22095	1	DP	0	NO PLAY	0	-	false	2026/09/19 20:46:03
22095	2	P1	0	NO PLAY	0	-	false	2026/09/19 20:46:03
22095	2	DP	0	NO PLAY	0	-	false	2026/09/19 20:46:03
22095	3	P1	6	EX HARD CLEAR	2478	8	true	2026/09/19 20:46:03
22095	3	DP	6	EX HARD CLEAR	1956	10	true	2026/09/19 20:46:03
22095	4	P1	0	NO PLAY	0	-	false	2026/09/19 20:46:03
22095	4	DP	0	NO PLAY	0	-	false	2026/09/19 20:46:03
22098	0	P1	0	NO PLAY	0	-	false	2026/09/19 20:46:03
22098	0	DP	0	NO PLAY	0	-	false	2026/09/19 20:46:03
22098	1	P1	0	NO PLAY	0	-	false	2026/09/19 20:46:03
22098	1	DP	0	NO PLAY	0	-	false	2026/09/19 20:46:03
22098	2	P1	0	NO PLAY	0	-	false	2026/09/19 20:46:03
22098	2	DP	0	NO PLAY	0	-	false	2026/09/19 20:46:03
22098	3	P1	0	NO PLAY	0	-	false	2026/09/19 20:46:03
22098	3	DP	0	NO PLAY	0	-	false	2026/09/19 20:46:03
22098	4	P1	0	NO PLAY	0	-	false	2026/09/19 20:46:03
22098	4	DP	0	NO PLAY	0	-	false	2026/09/19 20:46:03
22099	0	P1	0	NO PLAY	0	-	false	2026/09/19 20:46:03
22099	0	DP	0	NO PLAY	0	-	false	2026/09/19 20:46:03
22099	1	P1	0	NO PLAY	0	-	false	2026/09/19 20:46:03
22099	1	DP	0	NO PLAY	0	-	false	2026/09/19 20:46:03
22099	2	P1	0	NO PLAY	0	-	false	2026/09/19 20:46:03
22099	2	DP	0	NO PLAY	0	-	false	2026/09/19 20:46:03
22099	3	P1	5	HARD CLEAR	2227	17	true	2026/09/19 20:46:03
22099	3	DP	6	EX HARD CLEAR	2096	14	true	2026/09/19 20:46:03
22099	4	P1	0	NO PLAY	0	-	false	2026/09/19 20:46:03
22099	4	DP	0	NO PLAY	0	-	false	2026/09/19 20:46:03
22100	0	P1	0	NO PLAY	0	-	false	2026/09/19 20:46:03
22100	0	DP	0	NO PLAY	0	-	false	2026/09/19 20:46:03
22100	1	P1	0	NO PLAY	0	-	false	2026/09/19 20:46:03
22100	1	DP	0	NO PLAY	0	-	false	2026/09/19 20:46:03
22100	2	P1	0	NO PLAY	0	-	false	2026/09/19 20:46:03
22100	2	DP	0	NO PLAY	0	-	false	2026/09/19 20:46:03
22100	3	P1	0	NO PLAY	0	-	false	2026/09/19 20:46:03
22100	3	DP	0	NO PLAY	0	-	false	2026/09/19 20:46:03
22100	4	P1	0	NO PLAY	0	-	false	2026/09/19 20:46:03
22100	4	DP	0	NO PLAY	0	-	false	2026/09/19 20:46:03
23000	0	P1	0	NO PLAY	0	-	false	2026/09/19 20:46:03
23000	0	DP	0	NO PLAY	0	-	false	2026/09/19 20:46:03
23000	1	P1	0	NO PLAY	0	-	false	2026/09/19 20:46:03
23000	1	DP	0	NO PLAY	0	-	false	2026/09/19 20:46:03
23000	2	P1	0	NO PLAY	0	-	false	2026/09/19 20:46:03
23000	2	DP	0	NO PLAY	0	-	false	2026/09/19 20:46:03
23000	3	P1	5	HARD CLEAR	2485	35	true	2026/09/19 20:46:03
23000	3	DP	5	HARD CLEAR	2424	91	true	2026/09/19 20:46:03
23000	4	P1	0	NO PLAY	0	-	false	2026/09/19 20:46:03
23000	4	DP	0	NO PLAY	0	-	false	2026/09/19 20:46:03
23001	0	P1	0	NO PLAY	0	-	false	2026/09/19 20:46:03
23001	0	DP	0	NO PLAY	0	-	false	2026/09/19 20:46:03
23001	1	P1	0	NO PLAY	0	-	false	2026/09/19 20:46:03
23001	1	DP	0	NO PLAY	0	-	false	2026/09/19 20:46:03
23001	2	P1	0	NO PLAY	0	-	false	2026/09/19 20:46:03
23001	2	DP	0	NO PLAY	0	-	false	2026/09/19 20:46:03
23001	3	P1	5	HARD CLEAR	2132	37	true	2026/09/19 20:46:03
23001	3	DP	5	HARD CLEAR	2212	47	true	2026/09/19 20:46:03
23001	4	P1	0	NO PLAY	0	-	false	2026/09/19 20:46:03
23001	4	DP	0	NO PLAY	0	-	false	2026/09/19 20:46:03
23002	0	P1	0	NO PLAY	0	-	false	2026/09/19 20:46:03
23002	0	DP	0	NO PLAY	0	-	false	2026/09/19 20:46:03
23002	1	P1	0	NO PLAY	0	-	false	2026/09/19 20:46:03
23002	1	DP	0	NO PLAY	0	-	false	2026/09/19 20:46:03
23002	2	P1	5	HARD CLEAR	1573	14	true	2026/09/19 20:46:03
23002	2	DP	0	NO PLAY	0	-	false	2026/09/19 20:46:03
23002	3	P1	6	EX HARD CLEAR	2694	4	true	2026/09/19 20:46:03
23002	3	DP	5	HARD CLEAR	2263	32	true	2026/09/19 20:46:03
23002	4	P1	0	NO PLAY	0	-	false	2026/09/19 20:46:03
23002	4	DP	0	NO PLAY	0	-	false	2026/09/19 20:46:03
23003	0	P1	0	NO PLAY	0	-	false	2026/09/19 20:46:03
23003	0	DP	0	NO PLAY	0	-	false	2026/09/19 20:46:03
23003	1	P1	0	NO PLAY	0	-	false	2026/09/19 20:46:03
23003	1	DP	0	NO PLAY	0	-	false	2026/09/19 20:46:03
23003	2	P1	0	NO PLAY	0	-	false	2026/09/19 20:46:03
23003	2	DP	0	NO PLAY	0	-	false	2026/09/19 20:46:03
23003	3	P1	0	NO PLAY	0	-	false	2026/09/19 20:46:03
23003	3	DP	6	EX HARD CLEAR	2427	8	true	2026/09/19 20:46:03
23003	4	P1	0	NO PLAY	0	-	false	2026/09/19 20:46:03
23003	4	DP	0	NO PLAY	0	-	false	2026/09/19 20:46:03
23004	0	P1	0	NO PLAY	0	-	false	2026/09/19 20:46:03
23004	0	DP	0	NO PLAY	0	-	false	2026/09/19 20:46:03
23004	1	P1	0	NO PLAY	0	-	false	2026/09/19 20:46:03
23004	1	DP	0	NO PLAY	0	-	false	2026/09/19 20:46:03
23004	2	P1	0	NO PLAY	0	-	false	2026/09/19 20:46:03
23004	2	DP	0	NO PLAY	0	-	false	2026/09/19 20:46:03
23004	3	P1	0	NO PLAY	0	-	false	2026/09/19 20:46:03
23004	3	DP	7	FULL COMBO	2089	2	true	2026/09/19 20:46:03
23004	4	P1	0	NO PLAY	0	-	false	2026/09/19 20:46:03
23004	4	DP	0	NO PLAY	0	-	false	2026/09/19 20:46:03
23005	0	P1	0	NO PLAY	0	-	false	2026/09/19 20:46:03
23005	0	DP	0	NO PLAY	0	-	false	2026/09/19 20:46:03
23005	1	P1	0	NO PLAY	0	-	false	2026/09/19 20:46:03
23005	1	DP	0	NO PLAY	0	-	false	2026/09/19 20:46:03
23005	2	P1	0	NO PLAY	0	-	false	2026/09/19 20:46:03
23005	2	DP	0	NO PLAY	0	-	false	2026/09/19 20:46:03
23005	3	P1	6	EX HARD CLEAR	2374	6	true	2026/09/19 20:46:03
23005	3	DP	6	EX HARD CLEAR	2696	14	true	2026/09/19 20:46:03
23005	4	P1	0	NO PLAY	0	-	false	2026/09/19 20:46:03
23005	4	DP	0	NO PLAY	0	-	false	2026/09/19 20:46:03
23007	0	P1	0	NO PLAY	0	-	false	2026/09/19 20:46:03
23007	0	DP	0	NO PLAY	0	-	false	2026/09/19 20:46:03
23007	1	P1	0	NO PLAY	0	-	false	2026/09/19 20:46:03
23007	1	DP	0	NO PLAY	0	-	false	2026/09/19 20:46:03
23007	2	P1	0	NO PLAY	0	-	false	2026/09/19 20:46:03
23007	2	DP	0	NO PLAY	0	-	false	2026/09/19 20:46:03
23007	3	P1	6	EX HARD CLEAR	2303	17	true	2026/09/19 20:46:03
23007	3	DP	6	EX HARD CLEAR	2414	12	true	2026/09/19 20:46:03
23007	4	P1	0	NO PLAY	0	-	false	2026/09/19 20:46:03
23007	4	DP	0	NO PLAY	0	-	false	2026/09/19 20:46:03
23008	0	P1	0	NO PLAY	0	-	false	2026/09/19 20:46:03
23008	0	DP	0	NO PLAY	0	-	false	2026/09/19 20:46:03
23008	1	P1	0	NO PLAY	0	-	false	2026/09/19 20:46:03
23008	1	DP	0	NO PLAY	0	-	false	2026/09/19 20:46:03
23008	2	P1	0	NO PLAY	0	-	false	2026/09/19 20:46:03
23008	2	DP	0	NO PLAY	0	-	false	2026/09/19 20:46:03
23008	3	P1	0	NO PLAY	0	-	false	2026/09/19 20:46:03
23008	3	DP	0	NO PLAY	0	-	false	2026/09/19 20:46:03
23008	4	P1	0	NO PLAY	0	-	false	2026/09/19 20:46:03
23008	4	DP	0	NO PLAY	0	-	false	2026/09/19 20:46:03
23009	0	P1	0	NO PLAY	0	-	false	2026/09/19 20:46:03
23009	0	DP	0	NO PLAY	0	-	false	2026/09/19 20:46:03
23009	1	P1	0	NO PLAY	0	-	false	2026/09/19 20:46:03
23009	1	DP	0	NO PLAY	0	-	false	2026/09/19 20:46:03
23009	2	P1	0	NO PLAY	0	-	false	2026/09/19 20:46:03
23009	2	DP	0	NO PLAY	0	-	false	2026/09/19 20:46:03
23009	3	P1	6	EX HARD CLEAR	2423	8	true	2026/09/19 20:46:03
23009	3	DP	5	HARD CLEAR	2413	26	true	2026/09/19 20:46:03
23009	4	P1	0	NO PLAY	0	-	false	2026/09/19 20:46:03
23009	4	DP	0	NO PLAY	0	-	false	2026/09/19 20:46:03
23010	0	P1	0	NO PLAY	0	-	false	2026/09/19 20:46:03
23010	0	DP	0	NO PLAY	0	-	false	2026/09/19 20:46:03
23010	1	P1	0	NO PLAY	0	-	false	2026/09/19 20:46:03
23010	1	DP	0	NO PLAY	0	-	false	2026/09/19 20:46:03
23010	2	P1	0	NO PLAY	0	-	false	2026/09/19 20:46:03
23010	2	DP	0	NO PLAY	0	-	false	2026/09/19 20:46:03
23010	3	P1	0	NO PLAY	0	-	false	2026/09/19 20:46:03
23010	3	DP	6	EX HARD CLEAR	1988	9	true	2026/09/19 20:46:03
23010	4	P1	0	NO PLAY	0	-	false	2026/09/19 20:46:03
23010	4	DP	0	NO PLAY	0	-	false	2026/09/19 20:46:03
23011	0	P1	0	NO PLAY	0	-	false	2026/09/19 20:46:03
23011	0	DP	0	NO PLAY	0	-	false	2026/09/19 20:46:03
23011	1	P1	0	NO PLAY	0	-	false	2026/09/19 20:46:03
23011	1	DP	0	NO PLAY	0	-	false	2026/09/19 20:46:03
23011	2	P1	0	NO PLAY	0	-	false	2026/09/19 20:46:03
23011	2	DP	0	NO PLAY	0	-	false	2026/09/19 20:46:03
23011	3	P1	0	NO PLAY	0	-	false	2026/09/19 20:46:03
23011	3	DP	0	NO PLAY	0	-	false	2026/09/19 20:46:03
23011	4	P1	0	NO PLAY	0	-	false	2026/09/19 20:46:03
23011	4	DP	0	NO PLAY	0	-	false	2026/09/19 20:46:03
23012	0	P1	0	NO PLAY	0	-	false	2026/09/19 20:46:03
23012	0	DP	0	NO PLAY	0	-	false	2026/09/19 20:46:03
23012	1	P1	0	NO PLAY	0	-	false	2026/09/19 20:46:03
23012	1	DP	0	NO PLAY	0	-	false	2026/09/19 20:46:03
23012	2	P1	0	NO PLAY	0	-	false	2026/09/19 20:46:03
23012	2	DP	0	NO PLAY	0	-	false	2026/09/19 20:46:03
23012	3	P1	0	NO PLAY	0	-	false	2026/09/19 20:46:03
23012	3	DP	0	NO PLAY	0	-	false	2026/09/19 20:46:03
23012	4	P1	0	NO PLAY	0	-	false	2026/09/19 20:46:03
23012	4	DP	0	NO PLAY	0	-	false	2026/09/19 20:46:03
23013	0	P1	0	NO PLAY	0	-	false	2026/09/19 20:46:03
23013	0	DP	0	NO PLAY	0	-	false	2026/09/19 20:46:03
23013	1	P1	0	NO PLAY	0	-	false	2026/09/19 20:46:03
23013	1	DP	0	NO PLAY	0	-	false	2026/09/19 20:46:03
23013	2	P1	0	NO PLAY	0	-	false	2026/09/19 20:46:03
23013	2	DP	0	NO PLAY	0	-	false	2026/09/19 20:46:03
23013	3	P1	6	EX HARD CLEAR	2901	16	true	2026/09/19 20:46:03
23013	3	DP	5	HARD CLEAR	2767	29	true	2026/09/19 20:46:03
23013	4	P1	0	NO PLAY	0	-	false	2026/09/19 20:46:03
23013	4	DP	0	NO PLAY	0	-	false	2026/09/19 20:46:03
23014	0	P1	0	NO PLAY	0	-	false	2026/09/19 20:46:03
23014	0	DP	0	NO PLAY	0	-	false	2026/09/19 20:46:03
23014	1	P1	0	NO PLAY	0	-	false	2026/09/19 20:46:03
23014	1	DP	0	NO PLAY	0	-	false	2026/09/19 20:46:03
23014	2	P1	0	NO PLAY	0	-	false	2026/09/19 20:46:03
23014	2	DP	0	NO PLAY	0	-	false	2026/09/19 20:46:03
23014	3	P1	0	NO PLAY	0	-	false	2026/09/19 20:46:03
23014	3	DP	0	NO PLAY	0	-	false	2026/09/19 20:46:03
23014	4	P1	0	NO PLAY	0	-	false	2026/09/19 20:46:03
23014	4	DP	0	NO PLAY	0	-	false	2026/09/19 20:46:03
23015	0	P1	0	NO PLAY	0	-	false	2026/09/19 20:46:03
23015	0	DP	0	NO PLAY	0	-	false	2026/09/19 20:46:03
23015	1	P1	0	NO PLAY	0	-	false	2026/09/19 20:46:03
23015	1	DP	6	EX HARD CLEAR	800	1	true	2026/09/19 20:46:03
23015	2	P1	0	NO PLAY	0	-	false	2026/09/19 20:46:03
23015	2	DP	0	NO PLAY	0	-	false	2026/09/19 20:46:03
23015	3	P1	6	EX HARD CLEAR	2039	3	true	2026/09/19 20:46:03
23015	3	DP	6	EX HARD CLEAR	2055	7	true	2026/09/19 20:46:03
23015	4	P1	0	NO PLAY	0	-	false	2026/09/19 20:46:03
23015	4	DP	0	NO PLAY	0	-	false	2026/09/19 20:46:03
23016	0	P1	0	NO PLAY	0	-	false	2026/09/19 20:46:03
23016	0	DP	0	NO PLAY	0	-	false	2026/09/19 20:46:03
23016	1	P1	0	NO PLAY	0	-	false	2026/09/19 20:46:03
23016	1	DP	0	NO PLAY	0	-	false	2026/09/19 20:46:03
23016	2	P1	0	NO PLAY	0	-	false	2026/09/19 20:46:03
23016	2	DP	0	NO PLAY	0	-	false	2026/09/19 20:46:03
23016	3	P1	0	NO PLAY	0	-	false	2026/09/19 20:46:03
23016	3	DP	6	EX HARD CLEAR	1887	16	true	2026/09/19 20:46:03
23016	4	P1	0	NO PLAY	0	-	false	2026/09/19 20:46:03
23016	4	DP	0	NO PLAY	0	-	false	2026/09/19 20:46:03
23017	0	P1	0	NO PLAY	0	-	false	2026/09/19 20:46:03
23017	0	DP	0	NO PLAY	0	-	false	2026/09/19 20:46:03
23017	1	P1	0	NO PLAY	0	-	false	2026/09/19 20:46:03
23017	1	DP	0	NO PLAY	0	-	false	2026/09/19 20:46:03
23017	2	P1	0	NO PLAY	0	-	false	2026/09/19 20:46:03
23017	2	DP	0	NO PLAY	0	-	false	2026/09/19 20:46:03
23017	3	P1	0	NO PLAY	0	-	false	2026/09/19 20:46:03
23017	3	DP	0	NO PLAY	0	-	false	2026/09/19 20:46:03
23017	4	P1	0	NO PLAY	0	-	false	2026/09/19 20:46:03
23017	4	DP	0	NO PLAY	0	-	false	2026/09/19 20:46:03
23018	0	P1	0	NO PLAY	0	-	false	2026/09/19 20:46:03
23018	0	DP	0	NO PLAY	0	-	false	2026/09/19 20:46:03
23018	1	P1	0	NO PLAY	0	-	false	2026/09/19 20:46:03
23018	1	DP	0	NO PLAY	0	-	false	2026/09/19 20:46:03
23018	2	P1	0	NO PLAY	0	-	false	2026/09/19 20:46:03
23018	2	DP	0	NO PLAY	0	-	false	2026/09/19 20:46:03
23018	3	P1	6	EX HARD CLEAR	3121	14	true	2026/09/19 20:46:03
23018	3	DP	5	HARD CLEAR	2927	67	true	2026/09/19 20:46:03
23018	4	P1	0	NO PLAY	0	-	false	2026/09/19 20:46:03
23018	4	DP	0	NO PLAY	0	-	false	2026/09/19 20:46:03
23019	0	P1	0	NO PLAY	0	-	false	2026/09/19 20:46:03
23019	0	DP	0	NO PLAY	0	-	false	2026/09/19 20:46:03
23019	1	P1	0	NO PLAY	0	-	false	2026/09/19 20:46:03
23019	1	DP	0	NO PLAY	0	-	false	2026/09/19 20:46:03
23019	2	P1	0	NO PLAY	0	-	false	2026/09/19 20:46:03
23019	2	DP	0	NO PLAY	0	-	false	2026/09/19 20:46:03
23019	3	P1	0	NO PLAY	0	-	false	2026/09/19 20:46:03
23019	3	DP	6	EX HARD CLEAR	1832	9	true	2026/09/19 20:46:03
23019	4	P1	0	NO PLAY	0	-	false	2026/09/19 20:46:03
23019	4	DP	0	NO PLAY	0	-	false	2026/09/19 20:46:03
23020	0	P1	0	NO PLAY	0	-	false	2026/09/19 20:46:03
23020	0	DP	0	NO PLAY	0	-	false	2026/09/19 20:46:03
23020	1	P1	0	NO PLAY	0	-	false	2026/09/19 20:46:03
23020	1	DP	0	NO PLAY	0	-	false	2026/09/19 20:46:03
23020	2	P1	0	NO PLAY	0	-	false	2026/09/19 20:46:03
23020	2	DP	0	NO PLAY	0	-	false	2026/09/19 20:46:03
23020	3	P1	0	NO PLAY	0	-	false	2026/09/19 20:46:03
23020	3	DP	0	NO PLAY	0	-	false	2026/09/19 20:46:03
23020	4	P1	0	NO PLAY	0	-	false	2026/09/19 20:46:03
23020	4	DP	0	NO PLAY	0	-	false	2026/09/19 20:46:03
23021	0	P1	0	NO PLAY	0	-	false	2026/09/19 20:46:03
23021	0	DP	0	NO PLAY	0	-	false	2026/09/19 20:46:03
23021	1	P1	0	NO PLAY	0	-	false	2026/09/19 20:46:03
23021	1	DP	0	NO PLAY	0	-	false	2026/09/19 20:46:03
23021	2	P1	0	NO PLAY	0	-	false	2026/09/19 20:46:03
23021	2	DP	0	NO PLAY	0	-	false	2026/09/19 20:46:03
23021	3	P1	0	NO PLAY	0	-	false	2026/09/19 20:46:03
23021	3	DP	6	EX HARD CLEAR	2918	10	true	2026/09/19 20:46:03
23021	4	P1	0	NO PLAY	0	-	false	2026/09/19 20:46:03
23021	4	DP	0	NO PLAY	0	-	false	2026/09/19 20:46:03
23022	0	P1	0	NO PLAY	0	-	false	2026/09/19 20:46:03
23022	0	DP	0	NO PLAY	0	-	false	2026/09/19 20:46:03
23022	1	P1	0	NO PLAY	0	-	false	2026/09/19 20:46:03
23022	1	DP	0	NO PLAY	0	-	false	2026/09/19 20:46:03
23022	2	P1	0	NO PLAY	0	-	false	2026/09/19 20:46:03
23022	2	DP	0	NO PLAY	0	-	false	2026/09/19 20:46:03
23022	3	P1	0	NO PLAY	0	-	false	2026/09/19 20:46:03
23022	3	DP	0	NO PLAY	0	-	false	2026/09/19 20:46:03
23022	4	P1	0	NO PLAY	0	-	false	2026/09/19 20:46:03
23022	4	DP	0	NO PLAY	0	-	false	2026/09/19 20:46:03
23023	0	P1	0	NO PLAY	0	-	false	2026/09/19 20:46:03
23023	0	DP	0	NO PLAY	0	-	false	2026/09/19 20:46:03
23023	1	P1	0	NO PLAY	0	-	false	2026/09/19 20:46:03
23023	1	DP	0	NO PLAY	0	-	false	2026/09/19 20:46:03
23023	2	P1	0	NO PLAY	0	-	false	2026/09/19 20:46:03
23023	2	DP	0	NO PLAY	0	-	false	2026/09/19 20:46:03
23023	3	P1	0	NO PLAY	0	-	false	2026/09/19 20:46:03
23023	3	DP	0	NO PLAY	0	-	false	2026/09/19 20:46:03
23023	4	P1	0	NO PLAY	0	-	false	2026/09/19 20:46:03
23023	4	DP	0	NO PLAY	0	-	false	2026/09/19 20:46:03
23024	0	P1	0	NO PLAY	0	-	false	2026/09/19 20:46:03
23024	0	DP	0	NO PLAY	0	-	false	2026/09/19 20:46:03
23024	1	P1	0	NO PLAY	0	-	false	2026/09/19 20:46:03
23024	1	DP	0	NO PLAY	0	-	false	2026/09/19 20:46:03
23024	2	P1	0	NO PLAY	0	-	false	2026/09/19 20:46:03
23024	2	DP	0	NO PLAY	0	-	false	2026/09/19 20:46:03
23024	3	P1	0	NO PLAY	0	-	false	2026/09/19 20:46:03
23024	3	DP	6	EX HARD CLEAR	2174	18	true	2026/09/19 20:46:03
23024	4	P1	0	NO PLAY	0	-	false	2026/09/19 20:46:03
23024	4	DP	0	NO PLAY	0	-	false	2026/09/19 20:46:03
23025	0	P1	0	NO PLAY	0	-	false	2026/09/19 20:46:03
23025	0	DP	0	NO PLAY	0	-	false	2026/09/19 20:46:03
23025	1	P1	0	NO PLAY	0	-	false	2026/09/19 20:46:03
23025	1	DP	0	NO PLAY	0	-	false	2026/09/19 20:46:03
23025	2	P1	0	NO PLAY	0	-	false	2026/09/19 20:46:03
23025	2	DP	0	NO PLAY	0	-	false	2026/09/19 20:46:03
23025	3	P1	0	NO PLAY	0	-	false	2026/09/19 20:46:03
23025	3	DP	0	NO PLAY	0	-	false	2026/09/19 20:46:03
23025	4	P1	0	NO PLAY	0	-	false	2026/09/19 20:46:03
23025	4	DP	0	NO PLAY	0	-	false	2026/09/19 20:46:03
23026	0	P1	0	NO PLAY	0	-	false	2026/09/19 20:46:03
23026	0	DP	0	NO PLAY	0	-	false	2026/09/19 20:46:03
23026	1	P1	0	NO PLAY	0	-	false	2026/09/19 20:46:03
23026	1	DP	0	NO PLAY	0	-	false	2026/09/19 20:46:03
23026	2	P1	0	NO PLAY	0	-	false	2026/09/19 20:46:03
23026	2	DP	0	NO PLAY	0	-	false	2026/09/19 20:46:03
23026	3	P1	0	NO PLAY	0	-	false	2026/09/19 20:46:03
23026	3	DP	6	EX HARD CLEAR	2048	17	true	2026/09/19 20:46:03
23026	4	P1	0	NO PLAY	0	-	false	2026/09/19 20:46:03
23026	4	DP	0	NO PLAY	0	-	false	2026/09/19 20:46:03
23027	0	P1	0	NO PLAY	0	-	false	2026/09/19 20:46:03
23027	0	DP	0	NO PLAY	0	-	false	2026/09/19 20:46:03
23027	1	P1	0	NO PLAY	0	-	false	2026/09/19 20:46:03
23027	1	DP	0	NO PLAY	0	-	false	2026/09/19 20:46:03
23027	2	P1	0	NO PLAY	0	-	false	2026/09/19 20:46:03
23027	2	DP	0	NO PLAY	0	-	false	2026/09/19 20:46:03
23027	3	P1	5	HARD CLEAR	3187	24	true	2026/09/19 20:46:03
23027	3	DP	5	HARD CLEAR	3328	58	true	2026/09/19 20:46:03
23027	4	P1	0	NO PLAY	0	-	false	2026/09/19 20:46:03
23027	4	DP	0	NO PLAY	0	-	false	2026/09/19 20:46:03
23028	0	P1	0	NO PLAY	0	-	false	2026/09/19 20:46:03
23028	0	DP	0	NO PLAY	0	-	false	2026/09/19 20:46:03
23028	1	P1	0	NO PLAY	0	-	false	2026/09/19 20:46:03
23028	1	DP	0	NO PLAY	0	-	false	2026/09/19 20:46:03
23028	2	P1	0	NO PLAY	0	-	false	2026/09/19 20:46:03
23028	2	DP	0	NO PLAY	0	-	false	2026/09/19 20:46:03
23028	3	P1	0	NO PLAY	0	-	false	2026/09/19 20:46:03
23028	3	DP	6	EX HARD CLEAR	1977	17	true	2026/09/19 20:46:03
23028	4	P1	0	NO PLAY	0	-	false	2026/09/19 20:46:03
23028	4	DP	0	NO PLAY	0	-	false	2026/09/19 20:46:03
23029	0	P1	0	NO PLAY	0	-	false	2026/09/19 20:46:03
23029	0	DP	0	NO PLAY	0	-	false	2026/09/19 20:46:03
23029	1	P1	0	NO PLAY	0	-	false	2026/09/19 20:46:03
23029	1	DP	0	NO PLAY	0	-	false	2026/09/19 20:46:03
23029	2	P1	0	NO PLAY	0	-	false	2026/09/19 20:46:03
23029	2	DP	0	NO PLAY	0	-	false	2026/09/19 20:46:03
23029	3	P1	0	NO PLAY	0	-	false	2026/09/19 20:46:03
23029	3	DP	6	EX HARD CLEAR	1868	3	true	2026/09/19 20:46:03
23029	4	P1	0	NO PLAY	0	-	false	2026/09/19 20:46:03
23029	4	DP	0	NO PLAY	0	-	false	2026/09/19 20:46:03
23030	0	P1	0	NO PLAY	0	-	false	2026/09/19 20:46:03
23030	0	DP	0	NO PLAY	0	-	false	2026/09/19 20:46:03
23030	1	P1	0	NO PLAY	0	-	false	2026/09/19 20:46:03
23030	1	DP	0	NO PLAY	0	-	false	2026/09/19 20:46:03
23030	2	P1	0	NO PLAY	0	-	false	2026/09/19 20:46:03
23030	2	DP	0	NO PLAY	0	-	false	2026/09/19 20:46:03
23030	3	P1	0	NO PLAY	0	-	false	2026/09/19 20:46:03
23030	3	DP	6	EX HARD CLEAR	2009	13	true	2026/09/19 20:46:03
23030	4	P1	0	NO PLAY	0	-	false	2026/09/19 20:46:03
23030	4	DP	0	NO PLAY	0	-	false	2026/09/19 20:46:03
23031	0	P1	0	NO PLAY	0	-	false	2026/09/19 20:46:03
23031	0	DP	0	NO PLAY	0	-	false	2026/09/19 20:46:03
23031	1	P1	0	NO PLAY	0	-	false	2026/09/19 20:46:03
23031	1	DP	0	NO PLAY	0	-	false	2026/09/19 20:46:03
23031	2	P1	0	NO PLAY	0	-	false	2026/09/19 20:46:03
23031	2	DP	0	NO PLAY	0	-	false	2026/09/19 20:46:03
23031	3	P1	0	NO PLAY	0	-	false	2026/09/19 20:46:03
23031	3	DP	6	EX HARD CLEAR	2419	10	true	2026/09/19 20:46:03
23031	4	P1	6	EX HARD CLEAR	2835	10	true	2026/09/19 20:46:03
23031	4	DP	5	HARD CLEAR	3011	30	true	2026/09/19 20:46:03
23032	0	P1	0	NO PLAY	0	-	false	2026/09/19 20:46:03
23032	0	DP	0	NO PLAY	0	-	false	2026/09/19 20:46:03
23032	1	P1	0	NO PLAY	0	-	false	2026/09/19 20:46:03
23032	1	DP	0	NO PLAY	0	-	false	2026/09/19 20:46:03
23032	2	P1	0	NO PLAY	0	-	false	2026/09/19 20:46:03
23032	2	DP	0	NO PLAY	0	-	false	2026/09/19 20:46:03
23032	3	P1	0	NO PLAY	0	-	false	2026/09/19 20:46:03
23032	3	DP	0	NO PLAY	0	-	false	2026/09/19 20:46:03
23032	4	P1	0	NO PLAY	0	-	false	2026/09/19 20:46:03
23032	4	DP	0	NO PLAY	0	-	false	2026/09/19 20:46:03
23034	0	P1	0	NO PLAY	0	-	false	2026/09/19 20:46:03
23034	0	DP	0	NO PLAY	0	-	false	2026/09/19 20:46:03
23034	1	P1	0	NO PLAY	0	-	false	2026/09/19 20:46:03
23034	1	DP	0	NO PLAY	0	-	false	2026/09/19 20:46:03
23034	2	P1	0	NO PLAY	0	-	false	2026/09/19 20:46:03
23034	2	DP	0	NO PLAY	0	-	false	2026/09/19 20:46:03
23034	3	P1	0	NO PLAY	0	-	false	2026/09/19 20:46:03
23034	3	DP	0	NO PLAY	0	-	false	2026/09/19 20:46:03
23034	4	P1	0	NO PLAY	0	-	false	2026/09/19 20:46:03
23034	4	DP	0	NO PLAY	0	-	false	2026/09/19 20:46:03
23035	0	P1	0	NO PLAY	0	-	false	2026/09/19 20:46:03
23035	0	DP	0	NO PLAY	0	-	false	2026/09/19 20:46:03
23035	1	P1	0	NO PLAY	0	-	false	2026/09/19 20:46:03
23035	1	DP	0	NO PLAY	0	-	false	2026/09/19 20:46:03
23035	2	P1	0	NO PLAY	0	-	false	2026/09/19 20:46:03
23035	2	DP	0	NO PLAY	0	-	false	2026/09/19 20:46:03
23035	3	P1	0	NO PLAY	0	-	false	2026/09/19 20:46:03
23035	3	DP	0	NO PLAY	0	-	false	2026/09/19 20:46:03
23035	4	P1	0	NO PLAY	0	-	false	2026/09/19 20:46:03
23035	4	DP	0	NO PLAY	0	-	false	2026/09/19 20:46:03
23036	0	P1	0	NO PLAY	0	-	false	2026/09/19 20:46:03
23036	0	DP	0	NO PLAY	0	-	false	2026/09/19 20:46:03
23036	1	P1	0	NO PLAY	0	-	false	2026/09/19 20:46:03
23036	1	DP	0	NO PLAY	0	-	false	2026/09/19 20:46:03
23036	2	P1	0	NO PLAY	0	-	false	2026/09/19 20:46:03
23036	2	DP	0	NO PLAY	0	-	false	2026/09/19 20:46:03
23036	3	P1	0	NO PLAY	0	-	false	2026/09/19 20:46:03
23036	3	DP	6	EX HARD CLEAR	2078	10	true	2026/09/19 20:46:03
23036	4	P1	0	NO PLAY	0	-	false	2026/09/19 20:46:03
23036	4	DP	0	NO PLAY	0	-	false	2026/09/19 20:46:03
23037	0	P1	0	NO PLAY	0	-	false	2026/09/19 20:46:03
23037	0	DP	0	NO PLAY	0	-	false	2026/09/19 20:46:03
23037	1	P1	0	NO PLAY	0	-	false	2026/09/19 20:46:03
23037	1	DP	0	NO PLAY	0	-	false	2026/09/19 20:46:03
23037	2	P1	0	NO PLAY	0	-	false	2026/09/19 20:46:03
23037	2	DP	0	NO PLAY	0	-	false	2026/09/19 20:46:03
23037	3	P1	6	EX HARD CLEAR	2253	22	true	2026/09/19 20:46:03
23037	3	DP	6	EX HARD CLEAR	2389	10	true	2026/09/19 20:46:03
23037	4	P1	0	NO PLAY	0	-	false	2026/09/19 20:46:03
23037	4	DP	0	NO PLAY	0	-	false	2026/09/19 20:46:03
23038	0	P1	0	NO PLAY	0	-	false	2026/09/19 20:46:03
23038	0	DP	0	NO PLAY	0	-	false	2026/09/19 20:46:03
23038	1	P1	0	NO PLAY	0	-	false	2026/09/19 20:46:03
23038	1	DP	0	NO PLAY	0	-	false	2026/09/19 20:46:03
23038	2	P1	0	NO PLAY	0	-	false	2026/09/19 20:46:03
23038	2	DP	0	NO PLAY	0	-	false	2026/09/19 20:46:03
23038	3	P1	0	NO PLAY	0	-	false	2026/09/19 20:46:03
23038	3	DP	0	NO PLAY	0	-	false	2026/09/19 20:46:03
23038	4	P1	0	NO PLAY	0	-	false	2026/09/19 20:46:03
23038	4	DP	0	NO PLAY	0	-	false	2026/09/19 20:46:03
23039	0	P1	0	NO PLAY	0	-	false	2026/09/19 20:46:03
23039	0	DP	0	NO PLAY	0	-	false	2026/09/19 20:46:03
23039	1	P1	0	NO PLAY	0	-	false	2026/09/19 20:46:03
23039	1	DP	0	NO PLAY	0	-	false	2026/09/19 20:46:03
23039	2	P1	0	NO PLAY	0	-	false	2026/09/19 20:46:03
23039	2	DP	0	NO PLAY	0	-	false	2026/09/19 20:46:03
23039	3	P1	0	NO PLAY	0	-	false	2026/09/19 20:46:03
23039	3	DP	6	EX HARD CLEAR	1897	12	true	2026/09/19 20:46:03
23039	4	P1	0	NO PLAY	0	-	false	2026/09/19 20:46:03
23039	4	DP	0	NO PLAY	0	-	false	2026/09/19 20:46:03
23040	0	P1	0	NO PLAY	0	-	false	2026/09/19 20:46:03
23040	0	DP	0	NO PLAY	0	-	false	2026/09/19 20:46:03
23040	1	P1	0	NO PLAY	0	-	false	2026/09/19 20:46:03
23040	1	DP	0	NO PLAY	0	-	false	2026/09/19 20:46:03
23040	2	P1	0	NO PLAY	0	-	false	2026/09/19 20:46:03
23040	2	DP	0	NO PLAY	0	-	false	2026/09/19 20:46:03
23040	3	P1	0	NO PLAY	0	-	false	2026/09/19 20:46:03
23040	3	DP	0	NO PLAY	0	-	false	2026/09/19 20:46:03
23040	4	P1	0	NO PLAY	0	-	false	2026/09/19 20:46:03
23040	4	DP	0	NO PLAY	0	-	false	2026/09/19 20:46:03
23041	0	P1	0	NO PLAY	0	-	false	2026/09/19 20:46:03
23041	0	DP	0	NO PLAY	0	-	false	2026/09/19 20:46:03
23041	1	P1	0	NO PLAY	0	-	false	2026/09/19 20:46:03
23041	1	DP	0	NO PLAY	0	-	false	2026/09/19 20:46:03
23041	2	P1	0	NO PLAY	0	-	false	2026/09/19 20:46:03
23041	2	DP	0	NO PLAY	0	-	false	2026/09/19 20:46:03
23041	3	P1	5	HARD CLEAR	2551	51	true	2026/09/19 20:46:03
23041	3	DP	5	HARD CLEAR	2716	57	true	2026/09/19 20:46:03
23041	4	P1	0	NO PLAY	0	-	false	2026/09/19 20:46:03
23041	4	DP	0	NO PLAY	0	-	false	2026/09/19 20:46:03
23042	0	P1	0	NO PLAY	0	-	false	2026/09/19 20:46:03
23042	0	DP	0	NO PLAY	0	-	false	2026/09/19 20:46:03
23042	1	P1	0	NO PLAY	0	-	false	2026/09/19 20:46:03
23042	1	DP	0	NO PLAY	0	-	false	2026/09/19 20:46:03
23042	2	P1	0	NO PLAY	0	-	false	2026/09/19 20:46:03
23042	2	DP	0	NO PLAY	0	-	false	2026/09/19 20:46:03
23042	3	P1	0	NO PLAY	0	-	false	2026/09/19 20:46:03
23042	3	DP	6	EX HARD CLEAR	2037	7	true	2026/09/19 20:46:03
23042	4	P1	0	NO PLAY	0	-	false	2026/09/19 20:46:03
23042	4	DP	0	NO PLAY	0	-	false	2026/09/19 20:46:03
23043	0	P1	0	NO PLAY	0	-	false	2026/09/19 20:46:03
23043	0	DP	0	NO PLAY	0	-	false	2026/09/19 20:46:03
23043	1	P1	0	NO PLAY	0	-	false	2026/09/19 20:46:03
23043	1	DP	0	NO PLAY	0	-	false	2026/09/19 20:46:03
23043	2	P1	0	NO PLAY	0	-	false	2026/09/19 20:46:03
23043	2	DP	0	NO PLAY	0	-	false	2026/09/19 20:46:03
23043	3	P1	0	NO PLAY	0	-	false	2026/09/19 20:46:03
23043	3	DP	0	NO PLAY	0	-	false	2026/09/19 20:46:03
23043	4	P1	0	NO PLAY	0	-	false	2026/09/19 20:46:03
23043	4	DP	0	NO PLAY	0	-	false	2026/09/19 20:46:03
23045	0	P1	0	NO PLAY	0	-	false	2026/09/19 20:46:03
23045	0	DP	0	NO PLAY	0	-	false	2026/09/19 20:46:03
23045	1	P1	0	NO PLAY	0	-	false	2026/09/19 20:46:03
23045	1	DP	0	NO PLAY	0	-	false	2026/09/19 20:46:03
23045	2	P1	0	NO PLAY	0	-	false	2026/09/19 20:46:03
23045	2	DP	0	NO PLAY	0	-	false	2026/09/19 20:46:03
23045	3	P1	6	EX HARD CLEAR	2793	12	true	2026/09/19 20:46:03
23045	3	DP	5	HARD CLEAR	2630	49	true	2026/09/19 20:46:03
23045	4	P1	0	NO PLAY	0	-	false	2026/09/19 20:46:03
23045	4	DP	0	NO PLAY	0	-	false	2026/09/19 20:46:03
23046	0	P1	0	NO PLAY	0	-	false	2026/09/19 20:46:03
23046	0	DP	0	NO PLAY	0	-	false	2026/09/19 20:46:03
23046	1	P1	0	NO PLAY	0	-	false	2026/09/19 20:46:03
23046	1	DP	0	NO PLAY	0	-	false	2026/09/19 20:46:03
23046	2	P1	0	NO PLAY	0	-	false	2026/09/19 20:46:03
23046	2	DP	0	NO PLAY	0	-	false	2026/09/19 20:46:03
23046	3	P1	0	NO PLAY	0	-	false	2026/09/19 20:46:03
23046	3	DP	0	NO PLAY	0	-	false	2026/09/19 20:46:03
23046	4	P1	0	NO PLAY	0	-	false	2026/09/19 20:46:03
23046	4	DP	0	NO PLAY	0	-	false	2026/09/19 20:46:03
23047	0	P1	0	NO PLAY	0	-	false	2026/09/19 20:46:03
23047	0	DP	0	NO PLAY	0	-	false	2026/09/19 20:46:03
23047	1	P1	0	NO PLAY	0	-	false	2026/09/19 20:46:03
23047	1	DP	0	NO PLAY	0	-	false	2026/09/19 20:46:03
23047	2	P1	0	NO PLAY	0	-	false	2026/09/19 20:46:03
23047	2	DP	0	NO PLAY	0	-	false	2026/09/19 20:46:03
23047	3	P1	0	NO PLAY	0	-	false	2026/09/19 20:46:03
23047	3	DP	6	EX HARD CLEAR	2470	6	true	2026/09/19 20:46:03
23047	4	P1	0	NO PLAY	0	-	false	2026/09/19 20:46:03
23047	4	DP	0	NO PLAY	0	-	false	2026/09/19 20:46:03
23048	0	P1	0	NO PLAY	0	-	false	2026/09/19 20:46:03
23048	0	DP	0	NO PLAY	0	-	false	2026/09/19 20:46:03
23048	1	P1	0	NO PLAY	0	-	false	2026/09/19 20:46:03
23048	1	DP	0	NO PLAY	0	-	false	2026/09/19 20:46:03
23048	2	P1	0	NO PLAY	0	-	false	2026/09/19 20:46:03
23048	2	DP	0	NO PLAY	0	-	false	2026/09/19 20:46:03
23048	3	P1	6	EX HARD CLEAR	2371	5	true	2026/09/19 20:46:03
23048	3	DP	6	EX HARD CLEAR	2265	8	true	2026/09/19 20:46:03
23048	4	P1	0	NO PLAY	0	-	false	2026/09/19 20:46:03
23048	4	DP	0	NO PLAY	0	-	false	2026/09/19 20:46:03
23049	0	P1	0	NO PLAY	0	-	false	2026/09/19 20:46:03
23049	0	DP	0	NO PLAY	0	-	false	2026/09/19 20:46:03
23049	1	P1	0	NO PLAY	0	-	false	2026/09/19 20:46:03
23049	1	DP	0	NO PLAY	0	-	false	2026/09/19 20:46:03
23049	2	P1	0	NO PLAY	0	-	false	2026/09/19 20:46:03
23049	2	DP	0	NO PLAY	0	-	false	2026/09/19 20:46:03
23049	3	P1	0	NO PLAY	0	-	false	2026/09/19 20:46:03
23049	3	DP	0	NO PLAY	0	-	false	2026/09/19 20:46:03
23049	4	P1	0	NO PLAY	0	-	false	2026/09/19 20:46:03
23049	4	DP	0	NO PLAY	0	-	false	2026/09/19 20:46:03
23050	0	P1	0	NO PLAY	0	-	false	2026/09/19 20:46:03
23050	0	DP	0	NO PLAY	0	-	false	2026/09/19 20:46:03
23050	1	P1	0	NO PLAY	0	-	false	2026/09/19 20:46:03
23050	1	DP	0	NO PLAY	0	-	false	2026/09/19 20:46:03
23050	2	P1	0	NO PLAY	0	-	false	2026/09/19 20:46:03
23050	2	DP	0	NO PLAY	0	-	false	2026/09/19 20:46:03
23050	3	P1	0	NO PLAY	0	-	false	2026/09/19 20:46:03
23050	3	DP	0	NO PLAY	0	-	false	2026/09/19 20:46:03
23050	4	P1	0	NO PLAY	0	-	false	2026/09/19 20:46:03
23050	4	DP	0	NO PLAY	0	-	false	2026/09/19 20:46:03
23051	0	P1	0	NO PLAY	0	-	false	2026/09/19 20:46:03
23051	0	DP	0	NO PLAY	0	-	false	2026/09/19 20:46:03
23051	1	P1	0	NO PLAY	0	-	false	2026/09/19 20:46:03
23051	1	DP	0	NO PLAY	0	-	false	2026/09/19 20:46:03
23051	2	P1	6	EX HARD CLEAR	1839	2	true	2026/09/19 20:46:03
23051	2	DP	6	EX HARD CLEAR	1642	9	true	2026/09/19 20:46:03
23051	3	P1	5	HARD CLEAR	2511	46	true	2026/09/19 20:46:03
23051	3	DP	5	HARD CLEAR	2295	51	true	2026/09/19 20:46:03
23051	4	P1	0	NO PLAY	0	-	false	2026/09/19 20:46:03
23051	4	DP	0	NO PLAY	0	-	false	2026/09/19 20:46:03
23052	0	P1	0	NO PLAY	0	-	false	2026/09/19 20:46:03
23052	0	DP	0	NO PLAY	0	-	false	2026/09/19 20:46:03
23052	1	P1	0	NO PLAY	0	-	false	2026/09/19 20:46:03
23052	1	DP	0	NO PLAY	0	-	false	2026/09/19 20:46:03
23052	2	P1	0	NO PLAY	0	-	false	2026/09/19 20:46:03
23052	2	DP	0	NO PLAY	0	-	false	2026/09/19 20:46:03
23052	3	P1	0	NO PLAY	0	-	false	2026/09/19 20:46:03
23052	3	DP	0	NO PLAY	0	-	false	2026/09/19 20:46:03
23052	4	P1	0	NO PLAY	0	-	false	2026/09/19 20:46:03
23052	4	DP	0	NO PLAY	0	-	false	2026/09/19 20:46:03
23053	0	P1	0	NO PLAY	0	-	false	2026/09/19 20:46:03
23053	0	DP	0	NO PLAY	0	-	false	2026/09/19 20:46:03
23053	1	P1	0	NO PLAY	0	-	false	2026/09/19 20:46:03
23053	1	DP	0	NO PLAY	0	-	false	2026/09/19 20:46:03
23053	2	P1	0	NO PLAY	0	-	false	2026/09/19 20:46:03
23053	2	DP	0	NO PLAY	0	-	false	2026/09/19 20:46:03
23053	3	P1	0	NO PLAY	0	-	false	2026/09/19 20:46:03
23053	3	DP	0	NO PLAY	0	-	false	2026/09/19 20:46:03
23053	4	P1	0	NO PLAY	0	-	false	2026/09/19 20:46:03
23053	4	DP	0	NO PLAY	0	-	false	2026/09/19 20:46:03
23054	0	P1	0	NO PLAY	0	-	false	2026/09/19 20:46:03
23054	0	DP	0	NO PLAY	0	-	false	2026/09/19 20:46:03
23054	1	P1	0	NO PLAY	0	-	false	2026/09/19 20:46:03
23054	1	DP	0	NO PLAY	0	-	false	2026/09/19 20:46:03
23054	2	P1	0	NO PLAY	0	-	false	2026/09/19 20:46:03
23054	2	DP	0	NO PLAY	0	-	false	2026/09/19 20:46:03
23054	3	P1	0	NO PLAY	0	-	false	2026/09/19 20:46:03
23054	3	DP	0	NO PLAY	0	-	false	2026/09/19 20:46:03
23054	4	P1	0	NO PLAY	0	-	false	2026/09/19 20:46:03
23054	4	DP	6	EX HARD CLEAR	2172	14	true	2026/09/19 20:46:03
23055	0	P1	0	NO PLAY	0	-	false	2026/09/19 20:46:03
23055	0	DP	0	NO PLAY	0	-	false	2026/09/19 20:46:03
23055	1	P1	0	NO PLAY	0	-	false	2026/09/19 20:46:03
23055	1	DP	0	NO PLAY	0	-	false	2026/09/19 20:46:03
23055	2	P1	0	NO PLAY	0	-	false	2026/09/19 20:46:03
23055	2	DP	0	NO PLAY	0	-	false	2026/09/19 20:46:03
23055	3	P1	5	HARD CLEAR	1846	32	true	2026/09/19 20:46:03
23055	3	DP	5	HARD CLEAR	1821	32	true	2026/09/19 20:46:03
23055	4	P1	0	NO PLAY	0	-	false	2026/09/19 20:46:03
23055	4	DP	0	NO PLAY	0	-	false	2026/09/19 20:46:03
23056	0	P1	0	NO PLAY	0	-	false	2026/09/19 20:46:03
23056	0	DP	0	NO PLAY	0	-	false	2026/09/19 20:46:03
23056	1	P1	0	NO PLAY	0	-	false	2026/09/19 20:46:03
23056	1	DP	7	FULL COMBO	1020	1	true	2026/09/19 20:46:03
23056	2	P1	0	NO PLAY	0	-	false	2026/09/19 20:46:03
23056	2	DP	7	FULL COMBO	1447	0	true	2026/09/19 20:46:03
23056	3	P1	0	NO PLAY	0	-	false	2026/09/19 20:46:03
23056	3	DP	1	FAILED	853	-	false	2026/09/19 20:46:03
23056	4	P1	0	NO PLAY	0	-	false	2026/09/19 20:46:03
23056	4	DP	0	NO PLAY	0	-	false	2026/09/19 20:46:03
23057	0	P1	0	NO PLAY	0	-	false	2026/09/19 20:46:03
23057	0	DP	0	NO PLAY	0	-	false	2026/09/19 20:46:03
23057	1	P1	0	NO PLAY	0	-	false	2026/09/19 20:46:03
23057	1	DP	0	NO PLAY	0	-	false	2026/09/19 20:46:03
23057	2	P1	0	NO PLAY	0	-	false	2026/09/19 20:46:03
23057	2	DP	0	NO PLAY	0	-	false	2026/09/19 20:46:03
23057	3	P1	0	NO PLAY	0	-	false	2026/09/19 20:46:03
23057	3	DP	6	EX HARD CLEAR	1942	12	true	2026/09/19 20:46:03
23057	4	P1	0	NO PLAY	0	-	false	2026/09/19 20:46:03
23057	4	DP	0	NO PLAY	0	-	false	2026/09/19 20:46:03
23058	0	P1	0	NO PLAY	0	-	false	2026/09/19 20:46:03
23058	0	DP	0	NO PLAY	0	-	false	2026/09/19 20:46:03
23058	1	P1	0	NO PLAY	0	-	false	2026/09/19 20:46:03
23058	1	DP	0	NO PLAY	0	-	false	2026/09/19 20:46:03
23058	2	P1	0	NO PLAY	0	-	false	2026/09/19 20:46:03
23058	2	DP	0	NO PLAY	0	-	false	2026/09/19 20:46:03
23058	3	P1	0	NO PLAY	0	-	false	2026/09/19 20:46:03
23058	3	DP	0	NO PLAY	0	-	false	2026/09/19 20:46:03
23058	4	P1	0	NO PLAY	0	-	false	2026/09/19 20:46:03
23058	4	DP	0	NO PLAY	0	-	false	2026/09/19 20:46:03
23059	0	P1	0	NO PLAY	0	-	false	2026/09/19 20:46:03
23059	0	DP	0	NO PLAY	0	-	false	2026/09/19 20:46:03
23059	1	P1	0	NO PLAY	0	-	false	2026/09/19 20:46:03
23059	1	DP	0	NO PLAY	0	-	false	2026/09/19 20:46:03
23059	2	P1	0	NO PLAY	0	-	false	2026/09/19 20:46:03
23059	2	DP	0	NO PLAY	0	-	false	2026/09/19 20:46:03
23059	3	P1	0	NO PLAY	0	-	false	2026/09/19 20:46:03
23059	3	DP	0	NO PLAY	0	-	false	2026/09/19 20:46:03
23059	4	P1	0	NO PLAY	0	-	false	2026/09/19 20:46:03
23059	4	DP	0	NO PLAY	0	-	false	2026/09/19 20:46:03
23060	0	P1	0	NO PLAY	0	-	false	2026/09/19 20:46:03
23060	0	DP	0	NO PLAY	0	-	false	2026/09/19 20:46:03
23060	1	P1	1	FAILED	43	32	true	2026/09/19 20:46:03
23060	1	DP	0	NO PLAY	0	-	false	2026/09/19 20:46:03
23060	2	P1	0	NO PLAY	0	-	false	2026/09/19 20:46:03
23060	2	DP	0	NO PLAY	0	-	false	2026/09/19 20:46:03
23060	3	P1	0	NO PLAY	0	-	false	2026/09/19 20:46:03
23060	3	DP	0	NO PLAY	0	-	false	2026/09/19 20:46:03
23060	4	P1	0	NO PLAY	0	-	false	2026/09/19 20:46:03
23060	4	DP	0	NO PLAY	0	-	false	2026/09/19 20:46:03
23061	0	P1	0	NO PLAY	0	-	false	2026/09/19 20:46:03
23061	0	DP	0	NO PLAY	0	-	false	2026/09/19 20:46:03
23061	1	P1	0	NO PLAY	0	-	false	2026/09/19 20:46:03
23061	1	DP	0	NO PLAY	0	-	false	2026/09/19 20:46:03
23061	2	P1	0	NO PLAY	0	-	false	2026/09/19 20:46:03
23061	2	DP	0	NO PLAY	0	-	false	2026/09/19 20:46:03
23061	3	P1	5	HARD CLEAR	2473	26	true	2026/09/19 20:46:03
23061	3	DP	6	EX HARD CLEAR	2941	22	true	2026/09/19 20:46:03
23061	4	P1	0	NO PLAY	0	-	false	2026/09/19 20:46:03
23061	4	DP	0	NO PLAY	0	-	false	2026/09/19 20:46:03
23062	0	P1	0	NO PLAY	0	-	false	2026/09/19 20:46:03
23062	0	DP	0	NO PLAY	0	-	false	2026/09/19 20:46:03
23062	1	P1	1	FAILED	65	42	true	2026/09/19 20:46:03
23062	1	DP	0	NO PLAY	0	-	false	2026/09/19 20:46:03
23062	2	P1	0	NO PLAY	0	-	false	2026/09/19 20:46:03
23062	2	DP	0	NO PLAY	0	-	false	2026/09/19 20:46:03
23062	3	P1	0	NO PLAY	0	-	false	2026/09/19 20:46:03
23062	3	DP	6	EX HARD CLEAR	1518	5	true	2026/09/19 20:46:03
23062	4	P1	0	NO PLAY	0	-	false	2026/09/19 20:46:03
23062	4	DP	0	NO PLAY	0	-	false	2026/09/19 20:46:03
23063	0	P1	0	NO PLAY	0	-	false	2026/09/19 20:46:03
23063	0	DP	0	NO PLAY	0	-	false	2026/09/19 20:46:03
23063	1	P1	0	NO PLAY	0	-	false	2026/09/19 20:46:03
23063	1	DP	0	NO PLAY	0	-	false	2026/09/19 20:46:03
23063	2	P1	0	NO PLAY	0	-	false	2026/09/19 20:46:03
23063	2	DP	0	NO PLAY	0	-	false	2026/09/19 20:46:03
23063	3	P1	5	HARD CLEAR	2649	33	true	2026/09/19 20:46:03
23063	3	DP	6	EX HARD CLEAR	2510	18	true	2026/09/19 20:46:03
23063	4	P1	0	NO PLAY	0	-	false	2026/09/19 20:46:03
23063	4	DP	0	NO PLAY	0	-	false	2026/09/19 20:46:03
23065	0	P1	0	NO PLAY	0	-	false	2026/09/19 20:46:03
23065	0	DP	0	NO PLAY	0	-	false	2026/09/19 20:46:03
23065	1	P1	0	NO PLAY	0	-	false	2026/09/19 20:46:03
23065	1	DP	0	NO PLAY	0	-	false	2026/09/19 20:46:03
23065	2	P1	0	NO PLAY	0	-	false	2026/09/19 20:46:03
23065	2	DP	0	NO PLAY	0	-	false	2026/09/19 20:46:03
23065	3	P1	0	NO PLAY	0	-	false	2026/09/19 20:46:03
23065	3	DP	5	HARD CLEAR	2608	36	true	2026/09/19 20:46:03
23065	4	P1	0	NO PLAY	0	-	false	2026/09/19 20:46:03
23065	4	DP	0	NO PLAY	0	-	false	2026/09/19 20:46:03
23067	0	P1	0	NO PLAY	0	-	false	2026/09/19 20:46:03
23067	0	DP	0	NO PLAY	0	-	false	2026/09/19 20:46:03
23067	1	P1	0	NO PLAY	0	-	false	2026/09/19 20:46:03
23067	1	DP	0	NO PLAY	0	-	false	2026/09/19 20:46:03
23067	2	P1	0	NO PLAY	0	-	false	2026/09/19 20:46:03
23067	2	DP	0	NO PLAY	0	-	false	2026/09/19 20:46:03
23067	3	P1	0	NO PLAY	0	-	false	2026/09/19 20:46:03
23067	3	DP	6	EX HARD CLEAR	1850	8	true	2026/09/19 20:46:03
23067	4	P1	0	NO PLAY	0	-	false	2026/09/19 20:46:03
23067	4	DP	0	NO PLAY	0	-	false	2026/09/19 20:46:03
23068	0	P1	0	NO PLAY	0	-	false	2026/09/19 20:46:03
23068	0	DP	0	NO PLAY	0	-	false	2026/09/19 20:46:03
23068	1	P1	0	NO PLAY	0	-	false	2026/09/19 20:46:03
23068	1	DP	0	NO PLAY	0	-	false	2026/09/19 20:46:03
23068	2	P1	0	NO PLAY	0	-	false	2026/09/19 20:46:03
23068	2	DP	0	NO PLAY	0	-	false	2026/09/19 20:46:03
23068	3	P1	0	NO PLAY	0	-	false	2026/09/19 20:46:03
23068	3	DP	6	EX HARD CLEAR	2427	16	true	2026/09/19 20:46:03
23068	4	P1	0	NO PLAY	0	-	false	2026/09/19 20:46:03
23068	4	DP	0	NO PLAY	0	-	false	2026/09/19 20:46:03
23069	0	P1	0	NO PLAY	0	-	false	2026/09/19 20:46:03
23069	0	DP	0	NO PLAY	0	-	false	2026/09/19 20:46:03
23069	1	P1	0	NO PLAY	0	-	false	2026/09/19 20:46:03
23069	1	DP	0	NO PLAY	0	-	false	2026/09/19 20:46:03
23069	2	P1	0	NO PLAY	0	-	false	2026/09/19 20:46:03
23069	2	DP	0	NO PLAY	0	-	false	2026/09/19 20:46:03
23069	3	P1	0	NO PLAY	0	-	false	2026/09/19 20:46:03
23069	3	DP	6	EX HARD CLEAR	2860	22	true	2026/09/19 20:46:03
23069	4	P1	0	NO PLAY	0	-	false	2026/09/19 20:46:03
23069	4	DP	0	NO PLAY	0	-	false	2026/09/19 20:46:03
23070	0	P1	0	NO PLAY	0	-	false	2026/09/19 20:46:03
23070	0	DP	0	NO PLAY	0	-	false	2026/09/19 20:46:03
23070	1	P1	0	NO PLAY	0	-	false	2026/09/19 20:46:03
23070	1	DP	0	NO PLAY	0	-	false	2026/09/19 20:46:03
23070	2	P1	0	NO PLAY	0	-	false	2026/09/19 20:46:03
23070	2	DP	0	NO PLAY	0	-	false	2026/09/19 20:46:03
23070	3	P1	0	NO PLAY	0	-	false	2026/09/19 20:46:03
23070	3	DP	6	EX HARD CLEAR	2150	12	true	2026/09/19 20:46:03
23070	4	P1	6	EX HARD CLEAR	2864	21	true	2026/09/19 20:46:03
23070	4	DP	6	EX HARD CLEAR	2809	20	true	2026/09/19 20:46:03
23074	0	P1	0	NO PLAY	0	-	false	2026/09/19 20:46:03
23074	0	DP	0	NO PLAY	0	-	false	2026/09/19 20:46:03
23074	1	P1	0	NO PLAY	0	-	false	2026/09/19 20:46:03
23074	1	DP	0	NO PLAY	0	-	false	2026/09/19 20:46:03
23074	2	P1	5	HARD CLEAR	1699	32	true	2026/09/19 20:46:03
23074	2	DP	0	NO PLAY	0	-	false	2026/09/19 20:46:03
23074	3	P1	7	FULL COMBO	2687	2	true	2026/09/19 20:46:03
23074	3	DP	6	EX HARD CLEAR	2762	19	true	2026/09/19 20:46:03
23074	4	P1	0	NO PLAY	0	-	false	2026/09/19 20:46:03
23074	4	DP	0	NO PLAY	0	-	false	2026/09/19 20:46:03
23075	0	P1	0	NO PLAY	0	-	false	2026/09/19 20:46:03
23075	0	DP	0	NO PLAY	0	-	false	2026/09/19 20:46:03
23075	1	P1	0	NO PLAY	0	-	false	2026/09/19 20:46:03
23075	1	DP	0	NO PLAY	0	-	false	2026/09/19 20:46:03
23075	2	P1	0	NO PLAY	0	-	false	2026/09/19 20:46:03
23075	2	DP	0	NO PLAY	0	-	false	2026/09/19 20:46:03
23075	3	P1	6	EX HARD CLEAR	2539	19	true	2026/09/19 20:46:03
23075	3	DP	5	HARD CLEAR	2488	32	true	2026/09/19 20:46:03
23075	4	P1	0	NO PLAY	0	-	false	2026/09/19 20:46:03
23075	4	DP	0	NO PLAY	0	-	false	2026/09/19 20:46:03
23076	0	P1	0	NO PLAY	0	-	false	2026/09/19 20:46:03
23076	0	DP	0	NO PLAY	0	-	false	2026/09/19 20:46:03
23076	1	P1	0	NO PLAY	0	-	false	2026/09/19 20:46:03
23076	1	DP	0	NO PLAY	0	-	false	2026/09/19 20:46:03
23076	2	P1	0	NO PLAY	0	-	false	2026/09/19 20:46:03
23076	2	DP	0	NO PLAY	0	-	false	2026/09/19 20:46:03
23076	3	P1	0	NO PLAY	0	-	false	2026/09/19 20:46:03
23076	3	DP	6	EX HARD CLEAR	2138	7	true	2026/09/19 20:46:03
23076	4	P1	0	NO PLAY	0	-	false	2026/09/19 20:46:03
23076	4	DP	0	NO PLAY	0	-	false	2026/09/19 20:46:03
23077	0	P1	0	NO PLAY	0	-	false	2026/09/19 20:46:03
23077	0	DP	0	NO PLAY	0	-	false	2026/09/19 20:46:03
23077	1	P1	0	NO PLAY	0	-	false	2026/09/19 20:46:03
23077	1	DP	0	NO PLAY	0	-	false	2026/09/19 20:46:03
23077	2	P1	0	NO PLAY	0	-	false	2026/09/19 20:46:03
23077	2	DP	0	NO PLAY	0	-	false	2026/09/19 20:46:03
23077	3	P1	0	NO PLAY	0	-	false	2026/09/19 20:46:03
23077	3	DP	0	NO PLAY	0	-	false	2026/09/19 20:46:03
23077	4	P1	0	NO PLAY	0	-	false	2026/09/19 20:46:03
23077	4	DP	0	NO PLAY	0	-	false	2026/09/19 20:46:03
23082	0	P1	0	NO PLAY	0	-	false	2026/09/19 20:46:03
23082	0	DP	0	NO PLAY	0	-	false	2026/09/19 20:46:03
23082	1	P1	0	NO PLAY	0	-	false	2026/09/19 20:46:03
23082	1	DP	0	NO PLAY	0	-	false	2026/09/19 20:46:03
23082	2	P1	0	NO PLAY	0	-	false	2026/09/19 20:46:03
23082	2	DP	0	NO PLAY	0	-	false	2026/09/19 20:46:03
23082	3	P1	0	NO PLAY	0	-	false	2026/09/19 20:46:03
23082	3	DP	0	NO PLAY	0	-	false	2026/09/19 20:46:03
23082	4	P1	0	NO PLAY	0	-	false	2026/09/19 20:46:03
23082	4	DP	0	NO PLAY	0	-	false	2026/09/19 20:46:03
23083	0	P1	0	NO PLAY	0	-	false	2026/09/19 20:46:03
23083	0	DP	0	NO PLAY	0	-	false	2026/09/19 20:46:03
23083	1	P1	0	NO PLAY	0	-	false	2026/09/19 20:46:03
23083	1	DP	0	NO PLAY	0	-	false	2026/09/19 20:46:03
23083	2	P1	0	NO PLAY	0	-	false	2026/09/19 20:46:03
23083	2	DP	0	NO PLAY	0	-	false	2026/09/19 20:46:03
23083	3	P1	6	EX HARD CLEAR	2459	8	true	2026/09/19 20:46:03
23083	3	DP	6	EX HARD CLEAR	2251	11	true	2026/09/19 20:46:03
23083	4	P1	0	NO PLAY	0	-	false	2026/09/19 20:46:03
23083	4	DP	0	NO PLAY	0	-	false	2026/09/19 20:46:03
23084	0	P1	0	NO PLAY	0	-	false	2026/09/19 20:46:03
23084	0	DP	0	NO PLAY	0	-	false	2026/09/19 20:46:03
23084	1	P1	0	NO PLAY	0	-	false	2026/09/19 20:46:03
23084	1	DP	0	NO PLAY	0	-	false	2026/09/19 20:46:03
23084	2	P1	0	NO PLAY	0	-	false	2026/09/19 20:46:03
23084	2	DP	0	NO PLAY	0	-	false	2026/09/19 20:46:03
23084	3	P1	0	NO PLAY	0	-	false	2026/09/19 20:46:03
23084	3	DP	0	NO PLAY	0	-	false	2026/09/19 20:46:03
23084	4	P1	0	NO PLAY	0	-	false	2026/09/19 20:46:03
23084	4	DP	6	EX HARD CLEAR	2608	16	true	2026/09/19 20:46:03
23085	0	P1	0	NO PLAY	0	-	false	2026/09/19 20:46:03
23085	0	DP	0	NO PLAY	0	-	false	2026/09/19 20:46:03
23085	1	P1	0	NO PLAY	0	-	false	2026/09/19 20:46:03
23085	1	DP	0	NO PLAY	0	-	false	2026/09/19 20:46:03
23085	2	P1	0	NO PLAY	0	-	false	2026/09/19 20:46:03
23085	2	DP	0	NO PLAY	0	-	false	2026/09/19 20:46:03
23085	3	P1	6	EX HARD CLEAR	2550	10	true	2026/09/19 20:46:03
23085	3	DP	5	HARD CLEAR	2191	49	true	2026/09/19 20:46:03
23085	4	P1	0	NO PLAY	0	-	false	2026/09/19 20:46:03
23085	4	DP	0	NO PLAY	0	-	false	2026/09/19 20:46:03
23086	0	P1	0	NO PLAY	0	-	false	2026/09/19 20:46:03
23086	0	DP	0	NO PLAY	0	-	false	2026/09/19 20:46:03
23086	1	P1	0	NO PLAY	0	-	false	2026/09/19 20:46:03
23086	1	DP	0	NO PLAY	0	-	false	2026/09/19 20:46:03
23086	2	P1	0	NO PLAY	0	-	false	2026/09/19 20:46:03
23086	2	DP	0	NO PLAY	0	-	false	2026/09/19 20:46:03
23086	3	P1	0	NO PLAY	0	-	false	2026/09/19 20:46:03
23086	3	DP	0	NO PLAY	0	-	false	2026/09/19 20:46:03
23086	4	P1	5	HARD CLEAR	2326	50	true	2026/09/19 20:46:03
23086	4	DP	5	HARD CLEAR	2424	47	true	2026/09/19 20:46:03
23087	0	P1	0	NO PLAY	0	-	false	2026/09/19 20:46:03
23087	0	DP	0	NO PLAY	0	-	false	2026/09/19 20:46:03
23087	1	P1	0	NO PLAY	0	-	false	2026/09/19 20:46:03
23087	1	DP	0	NO PLAY	0	-	false	2026/09/19 20:46:03
23087	2	P1	0	NO PLAY	0	-	false	2026/09/19 20:46:03
23087	2	DP	0	NO PLAY	0	-	false	2026/09/19 20:46:03
23087	3	P1	0	NO PLAY	0	-	false	2026/09/19 20:46:03
23087	3	DP	0	NO PLAY	0	-	false	2026/09/19 20:46:03
23087	4	P1	0	NO PLAY	0	-	false	2026/09/19 20:46:03
23087	4	DP	0	NO PLAY	0	-	false	2026/09/19 20:46:03
23088	0	P1	0	NO PLAY	0	-	false	2026/09/19 20:46:03
23088	0	DP	0	NO PLAY	0	-	false	2026/09/19 20:46:03
23088	1	P1	0	NO PLAY	0	-	false	2026/09/19 20:46:03
23088	1	DP	0	NO PLAY	0	-	false	2026/09/19 20:46:03
23088	2	P1	0	NO PLAY	0	-	false	2026/09/19 20:46:03
23088	2	DP	0	NO PLAY	0	-	false	2026/09/19 20:46:03
23088	3	P1	5	HARD CLEAR	2694	38	true	2026/09/19 20:46:03
23088	3	DP	5	HARD CLEAR	2687	50	true	2026/09/19 20:46:03
23088	4	P1	0	NO PLAY	0	-	false	2026/09/19 20:46:03
23088	4	DP	0	NO PLAY	0	-	false	2026/09/19 20:46:03
23090	0	P1	0	NO PLAY	0	-	false	2026/09/19 20:46:03
23090	0	DP	0	NO PLAY	0	-	false	2026/09/19 20:46:03
23090	1	P1	0	NO PLAY	0	-	false	2026/09/19 20:46:03
23090	1	DP	0	NO PLAY	0	-	false	2026/09/19 20:46:03
23090	2	P1	5	HARD CLEAR	1463	26	true	2026/09/19 20:46:03
23090	2	DP	6	EX HARD CLEAR	1506	8	true	2026/09/19 20:46:03
23090	3	P1	6	EX HARD CLEAR	2662	20	true	2026/09/19 20:46:03
23090	3	DP	5	HARD CLEAR	2738	49	true	2026/09/19 20:46:03
23090	4	P1	0	NO PLAY	0	-	false	2026/09/19 20:46:03
23090	4	DP	0	NO PLAY	0	-	false	2026/09/19 20:46:03
23091	0	P1	0	NO PLAY	0	-	false	2026/09/19 20:46:03
23091	0	DP	0	NO PLAY	0	-	false	2026/09/19 20:46:03
23091	1	P1	0	NO PLAY	0	-	false	2026/09/19 20:46:03
23091	1	DP	0	NO PLAY	0	-	false	2026/09/19 20:46:03
23091	2	P1	0	NO PLAY	0	-	false	2026/09/19 20:46:03
23091	2	DP	0	NO PLAY	0	-	false	2026/09/19 20:46:03
23091	3	P1	0	NO PLAY	0	-	false	2026/09/19 20:46:03
23091	3	DP	0	NO PLAY	0	-	false	2026/09/19 20:46:03
23091	4	P1	0	NO PLAY	0	-	false	2026/09/19 20:46:03
23091	4	DP	0	NO PLAY	0	-	false	2026/09/19 20:46:03
23092	0	P1	0	NO PLAY	0	-	false	2026/09/19 20:46:03
23092	0	DP	0	NO PLAY	0	-	false	2026/09/19 20:46:03
23092	1	P1	0	NO PLAY	0	-	false	2026/09/19 20:46:03
23092	1	DP	0	NO PLAY	0	-	false	2026/09/19 20:46:03
23092	2	P1	0	NO PLAY	0	-	false	2026/09/19 20:46:03
23092	2	DP	0	NO PLAY	0	-	false	2026/09/19 20:46:03
23092	3	P1	6	EX HARD CLEAR	2150	9	true	2026/09/19 20:46:03
23092	3	DP	5	HARD CLEAR	1907	30	true	2026/09/19 20:46:03
23092	4	P1	0	NO PLAY	0	-	false	2026/09/19 20:46:03
23092	4	DP	0	NO PLAY	0	-	false	2026/09/19 20:46:03
23093	0	P1	0	NO PLAY	0	-	false	2026/09/19 20:46:03
23093	0	DP	0	NO PLAY	0	-	false	2026/09/19 20:46:03
23093	1	P1	0	NO PLAY	0	-	false	2026/09/19 20:46:03
23093	1	DP	0	NO PLAY	0	-	false	2026/09/19 20:46:03
23093	2	P1	0	NO PLAY	0	-	false	2026/09/19 20:46:03
23093	2	DP	0	NO PLAY	0	-	false	2026/09/19 20:46:03
23093	3	P1	0	NO PLAY	0	-	false	2026/09/19 20:46:03
23093	3	DP	0	NO PLAY	0	-	false	2026/09/19 20:46:03
23093	4	P1	0	NO PLAY	0	-	false	2026/09/19 20:46:03
23093	4	DP	0	NO PLAY	0	-	false	2026/09/19 20:46:03
23094	0	P1	0	NO PLAY	0	-	false	2026/09/19 20:46:03
23094	0	DP	0	NO PLAY	0	-	false	2026/09/19 20:46:03
23094	1	P1	0	NO PLAY	0	-	false	2026/09/19 20:46:03
23094	1	DP	0	NO PLAY	0	-	false	2026/09/19 20:46:03
23094	2	P1	0	NO PLAY	0	-	false	2026/09/19 20:46:03
23094	2	DP	0	NO PLAY	0	-	false	2026/09/19 20:46:03
23094	3	P1	5	HARD CLEAR	2994	43	true	2026/09/19 20:46:03
23094	3	DP	5	HARD CLEAR	3136	50	true	2026/09/19 20:46:03
23094	4	P1	0	NO PLAY	0	-	false	2026/09/19 20:46:03
23094	4	DP	0	NO PLAY	0	-	false	2026/09/19 20:46:03
23095	0	P1	0	NO PLAY	0	-	false	2026/09/19 20:46:03
23095	0	DP	0	NO PLAY	0	-	false	2026/09/19 20:46:03
23095	1	P1	0	NO PLAY	0	-	false	2026/09/19 20:46:03
23095	1	DP	0	NO PLAY	0	-	false	2026/09/19 20:46:03
23095	2	P1	0	NO PLAY	0	-	false	2026/09/19 20:46:03
23095	2	DP	0	NO PLAY	0	-	false	2026/09/19 20:46:03
23095	3	P1	0	NO PLAY	0	-	false	2026/09/19 20:46:03
23095	3	DP	6	EX HARD CLEAR	2632	8	true	2026/09/19 20:46:03
23095	4	P1	6	EX HARD CLEAR	3146	14	true	2026/09/19 20:46:03
23095	4	DP	6	EX HARD CLEAR	3167	22	true	2026/09/19 20:46:03
24000	0	P1	0	NO PLAY	0	-	false	2026/09/19 20:46:03
24000	0	DP	0	NO PLAY	0	-	false	2026/09/19 20:46:03
24000	1	P1	0	NO PLAY	0	-	false	2026/09/19 20:46:03
24000	1	DP	0	NO PLAY	0	-	false	2026/09/19 20:46:03
24000	2	P1	0	NO PLAY	0	-	false	2026/09/19 20:46:03
24000	2	DP	0	NO PLAY	0	-	false	2026/09/19 20:46:03
24000	3	P1	0	NO PLAY	0	-	false	2026/09/19 20:46:03
24000	3	DP	0	NO PLAY	0	-	false	2026/09/19 20:46:03
24000	4	P1	0	NO PLAY	0	-	false	2026/09/19 20:46:03
24000	4	DP	0	NO PLAY	0	-	false	2026/09/19 20:46:03
24001	0	P1	0	NO PLAY	0	-	false	2026/09/19 20:46:03
24001	0	DP	0	NO PLAY	0	-	false	2026/09/19 20:46:03
24001	1	P1	0	NO PLAY	0	-	false	2026/09/19 20:46:03
24001	1	DP	0	NO PLAY	0	-	false	2026/09/19 20:46:03
24001	2	P1	0	NO PLAY	0	-	false	2026/09/19 20:46:03
24001	2	DP	0	NO PLAY	0	-	false	2026/09/19 20:46:03
24001	3	P1	6	EX HARD CLEAR	2929	16	true	2026/09/19 20:46:03
24001	3	DP	5	HARD CLEAR	2927	44	true	2026/09/19 20:46:03
24001	4	P1	0	NO PLAY	0	-	false	2026/09/19 20:46:03
24001	4	DP	0	NO PLAY	0	-	false	2026/09/19 20:46:03
24002	0	P1	0	NO PLAY	0	-	false	2026/09/19 20:46:03
24002	0	DP	0	NO PLAY	0	-	false	2026/09/19 20:46:03
24002	1	P1	0	NO PLAY	0	-	false	2026/09/19 20:46:03
24002	1	DP	0	NO PLAY	0	-	false	2026/09/19 20:46:03
24002	2	P1	0	NO PLAY	0	-	false	2026/09/19 20:46:03
24002	2	DP	0	NO PLAY	0	-	false	2026/09/19 20:46:03
24002	3	P1	0	NO PLAY	0	-	false	2026/09/19 20:46:03
24002	3	DP	6	EX HARD CLEAR	2132	7	true	2026/09/19 20:46:03
24002	4	P1	0	NO PLAY	0	-	false	2026/09/19 20:46:03
24002	4	DP	0	NO PLAY	0	-	false	2026/09/19 20:46:03
24003	0	P1	0	NO PLAY	0	-	false	2026/09/19 20:46:03
24003	0	DP	0	NO PLAY	0	-	false	2026/09/19 20:46:03
24003	1	P1	0	NO PLAY	0	-	false	2026/09/19 20:46:03
24003	1	DP	0	NO PLAY	0	-	false	2026/09/19 20:46:03
24003	2	P1	0	NO PLAY	0	-	false	2026/09/19 20:46:03
24003	2	DP	0	NO PLAY	0	-	false	2026/09/19 20:46:03
24003	3	P1	6	EX HARD CLEAR	2775	11	true	2026/09/19 20:46:03
24003	3	DP	5	HARD CLEAR	2708	45	true	2026/09/19 20:46:03
24003	4	P1	0	NO PLAY	0	-	false	2026/09/19 20:46:03
24003	4	DP	0	NO PLAY	0	-	false	2026/09/19 20:46:03
24004	0	P1	0	NO PLAY	0	-	false	2026/09/19 20:46:03
24004	0	DP	0	NO PLAY	0	-	false	2026/09/19 20:46:03
24004	1	P1	0	NO PLAY	0	-	false	2026/09/19 20:46:03
24004	1	DP	6	EX HARD CLEAR	985	9	true	2026/09/19 20:46:03
24004	2	P1	0	NO PLAY	0	-	false	2026/09/19 20:46:03
24004	2	DP	0	NO PLAY	0	-	false	2026/09/19 20:46:03
24004	3	P1	0	NO PLAY	0	-	false	2026/09/19 20:46:03
24004	3	DP	6	EX HARD CLEAR	2296	11	true	2026/09/19 20:46:03
24004	4	P1	0	NO PLAY	0	-	false	2026/09/19 20:46:03
24004	4	DP	0	NO PLAY	0	-	false	2026/09/19 20:46:03
24005	0	P1	0	NO PLAY	0	-	false	2026/09/19 20:46:03
24005	0	DP	0	NO PLAY	0	-	false	2026/09/19 20:46:03
24005	1	P1	0	NO PLAY	0	-	false	2026/09/19 20:46:03
24005	1	DP	0	NO PLAY	0	-	false	2026/09/19 20:46:03
24005	2	P1	0	NO PLAY	0	-	false	2026/09/19 20:46:03
24005	2	DP	0	NO PLAY	0	-	false	2026/09/19 20:46:03
24005	3	P1	6	EX HARD CLEAR	2872	19	true	2026/09/19 20:46:03
24005	3	DP	6	EX HARD CLEAR	3011	18	true	2026/09/19 20:46:03
24005	4	P1	0	NO PLAY	0	-	false	2026/09/19 20:46:03
24005	4	DP	0	NO PLAY	0	-	false	2026/09/19 20:46:03
24006	0	P1	0	NO PLAY	0	-	false	2026/09/19 20:46:03
24006	0	DP	0	NO PLAY	0	-	false	2026/09/19 20:46:03
24006	1	P1	0	NO PLAY	0	-	false	2026/09/19 20:46:03
24006	1	DP	0	NO PLAY	0	-	false	2026/09/19 20:46:03
24006	2	P1	0	NO PLAY	0	-	false	2026/09/19 20:46:03
24006	2	DP	0	NO PLAY	0	-	false	2026/09/19 20:46:03
24006	3	P1	6	EX HARD CLEAR	2851	9	true	2026/09/19 20:46:03
24006	3	DP	6	EX HARD CLEAR	2539	12	true	2026/09/19 20:46:03
24006	4	P1	0	NO PLAY	0	-	false	2026/09/19 20:46:03
24006	4	DP	0	NO PLAY	0	-	false	2026/09/19 20:46:03
24007	0	P1	0	NO PLAY	0	-	false	2026/09/19 20:46:03
24007	0	DP	0	NO PLAY	0	-	false	2026/09/19 20:46:03
24007	1	P1	0	NO PLAY	0	-	false	2026/09/19 20:46:03
24007	1	DP	0	NO PLAY	0	-	false	2026/09/19 20:46:03
24007	2	P1	0	NO PLAY	0	-	false	2026/09/19 20:46:03
24007	2	DP	0	NO PLAY	0	-	false	2026/09/19 20:46:03
24007	3	P1	6	EX HARD CLEAR	2594	15	true	2026/09/19 20:46:03
24007	3	DP	6	EX HARD CLEAR	2553	18	true	2026/09/19 20:46:03
24007	4	P1	0	NO PLAY	0	-	false	2026/09/19 20:46:03
24007	4	DP	0	NO PLAY	0	-	false	2026/09/19 20:46:03
24008	0	P1	0	NO PLAY	0	-	false	2026/09/19 20:46:03
24008	0	DP	0	NO PLAY	0	-	false	2026/09/19 20:46:03
24008	1	P1	0	NO PLAY	0	-	false	2026/09/19 20:46:03
24008	1	DP	0	NO PLAY	0	-	false	2026/09/19 20:46:03
24008	2	P1	0	NO PLAY	0	-	false	2026/09/19 20:46:03
24008	2	DP	0	NO PLAY	0	-	false	2026/09/19 20:46:03
24008	3	P1	0	NO PLAY	0	-	false	2026/09/19 20:46:03
24008	3	DP	6	EX HARD CLEAR	2014	5	true	2026/09/19 20:46:03
24008	4	P1	0	NO PLAY	0	-	false	2026/09/19 20:46:03
24008	4	DP	6	EX HARD CLEAR	2333	16	true	2026/09/19 20:46:03
24009	0	P1	0	NO PLAY	0	-	false	2026/09/19 20:46:03
24009	0	DP	0	NO PLAY	0	-	false	2026/09/19 20:46:03
24009	1	P1	0	NO PLAY	0	-	false	2026/09/19 20:46:03
24009	1	DP	0	NO PLAY	0	-	false	2026/09/19 20:46:03
24009	2	P1	0	NO PLAY	0	-	false	2026/09/19 20:46:03
24009	2	DP	0	NO PLAY	0	-	false	2026/09/19 20:46:03
24009	3	P1	0	NO PLAY	0	-	false	2026/09/19 20:46:03
24009	3	DP	6	EX HARD CLEAR	1748	8	true	2026/09/19 20:46:03
24009	4	P1	0	NO PLAY	0	-	false	2026/09/19 20:46:03
24009	4	DP	0	NO PLAY	0	-	false	2026/09/19 20:46:03
24010	0	P1	0	NO PLAY	0	-	false	2026/09/19 20:46:03
24010	0	DP	0	NO PLAY	0	-	false	2026/09/19 20:46:03
24010	1	P1	1	FAILED	0	-	false	2026/09/19 20:46:03
24010	1	DP	0	NO PLAY	0	-	false	2026/09/19 20:46:03
24010	2	P1	6	EX HARD CLEAR	1702	10	true	2026/09/19 20:46:03
24010	2	DP	6	EX HARD CLEAR	1492	12	true	2026/09/19 20:46:03
24010	3	P1	5	HARD CLEAR	2948	36	true	2026/09/19 20:46:03
24010	3	DP	3	EASY CLEAR	2223	103	true	2026/09/19 20:46:03
24010	4	P1	0	NO PLAY	0	-	false	2026/09/19 20:46:03
24010	4	DP	0	NO PLAY	0	-	false	2026/09/19 20:46:03
24011	0	P1	0	NO PLAY	0	-	false	2026/09/19 20:46:03
24011	0	DP	0	NO PLAY	0	-	false	2026/09/19 20:46:03
24011	1	P1	0	NO PLAY	0	-	false	2026/09/19 20:46:03
24011	1	DP	0	NO PLAY	0	-	false	2026/09/19 20:46:03
24011	2	P1	0	NO PLAY	0	-	false	2026/09/19 20:46:03
24011	2	DP	6	EX HARD CLEAR	1037	9	true	2026/09/19 20:46:03
24011	3	P1	0	NO PLAY	0	-	false	2026/09/19 20:46:03
24011	3	DP	7	FULL COMBO	2019	1	true	2026/09/19 20:46:03
24011	4	P1	7	FULL COMBO	2660	2	true	2026/09/19 20:46:03
24011	4	DP	6	EX HARD CLEAR	2511	10	true	2026/09/19 20:46:03
24012	0	P1	0	NO PLAY	0	-	false	2026/09/19 20:46:03
24012	0	DP	0	NO PLAY	0	-	false	2026/09/19 20:46:03
24012	1	P1	0	NO PLAY	0	-	false	2026/09/19 20:46:03
24012	1	DP	0	NO PLAY	0	-	false	2026/09/19 20:46:03
24012	2	P1	1	FAILED	1276	70	true	2026/09/19 20:46:03
24012	2	DP	5	HARD CLEAR	1452	28	true	2026/09/19 20:46:03
24012	3	P1	6	EX HARD CLEAR	2229	14	true	2026/09/19 20:46:03
24012	3	DP	6	EX HARD CLEAR	2033	14	true	2026/09/19 20:46:03
24012	4	P1	0	NO PLAY	0	-	false	2026/09/19 20:46:03
24012	4	DP	0	NO PLAY	0	-	false	2026/09/19 20:46:03
24013	0	P1	0	NO PLAY	0	-	false	2026/09/19 20:46:03
24013	0	DP	0	NO PLAY	0	-	false	2026/09/19 20:46:03
24013	1	P1	0	NO PLAY	0	-	false	2026/09/19 20:46:03
24013	1	DP	0	NO PLAY	0	-	false	2026/09/19 20:46:03
24013	2	P1	0	NO PLAY	0	-	false	2026/09/19 20:46:03
24013	2	DP	0	NO PLAY	0	-	false	2026/09/19 20:46:03
24013	3	P1	0	NO PLAY	0	-	false	2026/09/19 20:46:03
24013	3	DP	0	NO PLAY	0	-	false	2026/09/19 20:46:03
24013	4	P1	0	NO PLAY	0	-	false	2026/09/19 20:46:03
24013	4	DP	0	NO PLAY	0	-	false	2026/09/19 20:46:03
24014	0	P1	0	NO PLAY	0	-	false	2026/09/19 20:46:03
24014	0	DP	0	NO PLAY	0	-	false	2026/09/19 20:46:03
24014	1	P1	0	NO PLAY	0	-	false	2026/09/19 20:46:03
24014	1	DP	0	NO PLAY	0	-	false	2026/09/19 20:46:03
24014	2	P1	0	NO PLAY	0	-	false	2026/09/19 20:46:03
24014	2	DP	0	NO PLAY	0	-	false	2026/09/19 20:46:03
24014	3	P1	6	EX HARD CLEAR	2985	18	true	2026/09/19 20:46:03
24014	3	DP	5	HARD CLEAR	3062	50	true	2026/09/19 20:46:03
24014	4	P1	0	NO PLAY	0	-	false	2026/09/19 20:46:03
24014	4	DP	0	NO PLAY	0	-	false	2026/09/19 20:46:03
24015	0	P1	0	NO PLAY	0	-	false	2026/09/19 20:46:03
24015	0	DP	0	NO PLAY	0	-	false	2026/09/19 20:46:03
24015	1	P1	0	NO PLAY	0	-	false	2026/09/19 20:46:03
24015	1	DP	0	NO PLAY	0	-	false	2026/09/19 20:46:03
24015	2	P1	0	NO PLAY	0	-	false	2026/09/19 20:46:03
24015	2	DP	0	NO PLAY	0	-	false	2026/09/19 20:46:03
24015	3	P1	0	NO PLAY	0	-	false	2026/09/19 20:46:03
24015	3	DP	6	EX HARD CLEAR	2155	17	true	2026/09/19 20:46:03
24015	4	P1	0	NO PLAY	0	-	false	2026/09/19 20:46:03
24015	4	DP	0	NO PLAY	0	-	false	2026/09/19 20:46:03
24016	0	P1	0	NO PLAY	0	-	false	2026/09/19 20:46:03
24016	0	DP	0	NO PLAY	0	-	false	2026/09/19 20:46:03
24016	1	P1	0	NO PLAY	0	-	false	2026/09/19 20:46:03
24016	1	DP	0	NO PLAY	0	-	false	2026/09/19 20:46:03
24016	2	P1	0	NO PLAY	0	-	false	2026/09/19 20:46:03
24016	2	DP	0	NO PLAY	0	-	false	2026/09/19 20:46:03
24016	3	P1	0	NO PLAY	0	-	false	2026/09/19 20:46:03
24016	3	DP	6	EX HARD CLEAR	2099	6	true	2026/09/19 20:46:03
24016	4	P1	0	NO PLAY	0	-	false	2026/09/19 20:46:03
24016	4	DP	0	NO PLAY	0	-	false	2026/09/19 20:46:03
24017	0	P1	0	NO PLAY	0	-	false	2026/09/19 20:46:03
24017	0	DP	0	NO PLAY	0	-	false	2026/09/19 20:46:03
24017	1	P1	0	NO PLAY	0	-	false	2026/09/19 20:46:03
24017	1	DP	0	NO PLAY	0	-	false	2026/09/19 20:46:03
24017	2	P1	0	NO PLAY	0	-	false	2026/09/19 20:46:03
24017	2	DP	0	NO PLAY	0	-	false	2026/09/19 20:46:03
24017	3	P1	0	NO PLAY	0	-	false	2026/09/19 20:46:03
24017	3	DP	0	NO PLAY	0	-	false	2026/09/19 20:46:03
24017	4	P1	0	NO PLAY	0	-	false	2026/09/19 20:46:03
24017	4	DP	0	NO PLAY	0	-	false	2026/09/19 20:46:03
24018	0	P1	0	NO PLAY	0	-	false	2026/09/19 20:46:03
24018	0	DP	0	NO PLAY	0	-	false	2026/09/19 20:46:03
24018	1	P1	0	NO PLAY	0	-	false	2026/09/19 20:46:03
24018	1	DP	0	NO PLAY	0	-	false	2026/09/19 20:46:03
24018	2	P1	0	NO PLAY	0	-	false	2026/09/19 20:46:03
24018	2	DP	0	NO PLAY	0	-	false	2026/09/19 20:46:03
24018	3	P1	6	EX HARD CLEAR	2963	18	true	2026/09/19 20:46:03
24018	3	DP	5	HARD CLEAR	2666	38	true	2026/09/19 20:46:03
24018	4	P1	0	NO PLAY	0	-	false	2026/09/19 20:46:03
24018	4	DP	0	NO PLAY	0	-	false	2026/09/19 20:46:03
24019	0	P1	0	NO PLAY	0	-	false	2026/09/19 20:46:03
24019	0	DP	0	NO PLAY	0	-	false	2026/09/19 20:46:03
24019	1	P1	0	NO PLAY	0	-	false	2026/09/19 20:46:03
24019	1	DP	0	NO PLAY	0	-	false	2026/09/19 20:46:03
24019	2	P1	0	NO PLAY	0	-	false	2026/09/19 20:46:03
24019	2	DP	0	NO PLAY	0	-	false	2026/09/19 20:46:03
24019	3	P1	0	NO PLAY	0	-	false	2026/09/19 20:46:03
24019	3	DP	0	NO PLAY	0	-	false	2026/09/19 20:46:03
24019	4	P1	0	NO PLAY	0	-	false	2026/09/19 20:46:03
24019	4	DP	0	NO PLAY	0	-	false	2026/09/19 20:46:03
24020	0	P1	0	NO PLAY	0	-	false	2026/09/19 20:46:03
24020	0	DP	0	NO PLAY	0	-	false	2026/09/19 20:46:03
24020	1	P1	0	NO PLAY	0	-	false	2026/09/19 20:46:03
24020	1	DP	0	NO PLAY	0	-	false	2026/09/19 20:46:03
24020	2	P1	0	NO PLAY	0	-	false	2026/09/19 20:46:03
24020	2	DP	0	NO PLAY	0	-	false	2026/09/19 20:46:03
24020	3	P1	5	HARD CLEAR	2751	18	true	2026/09/19 20:46:03
24020	3	DP	5	HARD CLEAR	2489	54	true	2026/09/19 20:46:03
24020	4	P1	0	NO PLAY	0	-	false	2026/09/19 20:46:03
24020	4	DP	0	NO PLAY	0	-	false	2026/09/19 20:46:03
24021	0	P1	0	NO PLAY	0	-	false	2026/09/19 20:46:03
24021	0	DP	0	NO PLAY	0	-	false	2026/09/19 20:46:03
24021	1	P1	0	NO PLAY	0	-	false	2026/09/19 20:46:03
24021	1	DP	0	NO PLAY	0	-	false	2026/09/19 20:46:03
24021	2	P1	0	NO PLAY	0	-	false	2026/09/19 20:46:03
24021	2	DP	0	NO PLAY	0	-	false	2026/09/19 20:46:03
24021	3	P1	5	HARD CLEAR	2406	18	true	2026/09/19 20:46:03
24021	3	DP	5	HARD CLEAR	2221	43	true	2026/09/19 20:46:03
24021	4	P1	0	NO PLAY	0	-	false	2026/09/19 20:46:03
24021	4	DP	0	NO PLAY	0	-	false	2026/09/19 20:46:03
24022	0	P1	0	NO PLAY	0	-	false	2026/09/19 20:46:03
24022	0	DP	0	NO PLAY	0	-	false	2026/09/19 20:46:03
24022	1	P1	0	NO PLAY	0	-	false	2026/09/19 20:46:03
24022	1	DP	0	NO PLAY	0	-	false	2026/09/19 20:46:03
24022	2	P1	0	NO PLAY	0	-	false	2026/09/19 20:46:03
24022	2	DP	0	NO PLAY	0	-	false	2026/09/19 20:46:03
24022	3	P1	0	NO PLAY	0	-	false	2026/09/19 20:46:03
24022	3	DP	6	EX HARD CLEAR	2255	6	true	2026/09/19 20:46:03
24022	4	P1	0	NO PLAY	0	-	false	2026/09/19 20:46:03
24022	4	DP	0	NO PLAY	0	-	false	2026/09/19 20:46:03
24023	0	P1	0	NO PLAY	0	-	false	2026/09/19 20:46:03
24023	0	DP	0	NO PLAY	0	-	false	2026/09/19 20:46:03
24023	1	P1	0	NO PLAY	0	-	false	2026/09/19 20:46:03
24023	1	DP	0	NO PLAY	0	-	false	2026/09/19 20:46:03
24023	2	P1	0	NO PLAY	0	-	false	2026/09/19 20:46:03
24023	2	DP	0	NO PLAY	0	-	false	2026/09/19 20:46:03
24023	3	P1	5	HARD CLEAR	2178	23	true	2026/09/19 20:46:03
24023	3	DP	5	HARD CLEAR	2227	23	true	2026/09/19 20:46:03
24023	4	P1	0	NO PLAY	0	-	false	2026/09/19 20:46:03
24023	4	DP	0	NO PLAY	0	-	false	2026/09/19 20:46:03
24024	0	P1	0	NO PLAY	0	-	false	2026/09/19 20:46:03
24024	0	DP	0	NO PLAY	0	-	false	2026/09/19 20:46:03
24024	1	P1	0	NO PLAY	0	-	false	2026/09/19 20:46:03
24024	1	DP	0	NO PLAY	0	-	false	2026/09/19 20:46:03
24024	2	P1	0	NO PLAY	0	-	false	2026/09/19 20:46:03
24024	2	DP	0	NO PLAY	0	-	false	2026/09/19 20:46:03
24024	3	P1	6	EX HARD CLEAR	2233	6	true	2026/09/19 20:46:03
24024	3	DP	6	EX HARD CLEAR	2132	10	true	2026/09/19 20:46:03
24024	4	P1	0	NO PLAY	0	-	false	2026/09/19 20:46:03
24024	4	DP	0	NO PLAY	0	-	false	2026/09/19 20:46:03
24025	0	P1	0	NO PLAY	0	-	false	2026/09/19 20:46:03
24025	0	DP	0	NO PLAY	0	-	false	2026/09/19 20:46:03
24025	1	P1	0	NO PLAY	0	-	false	2026/09/19 20:46:03
24025	1	DP	0	NO PLAY	0	-	false	2026/09/19 20:46:03
24025	2	P1	0	NO PLAY	0	-	false	2026/09/19 20:46:03
24025	2	DP	0	NO PLAY	0	-	false	2026/09/19 20:46:03
24025	3	P1	0	NO PLAY	0	-	false	2026/09/19 20:46:03
24025	3	DP	6	EX HARD CLEAR	2151	10	true	2026/09/19 20:46:03
24025	4	P1	0	NO PLAY	0	-	false	2026/09/19 20:46:03
24025	4	DP	0	NO PLAY	0	-	false	2026/09/19 20:46:03
24026	0	P1	0	NO PLAY	0	-	false	2026/09/19 20:46:03
24026	0	DP	0	NO PLAY	0	-	false	2026/09/19 20:46:03
24026	1	P1	0	NO PLAY	0	-	false	2026/09/19 20:46:03
24026	1	DP	0	NO PLAY	0	-	false	2026/09/19 20:46:03
24026	2	P1	0	NO PLAY	0	-	false	2026/09/19 20:46:03
24026	2	DP	0	NO PLAY	0	-	false	2026/09/19 20:46:03
24026	3	P1	0	NO PLAY	0	-	false	2026/09/19 20:46:03
24026	3	DP	0	NO PLAY	0	-	false	2026/09/19 20:46:03
24026	4	P1	0	NO PLAY	0	-	false	2026/09/19 20:46:03
24026	4	DP	0	NO PLAY	0	-	false	2026/09/19 20:46:03
24027	0	P1	0	NO PLAY	0	-	false	2026/09/19 20:46:03
24027	0	DP	0	NO PLAY	0	-	false	2026/09/19 20:46:03
24027	1	P1	0	NO PLAY	0	-	false	2026/09/19 20:46:03
24027	1	DP	0	NO PLAY	0	-	false	2026/09/19 20:46:03
24027	2	P1	0	NO PLAY	0	-	false	2026/09/19 20:46:03
24027	2	DP	0	NO PLAY	0	-	false	2026/09/19 20:46:03
24027	3	P1	0	NO PLAY	0	-	false	2026/09/19 20:46:03
24027	3	DP	6	EX HARD CLEAR	2307	7	true	2026/09/19 20:46:03
24027	4	P1	0	NO PLAY	0	-	false	2026/09/19 20:46:03
24027	4	DP	0	NO PLAY	0	-	false	2026/09/19 20:46:03
24028	0	P1	0	NO PLAY	0	-	false	2026/09/19 20:46:03
24028	0	DP	0	NO PLAY	0	-	false	2026/09/19 20:46:03
24028	1	P1	0	NO PLAY	0	-	false	2026/09/19 20:46:03
24028	1	DP	0	NO PLAY	0	-	false	2026/09/19 20:46:03
24028	2	P1	0	NO PLAY	0	-	false	2026/09/19 20:46:03
24028	2	DP	0	NO PLAY	0	-	false	2026/09/19 20:46:03
24028	3	P1	1	FAILED	1943	80	true	2026/09/19 20:46:03
24028	3	DP	6	EX HARD CLEAR	1804	12	true	2026/09/19 20:46:03
24028	4	P1	0	NO PLAY	0	-	false	2026/09/19 20:46:03
24028	4	DP	0	NO PLAY	0	-	false	2026/09/19 20:46:03
24029	0	P1	0	NO PLAY	0	-	false	2026/09/19 20:46:03
24029	0	DP	0	NO PLAY	0	-	false	2026/09/19 20:46:03
24029	1	P1	0	NO PLAY	0	-	false	2026/09/19 20:46:03
24029	1	DP	0	NO PLAY	0	-	false	2026/09/19 20:46:03
24029	2	P1	0	NO PLAY	0	-	false	2026/09/19 20:46:03
24029	2	DP	0	NO PLAY	0	-	false	2026/09/19 20:46:03
24029	3	P1	0	NO PLAY	0	-	false	2026/09/19 20:46:03
24029	3	DP	0	NO PLAY	0	-	false	2026/09/19 20:46:03
24029	4	P1	0	NO PLAY	0	-	false	2026/09/19 20:46:03
24029	4	DP	0	NO PLAY	0	-	false	2026/09/19 20:46:03
24030	0	P1	0	NO PLAY	0	-	false	2026/09/19 20:46:03
24030	0	DP	0	NO PLAY	0	-	false	2026/09/19 20:46:03
24030	1	P1	0	NO PLAY	0	-	false	2026/09/19 20:46:03
24030	1	DP	0	NO PLAY	0	-	false	2026/09/19 20:46:03
24030	2	P1	0	NO PLAY	0	-	false	2026/09/19 20:46:03
24030	2	DP	0	NO PLAY	0	-	false	2026/09/19 20:46:03
24030	3	P1	0	NO PLAY	0	-	false	2026/09/19 20:46:03
24030	3	DP	0	NO PLAY	0	-	false	2026/09/19 20:46:03
24030	4	P1	0	NO PLAY	0	-	false	2026/09/19 20:46:03
24030	4	DP	0	NO PLAY	0	-	false	2026/09/19 20:46:03
24031	0	P1	0	NO PLAY	0	-	false	2026/09/19 20:46:03
24031	0	DP	0	NO PLAY	0	-	false	2026/09/19 20:46:03
24031	1	P1	0	NO PLAY	0	-	false	2026/09/19 20:46:03
24031	1	DP	0	NO PLAY	0	-	false	2026/09/19 20:46:03
24031	2	P1	0	NO PLAY	0	-	false	2026/09/19 20:46:03
24031	2	DP	0	NO PLAY	0	-	false	2026/09/19 20:46:03
24031	3	P1	0	NO PLAY	0	-	false	2026/09/19 20:46:03
24031	3	DP	0	NO PLAY	0	-	false	2026/09/19 20:46:03
24031	4	P1	0	NO PLAY	0	-	false	2026/09/19 20:46:03
24031	4	DP	0	NO PLAY	0	-	false	2026/09/19 20:46:03
24033	0	P1	0	NO PLAY	0	-	false	2026/09/19 20:46:03
24033	0	DP	0	NO PLAY	0	-	false	2026/09/19 20:46:03
24033	1	P1	0	NO PLAY	0	-	false	2026/09/19 20:46:03
24033	1	DP	0	NO PLAY	0	-	false	2026/09/19 20:46:03
24033	2	P1	0	NO PLAY	0	-	false	2026/09/19 20:46:03
24033	2	DP	0	NO PLAY	0	-	false	2026/09/19 20:46:03
24033	3	P1	0	NO PLAY	0	-	false	2026/09/19 20:46:03
24033	3	DP	6	EX HARD CLEAR	2232	12	true	2026/09/19 20:46:03
24033	4	P1	0	NO PLAY	0	-	false	2026/09/19 20:46:03
24033	4	DP	0	NO PLAY	0	-	false	2026/09/19 20:46:03
24034	0	P1	0	NO PLAY	0	-	false	2026/09/19 20:46:03
24034	0	DP	0	NO PLAY	0	-	false	2026/09/19 20:46:03
24034	1	P1	0	NO PLAY	0	-	false	2026/09/19 20:46:03
24034	1	DP	0	NO PLAY	0	-	false	2026/09/19 20:46:03
24034	2	P1	0	NO PLAY	0	-	false	2026/09/19 20:46:03
24034	2	DP	0	NO PLAY	0	-	false	2026/09/19 20:46:03
24034	3	P1	5	HARD CLEAR	2153	28	true	2026/09/19 20:46:03
24034	3	DP	3	EASY CLEAR	1947	64	true	2026/09/19 20:46:03
24034	4	P1	0	NO PLAY	0	-	false	2026/09/19 20:46:03
24034	4	DP	0	NO PLAY	0	-	false	2026/09/19 20:46:03
24035	0	P1	0	NO PLAY	0	-	false	2026/09/19 20:46:03
24035	0	DP	0	NO PLAY	0	-	false	2026/09/19 20:46:03
24035	1	P1	0	NO PLAY	0	-	false	2026/09/19 20:46:03
24035	1	DP	0	NO PLAY	0	-	false	2026/09/19 20:46:03
24035	2	P1	0	NO PLAY	0	-	false	2026/09/19 20:46:03
24035	2	DP	0	NO PLAY	0	-	false	2026/09/19 20:46:03
24035	3	P1	0	NO PLAY	0	-	false	2026/09/19 20:46:03
24035	3	DP	6	EX HARD CLEAR	2429	19	true	2026/09/19 20:46:03
24035	4	P1	0	NO PLAY	0	-	false	2026/09/19 20:46:03
24035	4	DP	0	NO PLAY	0	-	false	2026/09/19 20:46:03
24036	0	P1	0	NO PLAY	0	-	false	2026/09/19 20:46:03
24036	0	DP	0	NO PLAY	0	-	false	2026/09/19 20:46:03
24036	1	P1	0	NO PLAY	0	-	false	2026/09/19 20:46:03
24036	1	DP	0	NO PLAY	0	-	false	2026/09/19 20:46:03
24036	2	P1	0	NO PLAY	0	-	false	2026/09/19 20:46:03
24036	2	DP	0	NO PLAY	0	-	false	2026/09/19 20:46:03
24036	3	P1	6	EX HARD CLEAR	2893	14	true	2026/09/19 20:46:03
24036	3	DP	0	NO PLAY	0	-	false	2026/09/19 20:46:03
24036	4	P1	0	NO PLAY	0	-	false	2026/09/19 20:46:03
24036	4	DP	0	NO PLAY	0	-	false	2026/09/19 20:46:03
24037	0	P1	0	NO PLAY	0	-	false	2026/09/19 20:46:03
24037	0	DP	0	NO PLAY	0	-	false	2026/09/19 20:46:03
24037	1	P1	0	NO PLAY	0	-	false	2026/09/19 20:46:03
24037	1	DP	0	NO PLAY	0	-	false	2026/09/19 20:46:03
24037	2	P1	0	NO PLAY	0	-	false	2026/09/19 20:46:03
24037	2	DP	0	NO PLAY	0	-	false	2026/09/19 20:46:03
24037	3	P1	0	NO PLAY	0	-	false	2026/09/19 20:46:03
24037	3	DP	6	EX HARD CLEAR	2306	2	true	2026/09/19 20:46:03
24037	4	P1	0	NO PLAY	0	-	false	2026/09/19 20:46:03
24037	4	DP	0	NO PLAY	0	-	false	2026/09/19 20:46:03
24038	0	P1	0	NO PLAY	0	-	false	2026/09/19 20:46:03
24038	0	DP	0	NO PLAY	0	-	false	2026/09/19 20:46:03
24038	1	P1	0	NO PLAY	0	-	false	2026/09/19 20:46:03
24038	1	DP	1	FAILED	409	19	true	2026/09/19 20:46:03
24038	2	P1	0	NO PLAY	0	-	false	2026/09/19 20:46:03
24038	2	DP	0	NO PLAY	0	-	false	2026/09/19 20:46:03
24038	3	P1	0	NO PLAY	0	-	false	2026/09/19 20:46:03
24038	3	DP	0	NO PLAY	0	-	false	2026/09/19 20:46:03
24038	4	P1	0	NO PLAY	0	-	false	2026/09/19 20:46:03
24038	4	DP	0	NO PLAY	0	-	false	2026/09/19 20:46:03
24039	0	P1	0	NO PLAY	0	-	false	2026/09/19 20:46:03
24039	0	DP	0	NO PLAY	0	-	false	2026/09/19 20:46:03
24039	1	P1	0	NO PLAY	0	-	false	2026/09/19 20:46:03
24039	1	DP	0	NO PLAY	0	-	false	2026/09/19 20:46:03
24039	2	P1	0	NO PLAY	0	-	false	2026/09/19 20:46:03
24039	2	DP	0	NO PLAY	0	-	false	2026/09/19 20:46:03
24039	3	P1	6	EX HARD CLEAR	2800	21	true	2026/09/19 20:46:03
24039	3	DP	6	EX HARD CLEAR	2352	11	true	2026/09/19 20:46:03
24039	4	P1	0	NO PLAY	0	-	false	2026/09/19 20:46:03
24039	4	DP	0	NO PLAY	0	-	false	2026/09/19 20:46:03
24040	0	P1	0	NO PLAY	0	-	false	2026/09/19 20:46:03
24040	0	DP	0	NO PLAY	0	-	false	2026/09/19 20:46:03
24040	1	P1	0	NO PLAY	0	-	false	2026/09/19 20:46:03
24040	1	DP	0	NO PLAY	0	-	false	2026/09/19 20:46:03
24040	2	P1	0	NO PLAY	0	-	false	2026/09/19 20:46:03
24040	2	DP	0	NO PLAY	0	-	false	2026/09/19 20:46:03
24040	3	P1	0	NO PLAY	0	-	false	2026/09/19 20:46:03
24040	3	DP	0	NO PLAY	0	-	false	2026/09/19 20:46:03
24040	4	P1	0	NO PLAY	0	-	false	2026/09/19 20:46:03
24040	4	DP	0	NO PLAY	0	-	false	2026/09/19 20:46:03
24041	0	P1	0	NO PLAY	0	-	false	2026/09/19 20:46:03
24041	0	DP	0	NO PLAY	0	-	false	2026/09/19 20:46:03
24041	1	P1	0	NO PLAY	0	-	false	2026/09/19 20:46:03
24041	1	DP	7	FULL COMBO	843	0	true	2026/09/19 20:46:03
24041	2	P1	0	NO PLAY	0	-	false	2026/09/19 20:46:03
24041	2	DP	0	NO PLAY	0	-	false	2026/09/19 20:46:03
24041	3	P1	3	EASY CLEAR	1831	67	true	2026/09/19 20:46:03
24041	3	DP	6	EX HARD CLEAR	2098	11	true	2026/09/19 20:46:03
24041	4	P1	6	EX HARD CLEAR	2717	23	true	2026/09/19 20:46:03
24041	4	DP	6	EX HARD CLEAR	2713	15	true	2026/09/19 20:46:03
24042	0	P1	0	NO PLAY	0	-	false	2026/09/19 20:46:03
24042	0	DP	0	NO PLAY	0	-	false	2026/09/19 20:46:03
24042	1	P1	0	NO PLAY	0	-	false	2026/09/19 20:46:03
24042	1	DP	0	NO PLAY	0	-	false	2026/09/19 20:46:03
24042	2	P1	0	NO PLAY	0	-	false	2026/09/19 20:46:03
24042	2	DP	0	NO PLAY	0	-	false	2026/09/19 20:46:03
24042	3	P1	0	NO PLAY	0	-	false	2026/09/19 20:46:03
24042	3	DP	0	NO PLAY	0	-	false	2026/09/19 20:46:03
24042	4	P1	0	NO PLAY	0	-	false	2026/09/19 20:46:03
24042	4	DP	0	NO PLAY	0	-	false	2026/09/19 20:46:03
24043	0	P1	0	NO PLAY	0	-	false	2026/09/19 20:46:03
24043	0	DP	0	NO PLAY	0	-	false	2026/09/19 20:46:03
24043	1	P1	0	NO PLAY	0	-	false	2026/09/19 20:46:03
24043	1	DP	0	NO PLAY	0	-	false	2026/09/19 20:46:03
24043	2	P1	0	NO PLAY	0	-	false	2026/09/19 20:46:03
24043	2	DP	0	NO PLAY	0	-	false	2026/09/19 20:46:03
24043	3	P1	0	NO PLAY	0	-	false	2026/09/19 20:46:03
24043	3	DP	6	EX HARD CLEAR	2553	8	true	2026/09/19 20:46:03
24043	4	P1	0	NO PLAY	0	-	false	2026/09/19 20:46:03
24043	4	DP	0	NO PLAY	0	-	false	2026/09/19 20:46:03
24044	0	P1	0	NO PLAY	0	-	false	2026/09/19 20:46:03
24044	0	DP	0	NO PLAY	0	-	false	2026/09/19 20:46:03
24044	1	P1	0	NO PLAY	0	-	false	2026/09/19 20:46:03
24044	1	DP	0	NO PLAY	0	-	false	2026/09/19 20:46:03
24044	2	P1	0	NO PLAY	0	-	false	2026/09/19 20:46:03
24044	2	DP	0	NO PLAY	0	-	false	2026/09/19 20:46:03
24044	3	P1	6	EX HARD CLEAR	2939	16	true	2026/09/19 20:46:03
24044	3	DP	6	EX HARD CLEAR	3185	16	true	2026/09/19 20:46:03
24044	4	P1	0	NO PLAY	0	-	false	2026/09/19 20:46:03
24044	4	DP	0	NO PLAY	0	-	false	2026/09/19 20:46:03
24045	0	P1	0	NO PLAY	0	-	false	2026/09/19 20:46:03
24045	0	DP	0	NO PLAY	0	-	false	2026/09/19 20:46:03
24045	1	P1	0	NO PLAY	0	-	false	2026/09/19 20:46:03
24045	1	DP	0	NO PLAY	0	-	false	2026/09/19 20:46:03
24045	2	P1	0	NO PLAY	0	-	false	2026/09/19 20:46:03
24045	2	DP	0	NO PLAY	0	-	false	2026/09/19 20:46:03
24045	3	P1	3	EASY CLEAR	1681	81	true	2026/09/19 20:46:03
24045	3	DP	5	HARD CLEAR	2164	17	true	2026/09/19 20:46:03
24045	4	P1	0	NO PLAY	0	-	false	2026/09/19 20:46:03
24045	4	DP	0	NO PLAY	0	-	false	2026/09/19 20:46:03
24046	0	P1	0	NO PLAY	0	-	false	2026/09/19 20:46:03
24046	0	DP	0	NO PLAY	0	-	false	2026/09/19 20:46:03
24046	1	P1	2	ASSIST CLEAR	149	-	false	2026/09/19 20:46:03
24046	1	DP	6	EX HARD CLEAR	291	5	true	2026/09/19 20:46:03
24046	2	P1	0	NO PLAY	0	-	false	2026/09/19 20:46:03
24046	2	DP	0	NO PLAY	0	-	false	2026/09/19 20:46:03
24046	3	P1	0	NO PLAY	0	-	false	2026/09/19 20:46:03
24046	3	DP	0	NO PLAY	0	-	false	2026/09/19 20:46:03
24046	4	P1	0	NO PLAY	0	-	false	2026/09/19 20:46:03
24046	4	DP	0	NO PLAY	0	-	false	2026/09/19 20:46:03
24047	0	P1	0	NO PLAY	0	-	false	2026/09/19 20:46:03
24047	0	DP	0	NO PLAY	0	-	false	2026/09/19 20:46:03
24047	1	P1	0	NO PLAY	0	-	false	2026/09/19 20:46:03
24047	1	DP	0	NO PLAY	0	-	false	2026/09/19 20:46:03
24047	2	P1	0	NO PLAY	0	-	false	2026/09/19 20:46:03
24047	2	DP	0	NO PLAY	0	-	false	2026/09/19 20:46:03
24047	3	P1	0	NO PLAY	0	-	false	2026/09/19 20:46:03
24047	3	DP	0	NO PLAY	0	-	false	2026/09/19 20:46:03
24047	4	P1	0	NO PLAY	0	-	false	2026/09/19 20:46:03
24047	4	DP	0	NO PLAY	0	-	false	2026/09/19 20:46:03
24048	0	P1	0	NO PLAY	0	-	false	2026/09/19 20:46:03
24048	0	DP	0	NO PLAY	0	-	false	2026/09/19 20:46:03
24048	1	P1	0	NO PLAY	0	-	false	2026/09/19 20:46:03
24048	1	DP	0	NO PLAY	0	-	false	2026/09/19 20:46:03
24048	2	P1	0	NO PLAY	0	-	false	2026/09/19 20:46:03
24048	2	DP	0	NO PLAY	0	-	false	2026/09/19 20:46:03
24048	3	P1	0	NO PLAY	0	-	false	2026/09/19 20:46:03
24048	3	DP	6	EX HARD CLEAR	2295	10	true	2026/09/19 20:46:03
24048	4	P1	0	NO PLAY	0	-	false	2026/09/19 20:46:03
24048	4	DP	0	NO PLAY	0	-	false	2026/09/19 20:46:03
24050	0	P1	0	NO PLAY	0	-	false	2026/09/19 20:46:03
24050	0	DP	0	NO PLAY	0	-	false	2026/09/19 20:46:03
24050	1	P1	0	NO PLAY	0	-	false	2026/09/19 20:46:03
24050	1	DP	0	NO PLAY	0	-	false	2026/09/19 20:46:03
24050	2	P1	0	NO PLAY	0	-	false	2026/09/19 20:46:03
24050	2	DP	0	NO PLAY	0	-	false	2026/09/19 20:46:03
24050	3	P1	6	EX HARD CLEAR	3018	23	true	2026/09/19 20:46:03
24050	3	DP	5	HARD CLEAR	3028	64	true	2026/09/19 20:46:03
24050	4	P1	5	HARD CLEAR	3492	46	true	2026/09/19 20:46:03
24050	4	DP	3	EASY CLEAR	3147	115	true	2026/09/19 20:46:03
24051	0	P1	0	NO PLAY	0	-	false	2026/09/19 20:46:03
24051	0	DP	0	NO PLAY	0	-	false	2026/09/19 20:46:03
24051	1	P1	0	NO PLAY	0	-	false	2026/09/19 20:46:03
24051	1	DP	0	NO PLAY	0	-	false	2026/09/19 20:46:03
24051	2	P1	0	NO PLAY	0	-	false	2026/09/19 20:46:03
24051	2	DP	0	NO PLAY	0	-	false	2026/09/19 20:46:03
24051	3	P1	6	EX HARD CLEAR	2546	15	true	2026/09/19 20:46:03
24051	3	DP	6	EX HARD CLEAR	2358	23	true	2026/09/19 20:46:03
24051	4	P1	0	NO PLAY	0	-	false	2026/09/19 20:46:03
24051	4	DP	0	NO PLAY	0	-	false	2026/09/19 20:46:03
24053	0	P1	0	NO PLAY	0	-	false	2026/09/19 20:46:03
24053	0	DP	0	NO PLAY	0	-	false	2026/09/19 20:46:03
24053	1	P1	0	NO PLAY	0	-	false	2026/09/19 20:46:03
24053	1	DP	0	NO PLAY	0	-	false	2026/09/19 20:46:03
24053	2	P1	0	NO PLAY	0	-	false	2026/09/19 20:46:03
24053	2	DP	0	NO PLAY	0	-	false	2026/09/19 20:46:03
24053	3	P1	0	NO PLAY	0	-	false	2026/09/19 20:46:03
24053	3	DP	0	NO PLAY	0	-	false	2026/09/19 20:46:03
24053	4	P1	0	NO PLAY	0	-	false	2026/09/19 20:46:03
24053	4	DP	0	NO PLAY	0	-	false	2026/09/19 20:46:03
24054	0	P1	0	NO PLAY	0	-	false	2026/09/19 20:46:03
24054	0	DP	0	NO PLAY	0	-	false	2026/09/19 20:46:03
24054	1	P1	0	NO PLAY	0	-	false	2026/09/19 20:46:03
24054	1	DP	6	EX HARD CLEAR	603	7	true	2026/09/19 20:46:03
24054	2	P1	0	NO PLAY	0	-	false	2026/09/19 20:46:03
24054	2	DP	0	NO PLAY	0	-	false	2026/09/19 20:46:03
24054	3	P1	0	NO PLAY	0	-	false	2026/09/19 20:46:03
24054	3	DP	6	EX HARD CLEAR	2210	10	true	2026/09/19 20:46:03
24054	4	P1	0	NO PLAY	0	-	false	2026/09/19 20:46:03
24054	4	DP	0	NO PLAY	0	-	false	2026/09/19 20:46:03
24055	0	P1	0	NO PLAY	0	-	false	2026/09/19 20:46:03
24055	0	DP	0	NO PLAY	0	-	false	2026/09/19 20:46:03
24055	1	P1	0	NO PLAY	0	-	false	2026/09/19 20:46:03
24055	1	DP	0	NO PLAY	0	-	false	2026/09/19 20:46:03
24055	2	P1	0	NO PLAY	0	-	false	2026/09/19 20:46:03
24055	2	DP	0	NO PLAY	0	-	false	2026/09/19 20:46:03
24055	3	P1	0	NO PLAY	0	-	false	2026/09/19 20:46:03
24055	3	DP	0	NO PLAY	0	-	false	2026/09/19 20:46:03
24055	4	P1	0	NO PLAY	0	-	false	2026/09/19 20:46:03
24055	4	DP	0	NO PLAY	0	-	false	2026/09/19 20:46:03
24056	0	P1	0	NO PLAY	0	-	false	2026/09/19 20:46:03
24056	0	DP	0	NO PLAY	0	-	false	2026/09/19 20:46:03
24056	1	P1	0	NO PLAY	0	-	false	2026/09/19 20:46:03
24056	1	DP	0	NO PLAY	0	-	false	2026/09/19 20:46:03
24056	2	P1	0	NO PLAY	0	-	false	2026/09/19 20:46:03
24056	2	DP	0	NO PLAY	0	-	false	2026/09/19 20:46:03
24056	3	P1	0	NO PLAY	0	-	false	2026/09/19 20:46:03
24056	3	DP	0	NO PLAY	0	-	false	2026/09/19 20:46:03
24056	4	P1	0	NO PLAY	0	-	false	2026/09/19 20:46:03
24056	4	DP	0	NO PLAY	0	-	false	2026/09/19 20:46:03
24057	0	P1	0	NO PLAY	0	-	false	2026/09/19 20:46:03
24057	0	DP	0	NO PLAY	0	-	false	2026/09/19 20:46:03
24057	1	P1	0	NO PLAY	0	-	false	2026/09/19 20:46:03
24057	1	DP	0	NO PLAY	0	-	false	2026/09/19 20:46:03
24057	2	P1	0	NO PLAY	0	-	false	2026/09/19 20:46:03
24057	2	DP	0	NO PLAY	0	-	false	2026/09/19 20:46:03
24057	3	P1	6	EX HARD CLEAR	2029	3	true	2026/09/19 20:46:03
24057	3	DP	6	EX HARD CLEAR	1867	19	true	2026/09/19 20:46:03
24057	4	P1	5	HARD CLEAR	2059	45	true	2026/09/19 20:46:03
24057	4	DP	3	EASY CLEAR	2017	96	true	2026/09/19 20:46:03
24058	0	P1	0	NO PLAY	0	-	false	2026/09/19 20:46:03
24058	0	DP	0	NO PLAY	0	-	false	2026/09/19 20:46:03
24058	1	P1	0	NO PLAY	0	-	false	2026/09/19 20:46:03
24058	1	DP	0	NO PLAY	0	-	false	2026/09/19 20:46:03
24058	2	P1	0	NO PLAY	0	-	false	2026/09/19 20:46:03
24058	2	DP	0	NO PLAY	0	-	false	2026/09/19 20:46:03
24058	3	P1	0	NO PLAY	0	-	false	2026/09/19 20:46:03
24058	3	DP	0	NO PLAY	0	-	false	2026/09/19 20:46:03
24058	4	P1	0	NO PLAY	0	-	false	2026/09/19 20:46:03
24058	4	DP	0	NO PLAY	0	-	false	2026/09/19 20:46:03
24063	0	P1	0	NO PLAY	0	-	false	2026/09/19 20:46:03
24063	0	DP	0	NO PLAY	0	-	false	2026/09/19 20:46:03
24063	1	P1	0	NO PLAY	0	-	false	2026/09/19 20:46:03
24063	1	DP	0	NO PLAY	0	-	false	2026/09/19 20:46:03
24063	2	P1	0	NO PLAY	0	-	false	2026/09/19 20:46:03
24063	2	DP	0	NO PLAY	0	-	false	2026/09/19 20:46:03
24063	3	P1	0	NO PLAY	0	-	false	2026/09/19 20:46:03
24063	3	DP	6	EX HARD CLEAR	2067	8	true	2026/09/19 20:46:03
24063	4	P1	0	NO PLAY	0	-	false	2026/09/19 20:46:03
24063	4	DP	0	NO PLAY	0	-	false	2026/09/19 20:46:03
24064	0	P1	0	NO PLAY	0	-	false	2026/09/19 20:46:03
24064	0	DP	0	NO PLAY	0	-	false	2026/09/19 20:46:03
24064	1	P1	0	NO PLAY	0	-	false	2026/09/19 20:46:03
24064	1	DP	0	NO PLAY	0	-	false	2026/09/19 20:46:03
24064	2	P1	0	NO PLAY	0	-	false	2026/09/19 20:46:03
24064	2	DP	0	NO PLAY	0	-	false	2026/09/19 20:46:03
24064	3	P1	0	NO PLAY	0	-	false	2026/09/19 20:46:03
24064	3	DP	6	EX HARD CLEAR	2013	10	true	2026/09/19 20:46:03
24064	4	P1	0	NO PLAY	0	-	false	2026/09/19 20:46:03
24064	4	DP	0	NO PLAY	0	-	false	2026/09/19 20:46:03
24065	0	P1	0	NO PLAY	0	-	false	2026/09/19 20:46:03
24065	0	DP	0	NO PLAY	0	-	false	2026/09/19 20:46:03
24065	1	P1	0	NO PLAY	0	-	false	2026/09/19 20:46:03
24065	1	DP	0	NO PLAY	0	-	false	2026/09/19 20:46:03
24065	2	P1	0	NO PLAY	0	-	false	2026/09/19 20:46:03
24065	2	DP	0	NO PLAY	0	-	false	2026/09/19 20:46:03
24065	3	P1	5	HARD CLEAR	2421	35	true	2026/09/19 20:46:03
24065	3	DP	5	HARD CLEAR	2484	39	true	2026/09/19 20:46:03
24065	4	P1	0	NO PLAY	0	-	false	2026/09/19 20:46:03
24065	4	DP	0	NO PLAY	0	-	false	2026/09/19 20:46:03
24066	0	P1	0	NO PLAY	0	-	false	2026/09/19 20:46:03
24066	0	DP	0	NO PLAY	0	-	false	2026/09/19 20:46:03
24066	1	P1	0	NO PLAY	0	-	false	2026/09/19 20:46:03
24066	1	DP	0	NO PLAY	0	-	false	2026/09/19 20:46:03
24066	2	P1	0	NO PLAY	0	-	false	2026/09/19 20:46:03
24066	2	DP	0	NO PLAY	0	-	false	2026/09/19 20:46:03
24066	3	P1	0	NO PLAY	0	-	false	2026/09/19 20:46:03
24066	3	DP	0	NO PLAY	0	-	false	2026/09/19 20:46:03
24066	4	P1	0	NO PLAY	0	-	false	2026/09/19 20:46:03
24066	4	DP	0	NO PLAY	0	-	false	2026/09/19 20:46:03
24067	0	P1	0	NO PLAY	0	-	false	2026/09/19 20:46:03
24067	0	DP	0	NO PLAY	0	-	false	2026/09/19 20:46:03
24067	1	P1	0	NO PLAY	0	-	false	2026/09/19 20:46:03
24067	1	DP	0	NO PLAY	0	-	false	2026/09/19 20:46:03
24067	2	P1	0	NO PLAY	0	-	false	2026/09/19 20:46:03
24067	2	DP	0	NO PLAY	0	-	false	2026/09/19 20:46:03
24067	3	P1	6	EX HARD CLEAR	2292	8	true	2026/09/19 20:46:03
24067	3	DP	6	EX HARD CLEAR	2025	13	true	2026/09/19 20:46:03
24067	4	P1	0	NO PLAY	0	-	false	2026/09/19 20:46:03
24067	4	DP	0	NO PLAY	0	-	false	2026/09/19 20:46:03
24068	0	P1	0	NO PLAY	0	-	false	2026/09/19 20:46:03
24068	0	DP	0	NO PLAY	0	-	false	2026/09/19 20:46:03
24068	1	P1	0	NO PLAY	0	-	false	2026/09/19 20:46:03
24068	1	DP	0	NO PLAY	0	-	false	2026/09/19 20:46:03
24068	2	P1	0	NO PLAY	0	-	false	2026/09/19 20:46:03
24068	2	DP	0	NO PLAY	0	-	false	2026/09/19 20:46:03
24068	3	P1	0	NO PLAY	0	-	false	2026/09/19 20:46:03
24068	3	DP	6	EX HARD CLEAR	2239	5	true	2026/09/19 20:46:03
24068	4	P1	0	NO PLAY	0	-	false	2026/09/19 20:46:03
24068	4	DP	0	NO PLAY	0	-	false	2026/09/19 20:46:03
24070	0	P1	0	NO PLAY	0	-	false	2026/09/19 20:46:03
24070	0	DP	0	NO PLAY	0	-	false	2026/09/19 20:46:03
24070	1	P1	0	NO PLAY	0	-	false	2026/09/19 20:46:03
24070	1	DP	0	NO PLAY	0	-	false	2026/09/19 20:46:03
24070	2	P1	0	NO PLAY	0	-	false	2026/09/19 20:46:03
24070	2	DP	0	NO PLAY	0	-	false	2026/09/19 20:46:03
24070	3	P1	6	EX HARD CLEAR	2565	15	true	2026/09/19 20:46:03
24070	3	DP	6	EX HARD CLEAR	2535	14	true	2026/09/19 20:46:03
24070	4	P1	0	NO PLAY	0	-	false	2026/09/19 20:46:03
24070	4	DP	0	NO PLAY	0	-	false	2026/09/19 20:46:03
24072	0	P1	0	NO PLAY	0	-	false	2026/09/19 20:46:03
24072	0	DP	0	NO PLAY	0	-	false	2026/09/19 20:46:03
24072	1	P1	0	NO PLAY	0	-	false	2026/09/19 20:46:03
24072	1	DP	0	NO PLAY	0	-	false	2026/09/19 20:46:03
24072	2	P1	0	NO PLAY	0	-	false	2026/09/19 20:46:03
24072	2	DP	0	NO PLAY	0	-	false	2026/09/19 20:46:03
24072	3	P1	6	EX HARD CLEAR	2798	9	true	2026/09/19 20:46:03
24072	3	DP	6	EX HARD CLEAR	2850	25	true	2026/09/19 20:46:03
24072	4	P1	0	NO PLAY	0	-	false	2026/09/19 20:46:03
24072	4	DP	0	NO PLAY	0	-	false	2026/09/19 20:46:03
24073	0	P1	0	NO PLAY	0	-	false	2026/09/19 20:46:03
24073	0	DP	0	NO PLAY	0	-	false	2026/09/19 20:46:03
24073	1	P1	0	NO PLAY	0	-	false	2026/09/19 20:46:03
24073	1	DP	0	NO PLAY	0	-	false	2026/09/19 20:46:03
24073	2	P1	0	NO PLAY	0	-	false	2026/09/19 20:46:03
24073	2	DP	0	NO PLAY	0	-	false	2026/09/19 20:46:03
24073	3	P1	6	EX HARD CLEAR	2941	7	true	2026/09/19 20:46:03
24073	3	DP	6	EX HARD CLEAR	2763	21	true	2026/09/19 20:46:03
24073	4	P1	0	NO PLAY	0	-	false	2026/09/19 20:46:03
24073	4	DP	0	NO PLAY	0	-	false	2026/09/19 20:46:03
24074	0	P1	0	NO PLAY	0	-	false	2026/09/19 20:46:03
24074	0	DP	0	NO PLAY	0	-	false	2026/09/19 20:46:03
24074	1	P1	0	NO PLAY	0	-	false	2026/09/19 20:46:03
24074	1	DP	0	NO PLAY	0	-	false	2026/09/19 20:46:03
24074	2	P1	0	NO PLAY	0	-	false	2026/09/19 20:46:03
24074	2	DP	0	NO PLAY	0	-	false	2026/09/19 20:46:03
24074	3	P1	0	NO PLAY	0	-	false	2026/09/19 20:46:03
24074	3	DP	0	NO PLAY	0	-	false	2026/09/19 20:46:03
24074	4	P1	0	NO PLAY	0	-	false	2026/09/19 20:46:03
24074	4	DP	0	NO PLAY	0	-	false	2026/09/19 20:46:03
24075	0	P1	0	NO PLAY	0	-	false	2026/09/19 20:46:03
24075	0	DP	0	NO PLAY	0	-	false	2026/09/19 20:46:03
24075	1	P1	0	NO PLAY	0	-	false	2026/09/19 20:46:03
24075	1	DP	0	NO PLAY	0	-	false	2026/09/19 20:46:03
24075	2	P1	0	NO PLAY	0	-	false	2026/09/19 20:46:03
24075	2	DP	0	NO PLAY	0	-	false	2026/09/19 20:46:03
24075	3	P1	0	NO PLAY	0	-	false	2026/09/19 20:46:03
24075	3	DP	6	EX HARD CLEAR	2194	13	true	2026/09/19 20:46:03
24075	4	P1	0	NO PLAY	0	-	false	2026/09/19 20:46:03
24075	4	DP	0	NO PLAY	0	-	false	2026/09/19 20:46:03
24076	0	P1	0	NO PLAY	0	-	false	2026/09/19 20:46:03
24076	0	DP	0	NO PLAY	0	-	false	2026/09/19 20:46:03
24076	1	P1	0	NO PLAY	0	-	false	2026/09/19 20:46:03
24076	1	DP	0	NO PLAY	0	-	false	2026/09/19 20:46:03
24076	2	P1	0	NO PLAY	0	-	false	2026/09/19 20:46:03
24076	2	DP	0	NO PLAY	0	-	false	2026/09/19 20:46:03
24076	3	P1	6	EX HARD CLEAR	2243	12	true	2026/09/19 20:46:03
24076	3	DP	5	HARD CLEAR	2454	35	true	2026/09/19 20:46:03
24076	4	P1	0	NO PLAY	0	-	false	2026/09/19 20:46:03
24076	4	DP	0	NO PLAY	0	-	false	2026/09/19 20:46:03
24077	0	P1	0	NO PLAY	0	-	false	2026/09/19 20:46:03
24077	0	DP	0	NO PLAY	0	-	false	2026/09/19 20:46:03
24077	1	P1	0	NO PLAY	0	-	false	2026/09/19 20:46:03
24077	1	DP	0	NO PLAY	0	-	false	2026/09/19 20:46:03
24077	2	P1	0	NO PLAY	0	-	false	2026/09/19 20:46:03
24077	2	DP	6	EX HARD CLEAR	1952	3	true	2026/09/19 20:46:03
24077	3	P1	6	EX HARD CLEAR	2939	9	true	2026/09/19 20:46:03
24077	3	DP	6	EX HARD CLEAR	2857	18	true	2026/09/19 20:46:03
24077	4	P1	0	NO PLAY	0	-	false	2026/09/19 20:46:03
24077	4	DP	0	NO PLAY	0	-	false	2026/09/19 20:46:03
24078	0	P1	0	NO PLAY	0	-	false	2026/09/19 20:46:03
24078	0	DP	0	NO PLAY	0	-	false	2026/09/19 20:46:03
24078	1	P1	0	NO PLAY	0	-	false	2026/09/19 20:46:03
24078	1	DP	0	NO PLAY	0	-	false	2026/09/19 20:46:03
24078	2	P1	0	NO PLAY	0	-	false	2026/09/19 20:46:03
24078	2	DP	0	NO PLAY	0	-	false	2026/09/19 20:46:03
24078	3	P1	6	EX HARD CLEAR	2989	11	true	2026/09/19 20:46:03
24078	3	DP	6	EX HARD CLEAR	2906	27	true	2026/09/19 20:46:03
24078	4	P1	0	NO PLAY	0	-	false	2026/09/19 20:46:03
24078	4	DP	0	NO PLAY	0	-	false	2026/09/19 20:46:03
24080	0	P1	0	NO PLAY	0	-	false	2026/09/19 20:46:03
24080	0	DP	0	NO PLAY	0	-	false	2026/09/19 20:46:03
24080	1	P1	0	NO PLAY	0	-	false	2026/09/19 20:46:03
24080	1	DP	0	NO PLAY	0	-	false	2026/09/19 20:46:03
24080	2	P1	0	NO PLAY	0	-	false	2026/09/19 20:46:03
24080	2	DP	0	NO PLAY	0	-	false	2026/09/19 20:46:03
24080	3	P1	0	NO PLAY	0	-	false	2026/09/19 20:46:03
24080	3	DP	6	EX HARD CLEAR	2620	15	true	2026/09/19 20:46:03
24080	4	P1	5	HARD CLEAR	3812	40	true	2026/09/19 20:46:03
24080	4	DP	1	FAILED	3805	111	true	2026/09/19 20:46:03
24081	0	P1	0	NO PLAY	0	-	false	2026/09/19 20:46:03
24081	0	DP	0	NO PLAY	0	-	false	2026/09/19 20:46:03
24081	1	P1	0	NO PLAY	0	-	false	2026/09/19 20:46:03
24081	1	DP	0	NO PLAY	0	-	false	2026/09/19 20:46:03
24081	2	P1	0	NO PLAY	0	-	false	2026/09/19 20:46:03
24081	2	DP	0	NO PLAY	0	-	false	2026/09/19 20:46:03
24081	3	P1	0	NO PLAY	0	-	false	2026/09/19 20:46:03
24081	3	DP	0	NO PLAY	0	-	false	2026/09/19 20:46:03
24081	4	P1	5	HARD CLEAR	1950	32	true	2026/09/19 20:46:03
24081	4	DP	5	HARD CLEAR	2045	35	true	2026/09/19 20:46:03
24082	0	P1	0	NO PLAY	0	-	false	2026/09/19 20:46:03
24082	0	DP	0	NO PLAY	0	-	false	2026/09/19 20:46:03
24082	1	P1	0	NO PLAY	0	-	false	2026/09/19 20:46:03
24082	1	DP	0	NO PLAY	0	-	false	2026/09/19 20:46:03
24082	2	P1	0	NO PLAY	0	-	false	2026/09/19 20:46:03
24082	2	DP	0	NO PLAY	0	-	false	2026/09/19 20:46:03
24082	3	P1	0	NO PLAY	0	-	false	2026/09/19 20:46:03
24082	3	DP	5	HARD CLEAR	2730	54	true	2026/09/19 20:46:03
24082	4	P1	0	NO PLAY	0	-	false	2026/09/19 20:46:03
24082	4	DP	0	NO PLAY	0	-	false	2026/09/19 20:46:03
24083	0	P1	0	NO PLAY	0	-	false	2026/09/19 20:46:03
24083	0	DP	0	NO PLAY	0	-	false	2026/09/19 20:46:03
24083	1	P1	0	NO PLAY	0	-	false	2026/09/19 20:46:03
24083	1	DP	0	NO PLAY	0	-	false	2026/09/19 20:46:03
24083	2	P1	0	NO PLAY	0	-	false	2026/09/19 20:46:03
24083	2	DP	0	NO PLAY	0	-	false	2026/09/19 20:46:03
24083	3	P1	3	EASY CLEAR	1835	71	true	2026/09/19 20:46:03
24083	3	DP	6	EX HARD CLEAR	2030	17	true	2026/09/19 20:46:03
24083	4	P1	0	NO PLAY	0	-	false	2026/09/19 20:46:03
24083	4	DP	0	NO PLAY	0	-	false	2026/09/19 20:46:03
24084	0	P1	0	NO PLAY	0	-	false	2026/09/19 20:46:03
24084	0	DP	0	NO PLAY	0	-	false	2026/09/19 20:46:03
24084	1	P1	0	NO PLAY	0	-	false	2026/09/19 20:46:03
24084	1	DP	0	NO PLAY	0	-	false	2026/09/19 20:46:03
24084	2	P1	0	NO PLAY	0	-	false	2026/09/19 20:46:03
24084	2	DP	0	NO PLAY	0	-	false	2026/09/19 20:46:03
24084	3	P1	0	NO PLAY	0	-	false	2026/09/19 20:46:03
24084	3	DP	6	EX HARD CLEAR	2605	17	true	2026/09/19 20:46:03
24084	4	P1	0	NO PLAY	0	-	false	2026/09/19 20:46:03
24084	4	DP	0	NO PLAY	0	-	false	2026/09/19 20:46:03
24085	0	P1	0	NO PLAY	0	-	false	2026/09/19 20:46:03
24085	0	DP	0	NO PLAY	0	-	false	2026/09/19 20:46:03
24085	1	P1	0	NO PLAY	0	-	false	2026/09/19 20:46:03
24085	1	DP	0	NO PLAY	0	-	false	2026/09/19 20:46:03
24085	2	P1	0	NO PLAY	0	-	false	2026/09/19 20:46:03
24085	2	DP	6	EX HARD CLEAR	1831	1	true	2026/09/19 20:46:03
24085	3	P1	0	NO PLAY	0	-	false	2026/09/19 20:46:03
24085	3	DP	6	EX HARD CLEAR	2503	8	true	2026/09/19 20:46:03
24085	4	P1	0	NO PLAY	0	-	false	2026/09/19 20:46:03
24085	4	DP	0	NO PLAY	0	-	false	2026/09/19 20:46:03
24088	0	P1	0	NO PLAY	0	-	false	2026/09/19 20:46:03
24088	0	DP	0	NO PLAY	0	-	false	2026/09/19 20:46:03
24088	1	P1	0	NO PLAY	0	-	false	2026/09/19 20:46:03
24088	1	DP	0	NO PLAY	0	-	false	2026/09/19 20:46:03
24088	2	P1	0	NO PLAY	0	-	false	2026/09/19 20:46:03
24088	2	DP	0	NO PLAY	0	-	false	2026/09/19 20:46:03
24088	3	P1	0	NO PLAY	0	-	false	2026/09/19 20:46:03
24088	3	DP	0	NO PLAY	0	-	false	2026/09/19 20:46:03
24088	4	P1	0	NO PLAY	0	-	false	2026/09/19 20:46:03
24088	4	DP	0	NO PLAY	0	-	false	2026/09/19 20:46:03
24089	0	P1	0	NO PLAY	0	-	false	2026/09/19 20:46:03
24089	0	DP	0	NO PLAY	0	-	false	2026/09/19 20:46:03
24089	1	P1	0	NO PLAY	0	-	false	2026/09/19 20:46:03
24089	1	DP	0	NO PLAY	0	-	false	2026/09/19 20:46:03
24089	2	P1	0	NO PLAY	0	-	false	2026/09/19 20:46:03
24089	2	DP	0	NO PLAY	0	-	false	2026/09/19 20:46:03
24089	3	P1	6	EX HARD CLEAR	2610	19	true	2026/09/19 20:46:03
24089	3	DP	0	NO PLAY	0	-	false	2026/09/19 20:46:03
24089	4	P1	0	NO PLAY	0	-	false	2026/09/19 20:46:03
24089	4	DP	0	NO PLAY	0	-	false	2026/09/19 20:46:03
24090	0	P1	0	NO PLAY	0	-	false	2026/09/19 20:46:03
24090	0	DP	0	NO PLAY	0	-	false	2026/09/19 20:46:03
24090	1	P1	0	NO PLAY	0	-	false	2026/09/19 20:46:03
24090	1	DP	0	NO PLAY	0	-	false	2026/09/19 20:46:03
24090	2	P1	0	NO PLAY	0	-	false	2026/09/19 20:46:03
24090	2	DP	0	NO PLAY	0	-	false	2026/09/19 20:46:03
24090	3	P1	0	NO PLAY	0	-	false	2026/09/19 20:46:03
24090	3	DP	0	NO PLAY	0	-	false	2026/09/19 20:46:03
24090	4	P1	0	NO PLAY	0	-	false	2026/09/19 20:46:03
24090	4	DP	0	NO PLAY	0	-	false	2026/09/19 20:46:03
24091	0	P1	0	NO PLAY	0	-	false	2026/09/19 20:46:03
24091	0	DP	0	NO PLAY	0	-	false	2026/09/19 20:46:03
24091	1	P1	0	NO PLAY	0	-	false	2026/09/19 20:46:03
24091	1	DP	0	NO PLAY	0	-	false	2026/09/19 20:46:03
24091	2	P1	0	NO PLAY	0	-	false	2026/09/19 20:46:03
24091	2	DP	0	NO PLAY	0	-	false	2026/09/19 20:46:03
24091	3	P1	0	NO PLAY	0	-	false	2026/09/19 20:46:03
24091	3	DP	7	FULL COMBO	1684	0	true	2026/09/19 20:46:03
24091	4	P1	0	NO PLAY	0	-	false	2026/09/19 20:46:03
24091	4	DP	0	NO PLAY	0	-	false	2026/09/19 20:46:03
24093	0	P1	0	NO PLAY	0	-	false	2026/09/19 20:46:03
24093	0	DP	0	NO PLAY	0	-	false	2026/09/19 20:46:03
24093	1	P1	0	NO PLAY	0	-	false	2026/09/19 20:46:03
24093	1	DP	0	NO PLAY	0	-	false	2026/09/19 20:46:03
24093	2	P1	0	NO PLAY	0	-	false	2026/09/19 20:46:03
24093	2	DP	0	NO PLAY	0	-	false	2026/09/19 20:46:03
24093	3	P1	0	NO PLAY	0	-	false	2026/09/19 20:46:03
24093	3	DP	0	NO PLAY	0	-	false	2026/09/19 20:46:03
24093	4	P1	0	NO PLAY	0	-	false	2026/09/19 20:46:03
24093	4	DP	0	NO PLAY	0	-	false	2026/09/19 20:46:03
24094	0	P1	0	NO PLAY	0	-	false	2026/09/19 20:46:03
24094	0	DP	0	NO PLAY	0	-	false	2026/09/19 20:46:03
24094	1	P1	0	NO PLAY	0	-	false	2026/09/19 20:46:03
24094	1	DP	0	NO PLAY	0	-	false	2026/09/19 20:46:03
24094	2	P1	0	NO PLAY	0	-	false	2026/09/19 20:46:03
24094	2	DP	0	NO PLAY	0	-	false	2026/09/19 20:46:03
24094	3	P1	6	EX HARD CLEAR	2649	11	true	2026/09/19 20:46:03
24094	3	DP	6	EX HARD CLEAR	2387	15	true	2026/09/19 20:46:03
24094	4	P1	0	NO PLAY	0	-	false	2026/09/19 20:46:03
24094	4	DP	0	NO PLAY	0	-	false	2026/09/19 20:46:03
24095	0	P1	0	NO PLAY	0	-	false	2026/09/19 20:46:03
24095	0	DP	0	NO PLAY	0	-	false	2026/09/19 20:46:03
24095	1	P1	0	NO PLAY	0	-	false	2026/09/19 20:46:03
24095	1	DP	0	NO PLAY	0	-	false	2026/09/19 20:46:03
24095	2	P1	0	NO PLAY	0	-	false	2026/09/19 20:46:03
24095	2	DP	0	NO PLAY	0	-	false	2026/09/19 20:46:03
24095	3	P1	6	EX HARD CLEAR	2903	9	true	2026/09/19 20:46:03
24095	3	DP	5	HARD CLEAR	2927	35	true	2026/09/19 20:46:03
24095	4	P1	0	NO PLAY	0	-	false	2026/09/19 20:46:03
24095	4	DP	0	NO PLAY	0	-	false	2026/09/19 20:46:03
25000	0	P1	0	NO PLAY	0	-	false	2026/09/19 20:46:03
25000	0	DP	0	NO PLAY	0	-	false	2026/09/19 20:46:03
25000	1	P1	0	NO PLAY	0	-	false	2026/09/19 20:46:03
25000	1	DP	0	NO PLAY	0	-	false	2026/09/19 20:46:03
25000	2	P1	1	FAILED	753	-	false	2026/09/19 20:46:03
25000	2	DP	6	EX HARD CLEAR	2291	11	true	2026/09/19 20:46:03
25000	3	P1	6	EX HARD CLEAR	3356	11	true	2026/09/19 20:46:03
25000	3	DP	6	EX HARD CLEAR	3061	25	true	2026/09/19 20:46:03
25000	4	P1	0	NO PLAY	0	-	false	2026/09/19 20:46:03
25000	4	DP	0	NO PLAY	0	-	false	2026/09/19 20:46:03
25001	0	P1	0	NO PLAY	0	-	false	2026/09/19 20:46:03
25001	0	DP	0	NO PLAY	0	-	false	2026/09/19 20:46:03
25001	1	P1	0	NO PLAY	0	-	false	2026/09/19 20:46:03
25001	1	DP	0	NO PLAY	0	-	false	2026/09/19 20:46:03
25001	2	P1	0	NO PLAY	0	-	false	2026/09/19 20:46:03
25001	2	DP	0	NO PLAY	0	-	false	2026/09/19 20:46:03
25001	3	P1	0	NO PLAY	0	-	false	2026/09/19 20:46:03
25001	3	DP	6	EX HARD CLEAR	2599	11	true	2026/09/19 20:46:03
25001	4	P1	5	HARD CLEAR	3685	29	true	2026/09/19 20:46:03
25001	4	DP	5	HARD CLEAR	3306	69	true	2026/09/19 20:46:03
25002	0	P1	0	NO PLAY	0	-	false	2026/09/19 20:46:03
25002	0	DP	0	NO PLAY	0	-	false	2026/09/19 20:46:03
25002	1	P1	0	NO PLAY	0	-	false	2026/09/19 20:46:03
25002	1	DP	0	NO PLAY	0	-	false	2026/09/19 20:46:03
25002	2	P1	0	NO PLAY	0	-	false	2026/09/19 20:46:03
25002	2	DP	0	NO PLAY	0	-	false	2026/09/19 20:46:03
25002	3	P1	0	NO PLAY	0	-	false	2026/09/19 20:46:03
25002	3	DP	6	EX HARD CLEAR	1784	8	true	2026/09/19 20:46:03
25002	4	P1	0	NO PLAY	0	-	false	2026/09/19 20:46:03
25002	4	DP	0	NO PLAY	0	-	false	2026/09/19 20:46:03
25003	0	P1	0	NO PLAY	0	-	false	2026/09/19 20:46:03
25003	0	DP	0	NO PLAY	0	-	false	2026/09/19 20:46:03
25003	1	P1	0	NO PLAY	0	-	false	2026/09/19 20:46:03
25003	1	DP	0	NO PLAY	0	-	false	2026/09/19 20:46:03
25003	2	P1	5	HARD CLEAR	1940	45	true	2026/09/19 20:46:03
25003	2	DP	0	NO PLAY	0	-	false	2026/09/19 20:46:03
25003	3	P1	6	EX HARD CLEAR	3335	20	true	2026/09/19 20:46:03
25003	3	DP	5	HARD CLEAR	3011	34	true	2026/09/19 20:46:03
25003	4	P1	5	HARD CLEAR	3447	51	true	2026/09/19 20:46:03
25003	4	DP	2	ASSIST CLEAR	3421	100	true	2026/09/19 20:46:03
25004	0	P1	0	NO PLAY	0	-	false	2026/09/19 20:46:03
25004	0	DP	0	NO PLAY	0	-	false	2026/09/19 20:46:03
25004	1	P1	0	NO PLAY	0	-	false	2026/09/19 20:46:03
25004	1	DP	6	EX HARD CLEAR	1313	5	true	2026/09/19 20:46:03
25004	2	P1	5	HARD CLEAR	1687	18	true	2026/09/19 20:46:03
25004	2	DP	0	NO PLAY	0	-	false	2026/09/19 20:46:03
25004	3	P1	6	EX HARD CLEAR	3140	14	true	2026/09/19 20:46:03
25004	3	DP	5	HARD CLEAR	2837	32	true	2026/09/19 20:46:03
25004	4	P1	0	NO PLAY	0	-	false	2026/09/19 20:46:03
25004	4	DP	0	NO PLAY	0	-	false	2026/09/19 20:46:03
25005	0	P1	0	NO PLAY	0	-	false	2026/09/19 20:46:03
25005	0	DP	0	NO PLAY	0	-	false	2026/09/19 20:46:03
25005	1	P1	0	NO PLAY	0	-	false	2026/09/19 20:46:03
25005	1	DP	0	NO PLAY	0	-	false	2026/09/19 20:46:03
25005	2	P1	0	NO PLAY	0	-	false	2026/09/19 20:46:03
25005	2	DP	0	NO PLAY	0	-	false	2026/09/19 20:46:03
25005	3	P1	3	EASY CLEAR	1840	87	true	2026/09/19 20:46:03
25005	3	DP	6	EX HARD CLEAR	1828	21	true	2026/09/19 20:46:03
25005	4	P1	0	NO PLAY	0	-	false	2026/09/19 20:46:03
25005	4	DP	0	NO PLAY	0	-	false	2026/09/19 20:46:03
25006	0	P1	1	FAILED	61	61	true	2026/09/19 20:46:03
25006	0	DP	0	NO PLAY	0	-	false	2026/09/19 20:46:03
25006	1	P1	0	NO PLAY	0	-	false	2026/09/19 20:46:03
25006	1	DP	1	FAILED	401	61	true	2026/09/19 20:46:03
25006	2	P1	0	NO PLAY	0	-	false	2026/09/19 20:46:03
25006	2	DP	5	HARD CLEAR	876	8	true	2026/09/19 20:46:03
25006	3	P1	0	NO PLAY	0	-	false	2026/09/19 20:46:03
25006	3	DP	0	NO PLAY	0	-	false	2026/09/19 20:46:03
25006	4	P1	0	NO PLAY	0	-	false	2026/09/19 20:46:03
25006	4	DP	0	NO PLAY	0	-	false	2026/09/19 20:46:03
25007	0	P1	0	NO PLAY	0	-	false	2026/09/19 20:46:03
25007	0	DP	0	NO PLAY	0	-	false	2026/09/19 20:46:03
25007	1	P1	0	NO PLAY	0	-	false	2026/09/19 20:46:03
25007	1	DP	0	NO PLAY	0	-	false	2026/09/19 20:46:03
25007	2	P1	0	NO PLAY	0	-	false	2026/09/19 20:46:03
25007	2	DP	6	EX HARD CLEAR	1994	17	true	2026/09/19 20:46:03
25007	3	P1	5	HARD CLEAR	2781	34	true	2026/09/19 20:46:03
25007	3	DP	3	EASY CLEAR	2465	76	true	2026/09/19 20:46:03
25007	4	P1	0	NO PLAY	0	-	false	2026/09/19 20:46:03
25007	4	DP	0	NO PLAY	0	-	false	2026/09/19 20:46:03
25008	0	P1	0	NO PLAY	0	-	false	2026/09/19 20:46:03
25008	0	DP	0	NO PLAY	0	-	false	2026/09/19 20:46:03
25008	1	P1	0	NO PLAY	0	-	false	2026/09/19 20:46:03
25008	1	DP	0	NO PLAY	0	-	false	2026/09/19 20:46:03
25008	2	P1	0	NO PLAY	0	-	false	2026/09/19 20:46:03
25008	2	DP	0	NO PLAY	0	-	false	2026/09/19 20:46:03
25008	3	P1	6	EX HARD CLEAR	2598	17	true	2026/09/19 20:46:03
25008	3	DP	6	EX HARD CLEAR	2999	17	true	2026/09/19 20:46:03
25008	4	P1	0	NO PLAY	0	-	false	2026/09/19 20:46:03
25008	4	DP	0	NO PLAY	0	-	false	2026/09/19 20:46:03
25009	0	P1	0	NO PLAY	0	-	false	2026/09/19 20:46:03
25009	0	DP	0	NO PLAY	0	-	false	2026/09/19 20:46:03
25009	1	P1	0	NO PLAY	0	-	false	2026/09/19 20:46:03
25009	1	DP	0	NO PLAY	0	-	false	2026/09/19 20:46:03
25009	2	P1	0	NO PLAY	0	-	false	2026/09/19 20:46:03
25009	2	DP	1	FAILED	1165	-	false	2026/09/19 20:46:03
25009	3	P1	6	EX HARD CLEAR	2890	9	true	2026/09/19 20:46:03
25009	3	DP	5	HARD CLEAR	2531	53	true	2026/09/19 20:46:03
25009	4	P1	0	NO PLAY	0	-	false	2026/09/19 20:46:03
25009	4	DP	0	NO PLAY	0	-	false	2026/09/19 20:46:03
25010	0	P1	0	NO PLAY	0	-	false	2026/09/19 20:46:03
25010	0	DP	0	NO PLAY	0	-	false	2026/09/19 20:46:03
25010	1	P1	0	NO PLAY	0	-	false	2026/09/19 20:46:03
25010	1	DP	0	NO PLAY	0	-	false	2026/09/19 20:46:03
25010	2	P1	0	NO PLAY	0	-	false	2026/09/19 20:46:03
25010	2	DP	0	NO PLAY	0	-	false	2026/09/19 20:46:03
25010	3	P1	3	EASY CLEAR	1893	54	true	2026/09/19 20:46:03
25010	3	DP	6	EX HARD CLEAR	1968	10	true	2026/09/19 20:46:03
25010	4	P1	0	NO PLAY	0	-	false	2026/09/19 20:46:03
25010	4	DP	0	NO PLAY	0	-	false	2026/09/19 20:46:03
25011	0	P1	0	NO PLAY	0	-	false	2026/09/19 20:46:03
25011	0	DP	0	NO PLAY	0	-	false	2026/09/19 20:46:03
25011	1	P1	0	NO PLAY	0	-	false	2026/09/19 20:46:03
25011	1	DP	0	NO PLAY	0	-	false	2026/09/19 20:46:03
25011	2	P1	5	HARD CLEAR	1190	9	true	2026/09/19 20:46:03
25011	2	DP	0	NO PLAY	0	-	false	2026/09/19 20:46:03
25011	3	P1	7	FULL COMBO	2190	2	true	2026/09/19 20:46:03
25011	3	DP	6	EX HARD CLEAR	1983	6	true	2026/09/19 20:46:03
25011	4	P1	0	NO PLAY	0	-	false	2026/09/19 20:46:03
25011	4	DP	0	NO PLAY	0	-	false	2026/09/19 20:46:03
25012	0	P1	0	NO PLAY	0	-	false	2026/09/19 20:46:03
25012	0	DP	0	NO PLAY	0	-	false	2026/09/19 20:46:03
25012	1	P1	0	NO PLAY	0	-	false	2026/09/19 20:46:03
25012	1	DP	0	NO PLAY	0	-	false	2026/09/19 20:46:03
25012	2	P1	0	NO PLAY	0	-	false	2026/09/19 20:46:03
25012	2	DP	0	NO PLAY	0	-	false	2026/09/19 20:46:03
25012	3	P1	0	NO PLAY	0	-	false	2026/09/19 20:46:03
25012	3	DP	6	EX HARD CLEAR	1869	4	true	2026/09/19 20:46:03
25012	4	P1	0	NO PLAY	0	-	false	2026/09/19 20:46:03
25012	4	DP	0	NO PLAY	0	-	false	2026/09/19 20:46:03
25013	0	P1	0	NO PLAY	0	-	false	2026/09/19 20:46:03
25013	0	DP	0	NO PLAY	0	-	false	2026/09/19 20:46:03
25013	1	P1	0	NO PLAY	0	-	false	2026/09/19 20:46:03
25013	1	DP	0	NO PLAY	0	-	false	2026/09/19 20:46:03
25013	2	P1	0	NO PLAY	0	-	false	2026/09/19 20:46:03
25013	2	DP	0	NO PLAY	0	-	false	2026/09/19 20:46:03
25013	3	P1	6	EX HARD CLEAR	2238	2	true	2026/09/19 20:46:03
25013	3	DP	6	EX HARD CLEAR	1793	7	true	2026/09/19 20:46:03
25013	4	P1	0	NO PLAY	0	-	false	2026/09/19 20:46:03
25013	4	DP	0	NO PLAY	0	-	false	2026/09/19 20:46:03
25014	0	P1	0	NO PLAY	0	-	false	2026/09/19 20:46:03
25014	0	DP	0	NO PLAY	0	-	false	2026/09/19 20:46:03
25014	1	P1	0	NO PLAY	0	-	false	2026/09/19 20:46:03
25014	1	DP	0	NO PLAY	0	-	false	2026/09/19 20:46:03
25014	2	P1	0	NO PLAY	0	-	false	2026/09/19 20:46:03
25014	2	DP	0	NO PLAY	0	-	false	2026/09/19 20:46:03
25014	3	P1	0	NO PLAY	0	-	false	2026/09/19 20:46:03
25014	3	DP	0	NO PLAY	0	-	false	2026/09/19 20:46:03
25014	4	P1	0	NO PLAY	0	-	false	2026/09/19 20:46:03
25014	4	DP	0	NO PLAY	0	-	false	2026/09/19 20:46:03
25015	0	P1	0	NO PLAY	0	-	false	2026/09/19 20:46:03
25015	0	DP	0	NO PLAY	0	-	false	2026/09/19 20:46:03
25015	1	P1	0	NO PLAY	0	-	false	2026/09/19 20:46:03
25015	1	DP	0	NO PLAY	0	-	false	2026/09/19 20:46:03
25015	2	P1	0	NO PLAY	0	-	false	2026/09/19 20:46:03
25015	2	DP	0	NO PLAY	0	-	false	2026/09/19 20:46:03
25015	3	P1	6	EX HARD CLEAR	2876	17	true	2026/09/19 20:46:03
25015	3	DP	6	EX HARD CLEAR	2636	23	true	2026/09/19 20:46:03
25015	4	P1	0	NO PLAY	0	-	false	2026/09/19 20:46:03
25015	4	DP	0	NO PLAY	0	-	false	2026/09/19 20:46:03
25016	0	P1	0	NO PLAY	0	-	false	2026/09/19 20:46:03
25016	0	DP	0	NO PLAY	0	-	false	2026/09/19 20:46:03
25016	1	P1	0	NO PLAY	0	-	false	2026/09/19 20:46:03
25016	1	DP	0	NO PLAY	0	-	false	2026/09/19 20:46:03
25016	2	P1	0	NO PLAY	0	-	false	2026/09/19 20:46:03
25016	2	DP	0	NO PLAY	0	-	false	2026/09/19 20:46:03
25016	3	P1	3	EASY CLEAR	1522	100	true	2026/09/19 20:46:03
25016	3	DP	6	EX HARD CLEAR	1840	18	true	2026/09/19 20:46:03
25016	4	P1	0	NO PLAY	0	-	false	2026/09/19 20:46:03
25016	4	DP	0	NO PLAY	0	-	false	2026/09/19 20:46:03
25017	0	P1	0	NO PLAY	0	-	false	2026/09/19 20:46:03
25017	0	DP	0	NO PLAY	0	-	false	2026/09/19 20:46:03
25017	1	P1	0	NO PLAY	0	-	false	2026/09/19 20:46:03
25017	1	DP	0	NO PLAY	0	-	false	2026/09/19 20:46:03
25017	2	P1	0	NO PLAY	0	-	false	2026/09/19 20:46:03
25017	2	DP	0	NO PLAY	0	-	false	2026/09/19 20:46:03
25017	3	P1	5	HARD CLEAR	2680	41	true	2026/09/19 20:46:03
25017	3	DP	5	HARD CLEAR	2706	49	true	2026/09/19 20:46:03
25017	4	P1	0	NO PLAY	0	-	false	2026/09/19 20:46:03
25017	4	DP	0	NO PLAY	0	-	false	2026/09/19 20:46:03
25018	0	P1	0	NO PLAY	0	-	false	2026/09/19 20:46:03
25018	0	DP	0	NO PLAY	0	-	false	2026/09/19 20:46:03
25018	1	P1	0	NO PLAY	0	-	false	2026/09/19 20:46:03
25018	1	DP	6	EX HARD CLEAR	736	2	true	2026/09/19 20:46:03
25018	2	P1	0	NO PLAY	0	-	false	2026/09/19 20:46:03
25018	2	DP	0	NO PLAY	0	-	false	2026/09/19 20:46:03
25018	3	P1	3	EASY CLEAR	1654	77	true	2026/09/19 20:46:03
25018	3	DP	6	EX HARD CLEAR	1752	9	true	2026/09/19 20:46:03
25018	4	P1	0	NO PLAY	0	-	false	2026/09/19 20:46:03
25018	4	DP	0	NO PLAY	0	-	false	2026/09/19 20:46:03
25019	0	P1	0	NO PLAY	0	-	false	2026/09/19 20:46:03
25019	0	DP	0	NO PLAY	0	-	false	2026/09/19 20:46:03
25019	1	P1	0	NO PLAY	0	-	false	2026/09/19 20:46:03
25019	1	DP	0	NO PLAY	0	-	false	2026/09/19 20:46:03
25019	2	P1	0	NO PLAY	0	-	false	2026/09/19 20:46:03
25019	2	DP	0	NO PLAY	0	-	false	2026/09/19 20:46:03
25019	3	P1	6	EX HARD CLEAR	2277	10	true	2026/09/19 20:46:03
25019	3	DP	6	EX HARD CLEAR	2247	11	true	2026/09/19 20:46:03
25019	4	P1	0	NO PLAY	0	-	false	2026/09/19 20:46:03
25019	4	DP	0	NO PLAY	0	-	false	2026/09/19 20:46:03
25020	0	P1	0	NO PLAY	0	-	false	2026/09/19 20:46:03
25020	0	DP	0	NO PLAY	0	-	false	2026/09/19 20:46:03
25020	1	P1	0	NO PLAY	0	-	false	2026/09/19 20:46:03
25020	1	DP	0	NO PLAY	0	-	false	2026/09/19 20:46:03
25020	2	P1	0	NO PLAY	0	-	false	2026/09/19 20:46:03
25020	2	DP	0	NO PLAY	0	-	false	2026/09/19 20:46:03
25020	3	P1	3	EASY CLEAR	2082	138	true	2026/09/19 20:46:03
25020	3	DP	6	EX HARD CLEAR	2693	15	true	2026/09/19 20:46:03
25020	4	P1	0	NO PLAY	0	-	false	2026/09/19 20:46:03
25020	4	DP	0	NO PLAY	0	-	false	2026/09/19 20:46:03
25021	0	P1	0	NO PLAY	0	-	false	2026/09/19 20:46:03
25021	0	DP	0	NO PLAY	0	-	false	2026/09/19 20:46:03
25021	1	P1	0	NO PLAY	0	-	false	2026/09/19 20:46:03
25021	1	DP	0	NO PLAY	0	-	false	2026/09/19 20:46:03
25021	2	P1	0	NO PLAY	0	-	false	2026/09/19 20:46:03
25021	2	DP	0	NO PLAY	0	-	false	2026/09/19 20:46:03
25021	3	P1	5	HARD CLEAR	2208	29	true	2026/09/19 20:46:03
25021	3	DP	5	HARD CLEAR	2172	40	true	2026/09/19 20:46:03
25021	4	P1	5	HARD CLEAR	2685	49	true	2026/09/19 20:46:03
25021	4	DP	1	FAILED	2635	83	true	2026/09/19 20:46:03
25022	0	P1	0	NO PLAY	0	-	false	2026/09/19 20:46:03
25022	0	DP	0	NO PLAY	0	-	false	2026/09/19 20:46:03
25022	1	P1	0	NO PLAY	0	-	false	2026/09/19 20:46:03
25022	1	DP	0	NO PLAY	0	-	false	2026/09/19 20:46:03
25022	2	P1	0	NO PLAY	0	-	false	2026/09/19 20:46:03
25022	2	DP	0	NO PLAY	0	-	false	2026/09/19 20:46:03
25022	3	P1	3	EASY CLEAR	1824	65	true	2026/09/19 20:46:03
25022	3	DP	6	EX HARD CLEAR	2380	9	true	2026/09/19 20:46:03
25022	4	P1	0	NO PLAY	0	-	false	2026/09/19 20:46:03
25022	4	DP	0	NO PLAY	0	-	false	2026/09/19 20:46:03
25023	0	P1	0	NO PLAY	0	-	false	2026/09/19 20:46:03
25023	0	DP	0	NO PLAY	0	-	false	2026/09/19 20:46:03
25023	1	P1	0	NO PLAY	0	-	false	2026/09/19 20:46:03
25023	1	DP	0	NO PLAY	0	-	false	2026/09/19 20:46:03
25023	2	P1	0	NO PLAY	0	-	false	2026/09/19 20:46:03
25023	2	DP	0	NO PLAY	0	-	false	2026/09/19 20:46:03
25023	3	P1	0	NO PLAY	0	-	false	2026/09/19 20:46:03
25023	3	DP	6	EX HARD CLEAR	1926	15	true	2026/09/19 20:46:03
25023	4	P1	0	NO PLAY	0	-	false	2026/09/19 20:46:03
25023	4	DP	0	NO PLAY	0	-	false	2026/09/19 20:46:03
25024	0	P1	0	NO PLAY	0	-	false	2026/09/19 20:46:03
25024	0	DP	0	NO PLAY	0	-	false	2026/09/19 20:46:03
25024	1	P1	1	FAILED	58	-	false	2026/09/19 20:46:03
25024	1	DP	3	EASY CLEAR	473	38	true	2026/09/19 20:46:03
25024	2	P1	0	NO PLAY	0	-	false	2026/09/19 20:46:03
25024	2	DP	5	HARD CLEAR	919	10	true	2026/09/19 20:46:03
25024	3	P1	5	HARD CLEAR	1898	28	true	2026/09/19 20:46:03
25024	3	DP	7	FULL COMBO	1969	1	true	2026/09/19 20:46:03
25024	4	P1	0	NO PLAY	0	-	false	2026/09/19 20:46:03
25024	4	DP	0	NO PLAY	0	-	false	2026/09/19 20:46:03
25026	0	P1	0	NO PLAY	0	-	false	2026/09/19 20:46:03
25026	0	DP	0	NO PLAY	0	-	false	2026/09/19 20:46:03
25026	1	P1	0	NO PLAY	0	-	false	2026/09/19 20:46:03
25026	1	DP	0	NO PLAY	0	-	false	2026/09/19 20:46:03
25026	2	P1	0	NO PLAY	0	-	false	2026/09/19 20:46:03
25026	2	DP	0	NO PLAY	0	-	false	2026/09/19 20:46:03
25026	3	P1	7	FULL COMBO	1982	0	true	2026/09/19 20:46:03
25026	3	DP	6	EX HARD CLEAR	2169	3	true	2026/09/19 20:46:03
25026	4	P1	0	NO PLAY	0	-	false	2026/09/19 20:46:03
25026	4	DP	0	NO PLAY	0	-	false	2026/09/19 20:46:03
25027	0	P1	0	NO PLAY	0	-	false	2026/09/19 20:46:03
25027	0	DP	0	NO PLAY	0	-	false	2026/09/19 20:46:03
25027	1	P1	0	NO PLAY	0	-	false	2026/09/19 20:46:03
25027	1	DP	0	NO PLAY	0	-	false	2026/09/19 20:46:03
25027	2	P1	0	NO PLAY	0	-	false	2026/09/19 20:46:03
25027	2	DP	0	NO PLAY	0	-	false	2026/09/19 20:46:03
25027	3	P1	5	HARD CLEAR	2623	31	true	2026/09/19 20:46:03
25027	3	DP	5	HARD CLEAR	2190	36	true	2026/09/19 20:46:03
25027	4	P1	0	NO PLAY	0	-	false	2026/09/19 20:46:03
25027	4	DP	0	NO PLAY	0	-	false	2026/09/19 20:46:03
25028	0	P1	0	NO PLAY	0	-	false	2026/09/19 20:46:03
25028	0	DP	0	NO PLAY	0	-	false	2026/09/19 20:46:03
25028	1	P1	0	NO PLAY	0	-	false	2026/09/19 20:46:03
25028	1	DP	0	NO PLAY	0	-	false	2026/09/19 20:46:03
25028	2	P1	0	NO PLAY	0	-	false	2026/09/19 20:46:03
25028	2	DP	0	NO PLAY	0	-	false	2026/09/19 20:46:03
25028	3	P1	3	EASY CLEAR	1756	77	true	2026/09/19 20:46:03
25028	3	DP	6	EX HARD CLEAR	1930	15	true	2026/09/19 20:46:03
25028	4	P1	0	NO PLAY	0	-	false	2026/09/19 20:46:03
25028	4	DP	0	NO PLAY	0	-	false	2026/09/19 20:46:03
25029	0	P1	0	NO PLAY	0	-	false	2026/09/19 20:46:03
25029	0	DP	0	NO PLAY	0	-	false	2026/09/19 20:46:03
25029	1	P1	0	NO PLAY	0	-	false	2026/09/19 20:46:03
25029	1	DP	0	NO PLAY	0	-	false	2026/09/19 20:46:03
25029	2	P1	0	NO PLAY	0	-	false	2026/09/19 20:46:03
25029	2	DP	0	NO PLAY	0	-	false	2026/09/19 20:46:03
25029	3	P1	6	EX HARD CLEAR	3059	12	true	2026/09/19 20:46:03
25029	3	DP	6	EX HARD CLEAR	2919	16	true	2026/09/19 20:46:03
25029	4	P1	0	NO PLAY	0	-	false	2026/09/19 20:46:03
25029	4	DP	0	NO PLAY	0	-	false	2026/09/19 20:46:03
25030	0	P1	0	NO PLAY	0	-	false	2026/09/19 20:46:03
25030	0	DP	0	NO PLAY	0	-	false	2026/09/19 20:46:03
25030	1	P1	0	NO PLAY	0	-	false	2026/09/19 20:46:03
25030	1	DP	0	NO PLAY	0	-	false	2026/09/19 20:46:03
25030	2	P1	0	NO PLAY	0	-	false	2026/09/19 20:46:03
25030	2	DP	0	NO PLAY	0	-	false	2026/09/19 20:46:03
25030	3	P1	0	NO PLAY	0	-	false	2026/09/19 20:46:03
25030	3	DP	0	NO PLAY	0	-	false	2026/09/19 20:46:03
25030	4	P1	0	NO PLAY	0	-	false	2026/09/19 20:46:03
25030	4	DP	0	NO PLAY	0	-	false	2026/09/19 20:46:03
25031	0	P1	0	NO PLAY	0	-	false	2026/09/19 20:46:03
25031	0	DP	0	NO PLAY	0	-	false	2026/09/19 20:46:03
25031	1	P1	0	NO PLAY	0	-	false	2026/09/19 20:46:03
25031	1	DP	0	NO PLAY	0	-	false	2026/09/19 20:46:03
25031	2	P1	0	NO PLAY	0	-	false	2026/09/19 20:46:03
25031	2	DP	0	NO PLAY	0	-	false	2026/09/19 20:46:03
25031	3	P1	6	EX HARD CLEAR	2103	4	true	2026/09/19 20:46:03
25031	3	DP	6	EX HARD CLEAR	2113	14	true	2026/09/19 20:46:03
25031	4	P1	0	NO PLAY	0	-	false	2026/09/19 20:46:03
25031	4	DP	0	NO PLAY	0	-	false	2026/09/19 20:46:03
25032	0	P1	0	NO PLAY	0	-	false	2026/09/19 20:46:03
25032	0	DP	0	NO PLAY	0	-	false	2026/09/19 20:46:03
25032	1	P1	0	NO PLAY	0	-	false	2026/09/19 20:46:03
25032	1	DP	0	NO PLAY	0	-	false	2026/09/19 20:46:03
25032	2	P1	0	NO PLAY	0	-	false	2026/09/19 20:46:03
25032	2	DP	0	NO PLAY	0	-	false	2026/09/19 20:46:03
25032	3	P1	6	EX HARD CLEAR	1878	3	true	2026/09/19 20:46:03
25032	3	DP	0	NO PLAY	0	-	false	2026/09/19 20:46:03
25032	4	P1	0	NO PLAY	0	-	false	2026/09/19 20:46:03
25032	4	DP	0	NO PLAY	0	-	false	2026/09/19 20:46:03
25033	0	P1	0	NO PLAY	0	-	false	2026/09/19 20:46:03
25033	0	DP	0	NO PLAY	0	-	false	2026/09/19 20:46:03
25033	1	P1	0	NO PLAY	0	-	false	2026/09/19 20:46:03
25033	1	DP	0	NO PLAY	0	-	false	2026/09/19 20:46:03
25033	2	P1	0	NO PLAY	0	-	false	2026/09/19 20:46:03
25033	2	DP	0	NO PLAY	0	-	false	2026/09/19 20:46:03
25033	3	P1	5	HARD CLEAR	1581	39	true	2026/09/19 20:46:03
25033	3	DP	6	EX HARD CLEAR	1760	12	true	2026/09/19 20:46:03
25033	4	P1	0	NO PLAY	0	-	false	2026/09/19 20:46:03
25033	4	DP	0	NO PLAY	0	-	false	2026/09/19 20:46:03
25034	0	P1	0	NO PLAY	0	-	false	2026/09/19 20:46:03
25034	0	DP	0	NO PLAY	0	-	false	2026/09/19 20:46:03
25034	1	P1	0	NO PLAY	0	-	false	2026/09/19 20:46:03
25034	1	DP	0	NO PLAY	0	-	false	2026/09/19 20:46:03
25034	2	P1	0	NO PLAY	0	-	false	2026/09/19 20:46:03
25034	2	DP	0	NO PLAY	0	-	false	2026/09/19 20:46:03
25034	3	P1	0	NO PLAY	0	-	false	2026/09/19 20:46:03
25034	3	DP	0	NO PLAY	0	-	false	2026/09/19 20:46:03
25034	4	P1	0	NO PLAY	0	-	false	2026/09/19 20:46:03
25034	4	DP	0	NO PLAY	0	-	false	2026/09/19 20:46:03
25035	0	P1	0	NO PLAY	0	-	false	2026/09/19 20:46:03
25035	0	DP	0	NO PLAY	0	-	false	2026/09/19 20:46:03
25035	1	P1	0	NO PLAY	0	-	false	2026/09/19 20:46:03
25035	1	DP	0	NO PLAY	0	-	false	2026/09/19 20:46:03
25035	2	P1	0	NO PLAY	0	-	false	2026/09/19 20:46:03
25035	2	DP	0	NO PLAY	0	-	false	2026/09/19 20:46:03
25035	3	P1	0	NO PLAY	0	-	false	2026/09/19 20:46:03
25035	3	DP	0	NO PLAY	0	-	false	2026/09/19 20:46:03
25035	4	P1	0	NO PLAY	0	-	false	2026/09/19 20:46:03
25035	4	DP	0	NO PLAY	0	-	false	2026/09/19 20:46:03
25036	0	P1	0	NO PLAY	0	-	false	2026/09/19 20:46:03
25036	0	DP	0	NO PLAY	0	-	false	2026/09/19 20:46:03
25036	1	P1	0	NO PLAY	0	-	false	2026/09/19 20:46:03
25036	1	DP	0	NO PLAY	0	-	false	2026/09/19 20:46:03
25036	2	P1	0	NO PLAY	0	-	false	2026/09/19 20:46:03
25036	2	DP	0	NO PLAY	0	-	false	2026/09/19 20:46:03
25036	3	P1	0	NO PLAY	0	-	false	2026/09/19 20:46:03
25036	3	DP	0	NO PLAY	0	-	false	2026/09/19 20:46:03
25036	4	P1	0	NO PLAY	0	-	false	2026/09/19 20:46:03
25036	4	DP	0	NO PLAY	0	-	false	2026/09/19 20:46:03
25037	0	P1	0	NO PLAY	0	-	false	2026/09/19 20:46:03
25037	0	DP	0	NO PLAY	0	-	false	2026/09/19 20:46:03
25037	1	P1	0	NO PLAY	0	-	false	2026/09/19 20:46:03
25037	1	DP	0	NO PLAY	0	-	false	2026/09/19 20:46:03
25037	2	P1	0	NO PLAY	0	-	false	2026/09/19 20:46:03
25037	2	DP	0	NO PLAY	0	-	false	2026/09/19 20:46:03
25037	3	P1	7	FULL COMBO	2050	0	true	2026/09/19 20:46:03
25037	3	DP	7	FULL COMBO	2102	2	true	2026/09/19 20:46:03
25037	4	P1	0	NO PLAY	0	-	false	2026/09/19 20:46:03
25037	4	DP	0	NO PLAY	0	-	false	2026/09/19 20:46:03
25038	0	P1	0	NO PLAY	0	-	false	2026/09/19 20:46:03
25038	0	DP	0	NO PLAY	0	-	false	2026/09/19 20:46:03
25038	1	P1	0	NO PLAY	0	-	false	2026/09/19 20:46:03
25038	1	DP	0	NO PLAY	0	-	false	2026/09/19 20:46:03
25038	2	P1	0	NO PLAY	0	-	false	2026/09/19 20:46:03
25038	2	DP	0	NO PLAY	0	-	false	2026/09/19 20:46:03
25038	3	P1	3	EASY CLEAR	2100	70	true	2026/09/19 20:46:03
25038	3	DP	6	EX HARD CLEAR	1939	11	true	2026/09/19 20:46:03
25038	4	P1	0	NO PLAY	0	-	false	2026/09/19 20:46:03
25038	4	DP	0	NO PLAY	0	-	false	2026/09/19 20:46:03
25039	0	P1	0	NO PLAY	0	-	false	2026/09/19 20:46:03
25039	0	DP	0	NO PLAY	0	-	false	2026/09/19 20:46:03
25039	1	P1	0	NO PLAY	0	-	false	2026/09/19 20:46:03
25039	1	DP	0	NO PLAY	0	-	false	2026/09/19 20:46:03
25039	2	P1	0	NO PLAY	0	-	false	2026/09/19 20:46:03
25039	2	DP	0	NO PLAY	0	-	false	2026/09/19 20:46:03
25039	3	P1	0	NO PLAY	0	-	false	2026/09/19 20:46:03
25039	3	DP	6	EX HARD CLEAR	2243	8	true	2026/09/19 20:46:03
25039	4	P1	0	NO PLAY	0	-	false	2026/09/19 20:46:03
25039	4	DP	0	NO PLAY	0	-	false	2026/09/19 20:46:03
25040	0	P1	0	NO PLAY	0	-	false	2026/09/19 20:46:03
25040	0	DP	0	NO PLAY	0	-	false	2026/09/19 20:46:03
25040	1	P1	0	NO PLAY	0	-	false	2026/09/19 20:46:03
25040	1	DP	0	NO PLAY	0	-	false	2026/09/19 20:46:03
25040	2	P1	0	NO PLAY	0	-	false	2026/09/19 20:46:03
25040	2	DP	0	NO PLAY	0	-	false	2026/09/19 20:46:03
25040	3	P1	6	EX HARD CLEAR	2773	20	true	2026/09/19 20:46:03
25040	3	DP	6	EX HARD CLEAR	2703	18	true	2026/09/19 20:46:03
25040	4	P1	0	NO PLAY	0	-	false	2026/09/19 20:46:03
25040	4	DP	0	NO PLAY	0	-	false	2026/09/19 20:46:03
25041	0	P1	0	NO PLAY	0	-	false	2026/09/19 20:46:03
25041	0	DP	0	NO PLAY	0	-	false	2026/09/19 20:46:03
25041	1	P1	0	NO PLAY	0	-	false	2026/09/19 20:46:03
25041	1	DP	0	NO PLAY	0	-	false	2026/09/19 20:46:03
25041	2	P1	0	NO PLAY	0	-	false	2026/09/19 20:46:03
25041	2	DP	0	NO PLAY	0	-	false	2026/09/19 20:46:03
25041	3	P1	0	NO PLAY	0	-	false	2026/09/19 20:46:03
25041	3	DP	0	NO PLAY	0	-	false	2026/09/19 20:46:03
25041	4	P1	0	NO PLAY	0	-	false	2026/09/19 20:46:03
25041	4	DP	0	NO PLAY	0	-	false	2026/09/19 20:46:03
25042	0	P1	0	NO PLAY	0	-	false	2026/09/19 20:46:03
25042	0	DP	0	NO PLAY	0	-	false	2026/09/19 20:46:03
25042	1	P1	0	NO PLAY	0	-	false	2026/09/19 20:46:03
25042	1	DP	6	EX HARD CLEAR	945	4	true	2026/09/19 20:46:03
25042	2	P1	0	NO PLAY	0	-	false	2026/09/19 20:46:03
25042	2	DP	0	NO PLAY	0	-	false	2026/09/19 20:46:03
25042	3	P1	3	EASY CLEAR	1829	89	true	2026/09/19 20:46:03
25042	3	DP	5	HARD CLEAR	2128	14	true	2026/09/19 20:46:03
25042	4	P1	0	NO PLAY	0	-	false	2026/09/19 20:46:03
25042	4	DP	0	NO PLAY	0	-	false	2026/09/19 20:46:03
25043	0	P1	0	NO PLAY	0	-	false	2026/09/19 20:46:03
25043	0	DP	0	NO PLAY	0	-	false	2026/09/19 20:46:03
25043	1	P1	0	NO PLAY	0	-	false	2026/09/19 20:46:03
25043	1	DP	0	NO PLAY	0	-	false	2026/09/19 20:46:03
25043	2	P1	0	NO PLAY	0	-	false	2026/09/19 20:46:03
25043	2	DP	0	NO PLAY	0	-	false	2026/09/19 20:46:03
25043	3	P1	0	NO PLAY	0	-	false	2026/09/19 20:46:03
25043	3	DP	6	EX HARD CLEAR	1508	16	true	2026/09/19 20:46:03
25043	4	P1	0	NO PLAY	0	-	false	2026/09/19 20:46:03
25043	4	DP	0	NO PLAY	0	-	false	2026/09/19 20:46:03
25044	0	P1	0	NO PLAY	0	-	false	2026/09/19 20:46:03
25044	0	DP	0	NO PLAY	0	-	false	2026/09/19 20:46:03
25044	1	P1	0	NO PLAY	0	-	false	2026/09/19 20:46:03
25044	1	DP	6	EX HARD CLEAR	602	3	true	2026/09/19 20:46:03
25044	2	P1	0	NO PLAY	0	-	false	2026/09/19 20:46:03
25044	2	DP	0	NO PLAY	0	-	false	2026/09/19 20:46:03
25044	3	P1	0	NO PLAY	0	-	false	2026/09/19 20:46:03
25044	3	DP	0	NO PLAY	0	-	false	2026/09/19 20:46:03
25044	4	P1	0	NO PLAY	0	-	false	2026/09/19 20:46:03
25044	4	DP	0	NO PLAY	0	-	false	2026/09/19 20:46:03
25045	0	P1	0	NO PLAY	0	-	false	2026/09/19 20:46:03
25045	0	DP	0	NO PLAY	0	-	false	2026/09/19 20:46:03
25045	1	P1	0	NO PLAY	0	-	false	2026/09/19 20:46:03
25045	1	DP	0	NO PLAY	0	-	false	2026/09/19 20:46:03
25045	2	P1	0	NO PLAY	0	-	false	2026/09/19 20:46:03
25045	2	DP	0	NO PLAY	0	-	false	2026/09/19 20:46:03
25045	3	P1	0	NO PLAY	0	-	false	2026/09/19 20:46:03
25045	3	DP	5	HARD CLEAR	2041	15	true	2026/09/19 20:46:03
25045	4	P1	0	NO PLAY	0	-	false	2026/09/19 20:46:03
25045	4	DP	0	NO PLAY	0	-	false	2026/09/19 20:46:03
25046	0	P1	0	NO PLAY	0	-	false	2026/09/19 20:46:03
25046	0	DP	0	NO PLAY	0	-	false	2026/09/19 20:46:03
25046	1	P1	0	NO PLAY	0	-	false	2026/09/19 20:46:03
25046	1	DP	0	NO PLAY	0	-	false	2026/09/19 20:46:03
25046	2	P1	0	NO PLAY	0	-	false	2026/09/19 20:46:03
25046	2	DP	0	NO PLAY	0	-	false	2026/09/19 20:46:03
25046	3	P1	0	NO PLAY	0	-	false	2026/09/19 20:46:03
25046	3	DP	6	EX HARD CLEAR	1904	9	true	2026/09/19 20:46:03
25046	4	P1	0	NO PLAY	0	-	false	2026/09/19 20:46:03
25046	4	DP	0	NO PLAY	0	-	false	2026/09/19 20:46:03
25047	0	P1	0	NO PLAY	0	-	false	2026/09/19 20:46:03
25047	0	DP	0	NO PLAY	0	-	false	2026/09/19 20:46:03
25047	1	P1	0	NO PLAY	0	-	false	2026/09/19 20:46:03
25047	1	DP	2	ASSIST CLEAR	528	41	true	2026/09/19 20:46:03
25047	2	P1	0	NO PLAY	0	-	false	2026/09/19 20:46:03
25047	2	DP	0	NO PLAY	0	-	false	2026/09/19 20:46:03
25047	3	P1	3	EASY CLEAR	1741	87	true	2026/09/19 20:46:03
25047	3	DP	6	EX HARD CLEAR	2094	7	true	2026/09/19 20:46:03
25047	4	P1	0	NO PLAY	0	-	false	2026/09/19 20:46:03
25047	4	DP	0	NO PLAY	0	-	false	2026/09/19 20:46:03
25048	0	P1	0	NO PLAY	0	-	false	2026/09/19 20:46:03
25048	0	DP	0	NO PLAY	0	-	false	2026/09/19 20:46:03
25048	1	P1	0	NO PLAY	0	-	false	2026/09/19 20:46:03
25048	1	DP	0	NO PLAY	0	-	false	2026/09/19 20:46:03
25048	2	P1	0	NO PLAY	0	-	false	2026/09/19 20:46:03
25048	2	DP	0	NO PLAY	0	-	false	2026/09/19 20:46:03
25048	3	P1	5	HARD CLEAR	2033	59	true	2026/09/19 20:46:03
25048	3	DP	6	EX HARD CLEAR	2083	12	true	2026/09/19 20:46:03
25048	4	P1	0	NO PLAY	0	-	false	2026/09/19 20:46:03
25048	4	DP	0	NO PLAY	0	-	false	2026/09/19 20:46:03
25049	0	P1	0	NO PLAY	0	-	false	2026/09/19 20:46:03
25049	0	DP	0	NO PLAY	0	-	false	2026/09/19 20:46:03
25049	1	P1	0	NO PLAY	0	-	false	2026/09/19 20:46:03
25049	1	DP	0	NO PLAY	0	-	false	2026/09/19 20:46:03
25049	2	P1	0	NO PLAY	0	-	false	2026/09/19 20:46:03
25049	2	DP	0	NO PLAY	0	-	false	2026/09/19 20:46:03
25049	3	P1	6	EX HARD CLEAR	2607	18	true	2026/09/19 20:46:03
25049	3	DP	6	EX HARD CLEAR	2808	15	true	2026/09/19 20:46:03
25049	4	P1	0	NO PLAY	0	-	false	2026/09/19 20:46:03
25049	4	DP	0	NO PLAY	0	-	false	2026/09/19 20:46:03
25050	0	P1	0	NO PLAY	0	-	false	2026/09/19 20:46:03
25050	0	DP	0	NO PLAY	0	-	false	2026/09/19 20:46:03
25050	1	P1	0	NO PLAY	0	-	false	2026/09/19 20:46:03
25050	1	DP	0	NO PLAY	0	-	false	2026/09/19 20:46:03
25050	2	P1	2	ASSIST CLEAR	1411	12	true	2026/09/19 20:46:03
25050	2	DP	0	NO PLAY	0	-	false	2026/09/19 20:46:03
25050	3	P1	3	EASY CLEAR	1983	65	true	2026/09/19 20:46:03
25050	3	DP	6	EX HARD CLEAR	2207	15	true	2026/09/19 20:46:03
25050	4	P1	0	NO PLAY	0	-	false	2026/09/19 20:46:03
25050	4	DP	0	NO PLAY	0	-	false	2026/09/19 20:46:03
25051	0	P1	0	NO PLAY	0	-	false	2026/09/19 20:46:03
25051	0	DP	0	NO PLAY	0	-	false	2026/09/19 20:46:03
25051	1	P1	0	NO PLAY	0	-	false	2026/09/19 20:46:03
25051	1	DP	0	NO PLAY	0	-	false	2026/09/19 20:46:03
25051	2	P1	0	NO PLAY	0	-	false	2026/09/19 20:46:03
25051	2	DP	0	NO PLAY	0	-	false	2026/09/19 20:46:03
25051	3	P1	3	EASY CLEAR	1662	79	true	2026/09/19 20:46:03
25051	3	DP	6	EX HARD CLEAR	2242	7	true	2026/09/19 20:46:03
25051	4	P1	0	NO PLAY	0	-	false	2026/09/19 20:46:03
25051	4	DP	0	NO PLAY	0	-	false	2026/09/19 20:46:03
25052	0	P1	0	NO PLAY	0	-	false	2026/09/19 20:46:03
25052	0	DP	0	NO PLAY	0	-	false	2026/09/19 20:46:03
25052	1	P1	0	NO PLAY	0	-	false	2026/09/19 20:46:03
25052	1	DP	0	NO PLAY	0	-	false	2026/09/19 20:46:03
25052	2	P1	0	NO PLAY	0	-	false	2026/09/19 20:46:03
25052	2	DP	0	NO PLAY	0	-	false	2026/09/19 20:46:03
25052	3	P1	6	EX HARD CLEAR	2407	12	true	2026/09/19 20:46:03
25052	3	DP	6	EX HARD CLEAR	2366	17	true	2026/09/19 20:46:03
25052	4	P1	0	NO PLAY	0	-	false	2026/09/19 20:46:03
25052	4	DP	0	NO PLAY	0	-	false	2026/09/19 20:46:03
25054	0	P1	0	NO PLAY	0	-	false	2026/09/19 20:46:03
25054	0	DP	0	NO PLAY	0	-	false	2026/09/19 20:46:03
25054	1	P1	0	NO PLAY	0	-	false	2026/09/19 20:46:03
25054	1	DP	0	NO PLAY	0	-	false	2026/09/19 20:46:03
25054	2	P1	0	NO PLAY	0	-	false	2026/09/19 20:46:03
25054	2	DP	0	NO PLAY	0	-	false	2026/09/19 20:46:03
25054	3	P1	0	NO PLAY	0	-	false	2026/09/19 20:46:03
25054	3	DP	0	NO PLAY	0	-	false	2026/09/19 20:46:03
25054	4	P1	0	NO PLAY	0	-	false	2026/09/19 20:46:03
25054	4	DP	0	NO PLAY	0	-	false	2026/09/19 20:46:03
25055	0	P1	0	NO PLAY	0	-	false	2026/09/19 20:46:03
25055	0	DP	0	NO PLAY	0	-	false	2026/09/19 20:46:03
25055	1	P1	0	NO PLAY	0	-	false	2026/09/19 20:46:03
25055	1	DP	0	NO PLAY	0	-	false	2026/09/19 20:46:03
25055	2	P1	0	NO PLAY	0	-	false	2026/09/19 20:46:03
25055	2	DP	0	NO PLAY	0	-	false	2026/09/19 20:46:03
25055	3	P1	0	NO PLAY	0	-	false	2026/09/19 20:46:03
25055	3	DP	0	NO PLAY	0	-	false	2026/09/19 20:46:03
25055	4	P1	0	NO PLAY	0	-	false	2026/09/19 20:46:03
25055	4	DP	0	NO PLAY	0	-	false	2026/09/19 20:46:03
25056	0	P1	0	NO PLAY	0	-	false	2026/09/19 20:46:03
25056	0	DP	0	NO PLAY	0	-	false	2026/09/19 20:46:03
25056	1	P1	0	NO PLAY	0	-	false	2026/09/19 20:46:03
25056	1	DP	0	NO PLAY	0	-	false	2026/09/19 20:46:03
25056	2	P1	0	NO PLAY	0	-	false	2026/09/19 20:46:03
25056	2	DP	0	NO PLAY	0	-	false	2026/09/19 20:46:03
25056	3	P1	0	NO PLAY	0	-	false	2026/09/19 20:46:03
25056	3	DP	7	FULL COMBO	1644	1	true	2026/09/19 20:46:03
25056	4	P1	0	NO PLAY	0	-	false	2026/09/19 20:46:03
25056	4	DP	0	NO PLAY	0	-	false	2026/09/19 20:46:03
25057	0	P1	0	NO PLAY	0	-	false	2026/09/19 20:46:03
25057	0	DP	0	NO PLAY	0	-	false	2026/09/19 20:46:03
25057	1	P1	0	NO PLAY	0	-	false	2026/09/19 20:46:03
25057	1	DP	0	NO PLAY	0	-	false	2026/09/19 20:46:03
25057	2	P1	0	NO PLAY	0	-	false	2026/09/19 20:46:03
25057	2	DP	0	NO PLAY	0	-	false	2026/09/19 20:46:03
25057	3	P1	0	NO PLAY	0	-	false	2026/09/19 20:46:03
25057	3	DP	6	EX HARD CLEAR	1476	8	true	2026/09/19 20:46:03
25057	4	P1	0	NO PLAY	0	-	false	2026/09/19 20:46:03
25057	4	DP	0	NO PLAY	0	-	false	2026/09/19 20:46:03
25058	0	P1	0	NO PLAY	0	-	false	2026/09/19 20:46:03
25058	0	DP	0	NO PLAY	0	-	false	2026/09/19 20:46:03
25058	1	P1	0	NO PLAY	0	-	false	2026/09/19 20:46:03
25058	1	DP	0	NO PLAY	0	-	false	2026/09/19 20:46:03
25058	2	P1	0	NO PLAY	0	-	false	2026/09/19 20:46:03
25058	2	DP	0	NO PLAY	0	-	false	2026/09/19 20:46:03
25058	3	P1	5	HARD CLEAR	1685	28	true	2026/09/19 20:46:03
25058	3	DP	5	HARD CLEAR	1657	35	true	2026/09/19 20:46:03
25058	4	P1	0	NO PLAY	0	-	false	2026/09/19 20:46:03
25058	4	DP	0	NO PLAY	0	-	false	2026/09/19 20:46:03
25059	0	P1	0	NO PLAY	0	-	false	2026/09/19 20:46:03
25059	0	DP	0	NO PLAY	0	-	false	2026/09/19 20:46:03
25059	1	P1	0	NO PLAY	0	-	false	2026/09/19 20:46:03
25059	1	DP	0	NO PLAY	0	-	false	2026/09/19 20:46:03
25059	2	P1	5	HARD CLEAR	1697	33	true	2026/09/19 20:46:03
25059	2	DP	0	NO PLAY	0	-	false	2026/09/19 20:46:03
25059	3	P1	6	EX HARD CLEAR	2416	19	true	2026/09/19 20:46:03
25059	3	DP	6	EX HARD CLEAR	2477	19	true	2026/09/19 20:46:03
25059	4	P1	0	NO PLAY	0	-	false	2026/09/19 20:46:03
25059	4	DP	0	NO PLAY	0	-	false	2026/09/19 20:46:03
25060	0	P1	0	NO PLAY	0	-	false	2026/09/19 20:46:03
25060	0	DP	0	NO PLAY	0	-	false	2026/09/19 20:46:03
25060	1	P1	0	NO PLAY	0	-	false	2026/09/19 20:46:03
25060	1	DP	0	NO PLAY	0	-	false	2026/09/19 20:46:03
25060	2	P1	0	NO PLAY	0	-	false	2026/09/19 20:46:03
25060	2	DP	0	NO PLAY	0	-	false	2026/09/19 20:46:03
25060	3	P1	3	EASY CLEAR	1741	55	true	2026/09/19 20:46:03
25060	3	DP	6	EX HARD CLEAR	1770	12	true	2026/09/19 20:46:03
25060	4	P1	0	NO PLAY	0	-	false	2026/09/19 20:46:03
25060	4	DP	0	NO PLAY	0	-	false	2026/09/19 20:46:03
25061	0	P1	0	NO PLAY	0	-	false	2026/09/19 20:46:03
25061	0	DP	0	NO PLAY	0	-	false	2026/09/19 20:46:03
25061	1	P1	0	NO PLAY	0	-	false	2026/09/19 20:46:03
25061	1	DP	0	NO PLAY	0	-	false	2026/09/19 20:46:03
25061	2	P1	0	NO PLAY	0	-	false	2026/09/19 20:46:03
25061	2	DP	0	NO PLAY	0	-	false	2026/09/19 20:46:03
25061	3	P1	6	EX HARD CLEAR	1873	3	true	2026/09/19 20:46:03
25061	3	DP	6	EX HARD CLEAR	1822	2	true	2026/09/19 20:46:03
25061	4	P1	0	NO PLAY	0	-	false	2026/09/19 20:46:03
25061	4	DP	0	NO PLAY	0	-	false	2026/09/19 20:46:03
25063	0	P1	0	NO PLAY	0	-	false	2026/09/19 20:46:03
25063	0	DP	0	NO PLAY	0	-	false	2026/09/19 20:46:03
25063	1	P1	0	NO PLAY	0	-	false	2026/09/19 20:46:03
25063	1	DP	0	NO PLAY	0	-	false	2026/09/19 20:46:03
25063	2	P1	0	NO PLAY	0	-	false	2026/09/19 20:46:03
25063	2	DP	0	NO PLAY	0	-	false	2026/09/19 20:46:03
25063	3	P1	6	EX HARD CLEAR	2566	18	true	2026/09/19 20:46:03
25063	3	DP	6	EX HARD CLEAR	2949	15	true	2026/09/19 20:46:03
25063	4	P1	0	NO PLAY	0	-	false	2026/09/19 20:46:03
25063	4	DP	0	NO PLAY	0	-	false	2026/09/19 20:46:03
25069	0	P1	0	NO PLAY	0	-	false	2026/09/19 20:46:03
25069	0	DP	0	NO PLAY	0	-	false	2026/09/19 20:46:03
25069	1	P1	0	NO PLAY	0	-	false	2026/09/19 20:46:03
25069	1	DP	0	NO PLAY	0	-	false	2026/09/19 20:46:03
25069	2	P1	0	NO PLAY	0	-	false	2026/09/19 20:46:03
25069	2	DP	0	NO PLAY	0	-	false	2026/09/19 20:46:03
25069	3	P1	0	NO PLAY	0	-	false	2026/09/19 20:46:03
25069	3	DP	6	EX HARD CLEAR	2008	18	true	2026/09/19 20:46:03
25069	4	P1	0	NO PLAY	0	-	false	2026/09/19 20:46:03
25069	4	DP	0	NO PLAY	0	-	false	2026/09/19 20:46:03
25070	0	P1	0	NO PLAY	0	-	false	2026/09/19 20:46:03
25070	0	DP	0	NO PLAY	0	-	false	2026/09/19 20:46:03
25070	1	P1	0	NO PLAY	0	-	false	2026/09/19 20:46:03
25070	1	DP	0	NO PLAY	0	-	false	2026/09/19 20:46:03
25070	2	P1	0	NO PLAY	0	-	false	2026/09/19 20:46:03
25070	2	DP	0	NO PLAY	0	-	false	2026/09/19 20:46:03
25070	3	P1	7	FULL COMBO	2118	0	true	2026/09/19 20:46:03
25070	3	DP	6	EX HARD CLEAR	2035	4	true	2026/09/19 20:46:03
25070	4	P1	0	NO PLAY	0	-	false	2026/09/19 20:46:03
25070	4	DP	6	EX HARD CLEAR	2352	13	true	2026/09/19 20:46:03
25071	0	P1	0	NO PLAY	0	-	false	2026/09/19 20:46:03
25071	0	DP	0	NO PLAY	0	-	false	2026/09/19 20:46:03
25071	1	P1	0	NO PLAY	0	-	false	2026/09/19 20:46:03
25071	1	DP	0	NO PLAY	0	-	false	2026/09/19 20:46:03
25071	2	P1	0	NO PLAY	0	-	false	2026/09/19 20:46:03
25071	2	DP	0	NO PLAY	0	-	false	2026/09/19 20:46:03
25071	3	P1	0	NO PLAY	0	-	false	2026/09/19 20:46:03
25071	3	DP	6	EX HARD CLEAR	1907	15	true	2026/09/19 20:46:03
25071	4	P1	0	NO PLAY	0	-	false	2026/09/19 20:46:03
25071	4	DP	0	NO PLAY	0	-	false	2026/09/19 20:46:03
25072	0	P1	0	NO PLAY	0	-	false	2026/09/19 20:46:03
25072	0	DP	0	NO PLAY	0	-	false	2026/09/19 20:46:03
25072	1	P1	0	NO PLAY	0	-	false	2026/09/19 20:46:03
25072	1	DP	0	NO PLAY	0	-	false	2026/09/19 20:46:03
25072	2	P1	0	NO PLAY	0	-	false	2026/09/19 20:46:03
25072	2	DP	0	NO PLAY	0	-	false	2026/09/19 20:46:03
25072	3	P1	0	NO PLAY	0	-	false	2026/09/19 20:46:03
25072	3	DP	0	NO PLAY	0	-	false	2026/09/19 20:46:03
25072	4	P1	0	NO PLAY	0	-	false	2026/09/19 20:46:03
25072	4	DP	0	NO PLAY	0	-	false	2026/09/19 20:46:03
25073	0	P1	0	NO PLAY	0	-	false	2026/09/19 20:46:03
25073	0	DP	0	NO PLAY	0	-	false	2026/09/19 20:46:03
25073	1	P1	0	NO PLAY	0	-	false	2026/09/19 20:46:03
25073	1	DP	0	NO PLAY	0	-	false	2026/09/19 20:46:03
25073	2	P1	0	NO PLAY	0	-	false	2026/09/19 20:46:03
25073	2	DP	0	NO PLAY	0	-	false	2026/09/19 20:46:03
25073	3	P1	0	NO PLAY	0	-	false	2026/09/19 20:46:03
25073	3	DP	6	EX HARD CLEAR	2356	14	true	2026/09/19 20:46:03
25073	4	P1	0	NO PLAY	0	-	false	2026/09/19 20:46:03
25073	4	DP	0	NO PLAY	0	-	false	2026/09/19 20:46:03
25074	0	P1	0	NO PLAY	0	-	false	2026/09/19 20:46:03
25074	0	DP	0	NO PLAY	0	-	false	2026/09/19 20:46:03
25074	1	P1	0	NO PLAY	0	-	false	2026/09/19 20:46:03
25074	1	DP	0	NO PLAY	0	-	false	2026/09/19 20:46:03
25074	2	P1	0	NO PLAY	0	-	false	2026/09/19 20:46:03
25074	2	DP	0	NO PLAY	0	-	false	2026/09/19 20:46:03
25074	3	P1	6	EX HARD CLEAR	2575	13	true	2026/09/19 20:46:03
25074	3	DP	6	EX HARD CLEAR	2790	24	true	2026/09/19 20:46:03
25074	4	P1	0	NO PLAY	0	-	false	2026/09/19 20:46:03
25074	4	DP	0	NO PLAY	0	-	false	2026/09/19 20:46:03
25075	0	P1	0	NO PLAY	0	-	false	2026/09/19 20:46:03
25075	0	DP	0	NO PLAY	0	-	false	2026/09/19 20:46:03
25075	1	P1	0	NO PLAY	0	-	false	2026/09/19 20:46:03
25075	1	DP	0	NO PLAY	0	-	false	2026/09/19 20:46:03
25075	2	P1	0	NO PLAY	0	-	false	2026/09/19 20:46:03
25075	2	DP	0	NO PLAY	0	-	false	2026/09/19 20:46:03
25075	3	P1	6	EX HARD CLEAR	2735	7	true	2026/09/19 20:46:03
25075	3	DP	6	EX HARD CLEAR	2468	18	true	2026/09/19 20:46:03
25075	4	P1	0	NO PLAY	0	-	false	2026/09/19 20:46:03
25075	4	DP	0	NO PLAY	0	-	false	2026/09/19 20:46:03
25076	0	P1	0	NO PLAY	0	-	false	2026/09/19 20:46:03
25076	0	DP	0	NO PLAY	0	-	false	2026/09/19 20:46:03
25076	1	P1	0	NO PLAY	0	-	false	2026/09/19 20:46:03
25076	1	DP	0	NO PLAY	0	-	false	2026/09/19 20:46:03
25076	2	P1	0	NO PLAY	0	-	false	2026/09/19 20:46:03
25076	2	DP	0	NO PLAY	0	-	false	2026/09/19 20:46:03
25076	3	P1	0	NO PLAY	0	-	false	2026/09/19 20:46:03
25076	3	DP	6	EX HARD CLEAR	1751	11	true	2026/09/19 20:46:03
25076	4	P1	0	NO PLAY	0	-	false	2026/09/19 20:46:03
25076	4	DP	0	NO PLAY	0	-	false	2026/09/19 20:46:03
25078	0	P1	0	NO PLAY	0	-	false	2026/09/19 20:46:03
25078	0	DP	0	NO PLAY	0	-	false	2026/09/19 20:46:03
25078	1	P1	0	NO PLAY	0	-	false	2026/09/19 20:46:03
25078	1	DP	0	NO PLAY	0	-	false	2026/09/19 20:46:03
25078	2	P1	0	NO PLAY	0	-	false	2026/09/19 20:46:03
25078	2	DP	0	NO PLAY	0	-	false	2026/09/19 20:46:03
25078	3	P1	4	CLEAR	1868	75	true	2026/09/19 20:46:03
25078	3	DP	6	EX HARD CLEAR	2064	12	true	2026/09/19 20:46:03
25078	4	P1	0	NO PLAY	0	-	false	2026/09/19 20:46:03
25078	4	DP	0	NO PLAY	0	-	false	2026/09/19 20:46:03
25079	0	P1	0	NO PLAY	0	-	false	2026/09/19 20:46:03
25079	0	DP	0	NO PLAY	0	-	false	2026/09/19 20:46:03
25079	1	P1	0	NO PLAY	0	-	false	2026/09/19 20:46:03
25079	1	DP	0	NO PLAY	0	-	false	2026/09/19 20:46:03
25079	2	P1	0	NO PLAY	0	-	false	2026/09/19 20:46:03
25079	2	DP	0	NO PLAY	0	-	false	2026/09/19 20:46:03
25079	3	P1	6	EX HARD CLEAR	2276	15	true	2026/09/19 20:46:03
25079	3	DP	6	EX HARD CLEAR	2350	13	true	2026/09/19 20:46:03
25079	4	P1	0	NO PLAY	0	-	false	2026/09/19 20:46:03
25079	4	DP	0	NO PLAY	0	-	false	2026/09/19 20:46:03
25080	0	P1	0	NO PLAY	0	-	false	2026/09/19 20:46:03
25080	0	DP	0	NO PLAY	0	-	false	2026/09/19 20:46:03
25080	1	P1	0	NO PLAY	0	-	false	2026/09/19 20:46:03
25080	1	DP	0	NO PLAY	0	-	false	2026/09/19 20:46:03
25080	2	P1	1	FAILED	0	-	false	2026/09/19 20:46:03
25080	2	DP	6	EX HARD CLEAR	1836	3	true	2026/09/19 20:46:03
25080	3	P1	6	EX HARD CLEAR	2805	7	true	2026/09/19 20:46:03
25080	3	DP	6	EX HARD CLEAR	2553	20	true	2026/09/19 20:46:03
25080	4	P1	0	NO PLAY	0	-	false	2026/09/19 20:46:03
25080	4	DP	0	NO PLAY	0	-	false	2026/09/19 20:46:03
25081	0	P1	0	NO PLAY	0	-	false	2026/09/19 20:46:03
25081	0	DP	0	NO PLAY	0	-	false	2026/09/19 20:46:03
25081	1	P1	0	NO PLAY	0	-	false	2026/09/19 20:46:03
25081	1	DP	0	NO PLAY	0	-	false	2026/09/19 20:46:03
25081	2	P1	2	ASSIST CLEAR	1307	9	true	2026/09/19 20:46:03
25081	2	DP	0	NO PLAY	0	-	false	2026/09/19 20:46:03
25081	3	P1	7	FULL COMBO	2088	0	true	2026/09/19 20:46:03
25081	3	DP	6	EX HARD CLEAR	2153	5	true	2026/09/19 20:46:03
25081	4	P1	0	NO PLAY	0	-	false	2026/09/19 20:46:03
25081	4	DP	0	NO PLAY	0	-	false	2026/09/19 20:46:03
25083	0	P1	0	NO PLAY	0	-	false	2026/09/19 20:46:03
25083	0	DP	0	NO PLAY	0	-	false	2026/09/19 20:46:03
25083	1	P1	0	NO PLAY	0	-	false	2026/09/19 20:46:03
25083	1	DP	0	NO PLAY	0	-	false	2026/09/19 20:46:03
25083	2	P1	0	NO PLAY	0	-	false	2026/09/19 20:46:03
25083	2	DP	0	NO PLAY	0	-	false	2026/09/19 20:46:03
25083	3	P1	6	EX HARD CLEAR	2504	15	true	2026/09/19 20:46:03
25083	3	DP	6	EX HARD CLEAR	2273	16	true	2026/09/19 20:46:03
25083	4	P1	0	NO PLAY	0	-	false	2026/09/19 20:46:03
25083	4	DP	0	NO PLAY	0	-	false	2026/09/19 20:46:03
25084	0	P1	0	NO PLAY	0	-	false	2026/09/19 20:46:03
25084	0	DP	0	NO PLAY	0	-	false	2026/09/19 20:46:03
25084	1	P1	0	NO PLAY	0	-	false	2026/09/19 20:46:03
25084	1	DP	0	NO PLAY	0	-	false	2026/09/19 20:46:03
25084	2	P1	0	NO PLAY	0	-	false	2026/09/19 20:46:03
25084	2	DP	0	NO PLAY	0	-	false	2026/09/19 20:46:03
25084	3	P1	0	NO PLAY	0	-	false	2026/09/19 20:46:03
25084	3	DP	6	EX HARD CLEAR	2157	15	true	2026/09/19 20:46:03
25084	4	P1	0	NO PLAY	0	-	false	2026/09/19 20:46:03
25084	4	DP	0	NO PLAY	0	-	false	2026/09/19 20:46:03
25085	0	P1	0	NO PLAY	0	-	false	2026/09/19 20:46:03
25085	0	DP	0	NO PLAY	0	-	false	2026/09/19 20:46:03
25085	1	P1	0	NO PLAY	0	-	false	2026/09/19 20:46:03
25085	1	DP	0	NO PLAY	0	-	false	2026/09/19 20:46:03
25085	2	P1	0	NO PLAY	0	-	false	2026/09/19 20:46:03
25085	2	DP	0	NO PLAY	0	-	false	2026/09/19 20:46:03
25085	3	P1	5	HARD CLEAR	2561	41	true	2026/09/19 20:46:03
25085	3	DP	5	HARD CLEAR	2808	32	true	2026/09/19 20:46:03
25085	4	P1	0	NO PLAY	0	-	false	2026/09/19 20:46:03
25085	4	DP	0	NO PLAY	0	-	false	2026/09/19 20:46:03
25087	0	P1	0	NO PLAY	0	-	false	2026/09/19 20:46:03
25087	0	DP	0	NO PLAY	0	-	false	2026/09/19 20:46:03
25087	1	P1	0	NO PLAY	0	-	false	2026/09/19 20:46:03
25087	1	DP	0	NO PLAY	0	-	false	2026/09/19 20:46:03
25087	2	P1	0	NO PLAY	0	-	false	2026/09/19 20:46:03
25087	2	DP	0	NO PLAY	0	-	false	2026/09/19 20:46:03
25087	3	P1	0	NO PLAY	0	-	false	2026/09/19 20:46:03
25087	3	DP	0	NO PLAY	0	-	false	2026/09/19 20:46:03
25087	4	P1	0	NO PLAY	0	-	false	2026/09/19 20:46:03
25087	4	DP	0	NO PLAY	0	-	false	2026/09/19 20:46:03
25088	0	P1	0	NO PLAY	0	-	false	2026/09/19 20:46:03
25088	0	DP	0	NO PLAY	0	-	false	2026/09/19 20:46:03
25088	1	P1	0	NO PLAY	0	-	false	2026/09/19 20:46:03
25088	1	DP	0	NO PLAY	0	-	false	2026/09/19 20:46:03
25088	2	P1	0	NO PLAY	0	-	false	2026/09/19 20:46:03
25088	2	DP	0	NO PLAY	0	-	false	2026/09/19 20:46:03
25088	3	P1	6	EX HARD CLEAR	2298	9	true	2026/09/19 20:46:03
25088	3	DP	6	EX HARD CLEAR	2658	21	true	2026/09/19 20:46:03
25088	4	P1	0	NO PLAY	0	-	false	2026/09/19 20:46:03
25088	4	DP	0	NO PLAY	0	-	false	2026/09/19 20:46:03
25089	0	P1	0	NO PLAY	0	-	false	2026/09/19 20:46:03
25089	0	DP	0	NO PLAY	0	-	false	2026/09/19 20:46:03
25089	1	P1	0	NO PLAY	0	-	false	2026/09/19 20:46:03
25089	1	DP	0	NO PLAY	0	-	false	2026/09/19 20:46:03
25089	2	P1	0	NO PLAY	0	-	false	2026/09/19 20:46:03
25089	2	DP	0	NO PLAY	0	-	false	2026/09/19 20:46:03
25089	3	P1	3	EASY CLEAR	2030	90	true	2026/09/19 20:46:03
25089	3	DP	5	HARD CLEAR	3082	53	true	2026/09/19 20:46:03
25089	4	P1	0	NO PLAY	0	-	false	2026/09/19 20:46:03
25089	4	DP	0	NO PLAY	0	-	false	2026/09/19 20:46:03
25090	0	P1	0	NO PLAY	0	-	false	2026/09/19 20:46:03
25090	0	DP	0	NO PLAY	0	-	false	2026/09/19 20:46:03
25090	1	P1	0	NO PLAY	0	-	false	2026/09/19 20:46:03
25090	1	DP	0	NO PLAY	0	-	false	2026/09/19 20:46:03
25090	2	P1	0	NO PLAY	0	-	false	2026/09/19 20:46:03
25090	2	DP	0	NO PLAY	0	-	false	2026/09/19 20:46:03
25090	3	P1	3	EASY CLEAR	1979	50	true	2026/09/19 20:46:03
25090	3	DP	6	EX HARD CLEAR	1955	11	true	2026/09/19 20:46:03
25090	4	P1	0	NO PLAY	0	-	false	2026/09/19 20:46:03
25090	4	DP	0	NO PLAY	0	-	false	2026/09/19 20:46:03
25091	0	P1	0	NO PLAY	0	-	false	2026/09/19 20:46:03
25091	0	DP	0	NO PLAY	0	-	false	2026/09/19 20:46:03
25091	1	P1	0	NO PLAY	0	-	false	2026/09/19 20:46:03
25091	1	DP	0	NO PLAY	0	-	false	2026/09/19 20:46:03
25091	2	P1	0	NO PLAY	0	-	false	2026/09/19 20:46:03
25091	2	DP	0	NO PLAY	0	-	false	2026/09/19 20:46:03
25091	3	P1	6	EX HARD CLEAR	3259	4	true	2026/09/19 20:46:03
25091	3	DP	6	EX HARD CLEAR	3479	19	true	2026/09/19 20:46:03
25091	4	P1	0	NO PLAY	0	-	false	2026/09/19 20:46:03
25091	4	DP	0	NO PLAY	0	-	false	2026/09/19 20:46:03
25092	0	P1	0	NO PLAY	0	-	false	2026/09/19 20:46:03
25092	0	DP	0	NO PLAY	0	-	false	2026/09/19 20:46:03
25092	1	P1	0	NO PLAY	0	-	false	2026/09/19 20:46:03
25092	1	DP	0	NO PLAY	0	-	false	2026/09/19 20:46:03
25092	2	P1	0	NO PLAY	0	-	false	2026/09/19 20:46:03
25092	2	DP	0	NO PLAY	0	-	false	2026/09/19 20:46:03
25092	3	P1	0	NO PLAY	0	-	false	2026/09/19 20:46:03
25092	3	DP	6	EX HARD CLEAR	2173	5	true	2026/09/19 20:46:03
25092	4	P1	6	EX HARD CLEAR	2717	22	true	2026/09/19 20:46:03
25092	4	DP	5	HARD CLEAR	2343	51	true	2026/09/19 20:46:03
25093	0	P1	0	NO PLAY	0	-	false	2026/09/19 20:46:03
25093	0	DP	0	NO PLAY	0	-	false	2026/09/19 20:46:03
25093	1	P1	0	NO PLAY	0	-	false	2026/09/19 20:46:03
25093	1	DP	0	NO PLAY	0	-	false	2026/09/19 20:46:03
25093	2	P1	0	NO PLAY	0	-	false	2026/09/19 20:46:03
25093	2	DP	0	NO PLAY	0	-	false	2026/09/19 20:46:03
25093	3	P1	5	HARD CLEAR	2304	52	true	2026/09/19 20:46:03
25093	3	DP	5	HARD CLEAR	2490	56	true	2026/09/19 20:46:03
25093	4	P1	0	NO PLAY	0	-	false	2026/09/19 20:46:03
25093	4	DP	0	NO PLAY	0	-	false	2026/09/19 20:46:03
25094	0	P1	0	NO PLAY	0	-	false	2026/09/19 20:46:03
25094	0	DP	0	NO PLAY	0	-	false	2026/09/19 20:46:03
25094	1	P1	0	NO PLAY	0	-	false	2026/09/19 20:46:03
25094	1	DP	0	NO PLAY	0	-	false	2026/09/19 20:46:03
25094	2	P1	0	NO PLAY	0	-	false	2026/09/19 20:46:03
25094	2	DP	0	NO PLAY	0	-	false	2026/09/19 20:46:03
25094	3	P1	7	FULL COMBO	1499	0	true	2026/09/19 20:46:03
25094	3	DP	7	FULL COMBO	1457	1	true	2026/09/19 20:46:03
25094	4	P1	0	NO PLAY	0	-	false	2026/09/19 20:46:03
25094	4	DP	0	NO PLAY	0	-	false	2026/09/19 20:46:03
25095	0	P1	0	NO PLAY	0	-	false	2026/09/19 20:46:03
25095	0	DP	0	NO PLAY	0	-	false	2026/09/19 20:46:03
25095	1	P1	0	NO PLAY	0	-	false	2026/09/19 20:46:03
25095	1	DP	0	NO PLAY	0	-	false	2026/09/19 20:46:03
25095	2	P1	0	NO PLAY	0	-	false	2026/09/19 20:46:03
25095	2	DP	0	NO PLAY	0	-	false	2026/09/19 20:46:03
25095	3	P1	0	NO PLAY	0	-	false	2026/09/19 20:46:03
25095	3	DP	0	NO PLAY	0	-	false	2026/09/19 20:46:03
25095	4	P1	0	NO PLAY	0	-	false	2026/09/19 20:46:03
25095	4	DP	0	NO PLAY	0	-	false	2026/09/19 20:46:03
25096	0	P1	0	NO PLAY	0	-	false	2026/09/19 20:46:03
25096	0	DP	0	NO PLAY	0	-	false	2026/09/19 20:46:03
25096	1	P1	0	NO PLAY	0	-	false	2026/09/19 20:46:03
25096	1	DP	0	NO PLAY	0	-	false	2026/09/19 20:46:03
25096	2	P1	0	NO PLAY	0	-	false	2026/09/19 20:46:03
25096	2	DP	0	NO PLAY	0	-	false	2026/09/19 20:46:03
25096	3	P1	0	NO PLAY	0	-	false	2026/09/19 20:46:03
25096	3	DP	0	NO PLAY	0	-	false	2026/09/19 20:46:03
25096	4	P1	0	NO PLAY	0	-	false	2026/09/19 20:46:03
25096	4	DP	0	NO PLAY	0	-	false	2026/09/19 20:46:03
26000	0	P1	0	NO PLAY	0	-	false	2026/09/19 20:46:03
26000	0	DP	0	NO PLAY	0	-	false	2026/09/19 20:46:03
26000	1	P1	0	NO PLAY	0	-	false	2026/09/19 20:46:03
26000	1	DP	0	NO PLAY	0	-	false	2026/09/19 20:46:03
26000	2	P1	0	NO PLAY	0	-	false	2026/09/19 20:46:03
26000	2	DP	0	NO PLAY	0	-	false	2026/09/19 20:46:03
26000	3	P1	6	EX HARD CLEAR	2827	14	true	2026/09/19 20:46:03
26000	3	DP	6	EX HARD CLEAR	2832	25	true	2026/09/19 20:46:03
26000	4	P1	0	NO PLAY	0	-	false	2026/09/19 20:46:03
26000	4	DP	0	NO PLAY	0	-	false	2026/09/19 20:46:03
26001	0	P1	0	NO PLAY	0	-	false	2026/09/19 20:46:03
26001	0	DP	0	NO PLAY	0	-	false	2026/09/19 20:46:03
26001	1	P1	0	NO PLAY	0	-	false	2026/09/19 20:46:03
26001	1	DP	0	NO PLAY	0	-	false	2026/09/19 20:46:03
26001	2	P1	0	NO PLAY	0	-	false	2026/09/19 20:46:03
26001	2	DP	0	NO PLAY	0	-	false	2026/09/19 20:46:03
26001	3	P1	6	EX HARD CLEAR	2979	10	true	2026/09/19 20:46:03
26001	3	DP	5	HARD CLEAR	2702	39	true	2026/09/19 20:46:03
26001	4	P1	0	NO PLAY	0	-	false	2026/09/19 20:46:03
26001	4	DP	0	NO PLAY	0	-	false	2026/09/19 20:46:03
26003	0	P1	0	NO PLAY	0	-	false	2026/09/19 20:46:03
26003	0	DP	0	NO PLAY	0	-	false	2026/09/19 20:46:03
26003	1	P1	0	NO PLAY	0	-	false	2026/09/19 20:46:03
26003	1	DP	0	NO PLAY	0	-	false	2026/09/19 20:46:03
26003	2	P1	0	NO PLAY	0	-	false	2026/09/19 20:46:03
26003	2	DP	0	NO PLAY	0	-	false	2026/09/19 20:46:03
26003	3	P1	6	EX HARD CLEAR	3286	22	true	2026/09/19 20:46:03
26003	3	DP	6	EX HARD CLEAR	3437	23	true	2026/09/19 20:46:03
26003	4	P1	0	NO PLAY	0	-	false	2026/09/19 20:46:03
26003	4	DP	0	NO PLAY	0	-	false	2026/09/19 20:46:03
26004	0	P1	0	NO PLAY	0	-	false	2026/09/19 20:46:03
26004	0	DP	0	NO PLAY	0	-	false	2026/09/19 20:46:03
26004	1	P1	0	NO PLAY	0	-	false	2026/09/19 20:46:03
26004	1	DP	0	NO PLAY	0	-	false	2026/09/19 20:46:03
26004	2	P1	5	HARD CLEAR	1512	35	true	2026/09/19 20:46:03
26004	2	DP	5	HARD CLEAR	1505	40	true	2026/09/19 20:46:03
26004	3	P1	3	EASY CLEAR	2301	96	true	2026/09/19 20:46:03
26004	3	DP	5	HARD CLEAR	2313	42	true	2026/09/19 20:46:03
26004	4	P1	0	NO PLAY	0	-	false	2026/09/19 20:46:03
26004	4	DP	0	NO PLAY	0	-	false	2026/09/19 20:46:03
26005	0	P1	0	NO PLAY	0	-	false	2026/09/19 20:46:03
26005	0	DP	0	NO PLAY	0	-	false	2026/09/19 20:46:03
26005	1	P1	0	NO PLAY	0	-	false	2026/09/19 20:46:03
26005	1	DP	0	NO PLAY	0	-	false	2026/09/19 20:46:03
26005	2	P1	0	NO PLAY	0	-	false	2026/09/19 20:46:03
26005	2	DP	0	NO PLAY	0	-	false	2026/09/19 20:46:03
26005	3	P1	0	NO PLAY	0	-	false	2026/09/19 20:46:03
26005	3	DP	0	NO PLAY	0	-	false	2026/09/19 20:46:03
26005	4	P1	0	NO PLAY	0	-	false	2026/09/19 20:46:03
26005	4	DP	0	NO PLAY	0	-	false	2026/09/19 20:46:03
26007	0	P1	0	NO PLAY	0	-	false	2026/09/19 20:46:03
26007	0	DP	0	NO PLAY	0	-	false	2026/09/19 20:46:03
26007	1	P1	0	NO PLAY	0	-	false	2026/09/19 20:46:03
26007	1	DP	0	NO PLAY	0	-	false	2026/09/19 20:46:03
26007	2	P1	0	NO PLAY	0	-	false	2026/09/19 20:46:03
26007	2	DP	0	NO PLAY	0	-	false	2026/09/19 20:46:03
26007	3	P1	5	HARD CLEAR	3139	62	true	2026/09/19 20:46:03
26007	3	DP	4	CLEAR	2912	89	true	2026/09/19 20:46:03
26007	4	P1	0	NO PLAY	0	-	false	2026/09/19 20:46:03
26007	4	DP	0	NO PLAY	0	-	false	2026/09/19 20:46:03
26009	0	P1	0	NO PLAY	0	-	false	2026/09/19 20:46:03
26009	0	DP	0	NO PLAY	0	-	false	2026/09/19 20:46:03
26009	1	P1	0	NO PLAY	0	-	false	2026/09/19 20:46:03
26009	1	DP	0	NO PLAY	0	-	false	2026/09/19 20:46:03
26009	2	P1	0	NO PLAY	0	-	false	2026/09/19 20:46:03
26009	2	DP	0	NO PLAY	0	-	false	2026/09/19 20:46:03
26009	3	P1	6	EX HARD CLEAR	2119	3	true	2026/09/19 20:46:03
26009	3	DP	6	EX HARD CLEAR	2296	6	true	2026/09/19 20:46:03
26009	4	P1	0	NO PLAY	0	-	false	2026/09/19 20:46:03
26009	4	DP	0	NO PLAY	0	-	false	2026/09/19 20:46:03
26010	0	P1	0	NO PLAY	0	-	false	2026/09/19 20:46:03
26010	0	DP	0	NO PLAY	0	-	false	2026/09/19 20:46:03
26010	1	P1	0	NO PLAY	0	-	false	2026/09/19 20:46:03
26010	1	DP	0	NO PLAY	0	-	false	2026/09/19 20:46:03
26010	2	P1	0	NO PLAY	0	-	false	2026/09/19 20:46:03
26010	2	DP	0	NO PLAY	0	-	false	2026/09/19 20:46:03
26010	3	P1	6	EX HARD CLEAR	2624	10	true	2026/09/19 20:46:03
26010	3	DP	6	EX HARD CLEAR	2685	16	true	2026/09/19 20:46:03
26010	4	P1	0	NO PLAY	0	-	false	2026/09/19 20:46:03
26010	4	DP	0	NO PLAY	0	-	false	2026/09/19 20:46:03
26011	0	P1	0	NO PLAY	0	-	false	2026/09/19 20:46:03
26011	0	DP	0	NO PLAY	0	-	false	2026/09/19 20:46:03
26011	1	P1	0	NO PLAY	0	-	false	2026/09/19 20:46:03
26011	1	DP	0	NO PLAY	0	-	false	2026/09/19 20:46:03
26011	2	P1	0	NO PLAY	0	-	false	2026/09/19 20:46:03
26011	2	DP	0	NO PLAY	0	-	false	2026/09/19 20:46:03
26011	3	P1	6	EX HARD CLEAR	3591	7	true	2026/09/19 20:46:03
26011	3	DP	6	EX HARD CLEAR	3180	21	true	2026/09/19 20:46:03
26011	4	P1	0	NO PLAY	0	-	false	2026/09/19 20:46:03
26011	4	DP	0	NO PLAY	0	-	false	2026/09/19 20:46:03
26012	0	P1	0	NO PLAY	0	-	false	2026/09/19 20:46:03
26012	0	DP	0	NO PLAY	0	-	false	2026/09/19 20:46:03
26012	1	P1	0	NO PLAY	0	-	false	2026/09/19 20:46:03
26012	1	DP	0	NO PLAY	0	-	false	2026/09/19 20:46:03
26012	2	P1	0	NO PLAY	0	-	false	2026/09/19 20:46:03
26012	2	DP	0	NO PLAY	0	-	false	2026/09/19 20:46:03
26012	3	P1	5	HARD CLEAR	2555	18	true	2026/09/19 20:46:03
26012	3	DP	5	HARD CLEAR	2253	42	true	2026/09/19 20:46:03
26012	4	P1	0	NO PLAY	0	-	false	2026/09/19 20:46:03
26012	4	DP	0	NO PLAY	0	-	false	2026/09/19 20:46:03
26013	0	P1	0	NO PLAY	0	-	false	2026/09/19 20:46:03
26013	0	DP	0	NO PLAY	0	-	false	2026/09/19 20:46:03
26013	1	P1	0	NO PLAY	0	-	false	2026/09/19 20:46:03
26013	1	DP	0	NO PLAY	0	-	false	2026/09/19 20:46:03
26013	2	P1	0	NO PLAY	0	-	false	2026/09/19 20:46:03
26013	2	DP	6	EX HARD CLEAR	1450	3	true	2026/09/19 20:46:03
26013	3	P1	0	NO PLAY	0	-	false	2026/09/19 20:46:03
26013	3	DP	6	EX HARD CLEAR	2970	13	true	2026/09/19 20:46:03
26013	4	P1	0	NO PLAY	0	-	false	2026/09/19 20:46:03
26013	4	DP	0	NO PLAY	0	-	false	2026/09/19 20:46:03
26014	0	P1	0	NO PLAY	0	-	false	2026/09/19 20:46:03
26014	0	DP	0	NO PLAY	0	-	false	2026/09/19 20:46:03
26014	1	P1	0	NO PLAY	0	-	false	2026/09/19 20:46:03
26014	1	DP	0	NO PLAY	0	-	false	2026/09/19 20:46:03
26014	2	P1	0	NO PLAY	0	-	false	2026/09/19 20:46:03
26014	2	DP	0	NO PLAY	0	-	false	2026/09/19 20:46:03
26014	3	P1	0	NO PLAY	0	-	false	2026/09/19 20:46:03
26014	3	DP	0	NO PLAY	0	-	false	2026/09/19 20:46:03
26014	4	P1	0	NO PLAY	0	-	false	2026/09/19 20:46:03
26014	4	DP	0	NO PLAY	0	-	false	2026/09/19 20:46:03
26015	0	P1	0	NO PLAY	0	-	false	2026/09/19 20:46:03
26015	0	DP	0	NO PLAY	0	-	false	2026/09/19 20:46:03
26015	1	P1	0	NO PLAY	0	-	false	2026/09/19 20:46:03
26015	1	DP	0	NO PLAY	0	-	false	2026/09/19 20:46:03
26015	2	P1	0	NO PLAY	0	-	false	2026/09/19 20:46:03
26015	2	DP	0	NO PLAY	0	-	false	2026/09/19 20:46:03
26015	3	P1	0	NO PLAY	0	-	false	2026/09/19 20:46:03
26015	3	DP	0	NO PLAY	0	-	false	2026/09/19 20:46:03
26015	4	P1	0	NO PLAY	0	-	false	2026/09/19 20:46:03
26015	4	DP	0	NO PLAY	0	-	false	2026/09/19 20:46:03
26016	0	P1	0	NO PLAY	0	-	false	2026/09/19 20:46:03
26016	0	DP	0	NO PLAY	0	-	false	2026/09/19 20:46:03
26016	1	P1	0	NO PLAY	0	-	false	2026/09/19 20:46:03
26016	1	DP	0	NO PLAY	0	-	false	2026/09/19 20:46:03
26016	2	P1	0	NO PLAY	0	-	false	2026/09/19 20:46:03
26016	2	DP	0	NO PLAY	0	-	false	2026/09/19 20:46:03
26016	3	P1	0	NO PLAY	0	-	false	2026/09/19 20:46:03
26016	3	DP	6	EX HARD CLEAR	2211	9	true	2026/09/19 20:46:03
26016	4	P1	0	NO PLAY	0	-	false	2026/09/19 20:46:03
26016	4	DP	0	NO PLAY	0	-	false	2026/09/19 20:46:03
26017	0	P1	0	NO PLAY	0	-	false	2026/09/19 20:46:03
26017	0	DP	0	NO PLAY	0	-	false	2026/09/19 20:46:03
26017	1	P1	0	NO PLAY	0	-	false	2026/09/19 20:46:03
26017	1	DP	0	NO PLAY	0	-	false	2026/09/19 20:46:03
26017	2	P1	0	NO PLAY	0	-	false	2026/09/19 20:46:03
26017	2	DP	0	NO PLAY	0	-	false	2026/09/19 20:46:03
26017	3	P1	0	NO PLAY	0	-	false	2026/09/19 20:46:03
26017	3	DP	0	NO PLAY	0	-	false	2026/09/19 20:46:03
26017	4	P1	0	NO PLAY	0	-	false	2026/09/19 20:46:03
26017	4	DP	0	NO PLAY	0	-	false	2026/09/19 20:46:03
26018	0	P1	0	NO PLAY	0	-	false	2026/09/19 20:46:03
26018	0	DP	0	NO PLAY	0	-	false	2026/09/19 20:46:03
26018	1	P1	0	NO PLAY	0	-	false	2026/09/19 20:46:03
26018	1	DP	0	NO PLAY	0	-	false	2026/09/19 20:46:03
26018	2	P1	0	NO PLAY	0	-	false	2026/09/19 20:46:03
26018	2	DP	0	NO PLAY	0	-	false	2026/09/19 20:46:03
26018	3	P1	6	EX HARD CLEAR	2441	5	true	2026/09/19 20:46:03
26018	3	DP	6	EX HARD CLEAR	2342	3	true	2026/09/19 20:46:03
26018	4	P1	0	NO PLAY	0	-	false	2026/09/19 20:46:03
26018	4	DP	0	NO PLAY	0	-	false	2026/09/19 20:46:03
26019	0	P1	0	NO PLAY	0	-	false	2026/09/19 20:46:03
26019	0	DP	0	NO PLAY	0	-	false	2026/09/19 20:46:03
26019	1	P1	0	NO PLAY	0	-	false	2026/09/19 20:46:03
26019	1	DP	0	NO PLAY	0	-	false	2026/09/19 20:46:03
26019	2	P1	0	NO PLAY	0	-	false	2026/09/19 20:46:03
26019	2	DP	0	NO PLAY	0	-	false	2026/09/19 20:46:03
26019	3	P1	7	FULL COMBO	1503	0	true	2026/09/19 20:46:03
26019	3	DP	6	EX HARD CLEAR	1409	11	true	2026/09/19 20:46:03
26019	4	P1	0	NO PLAY	0	-	false	2026/09/19 20:46:03
26019	4	DP	6	EX HARD CLEAR	1750	14	true	2026/09/19 20:46:03
26020	0	P1	0	NO PLAY	0	-	false	2026/09/19 20:46:03
26020	0	DP	0	NO PLAY	0	-	false	2026/09/19 20:46:03
26020	1	P1	0	NO PLAY	0	-	false	2026/09/19 20:46:03
26020	1	DP	0	NO PLAY	0	-	false	2026/09/19 20:46:03
26020	2	P1	0	NO PLAY	0	-	false	2026/09/19 20:46:03
26020	2	DP	0	NO PLAY	0	-	false	2026/09/19 20:46:03
26020	3	P1	0	NO PLAY	0	-	false	2026/09/19 20:46:03
26020	3	DP	6	EX HARD CLEAR	2109	11	true	2026/09/19 20:46:03
26020	4	P1	0	NO PLAY	0	-	false	2026/09/19 20:46:03
26020	4	DP	0	NO PLAY	0	-	false	2026/09/19 20:46:03
26021	0	P1	0	NO PLAY	0	-	false	2026/09/19 20:46:03
26021	0	DP	0	NO PLAY	0	-	false	2026/09/19 20:46:03
26021	1	P1	0	NO PLAY	0	-	false	2026/09/19 20:46:03
26021	1	DP	0	NO PLAY	0	-	false	2026/09/19 20:46:03
26021	2	P1	0	NO PLAY	0	-	false	2026/09/19 20:46:03
26021	2	DP	0	NO PLAY	0	-	false	2026/09/19 20:46:03
26021	3	P1	1	FAILED	0	-	false	2026/09/19 20:46:03
26021	3	DP	6	EX HARD CLEAR	2256	12	true	2026/09/19 20:46:03
26021	4	P1	0	NO PLAY	0	-	false	2026/09/19 20:46:03
26021	4	DP	0	NO PLAY	0	-	false	2026/09/19 20:46:03
26023	0	P1	0	NO PLAY	0	-	false	2026/09/19 20:46:03
26023	0	DP	0	NO PLAY	0	-	false	2026/09/19 20:46:03
26023	1	P1	0	NO PLAY	0	-	false	2026/09/19 20:46:03
26023	1	DP	0	NO PLAY	0	-	false	2026/09/19 20:46:03
26023	2	P1	0	NO PLAY	0	-	false	2026/09/19 20:46:03
26023	2	DP	0	NO PLAY	0	-	false	2026/09/19 20:46:03
26023	3	P1	0	NO PLAY	0	-	false	2026/09/19 20:46:03
26023	3	DP	0	NO PLAY	0	-	false	2026/09/19 20:46:03
26023	4	P1	0	NO PLAY	0	-	false	2026/09/19 20:46:03
26023	4	DP	0	NO PLAY	0	-	false	2026/09/19 20:46:03
26024	0	P1	0	NO PLAY	0	-	false	2026/09/19 20:46:03
26024	0	DP	0	NO PLAY	0	-	false	2026/09/19 20:46:03
26024	1	P1	0	NO PLAY	0	-	false	2026/09/19 20:46:03
26024	1	DP	0	NO PLAY	0	-	false	2026/09/19 20:46:03
26024	2	P1	0	NO PLAY	0	-	false	2026/09/19 20:46:03
26024	2	DP	0	NO PLAY	0	-	false	2026/09/19 20:46:03
26024	3	P1	0	NO PLAY	0	-	false	2026/09/19 20:46:03
26024	3	DP	0	NO PLAY	0	-	false	2026/09/19 20:46:03
26024	4	P1	0	NO PLAY	0	-	false	2026/09/19 20:46:03
26024	4	DP	0	NO PLAY	0	-	false	2026/09/19 20:46:03
26025	0	P1	0	NO PLAY	0	-	false	2026/09/19 20:46:03
26025	0	DP	0	NO PLAY	0	-	false	2026/09/19 20:46:03
26025	1	P1	0	NO PLAY	0	-	false	2026/09/19 20:46:03
26025	1	DP	0	NO PLAY	0	-	false	2026/09/19 20:46:03
26025	2	P1	0	NO PLAY	0	-	false	2026/09/19 20:46:03
26025	2	DP	0	NO PLAY	0	-	false	2026/09/19 20:46:03
26025	3	P1	6	EX HARD CLEAR	2575	15	true	2026/09/19 20:46:03
26025	3	DP	5	HARD CLEAR	2324	50	true	2026/09/19 20:46:03
26025	4	P1	0	NO PLAY	0	-	false	2026/09/19 20:46:03
26025	4	DP	0	NO PLAY	0	-	false	2026/09/19 20:46:03
26026	0	P1	0	NO PLAY	0	-	false	2026/09/19 20:46:03
26026	0	DP	0	NO PLAY	0	-	false	2026/09/19 20:46:03
26026	1	P1	0	NO PLAY	0	-	false	2026/09/19 20:46:03
26026	1	DP	0	NO PLAY	0	-	false	2026/09/19 20:46:03
26026	2	P1	0	NO PLAY	0	-	false	2026/09/19 20:46:03
26026	2	DP	0	NO PLAY	0	-	false	2026/09/19 20:46:03
26026	3	P1	0	NO PLAY	0	-	false	2026/09/19 20:46:03
26026	3	DP	0	NO PLAY	0	-	false	2026/09/19 20:46:03
26026	4	P1	0	NO PLAY	0	-	false	2026/09/19 20:46:03
26026	4	DP	0	NO PLAY	0	-	false	2026/09/19 20:46:03
26028	0	P1	0	NO PLAY	0	-	false	2026/09/19 20:46:03
26028	0	DP	0	NO PLAY	0	-	false	2026/09/19 20:46:03
26028	1	P1	0	NO PLAY	0	-	false	2026/09/19 20:46:03
26028	1	DP	1	FAILED	0	-	false	2026/09/19 20:46:03
26028	2	P1	0	NO PLAY	0	-	false	2026/09/19 20:46:03
26028	2	DP	0	NO PLAY	0	-	false	2026/09/19 20:46:03
26028	3	P1	0	NO PLAY	0	-	false	2026/09/19 20:46:03
26028	3	DP	6	EX HARD CLEAR	2336	17	true	2026/09/19 20:46:03
26028	4	P1	0	NO PLAY	0	-	false	2026/09/19 20:46:03
26028	4	DP	0	NO PLAY	0	-	false	2026/09/19 20:46:03
26029	0	P1	0	NO PLAY	0	-	false	2026/09/19 20:46:03
26029	0	DP	0	NO PLAY	0	-	false	2026/09/19 20:46:03
26029	1	P1	0	NO PLAY	0	-	false	2026/09/19 20:46:03
26029	1	DP	0	NO PLAY	0	-	false	2026/09/19 20:46:03
26029	2	P1	0	NO PLAY	0	-	false	2026/09/19 20:46:03
26029	2	DP	0	NO PLAY	0	-	false	2026/09/19 20:46:03
26029	3	P1	6	EX HARD CLEAR	2426	7	true	2026/09/19 20:46:03
26029	3	DP	6	EX HARD CLEAR	2268	13	true	2026/09/19 20:46:03
26029	4	P1	0	NO PLAY	0	-	false	2026/09/19 20:46:03
26029	4	DP	0	NO PLAY	0	-	false	2026/09/19 20:46:03
26030	0	P1	0	NO PLAY	0	-	false	2026/09/19 20:46:03
26030	0	DP	0	NO PLAY	0	-	false	2026/09/19 20:46:03
26030	1	P1	0	NO PLAY	0	-	false	2026/09/19 20:46:03
26030	1	DP	0	NO PLAY	0	-	false	2026/09/19 20:46:03
26030	2	P1	0	NO PLAY	0	-	false	2026/09/19 20:46:03
26030	2	DP	0	NO PLAY	0	-	false	2026/09/19 20:46:03
26030	3	P1	0	NO PLAY	0	-	false	2026/09/19 20:46:03
26030	3	DP	0	NO PLAY	0	-	false	2026/09/19 20:46:03
26030	4	P1	0	NO PLAY	0	-	false	2026/09/19 20:46:03
26030	4	DP	0	NO PLAY	0	-	false	2026/09/19 20:46:03
26031	0	P1	0	NO PLAY	0	-	false	2026/09/19 20:46:03
26031	0	DP	0	NO PLAY	0	-	false	2026/09/19 20:46:03
26031	1	P1	0	NO PLAY	0	-	false	2026/09/19 20:46:03
26031	1	DP	0	NO PLAY	0	-	false	2026/09/19 20:46:03
26031	2	P1	0	NO PLAY	0	-	false	2026/09/19 20:46:03
26031	2	DP	0	NO PLAY	0	-	false	2026/09/19 20:46:03
26031	3	P1	0	NO PLAY	0	-	false	2026/09/19 20:46:03
26031	3	DP	0	NO PLAY	0	-	false	2026/09/19 20:46:03
26031	4	P1	0	NO PLAY	0	-	false	2026/09/19 20:46:03
26031	4	DP	0	NO PLAY	0	-	false	2026/09/19 20:46:03
26032	0	P1	0	NO PLAY	0	-	false	2026/09/19 20:46:03
26032	0	DP	0	NO PLAY	0	-	false	2026/09/19 20:46:03
26032	1	P1	0	NO PLAY	0	-	false	2026/09/19 20:46:03
26032	1	DP	0	NO PLAY	0	-	false	2026/09/19 20:46:03
26032	2	P1	0	NO PLAY	0	-	false	2026/09/19 20:46:03
26032	2	DP	0	NO PLAY	0	-	false	2026/09/19 20:46:03
26032	3	P1	0	NO PLAY	0	-	false	2026/09/19 20:46:03
26032	3	DP	0	NO PLAY	0	-	false	2026/09/19 20:46:03
26032	4	P1	0	NO PLAY	0	-	false	2026/09/19 20:46:03
26032	4	DP	0	NO PLAY	0	-	false	2026/09/19 20:46:03
26033	0	P1	0	NO PLAY	0	-	false	2026/09/19 20:46:03
26033	0	DP	0	NO PLAY	0	-	false	2026/09/19 20:46:03
26033	1	P1	0	NO PLAY	0	-	false	2026/09/19 20:46:03
26033	1	DP	0	NO PLAY	0	-	false	2026/09/19 20:46:03
26033	2	P1	0	NO PLAY	0	-	false	2026/09/19 20:46:03
26033	2	DP	0	NO PLAY	0	-	false	2026/09/19 20:46:03
26033	3	P1	6	EX HARD CLEAR	2855	18	true	2026/09/19 20:46:03
26033	3	DP	5	HARD CLEAR	2640	47	true	2026/09/19 20:46:03
26033	4	P1	0	NO PLAY	0	-	false	2026/09/19 20:46:03
26033	4	DP	0	NO PLAY	0	-	false	2026/09/19 20:46:03
26034	0	P1	0	NO PLAY	0	-	false	2026/09/19 20:46:03
26034	0	DP	0	NO PLAY	0	-	false	2026/09/19 20:46:03
26034	1	P1	0	NO PLAY	0	-	false	2026/09/19 20:46:03
26034	1	DP	0	NO PLAY	0	-	false	2026/09/19 20:46:03
26034	2	P1	0	NO PLAY	0	-	false	2026/09/19 20:46:03
26034	2	DP	0	NO PLAY	0	-	false	2026/09/19 20:46:03
26034	3	P1	6	EX HARD CLEAR	2824	15	true	2026/09/19 20:46:03
26034	3	DP	6	EX HARD CLEAR	2777	13	true	2026/09/19 20:46:03
26034	4	P1	0	NO PLAY	0	-	false	2026/09/19 20:46:03
26034	4	DP	0	NO PLAY	0	-	false	2026/09/19 20:46:03
26035	0	P1	0	NO PLAY	0	-	false	2026/09/19 20:46:03
26035	0	DP	0	NO PLAY	0	-	false	2026/09/19 20:46:03
26035	1	P1	0	NO PLAY	0	-	false	2026/09/19 20:46:03
26035	1	DP	0	NO PLAY	0	-	false	2026/09/19 20:46:03
26035	2	P1	0	NO PLAY	0	-	false	2026/09/19 20:46:03
26035	2	DP	0	NO PLAY	0	-	false	2026/09/19 20:46:03
26035	3	P1	0	NO PLAY	0	-	false	2026/09/19 20:46:03
26035	3	DP	0	NO PLAY	0	-	false	2026/09/19 20:46:03
26035	4	P1	0	NO PLAY	0	-	false	2026/09/19 20:46:03
26035	4	DP	0	NO PLAY	0	-	false	2026/09/19 20:46:03
26036	0	P1	0	NO PLAY	0	-	false	2026/09/19 20:46:03
26036	0	DP	0	NO PLAY	0	-	false	2026/09/19 20:46:03
26036	1	P1	0	NO PLAY	0	-	false	2026/09/19 20:46:03
26036	1	DP	0	NO PLAY	0	-	false	2026/09/19 20:46:03
26036	2	P1	0	NO PLAY	0	-	false	2026/09/19 20:46:03
26036	2	DP	0	NO PLAY	0	-	false	2026/09/19 20:46:03
26036	3	P1	0	NO PLAY	0	-	false	2026/09/19 20:46:03
26036	3	DP	0	NO PLAY	0	-	false	2026/09/19 20:46:03
26036	4	P1	0	NO PLAY	0	-	false	2026/09/19 20:46:03
26036	4	DP	0	NO PLAY	0	-	false	2026/09/19 20:46:03
26037	0	P1	0	NO PLAY	0	-	false	2026/09/19 20:46:03
26037	0	DP	0	NO PLAY	0	-	false	2026/09/19 20:46:03
26037	1	P1	0	NO PLAY	0	-	false	2026/09/19 20:46:03
26037	1	DP	0	NO PLAY	0	-	false	2026/09/19 20:46:03
26037	2	P1	0	NO PLAY	0	-	false	2026/09/19 20:46:03
26037	2	DP	0	NO PLAY	0	-	false	2026/09/19 20:46:03
26037	3	P1	5	HARD CLEAR	2864	45	true	2026/09/19 20:46:03
26037	3	DP	3	EASY CLEAR	2598	74	true	2026/09/19 20:46:03
26037	4	P1	0	NO PLAY	0	-	false	2026/09/19 20:46:03
26037	4	DP	0	NO PLAY	0	-	false	2026/09/19 20:46:03
26038	0	P1	0	NO PLAY	0	-	false	2026/09/19 20:46:03
26038	0	DP	0	NO PLAY	0	-	false	2026/09/19 20:46:03
26038	1	P1	0	NO PLAY	0	-	false	2026/09/19 20:46:03
26038	1	DP	0	NO PLAY	0	-	false	2026/09/19 20:46:03
26038	2	P1	0	NO PLAY	0	-	false	2026/09/19 20:46:03
26038	2	DP	0	NO PLAY	0	-	false	2026/09/19 20:46:03
26038	3	P1	6	EX HARD CLEAR	2588	15	true	2026/09/19 20:46:03
26038	3	DP	6	EX HARD CLEAR	2496	15	true	2026/09/19 20:46:03
26038	4	P1	0	NO PLAY	0	-	false	2026/09/19 20:46:03
26038	4	DP	0	NO PLAY	0	-	false	2026/09/19 20:46:03
26039	0	P1	0	NO PLAY	0	-	false	2026/09/19 20:46:03
26039	0	DP	0	NO PLAY	0	-	false	2026/09/19 20:46:03
26039	1	P1	0	NO PLAY	0	-	false	2026/09/19 20:46:03
26039	1	DP	0	NO PLAY	0	-	false	2026/09/19 20:46:03
26039	2	P1	0	NO PLAY	0	-	false	2026/09/19 20:46:03
26039	2	DP	0	NO PLAY	0	-	false	2026/09/19 20:46:03
26039	3	P1	6	EX HARD CLEAR	2441	19	true	2026/09/19 20:46:03
26039	3	DP	5	HARD CLEAR	2183	50	true	2026/09/19 20:46:03
26039	4	P1	0	NO PLAY	0	-	false	2026/09/19 20:46:03
26039	4	DP	0	NO PLAY	0	-	false	2026/09/19 20:46:03
26041	0	P1	0	NO PLAY	0	-	false	2026/09/19 20:46:03
26041	0	DP	0	NO PLAY	0	-	false	2026/09/19 20:46:03
26041	1	P1	0	NO PLAY	0	-	false	2026/09/19 20:46:03
26041	1	DP	0	NO PLAY	0	-	false	2026/09/19 20:46:03
26041	2	P1	0	NO PLAY	0	-	false	2026/09/19 20:46:03
26041	2	DP	0	NO PLAY	0	-	false	2026/09/19 20:46:03
26041	3	P1	1	FAILED	1490	-	false	2026/09/19 20:46:03
26041	3	DP	1	FAILED	553	-	false	2026/09/19 20:46:03
26041	4	P1	0	NO PLAY	0	-	false	2026/09/19 20:46:03
26041	4	DP	0	NO PLAY	0	-	false	2026/09/19 20:46:03
26042	0	P1	0	NO PLAY	0	-	false	2026/09/19 20:46:03
26042	0	DP	0	NO PLAY	0	-	false	2026/09/19 20:46:03
26042	1	P1	0	NO PLAY	0	-	false	2026/09/19 20:46:03
26042	1	DP	0	NO PLAY	0	-	false	2026/09/19 20:46:03
26042	2	P1	0	NO PLAY	0	-	false	2026/09/19 20:46:03
26042	2	DP	0	NO PLAY	0	-	false	2026/09/19 20:46:03
26042	3	P1	0	NO PLAY	0	-	false	2026/09/19 20:46:03
26042	3	DP	0	NO PLAY	0	-	false	2026/09/19 20:46:03
26042	4	P1	0	NO PLAY	0	-	false	2026/09/19 20:46:03
26042	4	DP	0	NO PLAY	0	-	false	2026/09/19 20:46:03
26043	0	P1	0	NO PLAY	0	-	false	2026/09/19 20:46:03
26043	0	DP	0	NO PLAY	0	-	false	2026/09/19 20:46:03
26043	1	P1	0	NO PLAY	0	-	false	2026/09/19 20:46:03
26043	1	DP	0	NO PLAY	0	-	false	2026/09/19 20:46:03
26043	2	P1	0	NO PLAY	0	-	false	2026/09/19 20:46:03
26043	2	DP	0	NO PLAY	0	-	false	2026/09/19 20:46:03
26043	3	P1	6	EX HARD CLEAR	2418	15	true	2026/09/19 20:46:03
26043	3	DP	6	EX HARD CLEAR	2977	18	true	2026/09/19 20:46:03
26043	4	P1	0	NO PLAY	0	-	false	2026/09/19 20:46:03
26043	4	DP	0	NO PLAY	0	-	false	2026/09/19 20:46:03
26044	0	P1	0	NO PLAY	0	-	false	2026/09/19 20:46:03
26044	0	DP	0	NO PLAY	0	-	false	2026/09/19 20:46:03
26044	1	P1	0	NO PLAY	0	-	false	2026/09/19 20:46:03
26044	1	DP	0	NO PLAY	0	-	false	2026/09/19 20:46:03
26044	2	P1	0	NO PLAY	0	-	false	2026/09/19 20:46:03
26044	2	DP	0	NO PLAY	0	-	false	2026/09/19 20:46:03
26044	3	P1	0	NO PLAY	0	-	false	2026/09/19 20:46:03
26044	3	DP	6	EX HARD CLEAR	2350	11	true	2026/09/19 20:46:03
26044	4	P1	0	NO PLAY	0	-	false	2026/09/19 20:46:03
26044	4	DP	0	NO PLAY	0	-	false	2026/09/19 20:46:03
26046	0	P1	0	NO PLAY	0	-	false	2026/09/19 20:46:03
26046	0	DP	0	NO PLAY	0	-	false	2026/09/19 20:46:03
26046	1	P1	0	NO PLAY	0	-	false	2026/09/19 20:46:03
26046	1	DP	0	NO PLAY	0	-	false	2026/09/19 20:46:03
26046	2	P1	0	NO PLAY	0	-	false	2026/09/19 20:46:03
26046	2	DP	0	NO PLAY	0	-	false	2026/09/19 20:46:03
26046	3	P1	0	NO PLAY	0	-	false	2026/09/19 20:46:03
26046	3	DP	0	NO PLAY	0	-	false	2026/09/19 20:46:03
26046	4	P1	0	NO PLAY	0	-	false	2026/09/19 20:46:03
26046	4	DP	0	NO PLAY	0	-	false	2026/09/19 20:46:03
26047	0	P1	0	NO PLAY	0	-	false	2026/09/19 20:46:03
26047	0	DP	0	NO PLAY	0	-	false	2026/09/19 20:46:03
26047	1	P1	0	NO PLAY	0	-	false	2026/09/19 20:46:03
26047	1	DP	0	NO PLAY	0	-	false	2026/09/19 20:46:03
26047	2	P1	0	NO PLAY	0	-	false	2026/09/19 20:46:03
26047	2	DP	0	NO PLAY	0	-	false	2026/09/19 20:46:03
26047	3	P1	5	HARD CLEAR	2694	69	true	2026/09/19 20:46:03
26047	3	DP	5	HARD CLEAR	2290	50	true	2026/09/19 20:46:03
26047	4	P1	0	NO PLAY	0	-	false	2026/09/19 20:46:03
26047	4	DP	0	NO PLAY	0	-	false	2026/09/19 20:46:03
26048	0	P1	0	NO PLAY	0	-	false	2026/09/19 20:46:03
26048	0	DP	0	NO PLAY	0	-	false	2026/09/19 20:46:03
26048	1	P1	0	NO PLAY	0	-	false	2026/09/19 20:46:03
26048	1	DP	0	NO PLAY	0	-	false	2026/09/19 20:46:03
26048	2	P1	0	NO PLAY	0	-	false	2026/09/19 20:46:03
26048	2	DP	0	NO PLAY	0	-	false	2026/09/19 20:46:03
26048	3	P1	0	NO PLAY	0	-	false	2026/09/19 20:46:03
26048	3	DP	0	NO PLAY	0	-	false	2026/09/19 20:46:03
26048	4	P1	0	NO PLAY	0	-	false	2026/09/19 20:46:03
26048	4	DP	0	NO PLAY	0	-	false	2026/09/19 20:46:03
26050	0	P1	0	NO PLAY	0	-	false	2026/09/19 20:46:03
26050	0	DP	0	NO PLAY	0	-	false	2026/09/19 20:46:03
26050	1	P1	0	NO PLAY	0	-	false	2026/09/19 20:46:03
26050	1	DP	0	NO PLAY	0	-	false	2026/09/19 20:46:03
26050	2	P1	0	NO PLAY	0	-	false	2026/09/19 20:46:03
26050	2	DP	0	NO PLAY	0	-	false	2026/09/19 20:46:03
26050	3	P1	0	NO PLAY	0	-	false	2026/09/19 20:46:03
26050	3	DP	6	EX HARD CLEAR	2102	11	true	2026/09/19 20:46:03
26050	4	P1	0	NO PLAY	0	-	false	2026/09/19 20:46:03
26050	4	DP	0	NO PLAY	0	-	false	2026/09/19 20:46:03
26051	0	P1	0	NO PLAY	0	-	false	2026/09/19 20:46:03
26051	0	DP	0	NO PLAY	0	-	false	2026/09/19 20:46:03
26051	1	P1	0	NO PLAY	0	-	false	2026/09/19 20:46:03
26051	1	DP	0	NO PLAY	0	-	false	2026/09/19 20:46:03
26051	2	P1	0	NO PLAY	0	-	false	2026/09/19 20:46:03
26051	2	DP	0	NO PLAY	0	-	false	2026/09/19 20:46:03
26051	3	P1	0	NO PLAY	0	-	false	2026/09/19 20:46:03
26051	3	DP	6	EX HARD CLEAR	1927	7	true	2026/09/19 20:46:03
26051	4	P1	0	NO PLAY	0	-	false	2026/09/19 20:46:03
26051	4	DP	0	NO PLAY	0	-	false	2026/09/19 20:46:03
26052	0	P1	0	NO PLAY	0	-	false	2026/09/19 20:46:03
26052	0	DP	0	NO PLAY	0	-	false	2026/09/19 20:46:03
26052	1	P1	0	NO PLAY	0	-	false	2026/09/19 20:46:03
26052	1	DP	0	NO PLAY	0	-	false	2026/09/19 20:46:03
26052	2	P1	0	NO PLAY	0	-	false	2026/09/19 20:46:03
26052	2	DP	0	NO PLAY	0	-	false	2026/09/19 20:46:03
26052	3	P1	0	NO PLAY	0	-	false	2026/09/19 20:46:03
26052	3	DP	0	NO PLAY	0	-	false	2026/09/19 20:46:03
26052	4	P1	0	NO PLAY	0	-	false	2026/09/19 20:46:03
26052	4	DP	0	NO PLAY	0	-	false	2026/09/19 20:46:03
26053	0	P1	0	NO PLAY	0	-	false	2026/09/19 20:46:03
26053	0	DP	0	NO PLAY	0	-	false	2026/09/19 20:46:03
26053	1	P1	0	NO PLAY	0	-	false	2026/09/19 20:46:03
26053	1	DP	0	NO PLAY	0	-	false	2026/09/19 20:46:03
26053	2	P1	0	NO PLAY	0	-	false	2026/09/19 20:46:03
26053	2	DP	0	NO PLAY	0	-	false	2026/09/19 20:46:03
26053	3	P1	0	NO PLAY	0	-	false	2026/09/19 20:46:03
26053	3	DP	6	EX HARD CLEAR	2080	16	true	2026/09/19 20:46:03
26053	4	P1	0	NO PLAY	0	-	false	2026/09/19 20:46:03
26053	4	DP	0	NO PLAY	0	-	false	2026/09/19 20:46:03
26054	0	P1	0	NO PLAY	0	-	false	2026/09/19 20:46:03
26054	0	DP	0	NO PLAY	0	-	false	2026/09/19 20:46:03
26054	1	P1	0	NO PLAY	0	-	false	2026/09/19 20:46:03
26054	1	DP	0	NO PLAY	0	-	false	2026/09/19 20:46:03
26054	2	P1	0	NO PLAY	0	-	false	2026/09/19 20:46:03
26054	2	DP	0	NO PLAY	0	-	false	2026/09/19 20:46:03
26054	3	P1	0	NO PLAY	0	-	false	2026/09/19 20:46:03
26054	3	DP	0	NO PLAY	0	-	false	2026/09/19 20:46:03
26054	4	P1	0	NO PLAY	0	-	false	2026/09/19 20:46:03
26054	4	DP	0	NO PLAY	0	-	false	2026/09/19 20:46:03
26055	0	P1	0	NO PLAY	0	-	false	2026/09/19 20:46:03
26055	0	DP	0	NO PLAY	0	-	false	2026/09/19 20:46:03
26055	1	P1	0	NO PLAY	0	-	false	2026/09/19 20:46:03
26055	1	DP	0	NO PLAY	0	-	false	2026/09/19 20:46:03
26055	2	P1	0	NO PLAY	0	-	false	2026/09/19 20:46:03
26055	2	DP	0	NO PLAY	0	-	false	2026/09/19 20:46:03
26055	3	P1	0	NO PLAY	0	-	false	2026/09/19 20:46:03
26055	3	DP	0	NO PLAY	0	-	false	2026/09/19 20:46:03
26055	4	P1	0	NO PLAY	0	-	false	2026/09/19 20:46:03
26055	4	DP	0	NO PLAY	0	-	false	2026/09/19 20:46:03
26058	0	P1	0	NO PLAY	0	-	false	2026/09/19 20:46:03
26058	0	DP	0	NO PLAY	0	-	false	2026/09/19 20:46:03
26058	1	P1	0	NO PLAY	0	-	false	2026/09/19 20:46:03
26058	1	DP	0	NO PLAY	0	-	false	2026/09/19 20:46:03
26058	2	P1	0	NO PLAY	0	-	false	2026/09/19 20:46:03
26058	2	DP	0	NO PLAY	0	-	false	2026/09/19 20:46:03
26058	3	P1	0	NO PLAY	0	-	false	2026/09/19 20:46:03
26058	3	DP	0	NO PLAY	0	-	false	2026/09/19 20:46:03
26058	4	P1	0	NO PLAY	0	-	false	2026/09/19 20:46:03
26058	4	DP	0	NO PLAY	0	-	false	2026/09/19 20:46:03
26059	0	P1	0	NO PLAY	0	-	false	2026/09/19 20:46:03
26059	0	DP	0	NO PLAY	0	-	false	2026/09/19 20:46:03
26059	1	P1	0	NO PLAY	0	-	false	2026/09/19 20:46:03
26059	1	DP	0	NO PLAY	0	-	false	2026/09/19 20:46:03
26059	2	P1	0	NO PLAY	0	-	false	2026/09/19 20:46:03
26059	2	DP	0	NO PLAY	0	-	false	2026/09/19 20:46:03
26059	3	P1	5	HARD CLEAR	2084	47	true	2026/09/19 20:46:03
26059	3	DP	6	EX HARD CLEAR	2407	18	true	2026/09/19 20:46:03
26059	4	P1	0	NO PLAY	0	-	false	2026/09/19 20:46:03
26059	4	DP	0	NO PLAY	0	-	false	2026/09/19 20:46:03
26060	0	P1	0	NO PLAY	0	-	false	2026/09/19 20:46:03
26060	0	DP	0	NO PLAY	0	-	false	2026/09/19 20:46:03
26060	1	P1	0	NO PLAY	0	-	false	2026/09/19 20:46:03
26060	1	DP	0	NO PLAY	0	-	false	2026/09/19 20:46:03
26060	2	P1	0	NO PLAY	0	-	false	2026/09/19 20:46:03
26060	2	DP	0	NO PLAY	0	-	false	2026/09/19 20:46:03
26060	3	P1	0	NO PLAY	0	-	false	2026/09/19 20:46:03
26060	3	DP	0	NO PLAY	0	-	false	2026/09/19 20:46:03
26060	4	P1	0	NO PLAY	0	-	false	2026/09/19 20:46:03
26060	4	DP	0	NO PLAY	0	-	false	2026/09/19 20:46:03
26062	0	P1	0	NO PLAY	0	-	false	2026/09/19 20:46:03
26062	0	DP	0	NO PLAY	0	-	false	2026/09/19 20:46:03
26062	1	P1	0	NO PLAY	0	-	false	2026/09/19 20:46:03
26062	1	DP	0	NO PLAY	0	-	false	2026/09/19 20:46:03
26062	2	P1	0	NO PLAY	0	-	false	2026/09/19 20:46:03
26062	2	DP	0	NO PLAY	0	-	false	2026/09/19 20:46:03
26062	3	P1	0	NO PLAY	0	-	false	2026/09/19 20:46:03
26062	3	DP	6	EX HARD CLEAR	1872	4	true	2026/09/19 20:46:03
26062	4	P1	0	NO PLAY	0	-	false	2026/09/19 20:46:03
26062	4	DP	0	NO PLAY	0	-	false	2026/09/19 20:46:03
26064	0	P1	0	NO PLAY	0	-	false	2026/09/19 20:46:03
26064	0	DP	0	NO PLAY	0	-	false	2026/09/19 20:46:03
26064	1	P1	0	NO PLAY	0	-	false	2026/09/19 20:46:03
26064	1	DP	0	NO PLAY	0	-	false	2026/09/19 20:46:03
26064	2	P1	0	NO PLAY	0	-	false	2026/09/19 20:46:03
26064	2	DP	0	NO PLAY	0	-	false	2026/09/19 20:46:03
26064	3	P1	0	NO PLAY	0	-	false	2026/09/19 20:46:03
26064	3	DP	6	EX HARD CLEAR	2379	16	true	2026/09/19 20:46:03
26064	4	P1	0	NO PLAY	0	-	false	2026/09/19 20:46:03
26064	4	DP	0	NO PLAY	0	-	false	2026/09/19 20:46:03
26065	0	P1	0	NO PLAY	0	-	false	2026/09/19 20:46:03
26065	0	DP	0	NO PLAY	0	-	false	2026/09/19 20:46:03
26065	1	P1	0	NO PLAY	0	-	false	2026/09/19 20:46:03
26065	1	DP	0	NO PLAY	0	-	false	2026/09/19 20:46:03
26065	2	P1	0	NO PLAY	0	-	false	2026/09/19 20:46:03
26065	2	DP	0	NO PLAY	0	-	false	2026/09/19 20:46:03
26065	3	P1	0	NO PLAY	0	-	false	2026/09/19 20:46:03
26065	3	DP	0	NO PLAY	0	-	false	2026/09/19 20:46:03
26065	4	P1	0	NO PLAY	0	-	false	2026/09/19 20:46:03
26065	4	DP	0	NO PLAY	0	-	false	2026/09/19 20:46:03
26066	0	P1	0	NO PLAY	0	-	false	2026/09/19 20:46:03
26066	0	DP	0	NO PLAY	0	-	false	2026/09/19 20:46:03
26066	1	P1	0	NO PLAY	0	-	false	2026/09/19 20:46:03
26066	1	DP	0	NO PLAY	0	-	false	2026/09/19 20:46:03
26066	2	P1	0	NO PLAY	0	-	false	2026/09/19 20:46:03
26066	2	DP	0	NO PLAY	0	-	false	2026/09/19 20:46:03
26066	3	P1	0	NO PLAY	0	-	false	2026/09/19 20:46:03
26066	3	DP	0	NO PLAY	0	-	false	2026/09/19 20:46:03
26066	4	P1	0	NO PLAY	0	-	false	2026/09/19 20:46:03
26066	4	DP	0	NO PLAY	0	-	false	2026/09/19 20:46:03
26067	0	P1	0	NO PLAY	0	-	false	2026/09/19 20:46:03
26067	0	DP	0	NO PLAY	0	-	false	2026/09/19 20:46:03
26067	1	P1	0	NO PLAY	0	-	false	2026/09/19 20:46:03
26067	1	DP	0	NO PLAY	0	-	false	2026/09/19 20:46:03
26067	2	P1	0	NO PLAY	0	-	false	2026/09/19 20:46:03
26067	2	DP	0	NO PLAY	0	-	false	2026/09/19 20:46:03
26067	3	P1	0	NO PLAY	0	-	false	2026/09/19 20:46:03
26067	3	DP	0	NO PLAY	0	-	false	2026/09/19 20:46:03
26067	4	P1	0	NO PLAY	0	-	false	2026/09/19 20:46:03
26067	4	DP	0	NO PLAY	0	-	false	2026/09/19 20:46:03
26068	0	P1	0	NO PLAY	0	-	false	2026/09/19 20:46:03
26068	0	DP	0	NO PLAY	0	-	false	2026/09/19 20:46:03
26068	1	P1	0	NO PLAY	0	-	false	2026/09/19 20:46:03
26068	1	DP	0	NO PLAY	0	-	false	2026/09/19 20:46:03
26068	2	P1	0	NO PLAY	0	-	false	2026/09/19 20:46:03
26068	2	DP	0	NO PLAY	0	-	false	2026/09/19 20:46:03
26068	3	P1	0	NO PLAY	0	-	false	2026/09/19 20:46:03
26068	3	DP	0	NO PLAY	0	-	false	2026/09/19 20:46:03
26068	4	P1	0	NO PLAY	0	-	false	2026/09/19 20:46:03
26068	4	DP	0	NO PLAY	0	-	false	2026/09/19 20:46:03
26069	0	P1	0	NO PLAY	0	-	false	2026/09/19 20:46:03
26069	0	DP	0	NO PLAY	0	-	false	2026/09/19 20:46:03
26069	1	P1	0	NO PLAY	0	-	false	2026/09/19 20:46:03
26069	1	DP	0	NO PLAY	0	-	false	2026/09/19 20:46:03
26069	2	P1	0	NO PLAY	0	-	false	2026/09/19 20:46:03
26069	2	DP	0	NO PLAY	0	-	false	2026/09/19 20:46:03
26069	3	P1	0	NO PLAY	0	-	false	2026/09/19 20:46:03
26069	3	DP	0	NO PLAY	0	-	false	2026/09/19 20:46:03
26069	4	P1	0	NO PLAY	0	-	false	2026/09/19 20:46:03
26069	4	DP	6	EX HARD CLEAR	1860	1	true	2026/09/19 20:46:03
26071	0	P1	0	NO PLAY	0	-	false	2026/09/19 20:46:03
26071	0	DP	0	NO PLAY	0	-	false	2026/09/19 20:46:03
26071	1	P1	0	NO PLAY	0	-	false	2026/09/19 20:46:03
26071	1	DP	0	NO PLAY	0	-	false	2026/09/19 20:46:03
26071	2	P1	0	NO PLAY	0	-	false	2026/09/19 20:46:03
26071	2	DP	0	NO PLAY	0	-	false	2026/09/19 20:46:03
26071	3	P1	0	NO PLAY	0	-	false	2026/09/19 20:46:03
26071	3	DP	0	NO PLAY	0	-	false	2026/09/19 20:46:03
26071	4	P1	0	NO PLAY	0	-	false	2026/09/19 20:46:03
26071	4	DP	0	NO PLAY	0	-	false	2026/09/19 20:46:03
26074	0	P1	0	NO PLAY	0	-	false	2026/09/19 20:46:03
26074	0	DP	0	NO PLAY	0	-	false	2026/09/19 20:46:03
26074	1	P1	0	NO PLAY	0	-	false	2026/09/19 20:46:03
26074	1	DP	0	NO PLAY	0	-	false	2026/09/19 20:46:03
26074	2	P1	0	NO PLAY	0	-	false	2026/09/19 20:46:03
26074	2	DP	0	NO PLAY	0	-	false	2026/09/19 20:46:03
26074	3	P1	0	NO PLAY	0	-	false	2026/09/19 20:46:03
26074	3	DP	0	NO PLAY	0	-	false	2026/09/19 20:46:03
26074	4	P1	0	NO PLAY	0	-	false	2026/09/19 20:46:03
26074	4	DP	0	NO PLAY	0	-	false	2026/09/19 20:46:03
26076	0	P1	0	NO PLAY	0	-	false	2026/09/19 20:46:03
26076	0	DP	0	NO PLAY	0	-	false	2026/09/19 20:46:03
26076	1	P1	0	NO PLAY	0	-	false	2026/09/19 20:46:03
26076	1	DP	0	NO PLAY	0	-	false	2026/09/19 20:46:03
26076	2	P1	0	NO PLAY	0	-	false	2026/09/19 20:46:03
26076	2	DP	0	NO PLAY	0	-	false	2026/09/19 20:46:03
26076	3	P1	0	NO PLAY	0	-	false	2026/09/19 20:46:03
26076	3	DP	6	EX HARD CLEAR	2530	19	true	2026/09/19 20:46:03
26076	4	P1	0	NO PLAY	0	-	false	2026/09/19 20:46:03
26076	4	DP	0	NO PLAY	0	-	false	2026/09/19 20:46:03
26077	0	P1	0	NO PLAY	0	-	false	2026/09/19 20:46:03
26077	0	DP	0	NO PLAY	0	-	false	2026/09/19 20:46:03
26077	1	P1	0	NO PLAY	0	-	false	2026/09/19 20:46:03
26077	1	DP	0	NO PLAY	0	-	false	2026/09/19 20:46:03
26077	2	P1	0	NO PLAY	0	-	false	2026/09/19 20:46:03
26077	2	DP	0	NO PLAY	0	-	false	2026/09/19 20:46:03
26077	3	P1	0	NO PLAY	0	-	false	2026/09/19 20:46:03
26077	3	DP	6	EX HARD CLEAR	2399	12	true	2026/09/19 20:46:03
26077	4	P1	0	NO PLAY	0	-	false	2026/09/19 20:46:03
26077	4	DP	0	NO PLAY	0	-	false	2026/09/19 20:46:03
26078	0	P1	0	NO PLAY	0	-	false	2026/09/19 20:46:03
26078	0	DP	0	NO PLAY	0	-	false	2026/09/19 20:46:03
26078	1	P1	0	NO PLAY	0	-	false	2026/09/19 20:46:03
26078	1	DP	0	NO PLAY	0	-	false	2026/09/19 20:46:03
26078	2	P1	0	NO PLAY	0	-	false	2026/09/19 20:46:03
26078	2	DP	0	NO PLAY	0	-	false	2026/09/19 20:46:03
26078	3	P1	5	HARD CLEAR	2536	43	true	2026/09/19 20:46:03
26078	3	DP	6	EX HARD CLEAR	2768	16	true	2026/09/19 20:46:03
26078	4	P1	0	NO PLAY	0	-	false	2026/09/19 20:46:03
26078	4	DP	0	NO PLAY	0	-	false	2026/09/19 20:46:03
26079	0	P1	0	NO PLAY	0	-	false	2026/09/19 20:46:03
26079	0	DP	0	NO PLAY	0	-	false	2026/09/19 20:46:03
26079	1	P1	0	NO PLAY	0	-	false	2026/09/19 20:46:03
26079	1	DP	0	NO PLAY	0	-	false	2026/09/19 20:46:03
26079	2	P1	0	NO PLAY	0	-	false	2026/09/19 20:46:03
26079	2	DP	0	NO PLAY	0	-	false	2026/09/19 20:46:03
26079	3	P1	6	EX HARD CLEAR	2684	8	true	2026/09/19 20:46:03
26079	3	DP	6	EX HARD CLEAR	2675	17	true	2026/09/19 20:46:03
26079	4	P1	0	NO PLAY	0	-	false	2026/09/19 20:46:03
26079	4	DP	0	NO PLAY	0	-	false	2026/09/19 20:46:03
26080	0	P1	0	NO PLAY	0	-	false	2026/09/19 20:46:03
26080	0	DP	0	NO PLAY	0	-	false	2026/09/19 20:46:03
26080	1	P1	0	NO PLAY	0	-	false	2026/09/19 20:46:03
26080	1	DP	0	NO PLAY	0	-	false	2026/09/19 20:46:03
26080	2	P1	0	NO PLAY	0	-	false	2026/09/19 20:46:03
26080	2	DP	0	NO PLAY	0	-	false	2026/09/19 20:46:03
26080	3	P1	6	EX HARD CLEAR	2853	14	true	2026/09/19 20:46:03
26080	3	DP	5	HARD CLEAR	2632	51	true	2026/09/19 20:46:03
26080	4	P1	0	NO PLAY	0	-	false	2026/09/19 20:46:03
26080	4	DP	0	NO PLAY	0	-	false	2026/09/19 20:46:03
26081	0	P1	0	NO PLAY	0	-	false	2026/09/19 20:46:03
26081	0	DP	0	NO PLAY	0	-	false	2026/09/19 20:46:03
26081	1	P1	0	NO PLAY	0	-	false	2026/09/19 20:46:03
26081	1	DP	0	NO PLAY	0	-	false	2026/09/19 20:46:03
26081	2	P1	0	NO PLAY	0	-	false	2026/09/19 20:46:03
26081	2	DP	0	NO PLAY	0	-	false	2026/09/19 20:46:03
26081	3	P1	0	NO PLAY	0	-	false	2026/09/19 20:46:03
26081	3	DP	0	NO PLAY	0	-	false	2026/09/19 20:46:03
26081	4	P1	0	NO PLAY	0	-	false	2026/09/19 20:46:03
26081	4	DP	0	NO PLAY	0	-	false	2026/09/19 20:46:03
26082	0	P1	0	NO PLAY	0	-	false	2026/09/19 20:46:03
26082	0	DP	0	NO PLAY	0	-	false	2026/09/19 20:46:03
26082	1	P1	0	NO PLAY	0	-	false	2026/09/19 20:46:03
26082	1	DP	0	NO PLAY	0	-	false	2026/09/19 20:46:03
26082	2	P1	0	NO PLAY	0	-	false	2026/09/19 20:46:03
26082	2	DP	0	NO PLAY	0	-	false	2026/09/19 20:46:03
26082	3	P1	0	NO PLAY	0	-	false	2026/09/19 20:46:03
26082	3	DP	6	EX HARD CLEAR	2424	6	true	2026/09/19 20:46:03
26082	4	P1	0	NO PLAY	0	-	false	2026/09/19 20:46:03
26082	4	DP	0	NO PLAY	0	-	false	2026/09/19 20:46:03
26084	0	P1	0	NO PLAY	0	-	false	2026/09/19 20:46:03
26084	0	DP	0	NO PLAY	0	-	false	2026/09/19 20:46:03
26084	1	P1	0	NO PLAY	0	-	false	2026/09/19 20:46:03
26084	1	DP	0	NO PLAY	0	-	false	2026/09/19 20:46:03
26084	2	P1	0	NO PLAY	0	-	false	2026/09/19 20:46:03
26084	2	DP	0	NO PLAY	0	-	false	2026/09/19 20:46:03
26084	3	P1	0	NO PLAY	0	-	false	2026/09/19 20:46:03
26084	3	DP	0	NO PLAY	0	-	false	2026/09/19 20:46:03
26084	4	P1	0	NO PLAY	0	-	false	2026/09/19 20:46:03
26084	4	DP	0	NO PLAY	0	-	false	2026/09/19 20:46:03
26086	0	P1	0	NO PLAY	0	-	false	2026/09/19 20:46:03
26086	0	DP	0	NO PLAY	0	-	false	2026/09/19 20:46:03
26086	1	P1	0	NO PLAY	0	-	false	2026/09/19 20:46:03
26086	1	DP	0	NO PLAY	0	-	false	2026/09/19 20:46:03
26086	2	P1	0	NO PLAY	0	-	false	2026/09/19 20:46:03
26086	2	DP	0	NO PLAY	0	-	false	2026/09/19 20:46:03
26086	3	P1	6	EX HARD CLEAR	3173	11	true	2026/09/19 20:46:03
26086	3	DP	6	EX HARD CLEAR	2706	15	true	2026/09/19 20:46:03
26086	4	P1	0	NO PLAY	0	-	false	2026/09/19 20:46:03
26086	4	DP	0	NO PLAY	0	-	false	2026/09/19 20:46:03
26087	0	P1	0	NO PLAY	0	-	false	2026/09/19 20:46:03
26087	0	DP	0	NO PLAY	0	-	false	2026/09/19 20:46:03
26087	1	P1	0	NO PLAY	0	-	false	2026/09/19 20:46:03
26087	1	DP	0	NO PLAY	0	-	false	2026/09/19 20:46:03
26087	2	P1	0	NO PLAY	0	-	false	2026/09/19 20:46:03
26087	2	DP	0	NO PLAY	0	-	false	2026/09/19 20:46:03
26087	3	P1	5	HARD CLEAR	3299	35	true	2026/09/19 20:46:03
26087	3	DP	5	HARD CLEAR	3258	54	true	2026/09/19 20:46:03
26087	4	P1	5	HARD CLEAR	3552	56	true	2026/09/19 20:46:03
26087	4	DP	3	EASY CLEAR	3332	139	true	2026/09/19 20:46:03
26088	0	P1	0	NO PLAY	0	-	false	2026/09/19 20:46:03
26088	0	DP	0	NO PLAY	0	-	false	2026/09/19 20:46:03
26088	1	P1	0	NO PLAY	0	-	false	2026/09/19 20:46:03
26088	1	DP	0	NO PLAY	0	-	false	2026/09/19 20:46:03
26088	2	P1	0	NO PLAY	0	-	false	2026/09/19 20:46:03
26088	2	DP	0	NO PLAY	0	-	false	2026/09/19 20:46:03
26088	3	P1	5	HARD CLEAR	2053	49	true	2026/09/19 20:46:03
26088	3	DP	5	HARD CLEAR	2313	23	true	2026/09/19 20:46:03
26088	4	P1	0	NO PLAY	0	-	false	2026/09/19 20:46:03
26088	4	DP	0	NO PLAY	0	-	false	2026/09/19 20:46:03
26089	0	P1	0	NO PLAY	0	-	false	2026/09/19 20:46:03
26089	0	DP	0	NO PLAY	0	-	false	2026/09/19 20:46:03
26089	1	P1	0	NO PLAY	0	-	false	2026/09/19 20:46:03
26089	1	DP	0	NO PLAY	0	-	false	2026/09/19 20:46:03
26089	2	P1	0	NO PLAY	0	-	false	2026/09/19 20:46:03
26089	2	DP	0	NO PLAY	0	-	false	2026/09/19 20:46:03
26089	3	P1	1	FAILED	806	-	false	2026/09/19 20:46:03
26089	3	DP	0	NO PLAY	0	-	false	2026/09/19 20:46:03
26089	4	P1	0	NO PLAY	0	-	false	2026/09/19 20:46:03
26089	4	DP	0	NO PLAY	0	-	false	2026/09/19 20:46:03
26090	0	P1	0	NO PLAY	0	-	false	2026/09/19 20:46:03
26090	0	DP	0	NO PLAY	0	-	false	2026/09/19 20:46:03
26090	1	P1	0	NO PLAY	0	-	false	2026/09/19 20:46:03
26090	1	DP	0	NO PLAY	0	-	false	2026/09/19 20:46:03
26090	2	P1	0	NO PLAY	0	-	false	2026/09/19 20:46:03
26090	2	DP	6	EX HARD CLEAR	1108	4	true	2026/09/19 20:46:03
26090	3	P1	1	FAILED	358	-	false	2026/09/19 20:46:03
26090	3	DP	1	FAILED	1408	-	false	2026/09/19 20:46:03
26090	4	P1	0	NO PLAY	0	-	false	2026/09/19 20:46:03
26090	4	DP	0	NO PLAY	0	-	false	2026/09/19 20:46:03
26091	0	P1	0	NO PLAY	0	-	false	2026/09/19 20:46:03
26091	0	DP	0	NO PLAY	0	-	false	2026/09/19 20:46:03
26091	1	P1	0	NO PLAY	0	-	false	2026/09/19 20:46:03
26091	1	DP	6	EX HARD CLEAR	1112	6	true	2026/09/19 20:46:03
26091	2	P1	0	NO PLAY	0	-	false	2026/09/19 20:46:03
26091	2	DP	0	NO PLAY	0	-	false	2026/09/19 20:46:03
26091	3	P1	0	NO PLAY	0	-	false	2026/09/19 20:46:03
26091	3	DP	5	HARD CLEAR	1900	27	true	2026/09/19 20:46:03
26091	4	P1	0	NO PLAY	0	-	false	2026/09/19 20:46:03
26091	4	DP	0	NO PLAY	0	-	false	2026/09/19 20:46:03
26092	0	P1	0	NO PLAY	0	-	false	2026/09/19 20:46:03
26092	0	DP	0	NO PLAY	0	-	false	2026/09/19 20:46:03
26092	1	P1	0	NO PLAY	0	-	false	2026/09/19 20:46:03
26092	1	DP	0	NO PLAY	0	-	false	2026/09/19 20:46:03
26092	2	P1	0	NO PLAY	0	-	false	2026/09/19 20:46:03
26092	2	DP	0	NO PLAY	0	-	false	2026/09/19 20:46:03
26092	3	P1	0	NO PLAY	0	-	false	2026/09/19 20:46:03
26092	3	DP	6	EX HARD CLEAR	2404	19	true	2026/09/19 20:46:03
26092	4	P1	0	NO PLAY	0	-	false	2026/09/19 20:46:03
26092	4	DP	0	NO PLAY	0	-	false	2026/09/19 20:46:03
26093	0	P1	0	NO PLAY	0	-	false	2026/09/19 20:46:03
26093	0	DP	0	NO PLAY	0	-	false	2026/09/19 20:46:03
26093	1	P1	0	NO PLAY	0	-	false	2026/09/19 20:46:03
26093	1	DP	0	NO PLAY	0	-	false	2026/09/19 20:46:03
26093	2	P1	0	NO PLAY	0	-	false	2026/09/19 20:46:03
26093	2	DP	0	NO PLAY	0	-	false	2026/09/19 20:46:03
26093	3	P1	6	EX HARD CLEAR	2069	14	true	2026/09/19 20:46:03
26093	3	DP	6	EX HARD CLEAR	2410	20	true	2026/09/19 20:46:03
26093	4	P1	0	NO PLAY	0	-	false	2026/09/19 20:46:03
26093	4	DP	0	NO PLAY	0	-	false	2026/09/19 20:46:03
26094	0	P1	0	NO PLAY	0	-	false	2026/09/19 20:46:03
26094	0	DP	0	NO PLAY	0	-	false	2026/09/19 20:46:03
26094	1	P1	0	NO PLAY	0	-	false	2026/09/19 20:46:03
26094	1	DP	0	NO PLAY	0	-	false	2026/09/19 20:46:03
26094	2	P1	0	NO PLAY	0	-	false	2026/09/19 20:46:03
26094	2	DP	0	NO PLAY	0	-	false	2026/09/19 20:46:03
26094	3	P1	0	NO PLAY	0	-	false	2026/09/19 20:46:03
26094	3	DP	0	NO PLAY	0	-	false	2026/09/19 20:46:03
26094	4	P1	0	NO PLAY	0	-	false	2026/09/19 20:46:03
26094	4	DP	0	NO PLAY	0	-	false	2026/09/19 20:46:03
26095	0	P1	0	NO PLAY	0	-	false	2026/09/19 20:46:03
26095	0	DP	0	NO PLAY	0	-	false	2026/09/19 20:46:03
26095	1	P1	0	NO PLAY	0	-	false	2026/09/19 20:46:03
26095	1	DP	0	NO PLAY	0	-	false	2026/09/19 20:46:03
26095	2	P1	0	NO PLAY	0	-	false	2026/09/19 20:46:03
26095	2	DP	0	NO PLAY	0	-	false	2026/09/19 20:46:03
26095	3	P1	6	EX HARD CLEAR	2497	15	true	2026/09/19 20:46:03
26095	3	DP	6	EX HARD CLEAR	2431	15	true	2026/09/19 20:46:03
26095	4	P1	0	NO PLAY	0	-	false	2026/09/19 20:46:03
26095	4	DP	0	NO PLAY	0	-	false	2026/09/19 20:46:03
26096	0	P1	0	NO PLAY	0	-	false	2026/09/19 20:46:03
26096	0	DP	0	NO PLAY	0	-	false	2026/09/19 20:46:03
26096	1	P1	0	NO PLAY	0	-	false	2026/09/19 20:46:03
26096	1	DP	0	NO PLAY	0	-	false	2026/09/19 20:46:03
26096	2	P1	0	NO PLAY	0	-	false	2026/09/19 20:46:03
26096	2	DP	0	NO PLAY	0	-	false	2026/09/19 20:46:03
26096	3	P1	0	NO PLAY	0	-	false	2026/09/19 20:46:03
26096	3	DP	6	EX HARD CLEAR	2536	15	true	2026/09/19 20:46:03
26096	4	P1	0	NO PLAY	0	-	false	2026/09/19 20:46:03
26096	4	DP	0	NO PLAY	0	-	false	2026/09/19 20:46:03
26097	0	P1	0	NO PLAY	0	-	false	2026/09/19 20:46:03
26097	0	DP	0	NO PLAY	0	-	false	2026/09/19 20:46:03
26097	1	P1	0	NO PLAY	0	-	false	2026/09/19 20:46:03
26097	1	DP	0	NO PLAY	0	-	false	2026/09/19 20:46:03
26097	2	P1	0	NO PLAY	0	-	false	2026/09/19 20:46:03
26097	2	DP	0	NO PLAY	0	-	false	2026/09/19 20:46:03
26097	3	P1	0	NO PLAY	0	-	false	2026/09/19 20:46:03
26097	3	DP	0	NO PLAY	0	-	false	2026/09/19 20:46:03
26097	4	P1	0	NO PLAY	0	-	false	2026/09/19 20:46:03
26097	4	DP	6	EX HARD CLEAR	3047	19	true	2026/09/19 20:46:03
26098	0	P1	0	NO PLAY	0	-	false	2026/09/19 20:46:03
26098	0	DP	0	NO PLAY	0	-	false	2026/09/19 20:46:03
26098	1	P1	0	NO PLAY	0	-	false	2026/09/19 20:46:03
26098	1	DP	0	NO PLAY	0	-	false	2026/09/19 20:46:03
26098	2	P1	0	NO PLAY	0	-	false	2026/09/19 20:46:03
26098	2	DP	0	NO PLAY	0	-	false	2026/09/19 20:46:03
26098	3	P1	0	NO PLAY	0	-	false	2026/09/19 20:46:03
26098	3	DP	0	NO PLAY	0	-	false	2026/09/19 20:46:03
26098	4	P1	0	NO PLAY	0	-	false	2026/09/19 20:46:03
26098	4	DP	0	NO PLAY	0	-	false	2026/09/19 20:46:03
26099	0	P1	0	NO PLAY	0	-	false	2026/09/19 20:46:03
26099	0	DP	0	NO PLAY	0	-	false	2026/09/19 20:46:03
26099	1	P1	0	NO PLAY	0	-	false	2026/09/19 20:46:03
26099	1	DP	0	NO PLAY	0	-	false	2026/09/19 20:46:03
26099	2	P1	0	NO PLAY	0	-	false	2026/09/19 20:46:03
26099	2	DP	0	NO PLAY	0	-	false	2026/09/19 20:46:03
26099	3	P1	0	NO PLAY	0	-	false	2026/09/19 20:46:03
26099	3	DP	5	HARD CLEAR	2309	34	true	2026/09/19 20:46:03
26099	4	P1	0	NO PLAY	0	-	false	2026/09/19 20:46:03
26099	4	DP	0	NO PLAY	0	-	false	2026/09/19 20:46:03
26101	0	P1	0	NO PLAY	0	-	false	2026/09/19 20:46:03
26101	0	DP	0	NO PLAY	0	-	false	2026/09/19 20:46:03
26101	1	P1	0	NO PLAY	0	-	false	2026/09/19 20:46:03
26101	1	DP	0	NO PLAY	0	-	false	2026/09/19 20:46:03
26101	2	P1	0	NO PLAY	0	-	false	2026/09/19 20:46:03
26101	2	DP	0	NO PLAY	0	-	false	2026/09/19 20:46:03
26101	3	P1	0	NO PLAY	0	-	false	2026/09/19 20:46:03
26101	3	DP	0	NO PLAY	0	-	false	2026/09/19 20:46:03
26101	4	P1	0	NO PLAY	0	-	false	2026/09/19 20:46:03
26101	4	DP	0	NO PLAY	0	-	false	2026/09/19 20:46:03
26102	0	P1	0	NO PLAY	0	-	false	2026/09/19 20:46:03
26102	0	DP	0	NO PLAY	0	-	false	2026/09/19 20:46:03
26102	1	P1	0	NO PLAY	0	-	false	2026/09/19 20:46:03
26102	1	DP	0	NO PLAY	0	-	false	2026/09/19 20:46:03
26102	2	P1	0	NO PLAY	0	-	false	2026/09/19 20:46:03
26102	2	DP	0	NO PLAY	0	-	false	2026/09/19 20:46:03
26102	3	P1	6	EX HARD CLEAR	2293	14	true	2026/09/19 20:46:03
26102	3	DP	0	NO PLAY	0	-	false	2026/09/19 20:46:03
26102	4	P1	0	NO PLAY	0	-	false	2026/09/19 20:46:03
26102	4	DP	0	NO PLAY	0	-	false	2026/09/19 20:46:03
26104	0	P1	0	NO PLAY	0	-	false	2026/09/19 20:46:03
26104	0	DP	0	NO PLAY	0	-	false	2026/09/19 20:46:03
26104	1	P1	0	NO PLAY	0	-	false	2026/09/19 20:46:03
26104	1	DP	0	NO PLAY	0	-	false	2026/09/19 20:46:03
26104	2	P1	0	NO PLAY	0	-	false	2026/09/19 20:46:03
26104	2	DP	0	NO PLAY	0	-	false	2026/09/19 20:46:03
26104	3	P1	6	EX HARD CLEAR	2974	10	true	2026/09/19 20:46:03
26104	3	DP	6	EX HARD CLEAR	2872	11	true	2026/09/19 20:46:03
26104	4	P1	0	NO PLAY	0	-	false	2026/09/19 20:46:03
26104	4	DP	0	NO PLAY	0	-	false	2026/09/19 20:46:03
26106	0	P1	0	NO PLAY	0	-	false	2026/09/19 20:46:03
26106	0	DP	0	NO PLAY	0	-	false	2026/09/19 20:46:03
26106	1	P1	0	NO PLAY	0	-	false	2026/09/19 20:46:03
26106	1	DP	0	NO PLAY	0	-	false	2026/09/19 20:46:03
26106	2	P1	0	NO PLAY	0	-	false	2026/09/19 20:46:03
26106	2	DP	0	NO PLAY	0	-	false	2026/09/19 20:46:03
26106	3	P1	5	HARD CLEAR	3091	6	true	2026/09/19 20:46:03
26106	3	DP	6	EX HARD CLEAR	3050	10	true	2026/09/19 20:46:03
26106	4	P1	0	NO PLAY	0	-	false	2026/09/19 20:46:03
26106	4	DP	0	NO PLAY	0	-	false	2026/09/19 20:46:03
26107	0	P1	0	NO PLAY	0	-	false	2026/09/19 20:46:03
26107	0	DP	0	NO PLAY	0	-	false	2026/09/19 20:46:03
26107	1	P1	0	NO PLAY	0	-	false	2026/09/19 20:46:03
26107	1	DP	0	NO PLAY	0	-	false	2026/09/19 20:46:03
26107	2	P1	0	NO PLAY	0	-	false	2026/09/19 20:46:03
26107	2	DP	0	NO PLAY	0	-	false	2026/09/19 20:46:03
26107	3	P1	6	EX HARD CLEAR	2654	11	true	2026/09/19 20:46:03
26107	3	DP	6	EX HARD CLEAR	2321	17	true	2026/09/19 20:46:03
26107	4	P1	0	NO PLAY	0	-	false	2026/09/19 20:46:03
26107	4	DP	0	NO PLAY	0	-	false	2026/09/19 20:46:03
26108	0	P1	0	NO PLAY	0	-	false	2026/09/19 20:46:03
26108	0	DP	0	NO PLAY	0	-	false	2026/09/19 20:46:03
26108	1	P1	0	NO PLAY	0	-	false	2026/09/19 20:46:03
26108	1	DP	0	NO PLAY	0	-	false	2026/09/19 20:46:03
26108	2	P1	0	NO PLAY	0	-	false	2026/09/19 20:46:03
26108	2	DP	0	NO PLAY	0	-	false	2026/09/19 20:46:03
26108	3	P1	5	HARD CLEAR	3011	40	true	2026/09/19 20:46:03
26108	3	DP	6	EX HARD CLEAR	2943	15	true	2026/09/19 20:46:03
26108	4	P1	0	NO PLAY	0	-	false	2026/09/19 20:46:03
26108	4	DP	0	NO PLAY	0	-	false	2026/09/19 20:46:03
26109	0	P1	0	NO PLAY	0	-	false	2026/09/19 20:46:03
26109	0	DP	0	NO PLAY	0	-	false	2026/09/19 20:46:03
26109	1	P1	0	NO PLAY	0	-	false	2026/09/19 20:46:03
26109	1	DP	0	NO PLAY	0	-	false	2026/09/19 20:46:03
26109	2	P1	0	NO PLAY	0	-	false	2026/09/19 20:46:03
26109	2	DP	0	NO PLAY	0	-	false	2026/09/19 20:46:03
26109	3	P1	0	NO PLAY	0	-	false	2026/09/19 20:46:03
26109	3	DP	0	NO PLAY	0	-	false	2026/09/19 20:46:03
26109	4	P1	0	NO PLAY	0	-	false	2026/09/19 20:46:03
26109	4	DP	0	NO PLAY	0	-	false	2026/09/19 20:46:03
26110	0	P1	0	NO PLAY	0	-	false	2026/09/19 20:46:03
26110	0	DP	0	NO PLAY	0	-	false	2026/09/19 20:46:03
26110	1	P1	0	NO PLAY	0	-	false	2026/09/19 20:46:03
26110	1	DP	0	NO PLAY	0	-	false	2026/09/19 20:46:03
26110	2	P1	0	NO PLAY	0	-	false	2026/09/19 20:46:03
26110	2	DP	0	NO PLAY	0	-	false	2026/09/19 20:46:03
26110	3	P1	6	EX HARD CLEAR	2126	12	true	2026/09/19 20:46:03
26110	3	DP	5	HARD CLEAR	1945	38	true	2026/09/19 20:46:03
26110	4	P1	0	NO PLAY	0	-	false	2026/09/19 20:46:03
26110	4	DP	0	NO PLAY	0	-	false	2026/09/19 20:46:03
26111	0	P1	0	NO PLAY	0	-	false	2026/09/19 20:46:03
26111	0	DP	0	NO PLAY	0	-	false	2026/09/19 20:46:03
26111	1	P1	0	NO PLAY	0	-	false	2026/09/19 20:46:03
26111	1	DP	0	NO PLAY	0	-	false	2026/09/19 20:46:03
26111	2	P1	0	NO PLAY	0	-	false	2026/09/19 20:46:03
26111	2	DP	0	NO PLAY	0	-	false	2026/09/19 20:46:03
26111	3	P1	0	NO PLAY	0	-	false	2026/09/19 20:46:03
26111	3	DP	6	EX HARD CLEAR	1720	11	true	2026/09/19 20:46:03
26111	4	P1	0	NO PLAY	0	-	false	2026/09/19 20:46:03
26111	4	DP	0	NO PLAY	0	-	false	2026/09/19 20:46:03
26112	0	P1	0	NO PLAY	0	-	false	2026/09/19 20:46:03
26112	0	DP	0	NO PLAY	0	-	false	2026/09/19 20:46:03
26112	1	P1	0	NO PLAY	0	-	false	2026/09/19 20:46:03
26112	1	DP	0	NO PLAY	0	-	false	2026/09/19 20:46:03
26112	2	P1	0	NO PLAY	0	-	false	2026/09/19 20:46:03
26112	2	DP	0	NO PLAY	0	-	false	2026/09/19 20:46:03
26112	3	P1	0	NO PLAY	0	-	false	2026/09/19 20:46:03
26112	3	DP	6	EX HARD CLEAR	2212	15	true	2026/09/19 20:46:03
26112	4	P1	0	NO PLAY	0	-	false	2026/09/19 20:46:03
26112	4	DP	0	NO PLAY	0	-	false	2026/09/19 20:46:03
26113	0	P1	0	NO PLAY	0	-	false	2026/09/19 20:46:03
26113	0	DP	0	NO PLAY	0	-	false	2026/09/19 20:46:03
26113	1	P1	0	NO PLAY	0	-	false	2026/09/19 20:46:03
26113	1	DP	0	NO PLAY	0	-	false	2026/09/19 20:46:03
26113	2	P1	0	NO PLAY	0	-	false	2026/09/19 20:46:03
26113	2	DP	0	NO PLAY	0	-	false	2026/09/19 20:46:03
26113	3	P1	0	NO PLAY	0	-	false	2026/09/19 20:46:03
26113	3	DP	6	EX HARD CLEAR	2525	15	true	2026/09/19 20:46:03
26113	4	P1	0	NO PLAY	0	-	false	2026/09/19 20:46:03
26113	4	DP	0	NO PLAY	0	-	false	2026/09/19 20:46:03
26114	0	P1	0	NO PLAY	0	-	false	2026/09/19 20:46:03
26114	0	DP	0	NO PLAY	0	-	false	2026/09/19 20:46:03
26114	1	P1	0	NO PLAY	0	-	false	2026/09/19 20:46:03
26114	1	DP	0	NO PLAY	0	-	false	2026/09/19 20:46:03
26114	2	P1	0	NO PLAY	0	-	false	2026/09/19 20:46:03
26114	2	DP	0	NO PLAY	0	-	false	2026/09/19 20:46:03
26114	3	P1	0	NO PLAY	0	-	false	2026/09/19 20:46:03
26114	3	DP	0	NO PLAY	0	-	false	2026/09/19 20:46:03
26114	4	P1	0	NO PLAY	0	-	false	2026/09/19 20:46:03
26114	4	DP	0	NO PLAY	0	-	false	2026/09/19 20:46:03
26115	0	P1	0	NO PLAY	0	-	false	2026/09/19 20:46:03
26115	0	DP	0	NO PLAY	0	-	false	2026/09/19 20:46:03
26115	1	P1	0	NO PLAY	0	-	false	2026/09/19 20:46:03
26115	1	DP	0	NO PLAY	0	-	false	2026/09/19 20:46:03
26115	2	P1	0	NO PLAY	0	-	false	2026/09/19 20:46:03
26115	2	DP	0	NO PLAY	0	-	false	2026/09/19 20:46:03
26115	3	P1	0	NO PLAY	0	-	false	2026/09/19 20:46:03
26115	3	DP	6	EX HARD CLEAR	2265	6	true	2026/09/19 20:46:03
26115	4	P1	0	NO PLAY	0	-	false	2026/09/19 20:46:03
26115	4	DP	0	NO PLAY	0	-	false	2026/09/19 20:46:03
27000	0	P1	0	NO PLAY	0	-	false	2026/09/19 20:46:03
27000	0	DP	0	NO PLAY	0	-	false	2026/09/19 20:46:03
27000	1	P1	0	NO PLAY	0	-	false	2026/09/19 20:46:03
27000	1	DP	0	NO PLAY	0	-	false	2026/09/19 20:46:03
27000	2	P1	0	NO PLAY	0	-	false	2026/09/19 20:46:03
27000	2	DP	0	NO PLAY	0	-	false	2026/09/19 20:46:03
27000	3	P1	6	EX HARD CLEAR	3256	22	true	2026/09/19 20:46:03
27000	3	DP	5	HARD CLEAR	3030	55	true	2026/09/19 20:46:03
27000	4	P1	0	NO PLAY	0	-	false	2026/09/19 20:46:03
27000	4	DP	0	NO PLAY	0	-	false	2026/09/19 20:46:03
27001	0	P1	0	NO PLAY	0	-	false	2026/09/19 20:46:03
27001	0	DP	0	NO PLAY	0	-	false	2026/09/19 20:46:03
27001	1	P1	0	NO PLAY	0	-	false	2026/09/19 20:46:03
27001	1	DP	0	NO PLAY	0	-	false	2026/09/19 20:46:03
27001	2	P1	0	NO PLAY	0	-	false	2026/09/19 20:46:03
27001	2	DP	0	NO PLAY	0	-	false	2026/09/19 20:46:03
27001	3	P1	0	NO PLAY	0	-	false	2026/09/19 20:46:03
27001	3	DP	6	EX HARD CLEAR	2842	12	true	2026/09/19 20:46:03
27001	4	P1	0	NO PLAY	0	-	false	2026/09/19 20:46:03
27001	4	DP	0	NO PLAY	0	-	false	2026/09/19 20:46:03
27002	0	P1	0	NO PLAY	0	-	false	2026/09/19 20:46:03
27002	0	DP	0	NO PLAY	0	-	false	2026/09/19 20:46:03
27002	1	P1	0	NO PLAY	0	-	false	2026/09/19 20:46:03
27002	1	DP	0	NO PLAY	0	-	false	2026/09/19 20:46:03
27002	2	P1	0	NO PLAY	0	-	false	2026/09/19 20:46:03
27002	2	DP	0	NO PLAY	0	-	false	2026/09/19 20:46:03
27002	3	P1	0	NO PLAY	0	-	false	2026/09/19 20:46:03
27002	3	DP	0	NO PLAY	0	-	false	2026/09/19 20:46:03
27002	4	P1	0	NO PLAY	0	-	false	2026/09/19 20:46:03
27002	4	DP	0	NO PLAY	0	-	false	2026/09/19 20:46:03
27003	0	P1	0	NO PLAY	0	-	false	2026/09/19 20:46:03
27003	0	DP	0	NO PLAY	0	-	false	2026/09/19 20:46:03
27003	1	P1	0	NO PLAY	0	-	false	2026/09/19 20:46:03
27003	1	DP	0	NO PLAY	0	-	false	2026/09/19 20:46:03
27003	2	P1	0	NO PLAY	0	-	false	2026/09/19 20:46:03
27003	2	DP	0	NO PLAY	0	-	false	2026/09/19 20:46:03
27003	3	P1	6	EX HARD CLEAR	3369	16	true	2026/09/19 20:46:03
27003	3	DP	5	HARD CLEAR	3258	51	true	2026/09/19 20:46:03
27003	4	P1	0	NO PLAY	0	-	false	2026/09/19 20:46:03
27003	4	DP	0	NO PLAY	0	-	false	2026/09/19 20:46:03
27004	0	P1	0	NO PLAY	0	-	false	2026/09/19 20:46:03
27004	0	DP	0	NO PLAY	0	-	false	2026/09/19 20:46:03
27004	1	P1	0	NO PLAY	0	-	false	2026/09/19 20:46:03
27004	1	DP	0	NO PLAY	0	-	false	2026/09/19 20:46:03
27004	2	P1	0	NO PLAY	0	-	false	2026/09/19 20:46:03
27004	2	DP	0	NO PLAY	0	-	false	2026/09/19 20:46:03
27004	3	P1	5	HARD CLEAR	2841	36	true	2026/09/19 20:46:03
27004	3	DP	5	HARD CLEAR	2586	58	true	2026/09/19 20:46:03
27004	4	P1	0	NO PLAY	0	-	false	2026/09/19 20:46:03
27004	4	DP	0	NO PLAY	0	-	false	2026/09/19 20:46:03
27005	0	P1	0	NO PLAY	0	-	false	2026/09/19 20:46:03
27005	0	DP	0	NO PLAY	0	-	false	2026/09/19 20:46:03
27005	1	P1	0	NO PLAY	0	-	false	2026/09/19 20:46:03
27005	1	DP	0	NO PLAY	0	-	false	2026/09/19 20:46:03
27005	2	P1	0	NO PLAY	0	-	false	2026/09/19 20:46:03
27005	2	DP	0	NO PLAY	0	-	false	2026/09/19 20:46:03
27005	3	P1	3	EASY CLEAR	2086	81	true	2026/09/19 20:46:03
27005	3	DP	6	EX HARD CLEAR	2339	11	true	2026/09/19 20:46:03
27005	4	P1	0	NO PLAY	0	-	false	2026/09/19 20:46:03
27005	4	DP	0	NO PLAY	0	-	false	2026/09/19 20:46:03
27007	0	P1	0	NO PLAY	0	-	false	2026/09/19 20:46:03
27007	0	DP	0	NO PLAY	0	-	false	2026/09/19 20:46:03
27007	1	P1	0	NO PLAY	0	-	false	2026/09/19 20:46:03
27007	1	DP	0	NO PLAY	0	-	false	2026/09/19 20:46:03
27007	2	P1	0	NO PLAY	0	-	false	2026/09/19 20:46:03
27007	2	DP	0	NO PLAY	0	-	false	2026/09/19 20:46:03
27007	3	P1	6	EX HARD CLEAR	2806	5	true	2026/09/19 20:46:03
27007	3	DP	6	EX HARD CLEAR	2904	18	true	2026/09/19 20:46:03
27007	4	P1	0	NO PLAY	0	-	false	2026/09/19 20:46:03
27007	4	DP	0	NO PLAY	0	-	false	2026/09/19 20:46:03
27008	0	P1	0	NO PLAY	0	-	false	2026/09/19 20:46:03
27008	0	DP	0	NO PLAY	0	-	false	2026/09/19 20:46:03
27008	1	P1	0	NO PLAY	0	-	false	2026/09/19 20:46:03
27008	1	DP	0	NO PLAY	0	-	false	2026/09/19 20:46:03
27008	2	P1	0	NO PLAY	0	-	false	2026/09/19 20:46:03
27008	2	DP	0	NO PLAY	0	-	false	2026/09/19 20:46:03
27008	3	P1	5	HARD CLEAR	3408	33	true	2026/09/19 20:46:03
27008	3	DP	3	EASY CLEAR	3598	101	true	2026/09/19 20:46:03
27008	4	P1	0	NO PLAY	0	-	false	2026/09/19 20:46:03
27008	4	DP	0	NO PLAY	0	-	false	2026/09/19 20:46:03
27009	0	P1	0	NO PLAY	0	-	false	2026/09/19 20:46:03
27009	0	DP	0	NO PLAY	0	-	false	2026/09/19 20:46:03
27009	1	P1	0	NO PLAY	0	-	false	2026/09/19 20:46:03
27009	1	DP	0	NO PLAY	0	-	false	2026/09/19 20:46:03
27009	2	P1	0	NO PLAY	0	-	false	2026/09/19 20:46:03
27009	2	DP	0	NO PLAY	0	-	false	2026/09/19 20:46:03
27009	3	P1	6	EX HARD CLEAR	2383	8	true	2026/09/19 20:46:03
27009	3	DP	6	EX HARD CLEAR	2404	8	true	2026/09/19 20:46:03
27009	4	P1	0	NO PLAY	0	-	false	2026/09/19 20:46:03
27009	4	DP	0	NO PLAY	0	-	false	2026/09/19 20:46:03
27010	0	P1	0	NO PLAY	0	-	false	2026/09/19 20:46:03
27010	0	DP	0	NO PLAY	0	-	false	2026/09/19 20:46:03
27010	1	P1	0	NO PLAY	0	-	false	2026/09/19 20:46:03
27010	1	DP	0	NO PLAY	0	-	false	2026/09/19 20:46:03
27010	2	P1	0	NO PLAY	0	-	false	2026/09/19 20:46:03
27010	2	DP	0	NO PLAY	0	-	false	2026/09/19 20:46:03
27010	3	P1	0	NO PLAY	0	-	false	2026/09/19 20:46:03
27010	3	DP	0	NO PLAY	0	-	false	2026/09/19 20:46:03
27010	4	P1	5	HARD CLEAR	2488	56	true	2026/09/19 20:46:03
27010	4	DP	5	HARD CLEAR	2368	54	true	2026/09/19 20:46:03
27011	0	P1	0	NO PLAY	0	-	false	2026/09/19 20:46:03
27011	0	DP	0	NO PLAY	0	-	false	2026/09/19 20:46:03
27011	1	P1	0	NO PLAY	0	-	false	2026/09/19 20:46:03
27011	1	DP	0	NO PLAY	0	-	false	2026/09/19 20:46:03
27011	2	P1	0	NO PLAY	0	-	false	2026/09/19 20:46:03
27011	2	DP	0	NO PLAY	0	-	false	2026/09/19 20:46:03
27011	3	P1	6	EX HARD CLEAR	2079	11	true	2026/09/19 20:46:03
27011	3	DP	6	EX HARD CLEAR	1961	12	true	2026/09/19 20:46:03
27011	4	P1	0	NO PLAY	0	-	false	2026/09/19 20:46:03
27011	4	DP	0	NO PLAY	0	-	false	2026/09/19 20:46:03
27012	0	P1	0	NO PLAY	0	-	false	2026/09/19 20:46:03
27012	0	DP	0	NO PLAY	0	-	false	2026/09/19 20:46:03
27012	1	P1	0	NO PLAY	0	-	false	2026/09/19 20:46:03
27012	1	DP	0	NO PLAY	0	-	false	2026/09/19 20:46:03
27012	2	P1	0	NO PLAY	0	-	false	2026/09/19 20:46:03
27012	2	DP	0	NO PLAY	0	-	false	2026/09/19 20:46:03
27012	3	P1	6	EX HARD CLEAR	2645	17	true	2026/09/19 20:46:03
27012	3	DP	5	HARD CLEAR	2568	30	true	2026/09/19 20:46:03
27012	4	P1	0	NO PLAY	0	-	false	2026/09/19 20:46:03
27012	4	DP	0	NO PLAY	0	-	false	2026/09/19 20:46:03
27013	0	P1	0	NO PLAY	0	-	false	2026/09/19 20:46:03
27013	0	DP	0	NO PLAY	0	-	false	2026/09/19 20:46:03
27013	1	P1	0	NO PLAY	0	-	false	2026/09/19 20:46:03
27013	1	DP	0	NO PLAY	0	-	false	2026/09/19 20:46:03
27013	2	P1	0	NO PLAY	0	-	false	2026/09/19 20:46:03
27013	2	DP	0	NO PLAY	0	-	false	2026/09/19 20:46:03
27013	3	P1	0	NO PLAY	0	-	false	2026/09/19 20:46:03
27013	3	DP	6	EX HARD CLEAR	2757	4	true	2026/09/19 20:46:03
27013	4	P1	0	NO PLAY	0	-	false	2026/09/19 20:46:03
27013	4	DP	0	NO PLAY	0	-	false	2026/09/19 20:46:03
27014	0	P1	0	NO PLAY	0	-	false	2026/09/19 20:46:03
27014	0	DP	0	NO PLAY	0	-	false	2026/09/19 20:46:03
27014	1	P1	0	NO PLAY	0	-	false	2026/09/19 20:46:03
27014	1	DP	0	NO PLAY	0	-	false	2026/09/19 20:46:03
27014	2	P1	0	NO PLAY	0	-	false	2026/09/19 20:46:03
27014	2	DP	0	NO PLAY	0	-	false	2026/09/19 20:46:03
27014	3	P1	0	NO PLAY	0	-	false	2026/09/19 20:46:03
27014	3	DP	0	NO PLAY	0	-	false	2026/09/19 20:46:03
27014	4	P1	6	EX HARD CLEAR	2614	15	true	2026/09/19 20:46:03
27014	4	DP	5	HARD CLEAR	2228	48	true	2026/09/19 20:46:03
27015	0	P1	0	NO PLAY	0	-	false	2026/09/19 20:46:03
27015	0	DP	0	NO PLAY	0	-	false	2026/09/19 20:46:03
27015	1	P1	0	NO PLAY	0	-	false	2026/09/19 20:46:03
27015	1	DP	0	NO PLAY	0	-	false	2026/09/19 20:46:03
27015	2	P1	0	NO PLAY	0	-	false	2026/09/19 20:46:03
27015	2	DP	0	NO PLAY	0	-	false	2026/09/19 20:46:03
27015	3	P1	0	NO PLAY	0	-	false	2026/09/19 20:46:03
27015	3	DP	0	NO PLAY	0	-	false	2026/09/19 20:46:03
27015	4	P1	0	NO PLAY	0	-	false	2026/09/19 20:46:03
27015	4	DP	0	NO PLAY	0	-	false	2026/09/19 20:46:03
27016	0	P1	0	NO PLAY	0	-	false	2026/09/19 20:46:03
27016	0	DP	0	NO PLAY	0	-	false	2026/09/19 20:46:03
27016	1	P1	0	NO PLAY	0	-	false	2026/09/19 20:46:03
27016	1	DP	0	NO PLAY	0	-	false	2026/09/19 20:46:03
27016	2	P1	0	NO PLAY	0	-	false	2026/09/19 20:46:03
27016	2	DP	0	NO PLAY	0	-	false	2026/09/19 20:46:03
27016	3	P1	0	NO PLAY	0	-	false	2026/09/19 20:46:03
27016	3	DP	6	EX HARD CLEAR	2229	6	true	2026/09/19 20:46:03
27016	4	P1	0	NO PLAY	0	-	false	2026/09/19 20:46:03
27016	4	DP	0	NO PLAY	0	-	false	2026/09/19 20:46:03
27018	0	P1	0	NO PLAY	0	-	false	2026/09/19 20:46:03
27018	0	DP	0	NO PLAY	0	-	false	2026/09/19 20:46:03
27018	1	P1	0	NO PLAY	0	-	false	2026/09/19 20:46:03
27018	1	DP	0	NO PLAY	0	-	false	2026/09/19 20:46:03
27018	2	P1	0	NO PLAY	0	-	false	2026/09/19 20:46:03
27018	2	DP	0	NO PLAY	0	-	false	2026/09/19 20:46:03
27018	3	P1	6	EX HARD CLEAR	2822	20	true	2026/09/19 20:46:03
27018	3	DP	6	EX HARD CLEAR	2932	19	true	2026/09/19 20:46:03
27018	4	P1	0	NO PLAY	0	-	false	2026/09/19 20:46:03
27018	4	DP	0	NO PLAY	0	-	false	2026/09/19 20:46:03
27019	0	P1	0	NO PLAY	0	-	false	2026/09/19 20:46:03
27019	0	DP	0	NO PLAY	0	-	false	2026/09/19 20:46:03
27019	1	P1	0	NO PLAY	0	-	false	2026/09/19 20:46:03
27019	1	DP	0	NO PLAY	0	-	false	2026/09/19 20:46:03
27019	2	P1	0	NO PLAY	0	-	false	2026/09/19 20:46:03
27019	2	DP	0	NO PLAY	0	-	false	2026/09/19 20:46:03
27019	3	P1	6	EX HARD CLEAR	2776	13	true	2026/09/19 20:46:03
27019	3	DP	6	EX HARD CLEAR	2790	18	true	2026/09/19 20:46:03
27019	4	P1	0	NO PLAY	0	-	false	2026/09/19 20:46:03
27019	4	DP	0	NO PLAY	0	-	false	2026/09/19 20:46:03
27020	0	P1	0	NO PLAY	0	-	false	2026/09/19 20:46:03
27020	0	DP	0	NO PLAY	0	-	false	2026/09/19 20:46:03
27020	1	P1	0	NO PLAY	0	-	false	2026/09/19 20:46:03
27020	1	DP	0	NO PLAY	0	-	false	2026/09/19 20:46:03
27020	2	P1	0	NO PLAY	0	-	false	2026/09/19 20:46:03
27020	2	DP	0	NO PLAY	0	-	false	2026/09/19 20:46:03
27020	3	P1	5	HARD CLEAR	2962	38	true	2026/09/19 20:46:03
27020	3	DP	5	HARD CLEAR	2622	61	true	2026/09/19 20:46:03
27020	4	P1	0	NO PLAY	0	-	false	2026/09/19 20:46:03
27020	4	DP	0	NO PLAY	0	-	false	2026/09/19 20:46:03
27021	0	P1	0	NO PLAY	0	-	false	2026/09/19 20:46:03
27021	0	DP	0	NO PLAY	0	-	false	2026/09/19 20:46:03
27021	1	P1	0	NO PLAY	0	-	false	2026/09/19 20:46:03
27021	1	DP	0	NO PLAY	0	-	false	2026/09/19 20:46:03
27021	2	P1	0	NO PLAY	0	-	false	2026/09/19 20:46:03
27021	2	DP	0	NO PLAY	0	-	false	2026/09/19 20:46:03
27021	3	P1	0	NO PLAY	0	-	false	2026/09/19 20:46:03
27021	3	DP	0	NO PLAY	0	-	false	2026/09/19 20:46:03
27021	4	P1	0	NO PLAY	0	-	false	2026/09/19 20:46:03
27021	4	DP	0	NO PLAY	0	-	false	2026/09/19 20:46:03
27022	0	P1	0	NO PLAY	0	-	false	2026/09/19 20:46:03
27022	0	DP	0	NO PLAY	0	-	false	2026/09/19 20:46:03
27022	1	P1	0	NO PLAY	0	-	false	2026/09/19 20:46:03
27022	1	DP	0	NO PLAY	0	-	false	2026/09/19 20:46:03
27022	2	P1	0	NO PLAY	0	-	false	2026/09/19 20:46:03
27022	2	DP	0	NO PLAY	0	-	false	2026/09/19 20:46:03
27022	3	P1	0	NO PLAY	0	-	false	2026/09/19 20:46:03
27022	3	DP	0	NO PLAY	0	-	false	2026/09/19 20:46:03
27022	4	P1	0	NO PLAY	0	-	false	2026/09/19 20:46:03
27022	4	DP	0	NO PLAY	0	-	false	2026/09/19 20:46:03
27023	0	P1	0	NO PLAY	0	-	false	2026/09/19 20:46:03
27023	0	DP	0	NO PLAY	0	-	false	2026/09/19 20:46:03
27023	1	P1	0	NO PLAY	0	-	false	2026/09/19 20:46:03
27023	1	DP	0	NO PLAY	0	-	false	2026/09/19 20:46:03
27023	2	P1	0	NO PLAY	0	-	false	2026/09/19 20:46:03
27023	2	DP	0	NO PLAY	0	-	false	2026/09/19 20:46:03
27023	3	P1	0	NO PLAY	0	-	false	2026/09/19 20:46:03
27023	3	DP	6	EX HARD CLEAR	2131	5	true	2026/09/19 20:46:03
27023	4	P1	0	NO PLAY	0	-	false	2026/09/19 20:46:03
27023	4	DP	0	NO PLAY	0	-	false	2026/09/19 20:46:03
27024	0	P1	0	NO PLAY	0	-	false	2026/09/19 20:46:03
27024	0	DP	0	NO PLAY	0	-	false	2026/09/19 20:46:03
27024	1	P1	0	NO PLAY	0	-	false	2026/09/19 20:46:03
27024	1	DP	0	NO PLAY	0	-	false	2026/09/19 20:46:03
27024	2	P1	0	NO PLAY	0	-	false	2026/09/19 20:46:03
27024	2	DP	0	NO PLAY	0	-	false	2026/09/19 20:46:03
27024	3	P1	0	NO PLAY	0	-	false	2026/09/19 20:46:03
27024	3	DP	0	NO PLAY	0	-	false	2026/09/19 20:46:03
27024	4	P1	0	NO PLAY	0	-	false	2026/09/19 20:46:03
27024	4	DP	0	NO PLAY	0	-	false	2026/09/19 20:46:03
27025	0	P1	0	NO PLAY	0	-	false	2026/09/19 20:46:03
27025	0	DP	0	NO PLAY	0	-	false	2026/09/19 20:46:03
27025	1	P1	0	NO PLAY	0	-	false	2026/09/19 20:46:03
27025	1	DP	0	NO PLAY	0	-	false	2026/09/19 20:46:03
27025	2	P1	0	NO PLAY	0	-	false	2026/09/19 20:46:03
27025	2	DP	0	NO PLAY	0	-	false	2026/09/19 20:46:03
27025	3	P1	0	NO PLAY	0	-	false	2026/09/19 20:46:03
27025	3	DP	0	NO PLAY	0	-	false	2026/09/19 20:46:03
27025	4	P1	0	NO PLAY	0	-	false	2026/09/19 20:46:03
27025	4	DP	0	NO PLAY	0	-	false	2026/09/19 20:46:03
27026	0	P1	0	NO PLAY	0	-	false	2026/09/19 20:46:03
27026	0	DP	0	NO PLAY	0	-	false	2026/09/19 20:46:03
27026	1	P1	0	NO PLAY	0	-	false	2026/09/19 20:46:03
27026	1	DP	0	NO PLAY	0	-	false	2026/09/19 20:46:03
27026	2	P1	0	NO PLAY	0	-	false	2026/09/19 20:46:03
27026	2	DP	0	NO PLAY	0	-	false	2026/09/19 20:46:03
27026	3	P1	5	HARD CLEAR	2562	27	true	2026/09/19 20:46:03
27026	3	DP	5	HARD CLEAR	2408	38	true	2026/09/19 20:46:03
27026	4	P1	0	NO PLAY	0	-	false	2026/09/19 20:46:03
27026	4	DP	0	NO PLAY	0	-	false	2026/09/19 20:46:03
27029	0	P1	0	NO PLAY	0	-	false	2026/09/19 20:46:03
27029	0	DP	0	NO PLAY	0	-	false	2026/09/19 20:46:03
27029	1	P1	0	NO PLAY	0	-	false	2026/09/19 20:46:03
27029	1	DP	0	NO PLAY	0	-	false	2026/09/19 20:46:03
27029	2	P1	0	NO PLAY	0	-	false	2026/09/19 20:46:03
27029	2	DP	0	NO PLAY	0	-	false	2026/09/19 20:46:03
27029	3	P1	0	NO PLAY	0	-	false	2026/09/19 20:46:03
27029	3	DP	0	NO PLAY	0	-	false	2026/09/19 20:46:03
27029	4	P1	0	NO PLAY	0	-	false	2026/09/19 20:46:03
27029	4	DP	0	NO PLAY	0	-	false	2026/09/19 20:46:03
27030	0	P1	0	NO PLAY	0	-	false	2026/09/19 20:46:03
27030	0	DP	0	NO PLAY	0	-	false	2026/09/19 20:46:03
27030	1	P1	0	NO PLAY	0	-	false	2026/09/19 20:46:03
27030	1	DP	0	NO PLAY	0	-	false	2026/09/19 20:46:03
27030	2	P1	0	NO PLAY	0	-	false	2026/09/19 20:46:03
27030	2	DP	0	NO PLAY	0	-	false	2026/09/19 20:46:03
27030	3	P1	6	EX HARD CLEAR	2845	14	true	2026/09/19 20:46:03
27030	3	DP	6	EX HARD CLEAR	2726	13	true	2026/09/19 20:46:03
27030	4	P1	0	NO PLAY	0	-	false	2026/09/19 20:46:03
27030	4	DP	0	NO PLAY	0	-	false	2026/09/19 20:46:03
27031	0	P1	0	NO PLAY	0	-	false	2026/09/19 20:46:03
27031	0	DP	0	NO PLAY	0	-	false	2026/09/19 20:46:03
27031	1	P1	0	NO PLAY	0	-	false	2026/09/19 20:46:03
27031	1	DP	0	NO PLAY	0	-	false	2026/09/19 20:46:03
27031	2	P1	0	NO PLAY	0	-	false	2026/09/19 20:46:03
27031	2	DP	0	NO PLAY	0	-	false	2026/09/19 20:46:03
27031	3	P1	0	NO PLAY	0	-	false	2026/09/19 20:46:03
27031	3	DP	0	NO PLAY	0	-	false	2026/09/19 20:46:03
27031	4	P1	0	NO PLAY	0	-	false	2026/09/19 20:46:03
27031	4	DP	0	NO PLAY	0	-	false	2026/09/19 20:46:03
27032	0	P1	2	ASSIST CLEAR	137	86	true	2026/09/19 20:46:03
27032	0	DP	0	NO PLAY	0	-	false	2026/09/19 20:46:03
27032	1	P1	0	NO PLAY	0	-	false	2026/09/19 20:46:03
27032	1	DP	1	FAILED	409	79	true	2026/09/19 20:46:03
27032	2	P1	0	NO PLAY	0	-	false	2026/09/19 20:46:03
27032	2	DP	5	HARD CLEAR	1055	13	true	2026/09/19 20:46:03
27032	3	P1	4	CLEAR	1744	29	true	2026/09/19 20:46:03
27032	3	DP	6	EX HARD CLEAR	1878	14	true	2026/09/19 20:46:03
27032	4	P1	6	EX HARD CLEAR	2737	5	true	2026/09/19 20:46:03
27032	4	DP	6	EX HARD CLEAR	2760	17	true	2026/09/19 20:46:03
27033	0	P1	0	NO PLAY	0	-	false	2026/09/19 20:46:03
27033	0	DP	0	NO PLAY	0	-	false	2026/09/19 20:46:03
27033	1	P1	0	NO PLAY	0	-	false	2026/09/19 20:46:03
27033	1	DP	0	NO PLAY	0	-	false	2026/09/19 20:46:03
27033	2	P1	0	NO PLAY	0	-	false	2026/09/19 20:46:03
27033	2	DP	0	NO PLAY	0	-	false	2026/09/19 20:46:03
27033	3	P1	0	NO PLAY	0	-	false	2026/09/19 20:46:03
27033	3	DP	6	EX HARD CLEAR	2497	16	true	2026/09/19 20:46:03
27033	4	P1	0	NO PLAY	0	-	false	2026/09/19 20:46:03
27033	4	DP	0	NO PLAY	0	-	false	2026/09/19 20:46:03
27034	0	P1	0	NO PLAY	0	-	false	2026/09/19 20:46:03
27034	0	DP	0	NO PLAY	0	-	false	2026/09/19 20:46:03
27034	1	P1	0	NO PLAY	0	-	false	2026/09/19 20:46:03
27034	1	DP	0	NO PLAY	0	-	false	2026/09/19 20:46:03
27034	2	P1	0	NO PLAY	0	-	false	2026/09/19 20:46:03
27034	2	DP	0	NO PLAY	0	-	false	2026/09/19 20:46:03
27034	3	P1	6	EX HARD CLEAR	2552	11	true	2026/09/19 20:46:03
27034	3	DP	6	EX HARD CLEAR	2710	10	true	2026/09/19 20:46:03
27034	4	P1	0	NO PLAY	0	-	false	2026/09/19 20:46:03
27034	4	DP	0	NO PLAY	0	-	false	2026/09/19 20:46:03
27035	0	P1	0	NO PLAY	0	-	false	2026/09/19 20:46:03
27035	0	DP	0	NO PLAY	0	-	false	2026/09/19 20:46:03
27035	1	P1	0	NO PLAY	0	-	false	2026/09/19 20:46:03
27035	1	DP	0	NO PLAY	0	-	false	2026/09/19 20:46:03
27035	2	P1	0	NO PLAY	0	-	false	2026/09/19 20:46:03
27035	2	DP	0	NO PLAY	0	-	false	2026/09/19 20:46:03
27035	3	P1	5	HARD CLEAR	2859	36	true	2026/09/19 20:46:03
27035	3	DP	5	HARD CLEAR	2727	42	true	2026/09/19 20:46:03
27035	4	P1	0	NO PLAY	0	-	false	2026/09/19 20:46:03
27035	4	DP	0	NO PLAY	0	-	false	2026/09/19 20:46:03
27036	0	P1	0	NO PLAY	0	-	false	2026/09/19 20:46:03
27036	0	DP	0	NO PLAY	0	-	false	2026/09/19 20:46:03
27036	1	P1	0	NO PLAY	0	-	false	2026/09/19 20:46:03
27036	1	DP	0	NO PLAY	0	-	false	2026/09/19 20:46:03
27036	2	P1	0	NO PLAY	0	-	false	2026/09/19 20:46:03
27036	2	DP	0	NO PLAY	0	-	false	2026/09/19 20:46:03
27036	3	P1	0	NO PLAY	0	-	false	2026/09/19 20:46:03
27036	3	DP	6	EX HARD CLEAR	2243	7	true	2026/09/19 20:46:03
27036	4	P1	0	NO PLAY	0	-	false	2026/09/19 20:46:03
27036	4	DP	0	NO PLAY	0	-	false	2026/09/19 20:46:03
27037	0	P1	0	NO PLAY	0	-	false	2026/09/19 20:46:03
27037	0	DP	0	NO PLAY	0	-	false	2026/09/19 20:46:03
27037	1	P1	0	NO PLAY	0	-	false	2026/09/19 20:46:03
27037	1	DP	0	NO PLAY	0	-	false	2026/09/19 20:46:03
27037	2	P1	0	NO PLAY	0	-	false	2026/09/19 20:46:03
27037	2	DP	0	NO PLAY	0	-	false	2026/09/19 20:46:03
27037	3	P1	0	NO PLAY	0	-	false	2026/09/19 20:46:03
27037	3	DP	0	NO PLAY	0	-	false	2026/09/19 20:46:03
27037	4	P1	0	NO PLAY	0	-	false	2026/09/19 20:46:03
27037	4	DP	0	NO PLAY	0	-	false	2026/09/19 20:46:03
27039	0	P1	0	NO PLAY	0	-	false	2026/09/19 20:46:03
27039	0	DP	0	NO PLAY	0	-	false	2026/09/19 20:46:03
27039	1	P1	0	NO PLAY	0	-	false	2026/09/19 20:46:03
27039	1	DP	0	NO PLAY	0	-	false	2026/09/19 20:46:03
27039	2	P1	0	NO PLAY	0	-	false	2026/09/19 20:46:03
27039	2	DP	0	NO PLAY	0	-	false	2026/09/19 20:46:03
27039	3	P1	5	HARD CLEAR	2384	38	true	2026/09/19 20:46:03
27039	3	DP	5	HARD CLEAR	2179	52	true	2026/09/19 20:46:03
27039	4	P1	0	NO PLAY	0	-	false	2026/09/19 20:46:03
27039	4	DP	0	NO PLAY	0	-	false	2026/09/19 20:46:03
27041	0	P1	0	NO PLAY	0	-	false	2026/09/19 20:46:03
27041	0	DP	0	NO PLAY	0	-	false	2026/09/19 20:46:03
27041	1	P1	0	NO PLAY	0	-	false	2026/09/19 20:46:03
27041	1	DP	0	NO PLAY	0	-	false	2026/09/19 20:46:03
27041	2	P1	0	NO PLAY	0	-	false	2026/09/19 20:46:03
27041	2	DP	0	NO PLAY	0	-	false	2026/09/19 20:46:03
27041	3	P1	0	NO PLAY	0	-	false	2026/09/19 20:46:03
27041	3	DP	0	NO PLAY	0	-	false	2026/09/19 20:46:03
27041	4	P1	0	NO PLAY	0	-	false	2026/09/19 20:46:03
27041	4	DP	0	NO PLAY	0	-	false	2026/09/19 20:46:03
27042	0	P1	0	NO PLAY	0	-	false	2026/09/19 20:46:03
27042	0	DP	0	NO PLAY	0	-	false	2026/09/19 20:46:03
27042	1	P1	0	NO PLAY	0	-	false	2026/09/19 20:46:03
27042	1	DP	0	NO PLAY	0	-	false	2026/09/19 20:46:03
27042	2	P1	0	NO PLAY	0	-	false	2026/09/19 20:46:03
27042	2	DP	0	NO PLAY	0	-	false	2026/09/19 20:46:03
27042	3	P1	0	NO PLAY	0	-	false	2026/09/19 20:46:03
27042	3	DP	0	NO PLAY	0	-	false	2026/09/19 20:46:03
27042	4	P1	0	NO PLAY	0	-	false	2026/09/19 20:46:03
27042	4	DP	0	NO PLAY	0	-	false	2026/09/19 20:46:03
27043	0	P1	0	NO PLAY	0	-	false	2026/09/19 20:46:03
27043	0	DP	0	NO PLAY	0	-	false	2026/09/19 20:46:03
27043	1	P1	0	NO PLAY	0	-	false	2026/09/19 20:46:03
27043	1	DP	0	NO PLAY	0	-	false	2026/09/19 20:46:03
27043	2	P1	0	NO PLAY	0	-	false	2026/09/19 20:46:03
27043	2	DP	0	NO PLAY	0	-	false	2026/09/19 20:46:03
27043	3	P1	6	EX HARD CLEAR	2615	7	true	2026/09/19 20:46:03
27043	3	DP	6	EX HARD CLEAR	2535	16	true	2026/09/19 20:46:03
27043	4	P1	0	NO PLAY	0	-	false	2026/09/19 20:46:03
27043	4	DP	0	NO PLAY	0	-	false	2026/09/19 20:46:03
27044	0	P1	0	NO PLAY	0	-	false	2026/09/19 20:46:03
27044	0	DP	0	NO PLAY	0	-	false	2026/09/19 20:46:03
27044	1	P1	0	NO PLAY	0	-	false	2026/09/19 20:46:03
27044	1	DP	0	NO PLAY	0	-	false	2026/09/19 20:46:03
27044	2	P1	0	NO PLAY	0	-	false	2026/09/19 20:46:03
27044	2	DP	0	NO PLAY	0	-	false	2026/09/19 20:46:03
27044	3	P1	6	EX HARD CLEAR	2860	9	true	2026/09/19 20:46:03
27044	3	DP	6	EX HARD CLEAR	3401	14	true	2026/09/19 20:46:03
27044	4	P1	0	NO PLAY	0	-	false	2026/09/19 20:46:03
27044	4	DP	0	NO PLAY	0	-	false	2026/09/19 20:46:03
27045	0	P1	0	NO PLAY	0	-	false	2026/09/19 20:46:03
27045	0	DP	0	NO PLAY	0	-	false	2026/09/19 20:46:03
27045	1	P1	0	NO PLAY	0	-	false	2026/09/19 20:46:03
27045	1	DP	0	NO PLAY	0	-	false	2026/09/19 20:46:03
27045	2	P1	0	NO PLAY	0	-	false	2026/09/19 20:46:03
27045	2	DP	0	NO PLAY	0	-	false	2026/09/19 20:46:03
27045	3	P1	0	NO PLAY	0	-	false	2026/09/19 20:46:03
27045	3	DP	0	NO PLAY	0	-	false	2026/09/19 20:46:03
27045	4	P1	0	NO PLAY	0	-	false	2026/09/19 20:46:03
27045	4	DP	0	NO PLAY	0	-	false	2026/09/19 20:46:03
27046	0	P1	0	NO PLAY	0	-	false	2026/09/19 20:46:03
27046	0	DP	0	NO PLAY	0	-	false	2026/09/19 20:46:03
27046	1	P1	0	NO PLAY	0	-	false	2026/09/19 20:46:03
27046	1	DP	0	NO PLAY	0	-	false	2026/09/19 20:46:03
27046	2	P1	0	NO PLAY	0	-	false	2026/09/19 20:46:03
27046	2	DP	0	NO PLAY	0	-	false	2026/09/19 20:46:03
27046	3	P1	0	NO PLAY	0	-	false	2026/09/19 20:46:03
27046	3	DP	6	EX HARD CLEAR	2413	9	true	2026/09/19 20:46:03
27046	4	P1	0	NO PLAY	0	-	false	2026/09/19 20:46:03
27046	4	DP	0	NO PLAY	0	-	false	2026/09/19 20:46:03
27047	0	P1	0	NO PLAY	0	-	false	2026/09/19 20:46:03
27047	0	DP	0	NO PLAY	0	-	false	2026/09/19 20:46:03
27047	1	P1	0	NO PLAY	0	-	false	2026/09/19 20:46:03
27047	1	DP	0	NO PLAY	0	-	false	2026/09/19 20:46:03
27047	2	P1	0	NO PLAY	0	-	false	2026/09/19 20:46:03
27047	2	DP	0	NO PLAY	0	-	false	2026/09/19 20:46:03
27047	3	P1	0	NO PLAY	0	-	false	2026/09/19 20:46:03
27047	3	DP	6	EX HARD CLEAR	2319	3	true	2026/09/19 20:46:03
27047	4	P1	0	NO PLAY	0	-	false	2026/09/19 20:46:03
27047	4	DP	0	NO PLAY	0	-	false	2026/09/19 20:46:03
27048	0	P1	0	NO PLAY	0	-	false	2026/09/19 20:46:03
27048	0	DP	0	NO PLAY	0	-	false	2026/09/19 20:46:03
27048	1	P1	0	NO PLAY	0	-	false	2026/09/19 20:46:03
27048	1	DP	0	NO PLAY	0	-	false	2026/09/19 20:46:03
27048	2	P1	0	NO PLAY	0	-	false	2026/09/19 20:46:03
27048	2	DP	0	NO PLAY	0	-	false	2026/09/19 20:46:03
27048	3	P1	0	NO PLAY	0	-	false	2026/09/19 20:46:03
27048	3	DP	6	EX HARD CLEAR	2205	5	true	2026/09/19 20:46:03
27048	4	P1	0	NO PLAY	0	-	false	2026/09/19 20:46:03
27048	4	DP	0	NO PLAY	0	-	false	2026/09/19 20:46:03
27049	0	P1	0	NO PLAY	0	-	false	2026/09/19 20:46:03
27049	0	DP	0	NO PLAY	0	-	false	2026/09/19 20:46:03
27049	1	P1	0	NO PLAY	0	-	false	2026/09/19 20:46:03
27049	1	DP	0	NO PLAY	0	-	false	2026/09/19 20:46:03
27049	2	P1	0	NO PLAY	0	-	false	2026/09/19 20:46:03
27049	2	DP	0	NO PLAY	0	-	false	2026/09/19 20:46:03
27049	3	P1	0	NO PLAY	0	-	false	2026/09/19 20:46:03
27049	3	DP	0	NO PLAY	0	-	false	2026/09/19 20:46:03
27049	4	P1	0	NO PLAY	0	-	false	2026/09/19 20:46:03
27049	4	DP	0	NO PLAY	0	-	false	2026/09/19 20:46:03
27050	0	P1	0	NO PLAY	0	-	false	2026/09/19 20:46:03
27050	0	DP	0	NO PLAY	0	-	false	2026/09/19 20:46:03
27050	1	P1	0	NO PLAY	0	-	false	2026/09/19 20:46:03
27050	1	DP	0	NO PLAY	0	-	false	2026/09/19 20:46:03
27050	2	P1	0	NO PLAY	0	-	false	2026/09/19 20:46:03
27050	2	DP	0	NO PLAY	0	-	false	2026/09/19 20:46:03
27050	3	P1	0	NO PLAY	0	-	false	2026/09/19 20:46:03
27050	3	DP	0	NO PLAY	0	-	false	2026/09/19 20:46:03
27050	4	P1	0	NO PLAY	0	-	false	2026/09/19 20:46:03
27050	4	DP	0	NO PLAY	0	-	false	2026/09/19 20:46:03
27051	0	P1	0	NO PLAY	0	-	false	2026/09/19 20:46:03
27051	0	DP	0	NO PLAY	0	-	false	2026/09/19 20:46:03
27051	1	P1	0	NO PLAY	0	-	false	2026/09/19 20:46:03
27051	1	DP	0	NO PLAY	0	-	false	2026/09/19 20:46:03
27051	2	P1	0	NO PLAY	0	-	false	2026/09/19 20:46:03
27051	2	DP	0	NO PLAY	0	-	false	2026/09/19 20:46:03
27051	3	P1	0	NO PLAY	0	-	false	2026/09/19 20:46:03
27051	3	DP	0	NO PLAY	0	-	false	2026/09/19 20:46:03
27051	4	P1	0	NO PLAY	0	-	false	2026/09/19 20:46:03
27051	4	DP	0	NO PLAY	0	-	false	2026/09/19 20:46:03
27052	0	P1	0	NO PLAY	0	-	false	2026/09/19 20:46:03
27052	0	DP	0	NO PLAY	0	-	false	2026/09/19 20:46:03
27052	1	P1	0	NO PLAY	0	-	false	2026/09/19 20:46:03
27052	1	DP	0	NO PLAY	0	-	false	2026/09/19 20:46:03
27052	2	P1	0	NO PLAY	0	-	false	2026/09/19 20:46:03
27052	2	DP	0	NO PLAY	0	-	false	2026/09/19 20:46:03
27052	3	P1	5	HARD CLEAR	2349	33	true	2026/09/19 20:46:03
27052	3	DP	5	HARD CLEAR	2366	28	true	2026/09/19 20:46:03
27052	4	P1	0	NO PLAY	0	-	false	2026/09/19 20:46:03
27052	4	DP	0	NO PLAY	0	-	false	2026/09/19 20:46:03
27053	0	P1	0	NO PLAY	0	-	false	2026/09/19 20:46:03
27053	0	DP	0	NO PLAY	0	-	false	2026/09/19 20:46:03
27053	1	P1	0	NO PLAY	0	-	false	2026/09/19 20:46:03
27053	1	DP	0	NO PLAY	0	-	false	2026/09/19 20:46:03
27053	2	P1	0	NO PLAY	0	-	false	2026/09/19 20:46:03
27053	2	DP	0	NO PLAY	0	-	false	2026/09/19 20:46:03
27053	3	P1	0	NO PLAY	0	-	false	2026/09/19 20:46:03
27053	3	DP	0	NO PLAY	0	-	false	2026/09/19 20:46:03
27053	4	P1	0	NO PLAY	0	-	false	2026/09/19 20:46:03
27053	4	DP	0	NO PLAY	0	-	false	2026/09/19 20:46:03
27054	0	P1	0	NO PLAY	0	-	false	2026/09/19 20:46:03
27054	0	DP	0	NO PLAY	0	-	false	2026/09/19 20:46:03
27054	1	P1	0	NO PLAY	0	-	false	2026/09/19 20:46:03
27054	1	DP	0	NO PLAY	0	-	false	2026/09/19 20:46:03
27054	2	P1	0	NO PLAY	0	-	false	2026/09/19 20:46:03
27054	2	DP	0	NO PLAY	0	-	false	2026/09/19 20:46:03
27054	3	P1	6	EX HARD CLEAR	2570	7	true	2026/09/19 20:46:03
27054	3	DP	6	EX HARD CLEAR	2406	9	true	2026/09/19 20:46:03
27054	4	P1	0	NO PLAY	0	-	false	2026/09/19 20:46:03
27054	4	DP	0	NO PLAY	0	-	false	2026/09/19 20:46:03
27058	0	P1	0	NO PLAY	0	-	false	2026/09/19 20:46:03
27058	0	DP	0	NO PLAY	0	-	false	2026/09/19 20:46:03
27058	1	P1	0	NO PLAY	0	-	false	2026/09/19 20:46:03
27058	1	DP	0	NO PLAY	0	-	false	2026/09/19 20:46:03
27058	2	P1	0	NO PLAY	0	-	false	2026/09/19 20:46:03
27058	2	DP	0	NO PLAY	0	-	false	2026/09/19 20:46:03
27058	3	P1	0	NO PLAY	0	-	false	2026/09/19 20:46:03
27058	3	DP	0	NO PLAY	0	-	false	2026/09/19 20:46:03
27058	4	P1	0	NO PLAY	0	-	false	2026/09/19 20:46:03
27058	4	DP	0	NO PLAY	0	-	false	2026/09/19 20:46:03
27059	0	P1	0	NO PLAY	0	-	false	2026/09/19 20:46:03
27059	0	DP	0	NO PLAY	0	-	false	2026/09/19 20:46:03
27059	1	P1	0	NO PLAY	0	-	false	2026/09/19 20:46:03
27059	1	DP	0	NO PLAY	0	-	false	2026/09/19 20:46:03
27059	2	P1	0	NO PLAY	0	-	false	2026/09/19 20:46:03
27059	2	DP	0	NO PLAY	0	-	false	2026/09/19 20:46:03
27059	3	P1	5	HARD CLEAR	2620	32	true	2026/09/19 20:46:03
27059	3	DP	6	EX HARD CLEAR	2910	16	true	2026/09/19 20:46:03
27059	4	P1	0	NO PLAY	0	-	false	2026/09/19 20:46:03
27059	4	DP	0	NO PLAY	0	-	false	2026/09/19 20:46:03
27060	0	P1	0	NO PLAY	0	-	false	2026/09/19 20:46:03
27060	0	DP	0	NO PLAY	0	-	false	2026/09/19 20:46:03
27060	1	P1	0	NO PLAY	0	-	false	2026/09/19 20:46:03
27060	1	DP	0	NO PLAY	0	-	false	2026/09/19 20:46:03
27060	2	P1	0	NO PLAY	0	-	false	2026/09/19 20:46:03
27060	2	DP	0	NO PLAY	0	-	false	2026/09/19 20:46:03
27060	3	P1	6	EX HARD CLEAR	2907	16	true	2026/09/19 20:46:03
27060	3	DP	6	EX HARD CLEAR	2697	21	true	2026/09/19 20:46:03
27060	4	P1	0	NO PLAY	0	-	false	2026/09/19 20:46:03
27060	4	DP	0	NO PLAY	0	-	false	2026/09/19 20:46:03
27061	0	P1	0	NO PLAY	0	-	false	2026/09/19 20:46:03
27061	0	DP	0	NO PLAY	0	-	false	2026/09/19 20:46:03
27061	1	P1	0	NO PLAY	0	-	false	2026/09/19 20:46:03
27061	1	DP	0	NO PLAY	0	-	false	2026/09/19 20:46:03
27061	2	P1	0	NO PLAY	0	-	false	2026/09/19 20:46:03
27061	2	DP	0	NO PLAY	0	-	false	2026/09/19 20:46:03
27061	3	P1	0	NO PLAY	0	-	false	2026/09/19 20:46:03
27061	3	DP	6	EX HARD CLEAR	1864	8	true	2026/09/19 20:46:03
27061	4	P1	0	NO PLAY	0	-	false	2026/09/19 20:46:03
27061	4	DP	0	NO PLAY	0	-	false	2026/09/19 20:46:03
27062	0	P1	0	NO PLAY	0	-	false	2026/09/19 20:46:03
27062	0	DP	0	NO PLAY	0	-	false	2026/09/19 20:46:03
27062	1	P1	0	NO PLAY	0	-	false	2026/09/19 20:46:03
27062	1	DP	0	NO PLAY	0	-	false	2026/09/19 20:46:03
27062	2	P1	0	NO PLAY	0	-	false	2026/09/19 20:46:03
27062	2	DP	0	NO PLAY	0	-	false	2026/09/19 20:46:03
27062	3	P1	0	NO PLAY	0	-	false	2026/09/19 20:46:03
27062	3	DP	0	NO PLAY	0	-	false	2026/09/19 20:46:03
27062	4	P1	0	NO PLAY	0	-	false	2026/09/19 20:46:03
27062	4	DP	0	NO PLAY	0	-	false	2026/09/19 20:46:03
27063	0	P1	0	NO PLAY	0	-	false	2026/09/19 20:46:03
27063	0	DP	0	NO PLAY	0	-	false	2026/09/19 20:46:03
27063	1	P1	0	NO PLAY	0	-	false	2026/09/19 20:46:03
27063	1	DP	0	NO PLAY	0	-	false	2026/09/19 20:46:03
27063	2	P1	0	NO PLAY	0	-	false	2026/09/19 20:46:03
27063	2	DP	0	NO PLAY	0	-	false	2026/09/19 20:46:03
27063	3	P1	0	NO PLAY	0	-	false	2026/09/19 20:46:03
27063	3	DP	6	EX HARD CLEAR	2200	6	true	2026/09/19 20:46:03
27063	4	P1	0	NO PLAY	0	-	false	2026/09/19 20:46:03
27063	4	DP	0	NO PLAY	0	-	false	2026/09/19 20:46:03
27064	0	P1	0	NO PLAY	0	-	false	2026/09/19 20:46:03
27064	0	DP	0	NO PLAY	0	-	false	2026/09/19 20:46:03
27064	1	P1	0	NO PLAY	0	-	false	2026/09/19 20:46:03
27064	1	DP	0	NO PLAY	0	-	false	2026/09/19 20:46:03
27064	2	P1	0	NO PLAY	0	-	false	2026/09/19 20:46:03
27064	2	DP	0	NO PLAY	0	-	false	2026/09/19 20:46:03
27064	3	P1	6	EX HARD CLEAR	2497	20	true	2026/09/19 20:46:03
27064	3	DP	6	EX HARD CLEAR	2354	15	true	2026/09/19 20:46:03
27064	4	P1	0	NO PLAY	0	-	false	2026/09/19 20:46:03
27064	4	DP	0	NO PLAY	0	-	false	2026/09/19 20:46:03
27065	0	P1	0	NO PLAY	0	-	false	2026/09/19 20:46:03
27065	0	DP	0	NO PLAY	0	-	false	2026/09/19 20:46:03
27065	1	P1	0	NO PLAY	0	-	false	2026/09/19 20:46:03
27065	1	DP	0	NO PLAY	0	-	false	2026/09/19 20:46:03
27065	2	P1	0	NO PLAY	0	-	false	2026/09/19 20:46:03
27065	2	DP	0	NO PLAY	0	-	false	2026/09/19 20:46:03
27065	3	P1	0	NO PLAY	0	-	false	2026/09/19 20:46:03
27065	3	DP	0	NO PLAY	0	-	false	2026/09/19 20:46:03
27065	4	P1	0	NO PLAY	0	-	false	2026/09/19 20:46:03
27065	4	DP	0	NO PLAY	0	-	false	2026/09/19 20:46:03
27066	0	P1	0	NO PLAY	0	-	false	2026/09/19 20:46:03
27066	0	DP	0	NO PLAY	0	-	false	2026/09/19 20:46:03
27066	1	P1	0	NO PLAY	0	-	false	2026/09/19 20:46:03
27066	1	DP	0	NO PLAY	0	-	false	2026/09/19 20:46:03
27066	2	P1	0	NO PLAY	0	-	false	2026/09/19 20:46:03
27066	2	DP	0	NO PLAY	0	-	false	2026/09/19 20:46:03
27066	3	P1	0	NO PLAY	0	-	false	2026/09/19 20:46:03
27066	3	DP	0	NO PLAY	0	-	false	2026/09/19 20:46:03
27066	4	P1	0	NO PLAY	0	-	false	2026/09/19 20:46:03
27066	4	DP	0	NO PLAY	0	-	false	2026/09/19 20:46:03
27067	0	P1	0	NO PLAY	0	-	false	2026/09/19 20:46:03
27067	0	DP	0	NO PLAY	0	-	false	2026/09/19 20:46:03
27067	1	P1	0	NO PLAY	0	-	false	2026/09/19 20:46:03
27067	1	DP	0	NO PLAY	0	-	false	2026/09/19 20:46:03
27067	2	P1	0	NO PLAY	0	-	false	2026/09/19 20:46:03
27067	2	DP	0	NO PLAY	0	-	false	2026/09/19 20:46:03
27067	3	P1	0	NO PLAY	0	-	false	2026/09/19 20:46:03
27067	3	DP	0	NO PLAY	0	-	false	2026/09/19 20:46:03
27067	4	P1	0	NO PLAY	0	-	false	2026/09/19 20:46:03
27067	4	DP	0	NO PLAY	0	-	false	2026/09/19 20:46:03
27068	0	P1	0	NO PLAY	0	-	false	2026/09/19 20:46:03
27068	0	DP	0	NO PLAY	0	-	false	2026/09/19 20:46:03
27068	1	P1	0	NO PLAY	0	-	false	2026/09/19 20:46:03
27068	1	DP	0	NO PLAY	0	-	false	2026/09/19 20:46:03
27068	2	P1	0	NO PLAY	0	-	false	2026/09/19 20:46:03
27068	2	DP	0	NO PLAY	0	-	false	2026/09/19 20:46:03
27068	3	P1	0	NO PLAY	0	-	false	2026/09/19 20:46:03
27068	3	DP	6	EX HARD CLEAR	2234	12	true	2026/09/19 20:46:03
27068	4	P1	0	NO PLAY	0	-	false	2026/09/19 20:46:03
27068	4	DP	0	NO PLAY	0	-	false	2026/09/19 20:46:03
27069	0	P1	0	NO PLAY	0	-	false	2026/09/19 20:46:03
27069	0	DP	0	NO PLAY	0	-	false	2026/09/19 20:46:03
27069	1	P1	0	NO PLAY	0	-	false	2026/09/19 20:46:03
27069	1	DP	0	NO PLAY	0	-	false	2026/09/19 20:46:03
27069	2	P1	0	NO PLAY	0	-	false	2026/09/19 20:46:03
27069	2	DP	0	NO PLAY	0	-	false	2026/09/19 20:46:03
27069	3	P1	0	NO PLAY	0	-	false	2026/09/19 20:46:03
27069	3	DP	6	EX HARD CLEAR	2176	8	true	2026/09/19 20:46:03
27069	4	P1	0	NO PLAY	0	-	false	2026/09/19 20:46:03
27069	4	DP	0	NO PLAY	0	-	false	2026/09/19 20:46:03
27074	0	P1	0	NO PLAY	0	-	false	2026/09/19 20:46:03
27074	0	DP	0	NO PLAY	0	-	false	2026/09/19 20:46:03
27074	1	P1	0	NO PLAY	0	-	false	2026/09/19 20:46:03
27074	1	DP	0	NO PLAY	0	-	false	2026/09/19 20:46:03
27074	2	P1	0	NO PLAY	0	-	false	2026/09/19 20:46:03
27074	2	DP	0	NO PLAY	0	-	false	2026/09/19 20:46:03
27074	3	P1	0	NO PLAY	0	-	false	2026/09/19 20:46:03
27074	3	DP	0	NO PLAY	0	-	false	2026/09/19 20:46:03
27074	4	P1	0	NO PLAY	0	-	false	2026/09/19 20:46:03
27074	4	DP	0	NO PLAY	0	-	false	2026/09/19 20:46:03
27075	0	P1	0	NO PLAY	0	-	false	2026/09/19 20:46:03
27075	0	DP	0	NO PLAY	0	-	false	2026/09/19 20:46:03
27075	1	P1	0	NO PLAY	0	-	false	2026/09/19 20:46:03
27075	1	DP	0	NO PLAY	0	-	false	2026/09/19 20:46:03
27075	2	P1	0	NO PLAY	0	-	false	2026/09/19 20:46:03
27075	2	DP	0	NO PLAY	0	-	false	2026/09/19 20:46:03
27075	3	P1	0	NO PLAY	0	-	false	2026/09/19 20:46:03
27075	3	DP	0	NO PLAY	0	-	false	2026/09/19 20:46:03
27075	4	P1	0	NO PLAY	0	-	false	2026/09/19 20:46:03
27075	4	DP	0	NO PLAY	0	-	false	2026/09/19 20:46:03
27076	0	P1	0	NO PLAY	0	-	false	2026/09/19 20:46:03
27076	0	DP	0	NO PLAY	0	-	false	2026/09/19 20:46:03
27076	1	P1	0	NO PLAY	0	-	false	2026/09/19 20:46:03
27076	1	DP	0	NO PLAY	0	-	false	2026/09/19 20:46:03
27076	2	P1	0	NO PLAY	0	-	false	2026/09/19 20:46:03
27076	2	DP	0	NO PLAY	0	-	false	2026/09/19 20:46:03
27076	3	P1	0	NO PLAY	0	-	false	2026/09/19 20:46:03
27076	3	DP	0	NO PLAY	0	-	false	2026/09/19 20:46:03
27076	4	P1	0	NO PLAY	0	-	false	2026/09/19 20:46:03
27076	4	DP	0	NO PLAY	0	-	false	2026/09/19 20:46:03
27077	0	P1	0	NO PLAY	0	-	false	2026/09/19 20:46:03
27077	0	DP	0	NO PLAY	0	-	false	2026/09/19 20:46:03
27077	1	P1	0	NO PLAY	0	-	false	2026/09/19 20:46:03
27077	1	DP	0	NO PLAY	0	-	false	2026/09/19 20:46:03
27077	2	P1	0	NO PLAY	0	-	false	2026/09/19 20:46:03
27077	2	DP	0	NO PLAY	0	-	false	2026/09/19 20:46:03
27077	3	P1	6	EX HARD CLEAR	2233	6	true	2026/09/19 20:46:03
27077	3	DP	6	EX HARD CLEAR	2009	14	true	2026/09/19 20:46:03
27077	4	P1	0	NO PLAY	0	-	false	2026/09/19 20:46:03
27077	4	DP	0	NO PLAY	0	-	false	2026/09/19 20:46:03
27079	0	P1	0	NO PLAY	0	-	false	2026/09/19 20:46:03
27079	0	DP	0	NO PLAY	0	-	false	2026/09/19 20:46:03
27079	1	P1	0	NO PLAY	0	-	false	2026/09/19 20:46:03
27079	1	DP	0	NO PLAY	0	-	false	2026/09/19 20:46:03
27079	2	P1	0	NO PLAY	0	-	false	2026/09/19 20:46:03
27079	2	DP	0	NO PLAY	0	-	false	2026/09/19 20:46:03
27079	3	P1	0	NO PLAY	0	-	false	2026/09/19 20:46:03
27079	3	DP	0	NO PLAY	0	-	false	2026/09/19 20:46:03
27079	4	P1	0	NO PLAY	0	-	false	2026/09/19 20:46:03
27079	4	DP	0	NO PLAY	0	-	false	2026/09/19 20:46:03
27080	0	P1	0	NO PLAY	0	-	false	2026/09/19 20:46:03
27080	0	DP	0	NO PLAY	0	-	false	2026/09/19 20:46:03
27080	1	P1	0	NO PLAY	0	-	false	2026/09/19 20:46:03
27080	1	DP	0	NO PLAY	0	-	false	2026/09/19 20:46:03
27080	2	P1	0	NO PLAY	0	-	false	2026/09/19 20:46:03
27080	2	DP	0	NO PLAY	0	-	false	2026/09/19 20:46:03
27080	3	P1	0	NO PLAY	0	-	false	2026/09/19 20:46:03
27080	3	DP	6	EX HARD CLEAR	2479	13	true	2026/09/19 20:46:03
27080	4	P1	0	NO PLAY	0	-	false	2026/09/19 20:46:03
27080	4	DP	0	NO PLAY	0	-	false	2026/09/19 20:46:03
27081	0	P1	0	NO PLAY	0	-	false	2026/09/19 20:46:03
27081	0	DP	0	NO PLAY	0	-	false	2026/09/19 20:46:03
27081	1	P1	0	NO PLAY	0	-	false	2026/09/19 20:46:03
27081	1	DP	0	NO PLAY	0	-	false	2026/09/19 20:46:03
27081	2	P1	0	NO PLAY	0	-	false	2026/09/19 20:46:03
27081	2	DP	0	NO PLAY	0	-	false	2026/09/19 20:46:03
27081	3	P1	0	NO PLAY	0	-	false	2026/09/19 20:46:03
27081	3	DP	0	NO PLAY	0	-	false	2026/09/19 20:46:03
27081	4	P1	0	NO PLAY	0	-	false	2026/09/19 20:46:03
27081	4	DP	0	NO PLAY	0	-	false	2026/09/19 20:46:03
27083	0	P1	0	NO PLAY	0	-	false	2026/09/19 20:46:03
27083	0	DP	0	NO PLAY	0	-	false	2026/09/19 20:46:03
27083	1	P1	0	NO PLAY	0	-	false	2026/09/19 20:46:03
27083	1	DP	0	NO PLAY	0	-	false	2026/09/19 20:46:03
27083	2	P1	0	NO PLAY	0	-	false	2026/09/19 20:46:03
27083	2	DP	0	NO PLAY	0	-	false	2026/09/19 20:46:03
27083	3	P1	0	NO PLAY	0	-	false	2026/09/19 20:46:03
27083	3	DP	6	EX HARD CLEAR	1526	7	true	2026/09/19 20:46:03
27083	4	P1	0	NO PLAY	0	-	false	2026/09/19 20:46:03
27083	4	DP	0	NO PLAY	0	-	false	2026/09/19 20:46:03
27084	0	P1	0	NO PLAY	0	-	false	2026/09/19 20:46:03
27084	0	DP	0	NO PLAY	0	-	false	2026/09/19 20:46:03
27084	1	P1	0	NO PLAY	0	-	false	2026/09/19 20:46:03
27084	1	DP	0	NO PLAY	0	-	false	2026/09/19 20:46:03
27084	2	P1	0	NO PLAY	0	-	false	2026/09/19 20:46:03
27084	2	DP	0	NO PLAY	0	-	false	2026/09/19 20:46:03
27084	3	P1	5	HARD CLEAR	2372	41	true	2026/09/19 20:46:03
27084	3	DP	5	HARD CLEAR	2391	49	true	2026/09/19 20:46:03
27084	4	P1	0	NO PLAY	0	-	false	2026/09/19 20:46:03
27084	4	DP	0	NO PLAY	0	-	false	2026/09/19 20:46:03
27087	0	P1	0	NO PLAY	0	-	false	2026/09/19 20:46:03
27087	0	DP	0	NO PLAY	0	-	false	2026/09/19 20:46:03
27087	1	P1	0	NO PLAY	0	-	false	2026/09/19 20:46:03
27087	1	DP	0	NO PLAY	0	-	false	2026/09/19 20:46:03
27087	2	P1	0	NO PLAY	0	-	false	2026/09/19 20:46:03
27087	2	DP	0	NO PLAY	0	-	false	2026/09/19 20:46:03
27087	3	P1	0	NO PLAY	0	-	false	2026/09/19 20:46:03
27087	3	DP	1	FAILED	2513	-	false	2026/09/19 20:46:03
27087	4	P1	0	NO PLAY	0	-	false	2026/09/19 20:46:03
27087	4	DP	0	NO PLAY	0	-	false	2026/09/19 20:46:03
27088	0	P1	0	NO PLAY	0	-	false	2026/09/19 20:46:03
27088	0	DP	0	NO PLAY	0	-	false	2026/09/19 20:46:03
27088	1	P1	0	NO PLAY	0	-	false	2026/09/19 20:46:03
27088	1	DP	0	NO PLAY	0	-	false	2026/09/19 20:46:03
27088	2	P1	0	NO PLAY	0	-	false	2026/09/19 20:46:03
27088	2	DP	0	NO PLAY	0	-	false	2026/09/19 20:46:03
27088	3	P1	5	HARD CLEAR	2872	37	true	2026/09/19 20:46:03
27088	3	DP	5	HARD CLEAR	3013	34	true	2026/09/19 20:46:03
27088	4	P1	0	NO PLAY	0	-	false	2026/09/19 20:46:03
27088	4	DP	0	NO PLAY	0	-	false	2026/09/19 20:46:03
27089	0	P1	0	NO PLAY	0	-	false	2026/09/19 20:46:03
27089	0	DP	0	NO PLAY	0	-	false	2026/09/19 20:46:03
27089	1	P1	0	NO PLAY	0	-	false	2026/09/19 20:46:03
27089	1	DP	0	NO PLAY	0	-	false	2026/09/19 20:46:03
27089	2	P1	0	NO PLAY	0	-	false	2026/09/19 20:46:03
27089	2	DP	0	NO PLAY	0	-	false	2026/09/19 20:46:03
27089	3	P1	0	NO PLAY	0	-	false	2026/09/19 20:46:03
27089	3	DP	0	NO PLAY	0	-	false	2026/09/19 20:46:03
27089	4	P1	0	NO PLAY	0	-	false	2026/09/19 20:46:03
27089	4	DP	0	NO PLAY	0	-	false	2026/09/19 20:46:03
27090	0	P1	0	NO PLAY	0	-	false	2026/09/19 20:46:03
27090	0	DP	0	NO PLAY	0	-	false	2026/09/19 20:46:03
27090	1	P1	0	NO PLAY	0	-	false	2026/09/19 20:46:03
27090	1	DP	0	NO PLAY	0	-	false	2026/09/19 20:46:03
27090	2	P1	0	NO PLAY	0	-	false	2026/09/19 20:46:03
27090	2	DP	0	NO PLAY	0	-	false	2026/09/19 20:46:03
27090	3	P1	0	NO PLAY	0	-	false	2026/09/19 20:46:03
27090	3	DP	6	EX HARD CLEAR	1766	8	true	2026/09/19 20:46:03
27090	4	P1	0	NO PLAY	0	-	false	2026/09/19 20:46:03
27090	4	DP	0	NO PLAY	0	-	false	2026/09/19 20:46:03
27092	0	P1	0	NO PLAY	0	-	false	2026/09/19 20:46:03
27092	0	DP	0	NO PLAY	0	-	false	2026/09/19 20:46:03
27092	1	P1	0	NO PLAY	0	-	false	2026/09/19 20:46:03
27092	1	DP	0	NO PLAY	0	-	false	2026/09/19 20:46:03
27092	2	P1	0	NO PLAY	0	-	false	2026/09/19 20:46:03
27092	2	DP	0	NO PLAY	0	-	false	2026/09/19 20:46:03
27092	3	P1	0	NO PLAY	0	-	false	2026/09/19 20:46:03
27092	3	DP	6	EX HARD CLEAR	1653	17	true	2026/09/19 20:46:03
27092	4	P1	0	NO PLAY	0	-	false	2026/09/19 20:46:03
27092	4	DP	0	NO PLAY	0	-	false	2026/09/19 20:46:03
27094	0	P1	0	NO PLAY	0	-	false	2026/09/19 20:46:03
27094	0	DP	0	NO PLAY	0	-	false	2026/09/19 20:46:03
27094	1	P1	0	NO PLAY	0	-	false	2026/09/19 20:46:03
27094	1	DP	0	NO PLAY	0	-	false	2026/09/19 20:46:03
27094	2	P1	0	NO PLAY	0	-	false	2026/09/19 20:46:03
27094	2	DP	0	NO PLAY	0	-	false	2026/09/19 20:46:03
27094	3	P1	6	EX HARD CLEAR	2745	10	true	2026/09/19 20:46:03
27094	3	DP	5	HARD CLEAR	2579	49	true	2026/09/19 20:46:03
27094	4	P1	0	NO PLAY	0	-	false	2026/09/19 20:46:03
27094	4	DP	0	NO PLAY	0	-	false	2026/09/19 20:46:03
27095	0	P1	0	NO PLAY	0	-	false	2026/09/19 20:46:03
27095	0	DP	0	NO PLAY	0	-	false	2026/09/19 20:46:03
27095	1	P1	0	NO PLAY	0	-	false	2026/09/19 20:46:03
27095	1	DP	0	NO PLAY	0	-	false	2026/09/19 20:46:03
27095	2	P1	0	NO PLAY	0	-	false	2026/09/19 20:46:03
27095	2	DP	0	NO PLAY	0	-	false	2026/09/19 20:46:03
27095	3	P1	5	HARD CLEAR	2673	47	true	2026/09/19 20:46:03
27095	3	DP	5	HARD CLEAR	2949	42	true	2026/09/19 20:46:03
27095	4	P1	0	NO PLAY	0	-	false	2026/09/19 20:46:03
27095	4	DP	0	NO PLAY	0	-	false	2026/09/19 20:46:03
27096	0	P1	0	NO PLAY	0	-	false	2026/09/19 20:46:03
27096	0	DP	0	NO PLAY	0	-	false	2026/09/19 20:46:03
27096	1	P1	0	NO PLAY	0	-	false	2026/09/19 20:46:03
27096	1	DP	0	NO PLAY	0	-	false	2026/09/19 20:46:03
27096	2	P1	0	NO PLAY	0	-	false	2026/09/19 20:46:03
27096	2	DP	0	NO PLAY	0	-	false	2026/09/19 20:46:03
27096	3	P1	0	NO PLAY	0	-	false	2026/09/19 20:46:03
27096	3	DP	6	EX HARD CLEAR	2061	17	true	2026/09/19 20:46:03
27096	4	P1	0	NO PLAY	0	-	false	2026/09/19 20:46:03
27096	4	DP	0	NO PLAY	0	-	false	2026/09/19 20:46:03
27100	0	P1	0	NO PLAY	0	-	false	2026/09/19 20:46:03
27100	0	DP	0	NO PLAY	0	-	false	2026/09/19 20:46:03
27100	1	P1	0	NO PLAY	0	-	false	2026/09/19 20:46:03
27100	1	DP	0	NO PLAY	0	-	false	2026/09/19 20:46:03
27100	2	P1	0	NO PLAY	0	-	false	2026/09/19 20:46:03
27100	2	DP	0	NO PLAY	0	-	false	2026/09/19 20:46:03
27100	3	P1	0	NO PLAY	0	-	false	2026/09/19 20:46:03
27100	3	DP	0	NO PLAY	0	-	false	2026/09/19 20:46:03
27100	4	P1	5	HARD CLEAR	1981	8	true	2026/09/19 20:46:03
27100	4	DP	5	HARD CLEAR	1979	32	true	2026/09/19 20:46:03
27101	0	P1	0	NO PLAY	0	-	false	2026/09/19 20:46:03
27101	0	DP	0	NO PLAY	0	-	false	2026/09/19 20:46:03
27101	1	P1	0	NO PLAY	0	-	false	2026/09/19 20:46:03
27101	1	DP	0	NO PLAY	0	-	false	2026/09/19 20:46:03
27101	2	P1	0	NO PLAY	0	-	false	2026/09/19 20:46:03
27101	2	DP	0	NO PLAY	0	-	false	2026/09/19 20:46:03
27101	3	P1	0	NO PLAY	0	-	false	2026/09/19 20:46:03
27101	3	DP	0	NO PLAY	0	-	false	2026/09/19 20:46:03
27101	4	P1	0	NO PLAY	0	-	false	2026/09/19 20:46:03
27101	4	DP	0	NO PLAY	0	-	false	2026/09/19 20:46:03
27102	0	P1	0	NO PLAY	0	-	false	2026/09/19 20:46:03
27102	0	DP	0	NO PLAY	0	-	false	2026/09/19 20:46:03
27102	1	P1	0	NO PLAY	0	-	false	2026/09/19 20:46:03
27102	1	DP	0	NO PLAY	0	-	false	2026/09/19 20:46:03
27102	2	P1	0	NO PLAY	0	-	false	2026/09/19 20:46:03
27102	2	DP	0	NO PLAY	0	-	false	2026/09/19 20:46:03
27102	3	P1	6	EX HARD CLEAR	2833	13	true	2026/09/19 20:46:03
27102	3	DP	6	EX HARD CLEAR	2797	16	true	2026/09/19 20:46:03
27102	4	P1	0	NO PLAY	0	-	false	2026/09/19 20:46:03
27102	4	DP	0	NO PLAY	0	-	false	2026/09/19 20:46:03
27103	0	P1	0	NO PLAY	0	-	false	2026/09/19 20:46:03
27103	0	DP	0	NO PLAY	0	-	false	2026/09/19 20:46:03
27103	1	P1	0	NO PLAY	0	-	false	2026/09/19 20:46:03
27103	1	DP	0	NO PLAY	0	-	false	2026/09/19 20:46:03
27103	2	P1	0	NO PLAY	0	-	false	2026/09/19 20:46:03
27103	2	DP	0	NO PLAY	0	-	false	2026/09/19 20:46:03
27103	3	P1	0	NO PLAY	0	-	false	2026/09/19 20:46:03
27103	3	DP	6	EX HARD CLEAR	2222	9	true	2026/09/19 20:46:03
27103	4	P1	0	NO PLAY	0	-	false	2026/09/19 20:46:03
27103	4	DP	0	NO PLAY	0	-	false	2026/09/19 20:46:03
27105	0	P1	0	NO PLAY	0	-	false	2026/09/19 20:46:03
27105	0	DP	0	NO PLAY	0	-	false	2026/09/19 20:46:03
27105	1	P1	0	NO PLAY	0	-	false	2026/09/19 20:46:03
27105	1	DP	0	NO PLAY	0	-	false	2026/09/19 20:46:03
27105	2	P1	0	NO PLAY	0	-	false	2026/09/19 20:46:03
27105	2	DP	0	NO PLAY	0	-	false	2026/09/19 20:46:03
27105	3	P1	0	NO PLAY	0	-	false	2026/09/19 20:46:03
27105	3	DP	0	NO PLAY	0	-	false	2026/09/19 20:46:03
27105	4	P1	0	NO PLAY	0	-	false	2026/09/19 20:46:03
27105	4	DP	0	NO PLAY	0	-	false	2026/09/19 20:46:03
27106	0	P1	0	NO PLAY	0	-	false	2026/09/19 20:46:03
27106	0	DP	0	NO PLAY	0	-	false	2026/09/19 20:46:03
27106	1	P1	0	NO PLAY	0	-	false	2026/09/19 20:46:03
27106	1	DP	0	NO PLAY	0	-	false	2026/09/19 20:46:03
27106	2	P1	0	NO PLAY	0	-	false	2026/09/19 20:46:03
27106	2	DP	0	NO PLAY	0	-	false	2026/09/19 20:46:03
27106	3	P1	0	NO PLAY	0	-	false	2026/09/19 20:46:03
27106	3	DP	6	EX HARD CLEAR	2119	8	true	2026/09/19 20:46:03
27106	4	P1	0	NO PLAY	0	-	false	2026/09/19 20:46:03
27106	4	DP	0	NO PLAY	0	-	false	2026/09/19 20:46:03
27107	0	P1	0	NO PLAY	0	-	false	2026/09/19 20:46:03
27107	0	DP	0	NO PLAY	0	-	false	2026/09/19 20:46:03
27107	1	P1	0	NO PLAY	0	-	false	2026/09/19 20:46:03
27107	1	DP	0	NO PLAY	0	-	false	2026/09/19 20:46:03
27107	2	P1	0	NO PLAY	0	-	false	2026/09/19 20:46:03
27107	2	DP	0	NO PLAY	0	-	false	2026/09/19 20:46:03
27107	3	P1	5	HARD CLEAR	1675	27	true	2026/09/19 20:46:03
27107	3	DP	6	EX HARD CLEAR	2203	9	true	2026/09/19 20:46:03
27107	4	P1	0	NO PLAY	0	-	false	2026/09/19 20:46:03
27107	4	DP	0	NO PLAY	0	-	false	2026/09/19 20:46:03
27108	0	P1	0	NO PLAY	0	-	false	2026/09/19 20:46:03
27108	0	DP	0	NO PLAY	0	-	false	2026/09/19 20:46:03
27108	1	P1	0	NO PLAY	0	-	false	2026/09/19 20:46:03
27108	1	DP	0	NO PLAY	0	-	false	2026/09/19 20:46:03
27108	2	P1	0	NO PLAY	0	-	false	2026/09/19 20:46:03
27108	2	DP	0	NO PLAY	0	-	false	2026/09/19 20:46:03
27108	3	P1	0	NO PLAY	0	-	false	2026/09/19 20:46:03
27108	3	DP	0	NO PLAY	0	-	false	2026/09/19 20:46:03
27108	4	P1	0	NO PLAY	0	-	false	2026/09/19 20:46:03
27108	4	DP	0	NO PLAY	0	-	false	2026/09/19 20:46:03
27109	0	P1	0	NO PLAY	0	-	false	2026/09/19 20:46:03
27109	0	DP	0	NO PLAY	0	-	false	2026/09/19 20:46:03
27109	1	P1	0	NO PLAY	0	-	false	2026/09/19 20:46:03
27109	1	DP	0	NO PLAY	0	-	false	2026/09/19 20:46:03
27109	2	P1	0	NO PLAY	0	-	false	2026/09/19 20:46:03
27109	2	DP	0	NO PLAY	0	-	false	2026/09/19 20:46:03
27109	3	P1	6	EX HARD CLEAR	2717	21	true	2026/09/19 20:46:03
27109	3	DP	5	HARD CLEAR	2506	53	true	2026/09/19 20:46:03
27109	4	P1	0	NO PLAY	0	-	false	2026/09/19 20:46:03
27109	4	DP	0	NO PLAY	0	-	false	2026/09/19 20:46:03
27110	0	P1	0	NO PLAY	0	-	false	2026/09/19 20:46:03
27110	0	DP	0	NO PLAY	0	-	false	2026/09/19 20:46:03
27110	1	P1	0	NO PLAY	0	-	false	2026/09/19 20:46:03
27110	1	DP	0	NO PLAY	0	-	false	2026/09/19 20:46:03
27110	2	P1	0	NO PLAY	0	-	false	2026/09/19 20:46:03
27110	2	DP	0	NO PLAY	0	-	false	2026/09/19 20:46:03
27110	3	P1	0	NO PLAY	0	-	false	2026/09/19 20:46:03
27110	3	DP	0	NO PLAY	0	-	false	2026/09/19 20:46:03
27110	4	P1	0	NO PLAY	0	-	false	2026/09/19 20:46:03
27110	4	DP	0	NO PLAY	0	-	false	2026/09/19 20:46:03
27112	0	P1	0	NO PLAY	0	-	false	2026/09/19 20:46:03
27112	0	DP	0	NO PLAY	0	-	false	2026/09/19 20:46:03
27112	1	P1	0	NO PLAY	0	-	false	2026/09/19 20:46:03
27112	1	DP	0	NO PLAY	0	-	false	2026/09/19 20:46:03
27112	2	P1	0	NO PLAY	0	-	false	2026/09/19 20:46:03
27112	2	DP	0	NO PLAY	0	-	false	2026/09/19 20:46:03
27112	3	P1	0	NO PLAY	0	-	false	2026/09/19 20:46:03
27112	3	DP	0	NO PLAY	0	-	false	2026/09/19 20:46:03
27112	4	P1	0	NO PLAY	0	-	false	2026/09/19 20:46:03
27112	4	DP	0	NO PLAY	0	-	false	2026/09/19 20:46:03
27113	0	P1	0	NO PLAY	0	-	false	2026/09/19 20:46:03
27113	0	DP	0	NO PLAY	0	-	false	2026/09/19 20:46:03
27113	1	P1	0	NO PLAY	0	-	false	2026/09/19 20:46:03
27113	1	DP	0	NO PLAY	0	-	false	2026/09/19 20:46:03
27113	2	P1	0	NO PLAY	0	-	false	2026/09/19 20:46:03
27113	2	DP	0	NO PLAY	0	-	false	2026/09/19 20:46:03
27113	3	P1	0	NO PLAY	0	-	false	2026/09/19 20:46:03
27113	3	DP	0	NO PLAY	0	-	false	2026/09/19 20:46:03
27113	4	P1	0	NO PLAY	0	-	false	2026/09/19 20:46:03
27113	4	DP	0	NO PLAY	0	-	false	2026/09/19 20:46:03
27114	0	P1	0	NO PLAY	0	-	false	2026/09/19 20:46:03
27114	0	DP	0	NO PLAY	0	-	false	2026/09/19 20:46:03
27114	1	P1	0	NO PLAY	0	-	false	2026/09/19 20:46:03
27114	1	DP	0	NO PLAY	0	-	false	2026/09/19 20:46:03
27114	2	P1	0	NO PLAY	0	-	false	2026/09/19 20:46:03
27114	2	DP	0	NO PLAY	0	-	false	2026/09/19 20:46:03
27114	3	P1	6	EX HARD CLEAR	2489	11	true	2026/09/19 20:46:03
27114	3	DP	6	EX HARD CLEAR	2505	16	true	2026/09/19 20:46:03
27114	4	P1	0	NO PLAY	0	-	false	2026/09/19 20:46:03
27114	4	DP	0	NO PLAY	0	-	false	2026/09/19 20:46:03
27116	0	P1	0	NO PLAY	0	-	false	2026/09/19 20:46:03
27116	0	DP	0	NO PLAY	0	-	false	2026/09/19 20:46:03
27116	1	P1	0	NO PLAY	0	-	false	2026/09/19 20:46:03
27116	1	DP	0	NO PLAY	0	-	false	2026/09/19 20:46:03
27116	2	P1	0	NO PLAY	0	-	false	2026/09/19 20:46:03
27116	2	DP	0	NO PLAY	0	-	false	2026/09/19 20:46:03
27116	3	P1	0	NO PLAY	0	-	false	2026/09/19 20:46:03
27116	3	DP	6	EX HARD CLEAR	2191	11	true	2026/09/19 20:46:03
27116	4	P1	6	EX HARD CLEAR	2936	4	true	2026/09/19 20:46:03
27116	4	DP	6	EX HARD CLEAR	2871	15	true	2026/09/19 20:46:03
27117	0	P1	0	NO PLAY	0	-	false	2026/09/19 20:46:03
27117	0	DP	0	NO PLAY	0	-	false	2026/09/19 20:46:03
27117	1	P1	0	NO PLAY	0	-	false	2026/09/19 20:46:03
27117	1	DP	0	NO PLAY	0	-	false	2026/09/19 20:46:03
27117	2	P1	0	NO PLAY	0	-	false	2026/09/19 20:46:03
27117	2	DP	0	NO PLAY	0	-	false	2026/09/19 20:46:03
27117	3	P1	0	NO PLAY	0	-	false	2026/09/19 20:46:03
27117	3	DP	0	NO PLAY	0	-	false	2026/09/19 20:46:03
27117	4	P1	0	NO PLAY	0	-	false	2026/09/19 20:46:03
27117	4	DP	0	NO PLAY	0	-	false	2026/09/19 20:46:03
28000	0	P1	0	NO PLAY	0	-	false	2026/09/19 20:46:03
28000	0	DP	0	NO PLAY	0	-	false	2026/09/19 20:46:03
28000	1	P1	0	NO PLAY	0	-	false	2026/09/19 20:46:03
28000	1	DP	0	NO PLAY	0	-	false	2026/09/19 20:46:03
28000	2	P1	0	NO PLAY	0	-	false	2026/09/19 20:46:03
28000	2	DP	0	NO PLAY	0	-	false	2026/09/19 20:46:03
28000	3	P1	0	NO PLAY	0	-	false	2026/09/19 20:46:03
28000	3	DP	6	EX HARD CLEAR	2613	22	true	2026/09/19 20:46:03
28000	4	P1	0	NO PLAY	0	-	false	2026/09/19 20:46:03
28000	4	DP	0	NO PLAY	0	-	false	2026/09/19 20:46:03
28002	0	P1	0	NO PLAY	0	-	false	2026/09/19 20:46:03
28002	0	DP	0	NO PLAY	0	-	false	2026/09/19 20:46:03
28002	1	P1	0	NO PLAY	0	-	false	2026/09/19 20:46:03
28002	1	DP	0	NO PLAY	0	-	false	2026/09/19 20:46:03
28002	2	P1	1	FAILED	851	-	false	2026/09/19 20:46:03
28002	2	DP	0	NO PLAY	0	-	false	2026/09/19 20:46:03
28002	3	P1	5	HARD CLEAR	2670	28	true	2026/09/19 20:46:03
28002	3	DP	5	HARD CLEAR	2498	49	true	2026/09/19 20:46:03
28002	4	P1	0	NO PLAY	0	-	false	2026/09/19 20:46:03
28002	4	DP	0	NO PLAY	0	-	false	2026/09/19 20:46:03
28004	0	P1	0	NO PLAY	0	-	false	2026/09/19 20:46:03
28004	0	DP	0	NO PLAY	0	-	false	2026/09/19 20:46:03
28004	1	P1	0	NO PLAY	0	-	false	2026/09/19 20:46:03
28004	1	DP	0	NO PLAY	0	-	false	2026/09/19 20:46:03
28004	2	P1	0	NO PLAY	0	-	false	2026/09/19 20:46:03
28004	2	DP	0	NO PLAY	0	-	false	2026/09/19 20:46:03
28004	3	P1	0	NO PLAY	0	-	false	2026/09/19 20:46:03
28004	3	DP	0	NO PLAY	0	-	false	2026/09/19 20:46:03
28004	4	P1	0	NO PLAY	0	-	false	2026/09/19 20:46:03
28004	4	DP	0	NO PLAY	0	-	false	2026/09/19 20:46:03
28005	0	P1	0	NO PLAY	0	-	false	2026/09/19 20:46:03
28005	0	DP	0	NO PLAY	0	-	false	2026/09/19 20:46:03
28005	1	P1	0	NO PLAY	0	-	false	2026/09/19 20:46:03
28005	1	DP	0	NO PLAY	0	-	false	2026/09/19 20:46:03
28005	2	P1	0	NO PLAY	0	-	false	2026/09/19 20:46:03
28005	2	DP	0	NO PLAY	0	-	false	2026/09/19 20:46:03
28005	3	P1	5	HARD CLEAR	2772	12	true	2026/09/19 20:46:03
28005	3	DP	5	HARD CLEAR	2889	44	true	2026/09/19 20:46:03
28005	4	P1	0	NO PLAY	0	-	false	2026/09/19 20:46:03
28005	4	DP	0	NO PLAY	0	-	false	2026/09/19 20:46:03
28007	0	P1	0	NO PLAY	0	-	false	2026/09/19 20:46:03
28007	0	DP	0	NO PLAY	0	-	false	2026/09/19 20:46:03
28007	1	P1	0	NO PLAY	0	-	false	2026/09/19 20:46:03
28007	1	DP	0	NO PLAY	0	-	false	2026/09/19 20:46:03
28007	2	P1	0	NO PLAY	0	-	false	2026/09/19 20:46:03
28007	2	DP	0	NO PLAY	0	-	false	2026/09/19 20:46:03
28007	3	P1	5	HARD CLEAR	2728	55	true	2026/09/19 20:46:03
28007	3	DP	5	HARD CLEAR	2912	36	true	2026/09/19 20:46:03
28007	4	P1	0	NO PLAY	0	-	false	2026/09/19 20:46:03
28007	4	DP	0	NO PLAY	0	-	false	2026/09/19 20:46:03
28008	0	P1	0	NO PLAY	0	-	false	2026/09/19 20:46:03
28008	0	DP	0	NO PLAY	0	-	false	2026/09/19 20:46:03
28008	1	P1	0	NO PLAY	0	-	false	2026/09/19 20:46:03
28008	1	DP	0	NO PLAY	0	-	false	2026/09/19 20:46:03
28008	2	P1	0	NO PLAY	0	-	false	2026/09/19 20:46:03
28008	2	DP	0	NO PLAY	0	-	false	2026/09/19 20:46:03
28008	3	P1	5	HARD CLEAR	3152	48	true	2026/09/19 20:46:03
28008	3	DP	5	HARD CLEAR	3053	50	true	2026/09/19 20:46:03
28008	4	P1	0	NO PLAY	0	-	false	2026/09/19 20:46:03
28008	4	DP	0	NO PLAY	0	-	false	2026/09/19 20:46:03
28009	0	P1	0	NO PLAY	0	-	false	2026/09/19 20:46:03
28009	0	DP	0	NO PLAY	0	-	false	2026/09/19 20:46:03
28009	1	P1	0	NO PLAY	0	-	false	2026/09/19 20:46:03
28009	1	DP	0	NO PLAY	0	-	false	2026/09/19 20:46:03
28009	2	P1	0	NO PLAY	0	-	false	2026/09/19 20:46:03
28009	2	DP	0	NO PLAY	0	-	false	2026/09/19 20:46:03
28009	3	P1	0	NO PLAY	0	-	false	2026/09/19 20:46:03
28009	3	DP	6	EX HARD CLEAR	2646	4	true	2026/09/19 20:46:03
28009	4	P1	0	NO PLAY	0	-	false	2026/09/19 20:46:03
28009	4	DP	0	NO PLAY	0	-	false	2026/09/19 20:46:03
28010	0	P1	0	NO PLAY	0	-	false	2026/09/19 20:46:03
28010	0	DP	0	NO PLAY	0	-	false	2026/09/19 20:46:03
28010	1	P1	0	NO PLAY	0	-	false	2026/09/19 20:46:03
28010	1	DP	0	NO PLAY	0	-	false	2026/09/19 20:46:03
28010	2	P1	0	NO PLAY	0	-	false	2026/09/19 20:46:03
28010	2	DP	0	NO PLAY	0	-	false	2026/09/19 20:46:03
28010	3	P1	0	NO PLAY	0	-	false	2026/09/19 20:46:03
28010	3	DP	6	EX HARD CLEAR	2190	10	true	2026/09/19 20:46:03
28010	4	P1	0	NO PLAY	0	-	false	2026/09/19 20:46:03
28010	4	DP	0	NO PLAY	0	-	false	2026/09/19 20:46:03
28011	0	P1	0	NO PLAY	0	-	false	2026/09/19 20:46:03
28011	0	DP	0	NO PLAY	0	-	false	2026/09/19 20:46:03
28011	1	P1	0	NO PLAY	0	-	false	2026/09/19 20:46:03
28011	1	DP	0	NO PLAY	0	-	false	2026/09/19 20:46:03
28011	2	P1	0	NO PLAY	0	-	false	2026/09/19 20:46:03
28011	2	DP	0	NO PLAY	0	-	false	2026/09/19 20:46:03
28011	3	P1	6	EX HARD CLEAR	3046	13	true	2026/09/19 20:46:03
28011	3	DP	5	HARD CLEAR	2888	46	true	2026/09/19 20:46:03
28011	4	P1	0	NO PLAY	0	-	false	2026/09/19 20:46:03
28011	4	DP	0	NO PLAY	0	-	false	2026/09/19 20:46:03
28012	0	P1	0	NO PLAY	0	-	false	2026/09/19 20:46:03
28012	0	DP	0	NO PLAY	0	-	false	2026/09/19 20:46:03
28012	1	P1	0	NO PLAY	0	-	false	2026/09/19 20:46:03
28012	1	DP	0	NO PLAY	0	-	false	2026/09/19 20:46:03
28012	2	P1	0	NO PLAY	0	-	false	2026/09/19 20:46:03
28012	2	DP	0	NO PLAY	0	-	false	2026/09/19 20:46:03
28012	3	P1	0	NO PLAY	0	-	false	2026/09/19 20:46:03
28012	3	DP	6	EX HARD CLEAR	2544	15	true	2026/09/19 20:46:03
28012	4	P1	0	NO PLAY	0	-	false	2026/09/19 20:46:03
28012	4	DP	0	NO PLAY	0	-	false	2026/09/19 20:46:03
28014	0	P1	0	NO PLAY	0	-	false	2026/09/19 20:46:03
28014	0	DP	0	NO PLAY	0	-	false	2026/09/19 20:46:03
28014	1	P1	0	NO PLAY	0	-	false	2026/09/19 20:46:03
28014	1	DP	0	NO PLAY	0	-	false	2026/09/19 20:46:03
28014	2	P1	0	NO PLAY	0	-	false	2026/09/19 20:46:03
28014	2	DP	0	NO PLAY	0	-	false	2026/09/19 20:46:03
28014	3	P1	0	NO PLAY	0	-	false	2026/09/19 20:46:03
28014	3	DP	6	EX HARD CLEAR	2300	2	true	2026/09/19 20:46:03
28014	4	P1	0	NO PLAY	0	-	false	2026/09/19 20:46:03
28014	4	DP	0	NO PLAY	0	-	false	2026/09/19 20:46:03
28015	0	P1	0	NO PLAY	0	-	false	2026/09/19 20:46:03
28015	0	DP	0	NO PLAY	0	-	false	2026/09/19 20:46:03
28015	1	P1	0	NO PLAY	0	-	false	2026/09/19 20:46:03
28015	1	DP	0	NO PLAY	0	-	false	2026/09/19 20:46:03
28015	2	P1	0	NO PLAY	0	-	false	2026/09/19 20:46:03
28015	2	DP	0	NO PLAY	0	-	false	2026/09/19 20:46:03
28015	3	P1	0	NO PLAY	0	-	false	2026/09/19 20:46:03
28015	3	DP	6	EX HARD CLEAR	2514	10	true	2026/09/19 20:46:03
28015	4	P1	0	NO PLAY	0	-	false	2026/09/19 20:46:03
28015	4	DP	0	NO PLAY	0	-	false	2026/09/19 20:46:03
28016	0	P1	0	NO PLAY	0	-	false	2026/09/19 20:46:03
28016	0	DP	0	NO PLAY	0	-	false	2026/09/19 20:46:03
28016	1	P1	0	NO PLAY	0	-	false	2026/09/19 20:46:03
28016	1	DP	0	NO PLAY	0	-	false	2026/09/19 20:46:03
28016	2	P1	0	NO PLAY	0	-	false	2026/09/19 20:46:03
28016	2	DP	0	NO PLAY	0	-	false	2026/09/19 20:46:03
28016	3	P1	6	EX HARD CLEAR	2630	18	true	2026/09/19 20:46:03
28016	3	DP	6	EX HARD CLEAR	2531	20	true	2026/09/19 20:46:03
28016	4	P1	0	NO PLAY	0	-	false	2026/09/19 20:46:03
28016	4	DP	0	NO PLAY	0	-	false	2026/09/19 20:46:03
28017	0	P1	0	NO PLAY	0	-	false	2026/09/19 20:46:03
28017	0	DP	0	NO PLAY	0	-	false	2026/09/19 20:46:03
28017	1	P1	0	NO PLAY	0	-	false	2026/09/19 20:46:03
28017	1	DP	0	NO PLAY	0	-	false	2026/09/19 20:46:03
28017	2	P1	0	NO PLAY	0	-	false	2026/09/19 20:46:03
28017	2	DP	0	NO PLAY	0	-	false	2026/09/19 20:46:03
28017	3	P1	6	EX HARD CLEAR	2121	15	true	2026/09/19 20:46:03
28017	3	DP	6	EX HARD CLEAR	2369	8	true	2026/09/19 20:46:03
28017	4	P1	0	NO PLAY	0	-	false	2026/09/19 20:46:03
28017	4	DP	0	NO PLAY	0	-	false	2026/09/19 20:46:03
28018	0	P1	0	NO PLAY	0	-	false	2026/09/19 20:46:03
28018	0	DP	0	NO PLAY	0	-	false	2026/09/19 20:46:03
28018	1	P1	0	NO PLAY	0	-	false	2026/09/19 20:46:03
28018	1	DP	0	NO PLAY	0	-	false	2026/09/19 20:46:03
28018	2	P1	0	NO PLAY	0	-	false	2026/09/19 20:46:03
28018	2	DP	0	NO PLAY	0	-	false	2026/09/19 20:46:03
28018	3	P1	0	NO PLAY	0	-	false	2026/09/19 20:46:03
28018	3	DP	0	NO PLAY	0	-	false	2026/09/19 20:46:03
28018	4	P1	0	NO PLAY	0	-	false	2026/09/19 20:46:03
28018	4	DP	0	NO PLAY	0	-	false	2026/09/19 20:46:03
28019	0	P1	0	NO PLAY	0	-	false	2026/09/19 20:46:03
28019	0	DP	0	NO PLAY	0	-	false	2026/09/19 20:46:03
28019	1	P1	0	NO PLAY	0	-	false	2026/09/19 20:46:03
28019	1	DP	0	NO PLAY	0	-	false	2026/09/19 20:46:03
28019	2	P1	0	NO PLAY	0	-	false	2026/09/19 20:46:03
28019	2	DP	0	NO PLAY	0	-	false	2026/09/19 20:46:03
28019	3	P1	6	EX HARD CLEAR	2253	14	true	2026/09/19 20:46:03
28019	3	DP	5	HARD CLEAR	2003	53	true	2026/09/19 20:46:03
28019	4	P1	0	NO PLAY	0	-	false	2026/09/19 20:46:03
28019	4	DP	0	NO PLAY	0	-	false	2026/09/19 20:46:03
28020	0	P1	0	NO PLAY	0	-	false	2026/09/19 20:46:03
28020	0	DP	0	NO PLAY	0	-	false	2026/09/19 20:46:03
28020	1	P1	0	NO PLAY	0	-	false	2026/09/19 20:46:03
28020	1	DP	0	NO PLAY	0	-	false	2026/09/19 20:46:03
28020	2	P1	0	NO PLAY	0	-	false	2026/09/19 20:46:03
28020	2	DP	0	NO PLAY	0	-	false	2026/09/19 20:46:03
28020	3	P1	0	NO PLAY	0	-	false	2026/09/19 20:46:03
28020	3	DP	6	EX HARD CLEAR	2339	8	true	2026/09/19 20:46:03
28020	4	P1	0	NO PLAY	0	-	false	2026/09/19 20:46:03
28020	4	DP	0	NO PLAY	0	-	false	2026/09/19 20:46:03
28021	0	P1	0	NO PLAY	0	-	false	2026/09/19 20:46:03
28021	0	DP	0	NO PLAY	0	-	false	2026/09/19 20:46:03
28021	1	P1	0	NO PLAY	0	-	false	2026/09/19 20:46:03
28021	1	DP	0	NO PLAY	0	-	false	2026/09/19 20:46:03
28021	2	P1	0	NO PLAY	0	-	false	2026/09/19 20:46:03
28021	2	DP	0	NO PLAY	0	-	false	2026/09/19 20:46:03
28021	3	P1	6	EX HARD CLEAR	2774	11	true	2026/09/19 20:46:03
28021	3	DP	6	EX HARD CLEAR	2658	11	true	2026/09/19 20:46:03
28021	4	P1	0	NO PLAY	0	-	false	2026/09/19 20:46:03
28021	4	DP	0	NO PLAY	0	-	false	2026/09/19 20:46:03
28022	0	P1	0	NO PLAY	0	-	false	2026/09/19 20:46:03
28022	0	DP	0	NO PLAY	0	-	false	2026/09/19 20:46:03
28022	1	P1	0	NO PLAY	0	-	false	2026/09/19 20:46:03
28022	1	DP	0	NO PLAY	0	-	false	2026/09/19 20:46:03
28022	2	P1	0	NO PLAY	0	-	false	2026/09/19 20:46:03
28022	2	DP	0	NO PLAY	0	-	false	2026/09/19 20:46:03
28022	3	P1	0	NO PLAY	0	-	false	2026/09/19 20:46:03
28022	3	DP	0	NO PLAY	0	-	false	2026/09/19 20:46:03
28022	4	P1	0	NO PLAY	0	-	false	2026/09/19 20:46:03
28022	4	DP	0	NO PLAY	0	-	false	2026/09/19 20:46:03
28023	0	P1	1	FAILED	65	44	true	2026/09/19 20:46:03
28023	0	DP	0	NO PLAY	0	-	false	2026/09/19 20:46:03
28023	1	P1	0	NO PLAY	0	-	false	2026/09/19 20:46:03
28023	1	DP	0	NO PLAY	0	-	false	2026/09/19 20:46:03
28023	2	P1	0	NO PLAY	0	-	false	2026/09/19 20:46:03
28023	2	DP	0	NO PLAY	0	-	false	2026/09/19 20:46:03
28023	3	P1	0	NO PLAY	0	-	false	2026/09/19 20:46:03
28023	3	DP	7	FULL COMBO	1953	1	true	2026/09/19 20:46:03
28023	4	P1	0	NO PLAY	0	-	false	2026/09/19 20:46:03
28023	4	DP	0	NO PLAY	0	-	false	2026/09/19 20:46:03
28024	0	P1	0	NO PLAY	0	-	false	2026/09/19 20:46:03
28024	0	DP	0	NO PLAY	0	-	false	2026/09/19 20:46:03
28024	1	P1	0	NO PLAY	0	-	false	2026/09/19 20:46:03
28024	1	DP	0	NO PLAY	0	-	false	2026/09/19 20:46:03
28024	2	P1	0	NO PLAY	0	-	false	2026/09/19 20:46:03
28024	2	DP	6	EX HARD CLEAR	1915	9	true	2026/09/19 20:46:03
28024	3	P1	5	HARD CLEAR	2515	42	true	2026/09/19 20:46:03
28024	3	DP	4	CLEAR	2280	119	true	2026/09/19 20:46:03
28024	4	P1	0	NO PLAY	0	-	false	2026/09/19 20:46:03
28024	4	DP	0	NO PLAY	0	-	false	2026/09/19 20:46:03
28025	0	P1	0	NO PLAY	0	-	false	2026/09/19 20:46:03
28025	0	DP	0	NO PLAY	0	-	false	2026/09/19 20:46:03
28025	1	P1	0	NO PLAY	0	-	false	2026/09/19 20:46:03
28025	1	DP	0	NO PLAY	0	-	false	2026/09/19 20:46:03
28025	2	P1	0	NO PLAY	0	-	false	2026/09/19 20:46:03
28025	2	DP	0	NO PLAY	0	-	false	2026/09/19 20:46:03
28025	3	P1	5	HARD CLEAR	2515	30	true	2026/09/19 20:46:03
28025	3	DP	5	HARD CLEAR	2618	38	true	2026/09/19 20:46:03
28025	4	P1	0	NO PLAY	0	-	false	2026/09/19 20:46:03
28025	4	DP	0	NO PLAY	0	-	false	2026/09/19 20:46:03
28026	0	P1	0	NO PLAY	0	-	false	2026/09/19 20:46:03
28026	0	DP	0	NO PLAY	0	-	false	2026/09/19 20:46:03
28026	1	P1	0	NO PLAY	0	-	false	2026/09/19 20:46:03
28026	1	DP	0	NO PLAY	0	-	false	2026/09/19 20:46:03
28026	2	P1	0	NO PLAY	0	-	false	2026/09/19 20:46:03
28026	2	DP	0	NO PLAY	0	-	false	2026/09/19 20:46:03
28026	3	P1	0	NO PLAY	0	-	false	2026/09/19 20:46:03
28026	3	DP	0	NO PLAY	0	-	false	2026/09/19 20:46:03
28026	4	P1	0	NO PLAY	0	-	false	2026/09/19 20:46:03
28026	4	DP	0	NO PLAY	0	-	false	2026/09/19 20:46:03
28027	0	P1	0	NO PLAY	0	-	false	2026/09/19 20:46:03
28027	0	DP	0	NO PLAY	0	-	false	2026/09/19 20:46:03
28027	1	P1	0	NO PLAY	0	-	false	2026/09/19 20:46:03
28027	1	DP	0	NO PLAY	0	-	false	2026/09/19 20:46:03
28027	2	P1	0	NO PLAY	0	-	false	2026/09/19 20:46:03
28027	2	DP	0	NO PLAY	0	-	false	2026/09/19 20:46:03
28027	3	P1	6	EX HARD CLEAR	2907	14	true	2026/09/19 20:46:03
28027	3	DP	6	EX HARD CLEAR	2749	19	true	2026/09/19 20:46:03
28027	4	P1	0	NO PLAY	0	-	false	2026/09/19 20:46:03
28027	4	DP	0	NO PLAY	0	-	false	2026/09/19 20:46:03
28028	0	P1	0	NO PLAY	0	-	false	2026/09/19 20:46:03
28028	0	DP	0	NO PLAY	0	-	false	2026/09/19 20:46:03
28028	1	P1	0	NO PLAY	0	-	false	2026/09/19 20:46:03
28028	1	DP	0	NO PLAY	0	-	false	2026/09/19 20:46:03
28028	2	P1	0	NO PLAY	0	-	false	2026/09/19 20:46:03
28028	2	DP	0	NO PLAY	0	-	false	2026/09/19 20:46:03
28028	3	P1	0	NO PLAY	0	-	false	2026/09/19 20:46:03
28028	3	DP	6	EX HARD CLEAR	2542	12	true	2026/09/19 20:46:03
28028	4	P1	0	NO PLAY	0	-	false	2026/09/19 20:46:03
28028	4	DP	0	NO PLAY	0	-	false	2026/09/19 20:46:03
28029	0	P1	0	NO PLAY	0	-	false	2026/09/19 20:46:03
28029	0	DP	0	NO PLAY	0	-	false	2026/09/19 20:46:03
28029	1	P1	0	NO PLAY	0	-	false	2026/09/19 20:46:03
28029	1	DP	0	NO PLAY	0	-	false	2026/09/19 20:46:03
28029	2	P1	0	NO PLAY	0	-	false	2026/09/19 20:46:03
28029	2	DP	0	NO PLAY	0	-	false	2026/09/19 20:46:03
28029	3	P1	0	NO PLAY	0	-	false	2026/09/19 20:46:03
28029	3	DP	6	EX HARD CLEAR	2031	13	true	2026/09/19 20:46:03
28029	4	P1	0	NO PLAY	0	-	false	2026/09/19 20:46:03
28029	4	DP	0	NO PLAY	0	-	false	2026/09/19 20:46:03
28030	0	P1	0	NO PLAY	0	-	false	2026/09/19 20:46:03
28030	0	DP	0	NO PLAY	0	-	false	2026/09/19 20:46:03
28030	1	P1	0	NO PLAY	0	-	false	2026/09/19 20:46:03
28030	1	DP	0	NO PLAY	0	-	false	2026/09/19 20:46:03
28030	2	P1	0	NO PLAY	0	-	false	2026/09/19 20:46:03
28030	2	DP	0	NO PLAY	0	-	false	2026/09/19 20:46:03
28030	3	P1	5	HARD CLEAR	2572	46	true	2026/09/19 20:46:03
28030	3	DP	5	HARD CLEAR	2531	37	true	2026/09/19 20:46:03
28030	4	P1	0	NO PLAY	0	-	false	2026/09/19 20:46:03
28030	4	DP	0	NO PLAY	0	-	false	2026/09/19 20:46:03
28031	0	P1	0	NO PLAY	0	-	false	2026/09/19 20:46:03
28031	0	DP	0	NO PLAY	0	-	false	2026/09/19 20:46:03
28031	1	P1	0	NO PLAY	0	-	false	2026/09/19 20:46:03
28031	1	DP	0	NO PLAY	0	-	false	2026/09/19 20:46:03
28031	2	P1	0	NO PLAY	0	-	false	2026/09/19 20:46:03
28031	2	DP	0	NO PLAY	0	-	false	2026/09/19 20:46:03
28031	3	P1	0	NO PLAY	0	-	false	2026/09/19 20:46:03
28031	3	DP	0	NO PLAY	0	-	false	2026/09/19 20:46:03
28031	4	P1	0	NO PLAY	0	-	false	2026/09/19 20:46:03
28031	4	DP	0	NO PLAY	0	-	false	2026/09/19 20:46:03
28032	0	P1	0	NO PLAY	0	-	false	2026/09/19 20:46:03
28032	0	DP	0	NO PLAY	0	-	false	2026/09/19 20:46:03
28032	1	P1	0	NO PLAY	0	-	false	2026/09/19 20:46:03
28032	1	DP	0	NO PLAY	0	-	false	2026/09/19 20:46:03
28032	2	P1	0	NO PLAY	0	-	false	2026/09/19 20:46:03
28032	2	DP	0	NO PLAY	0	-	false	2026/09/19 20:46:03
28032	3	P1	0	NO PLAY	0	-	false	2026/09/19 20:46:03
28032	3	DP	0	NO PLAY	0	-	false	2026/09/19 20:46:03
28032	4	P1	0	NO PLAY	0	-	false	2026/09/19 20:46:03
28032	4	DP	0	NO PLAY	0	-	false	2026/09/19 20:46:03
28033	0	P1	0	NO PLAY	0	-	false	2026/09/19 20:46:03
28033	0	DP	0	NO PLAY	0	-	false	2026/09/19 20:46:03
28033	1	P1	0	NO PLAY	0	-	false	2026/09/19 20:46:03
28033	1	DP	0	NO PLAY	0	-	false	2026/09/19 20:46:03
28033	2	P1	0	NO PLAY	0	-	false	2026/09/19 20:46:03
28033	2	DP	0	NO PLAY	0	-	false	2026/09/19 20:46:03
28033	3	P1	0	NO PLAY	0	-	false	2026/09/19 20:46:03
28033	3	DP	0	NO PLAY	0	-	false	2026/09/19 20:46:03
28033	4	P1	0	NO PLAY	0	-	false	2026/09/19 20:46:03
28033	4	DP	0	NO PLAY	0	-	false	2026/09/19 20:46:03
28034	0	P1	0	NO PLAY	0	-	false	2026/09/19 20:46:03
28034	0	DP	0	NO PLAY	0	-	false	2026/09/19 20:46:03
28034	1	P1	0	NO PLAY	0	-	false	2026/09/19 20:46:03
28034	1	DP	0	NO PLAY	0	-	false	2026/09/19 20:46:03
28034	2	P1	0	NO PLAY	0	-	false	2026/09/19 20:46:03
28034	2	DP	0	NO PLAY	0	-	false	2026/09/19 20:46:03
28034	3	P1	0	NO PLAY	0	-	false	2026/09/19 20:46:03
28034	3	DP	0	NO PLAY	0	-	false	2026/09/19 20:46:03
28034	4	P1	0	NO PLAY	0	-	false	2026/09/19 20:46:03
28034	4	DP	0	NO PLAY	0	-	false	2026/09/19 20:46:03
28035	0	P1	0	NO PLAY	0	-	false	2026/09/19 20:46:03
28035	0	DP	0	NO PLAY	0	-	false	2026/09/19 20:46:03
28035	1	P1	0	NO PLAY	0	-	false	2026/09/19 20:46:03
28035	1	DP	0	NO PLAY	0	-	false	2026/09/19 20:46:03
28035	2	P1	0	NO PLAY	0	-	false	2026/09/19 20:46:03
28035	2	DP	0	NO PLAY	0	-	false	2026/09/19 20:46:03
28035	3	P1	5	HARD CLEAR	2518	43	true	2026/09/19 20:46:03
28035	3	DP	5	HARD CLEAR	2816	35	true	2026/09/19 20:46:03
28035	4	P1	0	NO PLAY	0	-	false	2026/09/19 20:46:03
28035	4	DP	0	NO PLAY	0	-	false	2026/09/19 20:46:03
28039	0	P1	0	NO PLAY	0	-	false	2026/09/19 20:46:03
28039	0	DP	0	NO PLAY	0	-	false	2026/09/19 20:46:03
28039	1	P1	0	NO PLAY	0	-	false	2026/09/19 20:46:03
28039	1	DP	0	NO PLAY	0	-	false	2026/09/19 20:46:03
28039	2	P1	0	NO PLAY	0	-	false	2026/09/19 20:46:03
28039	2	DP	0	NO PLAY	0	-	false	2026/09/19 20:46:03
28039	3	P1	0	NO PLAY	0	-	false	2026/09/19 20:46:03
28039	3	DP	0	NO PLAY	0	-	false	2026/09/19 20:46:03
28039	4	P1	0	NO PLAY	0	-	false	2026/09/19 20:46:03
28039	4	DP	0	NO PLAY	0	-	false	2026/09/19 20:46:03
28040	0	P1	0	NO PLAY	0	-	false	2026/09/19 20:46:03
28040	0	DP	0	NO PLAY	0	-	false	2026/09/19 20:46:03
28040	1	P1	0	NO PLAY	0	-	false	2026/09/19 20:46:03
28040	1	DP	0	NO PLAY	0	-	false	2026/09/19 20:46:03
28040	2	P1	0	NO PLAY	0	-	false	2026/09/19 20:46:03
28040	2	DP	0	NO PLAY	0	-	false	2026/09/19 20:46:03
28040	3	P1	0	NO PLAY	0	-	false	2026/09/19 20:46:03
28040	3	DP	0	NO PLAY	0	-	false	2026/09/19 20:46:03
28040	4	P1	0	NO PLAY	0	-	false	2026/09/19 20:46:03
28040	4	DP	0	NO PLAY	0	-	false	2026/09/19 20:46:03
28041	0	P1	0	NO PLAY	0	-	false	2026/09/19 20:46:03
28041	0	DP	0	NO PLAY	0	-	false	2026/09/19 20:46:03
28041	1	P1	0	NO PLAY	0	-	false	2026/09/19 20:46:03
28041	1	DP	0	NO PLAY	0	-	false	2026/09/19 20:46:03
28041	2	P1	0	NO PLAY	0	-	false	2026/09/19 20:46:03
28041	2	DP	0	NO PLAY	0	-	false	2026/09/19 20:46:03
28041	3	P1	0	NO PLAY	0	-	false	2026/09/19 20:46:03
28041	3	DP	6	EX HARD CLEAR	2380	7	true	2026/09/19 20:46:03
28041	4	P1	0	NO PLAY	0	-	false	2026/09/19 20:46:03
28041	4	DP	0	NO PLAY	0	-	false	2026/09/19 20:46:03
28042	0	P1	0	NO PLAY	0	-	false	2026/09/19 20:46:03
28042	0	DP	0	NO PLAY	0	-	false	2026/09/19 20:46:03
28042	1	P1	0	NO PLAY	0	-	false	2026/09/19 20:46:03
28042	1	DP	0	NO PLAY	0	-	false	2026/09/19 20:46:03
28042	2	P1	0	NO PLAY	0	-	false	2026/09/19 20:46:03
28042	2	DP	0	NO PLAY	0	-	false	2026/09/19 20:46:03
28042	3	P1	0	NO PLAY	0	-	false	2026/09/19 20:46:03
28042	3	DP	0	NO PLAY	0	-	false	2026/09/19 20:46:03
28042	4	P1	0	NO PLAY	0	-	false	2026/09/19 20:46:03
28042	4	DP	0	NO PLAY	0	-	false	2026/09/19 20:46:03
28043	0	P1	0	NO PLAY	0	-	false	2026/09/19 20:46:03
28043	0	DP	0	NO PLAY	0	-	false	2026/09/19 20:46:03
28043	1	P1	0	NO PLAY	0	-	false	2026/09/19 20:46:03
28043	1	DP	0	NO PLAY	0	-	false	2026/09/19 20:46:03
28043	2	P1	0	NO PLAY	0	-	false	2026/09/19 20:46:03
28043	2	DP	0	NO PLAY	0	-	false	2026/09/19 20:46:03
28043	3	P1	5	HARD CLEAR	2057	17	true	2026/09/19 20:46:03
28043	3	DP	5	HARD CLEAR	2277	32	true	2026/09/19 20:46:03
28043	4	P1	0	NO PLAY	0	-	false	2026/09/19 20:46:03
28043	4	DP	0	NO PLAY	0	-	false	2026/09/19 20:46:03
28044	0	P1	0	NO PLAY	0	-	false	2026/09/19 20:46:03
28044	0	DP	0	NO PLAY	0	-	false	2026/09/19 20:46:03
28044	1	P1	0	NO PLAY	0	-	false	2026/09/19 20:46:03
28044	1	DP	0	NO PLAY	0	-	false	2026/09/19 20:46:03
28044	2	P1	0	NO PLAY	0	-	false	2026/09/19 20:46:03
28044	2	DP	0	NO PLAY	0	-	false	2026/09/19 20:46:03
28044	3	P1	0	NO PLAY	0	-	false	2026/09/19 20:46:03
28044	3	DP	0	NO PLAY	0	-	false	2026/09/19 20:46:03
28044	4	P1	0	NO PLAY	0	-	false	2026/09/19 20:46:03
28044	4	DP	0	NO PLAY	0	-	false	2026/09/19 20:46:03
28045	0	P1	0	NO PLAY	0	-	false	2026/09/19 20:46:03
28045	0	DP	0	NO PLAY	0	-	false	2026/09/19 20:46:03
28045	1	P1	0	NO PLAY	0	-	false	2026/09/19 20:46:03
28045	1	DP	0	NO PLAY	0	-	false	2026/09/19 20:46:03
28045	2	P1	0	NO PLAY	0	-	false	2026/09/19 20:46:03
28045	2	DP	0	NO PLAY	0	-	false	2026/09/19 20:46:03
28045	3	P1	3	EASY CLEAR	1901	92	true	2026/09/19 20:46:03
28045	3	DP	6	EX HARD CLEAR	2162	17	true	2026/09/19 20:46:03
28045	4	P1	0	NO PLAY	0	-	false	2026/09/19 20:46:03
28045	4	DP	0	NO PLAY	0	-	false	2026/09/19 20:46:03
28046	0	P1	0	NO PLAY	0	-	false	2026/09/19 20:46:03
28046	0	DP	0	NO PLAY	0	-	false	2026/09/19 20:46:03
28046	1	P1	0	NO PLAY	0	-	false	2026/09/19 20:46:03
28046	1	DP	0	NO PLAY	0	-	false	2026/09/19 20:46:03
28046	2	P1	0	NO PLAY	0	-	false	2026/09/19 20:46:03
28046	2	DP	0	NO PLAY	0	-	false	2026/09/19 20:46:03
28046	3	P1	0	NO PLAY	0	-	false	2026/09/19 20:46:03
28046	3	DP	6	EX HARD CLEAR	2224	10	true	2026/09/19 20:46:03
28046	4	P1	0	NO PLAY	0	-	false	2026/09/19 20:46:03
28046	4	DP	0	NO PLAY	0	-	false	2026/09/19 20:46:03
28047	0	P1	0	NO PLAY	0	-	false	2026/09/19 20:46:03
28047	0	DP	0	NO PLAY	0	-	false	2026/09/19 20:46:03
28047	1	P1	0	NO PLAY	0	-	false	2026/09/19 20:46:03
28047	1	DP	0	NO PLAY	0	-	false	2026/09/19 20:46:03
28047	2	P1	0	NO PLAY	0	-	false	2026/09/19 20:46:03
28047	2	DP	0	NO PLAY	0	-	false	2026/09/19 20:46:03
28047	3	P1	0	NO PLAY	0	-	false	2026/09/19 20:46:03
28047	3	DP	0	NO PLAY	0	-	false	2026/09/19 20:46:03
28047	4	P1	0	NO PLAY	0	-	false	2026/09/19 20:46:03
28047	4	DP	0	NO PLAY	0	-	false	2026/09/19 20:46:03
28048	0	P1	0	NO PLAY	0	-	false	2026/09/19 20:46:03
28048	0	DP	0	NO PLAY	0	-	false	2026/09/19 20:46:03
28048	1	P1	0	NO PLAY	0	-	false	2026/09/19 20:46:03
28048	1	DP	0	NO PLAY	0	-	false	2026/09/19 20:46:03
28048	2	P1	0	NO PLAY	0	-	false	2026/09/19 20:46:03
28048	2	DP	0	NO PLAY	0	-	false	2026/09/19 20:46:03
28048	3	P1	0	NO PLAY	0	-	false	2026/09/19 20:46:03
28048	3	DP	6	EX HARD CLEAR	2509	7	true	2026/09/19 20:46:03
28048	4	P1	0	NO PLAY	0	-	false	2026/09/19 20:46:03
28048	4	DP	0	NO PLAY	0	-	false	2026/09/19 20:46:03
28049	0	P1	0	NO PLAY	0	-	false	2026/09/19 20:46:03
28049	0	DP	0	NO PLAY	0	-	false	2026/09/19 20:46:03
28049	1	P1	0	NO PLAY	0	-	false	2026/09/19 20:46:03
28049	1	DP	0	NO PLAY	0	-	false	2026/09/19 20:46:03
28049	2	P1	0	NO PLAY	0	-	false	2026/09/19 20:46:03
28049	2	DP	0	NO PLAY	0	-	false	2026/09/19 20:46:03
28049	3	P1	0	NO PLAY	0	-	false	2026/09/19 20:46:03
28049	3	DP	0	NO PLAY	0	-	false	2026/09/19 20:46:03
28049	4	P1	0	NO PLAY	0	-	false	2026/09/19 20:46:03
28049	4	DP	0	NO PLAY	0	-	false	2026/09/19 20:46:03
28050	0	P1	0	NO PLAY	0	-	false	2026/09/19 20:46:03
28050	0	DP	0	NO PLAY	0	-	false	2026/09/19 20:46:03
28050	1	P1	0	NO PLAY	0	-	false	2026/09/19 20:46:03
28050	1	DP	0	NO PLAY	0	-	false	2026/09/19 20:46:03
28050	2	P1	0	NO PLAY	0	-	false	2026/09/19 20:46:03
28050	2	DP	0	NO PLAY	0	-	false	2026/09/19 20:46:03
28050	3	P1	0	NO PLAY	0	-	false	2026/09/19 20:46:03
28050	3	DP	6	EX HARD CLEAR	2301	6	true	2026/09/19 20:46:03
28050	4	P1	0	NO PLAY	0	-	false	2026/09/19 20:46:03
28050	4	DP	0	NO PLAY	0	-	false	2026/09/19 20:46:03
28051	0	P1	0	NO PLAY	0	-	false	2026/09/19 20:46:03
28051	0	DP	0	NO PLAY	0	-	false	2026/09/19 20:46:03
28051	1	P1	0	NO PLAY	0	-	false	2026/09/19 20:46:03
28051	1	DP	0	NO PLAY	0	-	false	2026/09/19 20:46:03
28051	2	P1	0	NO PLAY	0	-	false	2026/09/19 20:46:03
28051	2	DP	0	NO PLAY	0	-	false	2026/09/19 20:46:03
28051	3	P1	6	EX HARD CLEAR	2573	13	true	2026/09/19 20:46:03
28051	3	DP	6	EX HARD CLEAR	2588	21	true	2026/09/19 20:46:03
28051	4	P1	0	NO PLAY	0	-	false	2026/09/19 20:46:03
28051	4	DP	0	NO PLAY	0	-	false	2026/09/19 20:46:03
28052	0	P1	0	NO PLAY	0	-	false	2026/09/19 20:46:03
28052	0	DP	0	NO PLAY	0	-	false	2026/09/19 20:46:03
28052	1	P1	0	NO PLAY	0	-	false	2026/09/19 20:46:03
28052	1	DP	0	NO PLAY	0	-	false	2026/09/19 20:46:03
28052	2	P1	0	NO PLAY	0	-	false	2026/09/19 20:46:03
28052	2	DP	0	NO PLAY	0	-	false	2026/09/19 20:46:03
28052	3	P1	0	NO PLAY	0	-	false	2026/09/19 20:46:03
28052	3	DP	0	NO PLAY	0	-	false	2026/09/19 20:46:03
28052	4	P1	0	NO PLAY	0	-	false	2026/09/19 20:46:03
28052	4	DP	0	NO PLAY	0	-	false	2026/09/19 20:46:03
28053	0	P1	0	NO PLAY	0	-	false	2026/09/19 20:46:03
28053	0	DP	0	NO PLAY	0	-	false	2026/09/19 20:46:03
28053	1	P1	0	NO PLAY	0	-	false	2026/09/19 20:46:03
28053	1	DP	0	NO PLAY	0	-	false	2026/09/19 20:46:03
28053	2	P1	0	NO PLAY	0	-	false	2026/09/19 20:46:03
28053	2	DP	0	NO PLAY	0	-	false	2026/09/19 20:46:03
28053	3	P1	6	EX HARD CLEAR	3202	11	true	2026/09/19 20:46:03
28053	3	DP	6	EX HARD CLEAR	2954	12	true	2026/09/19 20:46:03
28053	4	P1	0	NO PLAY	0	-	false	2026/09/19 20:46:03
28053	4	DP	0	NO PLAY	0	-	false	2026/09/19 20:46:03
28054	0	P1	0	NO PLAY	0	-	false	2026/09/19 20:46:03
28054	0	DP	0	NO PLAY	0	-	false	2026/09/19 20:46:03
28054	1	P1	0	NO PLAY	0	-	false	2026/09/19 20:46:03
28054	1	DP	0	NO PLAY	0	-	false	2026/09/19 20:46:03
28054	2	P1	0	NO PLAY	0	-	false	2026/09/19 20:46:03
28054	2	DP	0	NO PLAY	0	-	false	2026/09/19 20:46:03
28054	3	P1	0	NO PLAY	0	-	false	2026/09/19 20:46:03
28054	3	DP	0	NO PLAY	0	-	false	2026/09/19 20:46:03
28054	4	P1	0	NO PLAY	0	-	false	2026/09/19 20:46:03
28054	4	DP	0	NO PLAY	0	-	false	2026/09/19 20:46:03
28055	0	P1	0	NO PLAY	0	-	false	2026/09/19 20:46:03
28055	0	DP	0	NO PLAY	0	-	false	2026/09/19 20:46:03
28055	1	P1	0	NO PLAY	0	-	false	2026/09/19 20:46:03
28055	1	DP	0	NO PLAY	0	-	false	2026/09/19 20:46:03
28055	2	P1	0	NO PLAY	0	-	false	2026/09/19 20:46:03
28055	2	DP	0	NO PLAY	0	-	false	2026/09/19 20:46:03
28055	3	P1	6	EX HARD CLEAR	2665	10	true	2026/09/19 20:46:03
28055	3	DP	6	EX HARD CLEAR	2858	12	true	2026/09/19 20:46:03
28055	4	P1	0	NO PLAY	0	-	false	2026/09/19 20:46:03
28055	4	DP	0	NO PLAY	0	-	false	2026/09/19 20:46:03
28056	0	P1	0	NO PLAY	0	-	false	2026/09/19 20:46:03
28056	0	DP	0	NO PLAY	0	-	false	2026/09/19 20:46:03
28056	1	P1	0	NO PLAY	0	-	false	2026/09/19 20:46:03
28056	1	DP	0	NO PLAY	0	-	false	2026/09/19 20:46:03
28056	2	P1	0	NO PLAY	0	-	false	2026/09/19 20:46:03
28056	2	DP	0	NO PLAY	0	-	false	2026/09/19 20:46:03
28056	3	P1	0	NO PLAY	0	-	false	2026/09/19 20:46:03
28056	3	DP	6	EX HARD CLEAR	2537	15	true	2026/09/19 20:46:03
28056	4	P1	0	NO PLAY	0	-	false	2026/09/19 20:46:03
28056	4	DP	0	NO PLAY	0	-	false	2026/09/19 20:46:03
28057	0	P1	0	NO PLAY	0	-	false	2026/09/19 20:46:03
28057	0	DP	0	NO PLAY	0	-	false	2026/09/19 20:46:03
28057	1	P1	0	NO PLAY	0	-	false	2026/09/19 20:46:03
28057	1	DP	0	NO PLAY	0	-	false	2026/09/19 20:46:03
28057	2	P1	0	NO PLAY	0	-	false	2026/09/19 20:46:03
28057	2	DP	0	NO PLAY	0	-	false	2026/09/19 20:46:03
28057	3	P1	0	NO PLAY	0	-	false	2026/09/19 20:46:03
28057	3	DP	0	NO PLAY	0	-	false	2026/09/19 20:46:03
28057	4	P1	0	NO PLAY	0	-	false	2026/09/19 20:46:03
28057	4	DP	0	NO PLAY	0	-	false	2026/09/19 20:46:03
28058	0	P1	0	NO PLAY	0	-	false	2026/09/19 20:46:03
28058	0	DP	0	NO PLAY	0	-	false	2026/09/19 20:46:03
28058	1	P1	0	NO PLAY	0	-	false	2026/09/19 20:46:03
28058	1	DP	0	NO PLAY	0	-	false	2026/09/19 20:46:03
28058	2	P1	0	NO PLAY	0	-	false	2026/09/19 20:46:03
28058	2	DP	0	NO PLAY	0	-	false	2026/09/19 20:46:03
28058	3	P1	6	EX HARD CLEAR	2896	13	true	2026/09/19 20:46:03
28058	3	DP	6	EX HARD CLEAR	3016	15	true	2026/09/19 20:46:03
28058	4	P1	0	NO PLAY	0	-	false	2026/09/19 20:46:03
28058	4	DP	0	NO PLAY	0	-	false	2026/09/19 20:46:03
28059	0	P1	0	NO PLAY	0	-	false	2026/09/19 20:46:03
28059	0	DP	0	NO PLAY	0	-	false	2026/09/19 20:46:03
28059	1	P1	0	NO PLAY	0	-	false	2026/09/19 20:46:03
28059	1	DP	0	NO PLAY	0	-	false	2026/09/19 20:46:03
28059	2	P1	0	NO PLAY	0	-	false	2026/09/19 20:46:03
28059	2	DP	0	NO PLAY	0	-	false	2026/09/19 20:46:03
28059	3	P1	0	NO PLAY	0	-	false	2026/09/19 20:46:03
28059	3	DP	1	FAILED	1187	-	false	2026/09/19 20:46:03
28059	4	P1	6	EX HARD CLEAR	3108	14	true	2026/09/19 20:46:03
28059	4	DP	6	EX HARD CLEAR	3028	16	true	2026/09/19 20:46:03
28060	0	P1	0	NO PLAY	0	-	false	2026/09/19 20:46:03
28060	0	DP	0	NO PLAY	0	-	false	2026/09/19 20:46:03
28060	1	P1	0	NO PLAY	0	-	false	2026/09/19 20:46:03
28060	1	DP	0	NO PLAY	0	-	false	2026/09/19 20:46:03
28060	2	P1	0	NO PLAY	0	-	false	2026/09/19 20:46:03
28060	2	DP	0	NO PLAY	0	-	false	2026/09/19 20:46:03
28060	3	P1	0	NO PLAY	0	-	false	2026/09/19 20:46:03
28060	3	DP	0	NO PLAY	0	-	false	2026/09/19 20:46:03
28060	4	P1	0	NO PLAY	0	-	false	2026/09/19 20:46:03
28060	4	DP	0	NO PLAY	0	-	false	2026/09/19 20:46:03
28061	0	P1	0	NO PLAY	0	-	false	2026/09/19 20:46:03
28061	0	DP	0	NO PLAY	0	-	false	2026/09/19 20:46:03
28061	1	P1	0	NO PLAY	0	-	false	2026/09/19 20:46:03
28061	1	DP	0	NO PLAY	0	-	false	2026/09/19 20:46:03
28061	2	P1	0	NO PLAY	0	-	false	2026/09/19 20:46:03
28061	2	DP	0	NO PLAY	0	-	false	2026/09/19 20:46:03
28061	3	P1	6	EX HARD CLEAR	2681	17	true	2026/09/19 20:46:03
28061	3	DP	0	NO PLAY	0	-	false	2026/09/19 20:46:03
28061	4	P1	0	NO PLAY	0	-	false	2026/09/19 20:46:03
28061	4	DP	0	NO PLAY	0	-	false	2026/09/19 20:46:03
28062	0	P1	0	NO PLAY	0	-	false	2026/09/19 20:46:03
28062	0	DP	0	NO PLAY	0	-	false	2026/09/19 20:46:03
28062	1	P1	0	NO PLAY	0	-	false	2026/09/19 20:46:03
28062	1	DP	0	NO PLAY	0	-	false	2026/09/19 20:46:03
28062	2	P1	0	NO PLAY	0	-	false	2026/09/19 20:46:03
28062	2	DP	0	NO PLAY	0	-	false	2026/09/19 20:46:03
28062	3	P1	0	NO PLAY	0	-	false	2026/09/19 20:46:03
28062	3	DP	0	NO PLAY	0	-	false	2026/09/19 20:46:03
28062	4	P1	0	NO PLAY	0	-	false	2026/09/19 20:46:03
28062	4	DP	0	NO PLAY	0	-	false	2026/09/19 20:46:03
28063	0	P1	0	NO PLAY	0	-	false	2026/09/19 20:46:03
28063	0	DP	0	NO PLAY	0	-	false	2026/09/19 20:46:03
28063	1	P1	0	NO PLAY	0	-	false	2026/09/19 20:46:03
28063	1	DP	0	NO PLAY	0	-	false	2026/09/19 20:46:03
28063	2	P1	0	NO PLAY	0	-	false	2026/09/19 20:46:03
28063	2	DP	0	NO PLAY	0	-	false	2026/09/19 20:46:03
28063	3	P1	0	NO PLAY	0	-	false	2026/09/19 20:46:03
28063	3	DP	0	NO PLAY	0	-	false	2026/09/19 20:46:03
28063	4	P1	0	NO PLAY	0	-	false	2026/09/19 20:46:03
28063	4	DP	0	NO PLAY	0	-	false	2026/09/19 20:46:03
28064	0	P1	0	NO PLAY	0	-	false	2026/09/19 20:46:03
28064	0	DP	0	NO PLAY	0	-	false	2026/09/19 20:46:03
28064	1	P1	0	NO PLAY	0	-	false	2026/09/19 20:46:03
28064	1	DP	0	NO PLAY	0	-	false	2026/09/19 20:46:03
28064	2	P1	0	NO PLAY	0	-	false	2026/09/19 20:46:03
28064	2	DP	0	NO PLAY	0	-	false	2026/09/19 20:46:03
28064	3	P1	0	NO PLAY	0	-	false	2026/09/19 20:46:03
28064	3	DP	6	EX HARD CLEAR	1614	11	true	2026/09/19 20:46:03
28064	4	P1	0	NO PLAY	0	-	false	2026/09/19 20:46:03
28064	4	DP	0	NO PLAY	0	-	false	2026/09/19 20:46:03
28065	0	P1	0	NO PLAY	0	-	false	2026/09/19 20:46:03
28065	0	DP	0	NO PLAY	0	-	false	2026/09/19 20:46:03
28065	1	P1	0	NO PLAY	0	-	false	2026/09/19 20:46:03
28065	1	DP	0	NO PLAY	0	-	false	2026/09/19 20:46:03
28065	2	P1	0	NO PLAY	0	-	false	2026/09/19 20:46:03
28065	2	DP	0	NO PLAY	0	-	false	2026/09/19 20:46:03
28065	3	P1	6	EX HARD CLEAR	2468	12	true	2026/09/19 20:46:03
28065	3	DP	6	EX HARD CLEAR	2681	9	true	2026/09/19 20:46:03
28065	4	P1	0	NO PLAY	0	-	false	2026/09/19 20:46:03
28065	4	DP	0	NO PLAY	0	-	false	2026/09/19 20:46:03
28066	0	P1	0	NO PLAY	0	-	false	2026/09/19 20:46:03
28066	0	DP	0	NO PLAY	0	-	false	2026/09/19 20:46:03
28066	1	P1	0	NO PLAY	0	-	false	2026/09/19 20:46:03
28066	1	DP	0	NO PLAY	0	-	false	2026/09/19 20:46:03
28066	2	P1	0	NO PLAY	0	-	false	2026/09/19 20:46:03
28066	2	DP	0	NO PLAY	0	-	false	2026/09/19 20:46:03
28066	3	P1	0	NO PLAY	0	-	false	2026/09/19 20:46:03
28066	3	DP	0	NO PLAY	0	-	false	2026/09/19 20:46:03
28066	4	P1	6	EX HARD CLEAR	2602	1	true	2026/09/19 20:46:03
28066	4	DP	6	EX HARD CLEAR	2447	7	true	2026/09/19 20:46:03
28067	0	P1	0	NO PLAY	0	-	false	2026/09/19 20:46:03
28067	0	DP	0	NO PLAY	0	-	false	2026/09/19 20:46:03
28067	1	P1	0	NO PLAY	0	-	false	2026/09/19 20:46:03
28067	1	DP	0	NO PLAY	0	-	false	2026/09/19 20:46:03
28067	2	P1	0	NO PLAY	0	-	false	2026/09/19 20:46:03
28067	2	DP	0	NO PLAY	0	-	false	2026/09/19 20:46:03
28067	3	P1	0	NO PLAY	0	-	false	2026/09/19 20:46:03
28067	3	DP	6	EX HARD CLEAR	2101	7	true	2026/09/19 20:46:03
28067	4	P1	0	NO PLAY	0	-	false	2026/09/19 20:46:03
28067	4	DP	0	NO PLAY	0	-	false	2026/09/19 20:46:03
28068	0	P1	0	NO PLAY	0	-	false	2026/09/19 20:46:03
28068	0	DP	0	NO PLAY	0	-	false	2026/09/19 20:46:03
28068	1	P1	0	NO PLAY	0	-	false	2026/09/19 20:46:03
28068	1	DP	0	NO PLAY	0	-	false	2026/09/19 20:46:03
28068	2	P1	0	NO PLAY	0	-	false	2026/09/19 20:46:03
28068	2	DP	0	NO PLAY	0	-	false	2026/09/19 20:46:03
28068	3	P1	0	NO PLAY	0	-	false	2026/09/19 20:46:03
28068	3	DP	0	NO PLAY	0	-	false	2026/09/19 20:46:03
28068	4	P1	0	NO PLAY	0	-	false	2026/09/19 20:46:03
28068	4	DP	0	NO PLAY	0	-	false	2026/09/19 20:46:03
28069	0	P1	0	NO PLAY	0	-	false	2026/09/19 20:46:03
28069	0	DP	0	NO PLAY	0	-	false	2026/09/19 20:46:03
28069	1	P1	0	NO PLAY	0	-	false	2026/09/19 20:46:03
28069	1	DP	0	NO PLAY	0	-	false	2026/09/19 20:46:03
28069	2	P1	0	NO PLAY	0	-	false	2026/09/19 20:46:03
28069	2	DP	0	NO PLAY	0	-	false	2026/09/19 20:46:03
28069	3	P1	0	NO PLAY	0	-	false	2026/09/19 20:46:03
28069	3	DP	0	NO PLAY	0	-	false	2026/09/19 20:46:03
28069	4	P1	0	NO PLAY	0	-	false	2026/09/19 20:46:03
28069	4	DP	0	NO PLAY	0	-	false	2026/09/19 20:46:03
28070	0	P1	0	NO PLAY	0	-	false	2026/09/19 20:46:03
28070	0	DP	0	NO PLAY	0	-	false	2026/09/19 20:46:03
28070	1	P1	0	NO PLAY	0	-	false	2026/09/19 20:46:03
28070	1	DP	0	NO PLAY	0	-	false	2026/09/19 20:46:03
28070	2	P1	0	NO PLAY	0	-	false	2026/09/19 20:46:03
28070	2	DP	0	NO PLAY	0	-	false	2026/09/19 20:46:03
28070	3	P1	0	NO PLAY	0	-	false	2026/09/19 20:46:03
28070	3	DP	0	NO PLAY	0	-	false	2026/09/19 20:46:03
28070	4	P1	0	NO PLAY	0	-	false	2026/09/19 20:46:03
28070	4	DP	0	NO PLAY	0	-	false	2026/09/19 20:46:03
28071	0	P1	0	NO PLAY	0	-	false	2026/09/19 20:46:03
28071	0	DP	0	NO PLAY	0	-	false	2026/09/19 20:46:03
28071	1	P1	0	NO PLAY	0	-	false	2026/09/19 20:46:03
28071	1	DP	0	NO PLAY	0	-	false	2026/09/19 20:46:03
28071	2	P1	0	NO PLAY	0	-	false	2026/09/19 20:46:03
28071	2	DP	0	NO PLAY	0	-	false	2026/09/19 20:46:03
28071	3	P1	0	NO PLAY	0	-	false	2026/09/19 20:46:03
28071	3	DP	6	EX HARD CLEAR	1913	17	true	2026/09/19 20:46:03
28071	4	P1	0	NO PLAY	0	-	false	2026/09/19 20:46:03
28071	4	DP	0	NO PLAY	0	-	false	2026/09/19 20:46:03
28072	0	P1	0	NO PLAY	0	-	false	2026/09/19 20:46:03
28072	0	DP	0	NO PLAY	0	-	false	2026/09/19 20:46:03
28072	1	P1	0	NO PLAY	0	-	false	2026/09/19 20:46:03
28072	1	DP	0	NO PLAY	0	-	false	2026/09/19 20:46:03
28072	2	P1	0	NO PLAY	0	-	false	2026/09/19 20:46:03
28072	2	DP	0	NO PLAY	0	-	false	2026/09/19 20:46:03
28072	3	P1	0	NO PLAY	0	-	false	2026/09/19 20:46:03
28072	3	DP	0	NO PLAY	0	-	false	2026/09/19 20:46:03
28072	4	P1	0	NO PLAY	0	-	false	2026/09/19 20:46:03
28072	4	DP	0	NO PLAY	0	-	false	2026/09/19 20:46:03
28073	0	P1	0	NO PLAY	0	-	false	2026/09/19 20:46:03
28073	0	DP	0	NO PLAY	0	-	false	2026/09/19 20:46:03
28073	1	P1	0	NO PLAY	0	-	false	2026/09/19 20:46:03
28073	1	DP	0	NO PLAY	0	-	false	2026/09/19 20:46:03
28073	2	P1	0	NO PLAY	0	-	false	2026/09/19 20:46:03
28073	2	DP	0	NO PLAY	0	-	false	2026/09/19 20:46:03
28073	3	P1	6	EX HARD CLEAR	3226	13	true	2026/09/19 20:46:03
28073	3	DP	6	EX HARD CLEAR	3020	14	true	2026/09/19 20:46:03
28073	4	P1	0	NO PLAY	0	-	false	2026/09/19 20:46:03
28073	4	DP	0	NO PLAY	0	-	false	2026/09/19 20:46:03
28076	0	P1	0	NO PLAY	0	-	false	2026/09/19 20:46:03
28076	0	DP	0	NO PLAY	0	-	false	2026/09/19 20:46:03
28076	1	P1	0	NO PLAY	0	-	false	2026/09/19 20:46:03
28076	1	DP	0	NO PLAY	0	-	false	2026/09/19 20:46:03
28076	2	P1	0	NO PLAY	0	-	false	2026/09/19 20:46:03
28076	2	DP	0	NO PLAY	0	-	false	2026/09/19 20:46:03
28076	3	P1	0	NO PLAY	0	-	false	2026/09/19 20:46:03
28076	3	DP	0	NO PLAY	0	-	false	2026/09/19 20:46:03
28076	4	P1	0	NO PLAY	0	-	false	2026/09/19 20:46:03
28076	4	DP	0	NO PLAY	0	-	false	2026/09/19 20:46:03
28077	0	P1	0	NO PLAY	0	-	false	2026/09/19 20:46:03
28077	0	DP	0	NO PLAY	0	-	false	2026/09/19 20:46:03
28077	1	P1	0	NO PLAY	0	-	false	2026/09/19 20:46:03
28077	1	DP	0	NO PLAY	0	-	false	2026/09/19 20:46:03
28077	2	P1	0	NO PLAY	0	-	false	2026/09/19 20:46:03
28077	2	DP	0	NO PLAY	0	-	false	2026/09/19 20:46:03
28077	3	P1	0	NO PLAY	0	-	false	2026/09/19 20:46:03
28077	3	DP	0	NO PLAY	0	-	false	2026/09/19 20:46:03
28077	4	P1	0	NO PLAY	0	-	false	2026/09/19 20:46:03
28077	4	DP	0	NO PLAY	0	-	false	2026/09/19 20:46:03
28079	0	P1	7	FULL COMBO	216	0	true	2026/09/19 20:46:03
28079	0	DP	0	NO PLAY	0	-	false	2026/09/19 20:46:03
28079	1	P1	0	NO PLAY	0	-	false	2026/09/19 20:46:03
28079	1	DP	0	NO PLAY	0	-	false	2026/09/19 20:46:03
28079	2	P1	0	NO PLAY	0	-	false	2026/09/19 20:46:03
28079	2	DP	0	NO PLAY	0	-	false	2026/09/19 20:46:03
28079	3	P1	0	NO PLAY	0	-	false	2026/09/19 20:46:03
28079	3	DP	7	FULL COMBO	2511	0	true	2026/09/19 20:46:03
28079	4	P1	0	NO PLAY	0	-	false	2026/09/19 20:46:03
28079	4	DP	0	NO PLAY	0	-	false	2026/09/19 20:46:03
28080	0	P1	0	NO PLAY	0	-	false	2026/09/19 20:46:03
28080	0	DP	0	NO PLAY	0	-	false	2026/09/19 20:46:03
28080	1	P1	0	NO PLAY	0	-	false	2026/09/19 20:46:03
28080	1	DP	0	NO PLAY	0	-	false	2026/09/19 20:46:03
28080	2	P1	0	NO PLAY	0	-	false	2026/09/19 20:46:03
28080	2	DP	0	NO PLAY	0	-	false	2026/09/19 20:46:03
28080	3	P1	0	NO PLAY	0	-	false	2026/09/19 20:46:03
28080	3	DP	6	EX HARD CLEAR	2295	17	true	2026/09/19 20:46:03
28080	4	P1	0	NO PLAY	0	-	false	2026/09/19 20:46:03
28080	4	DP	0	NO PLAY	0	-	false	2026/09/19 20:46:03
28081	0	P1	0	NO PLAY	0	-	false	2026/09/19 20:46:03
28081	0	DP	0	NO PLAY	0	-	false	2026/09/19 20:46:03
28081	1	P1	0	NO PLAY	0	-	false	2026/09/19 20:46:03
28081	1	DP	0	NO PLAY	0	-	false	2026/09/19 20:46:03
28081	2	P1	0	NO PLAY	0	-	false	2026/09/19 20:46:03
28081	2	DP	0	NO PLAY	0	-	false	2026/09/19 20:46:03
28081	3	P1	6	EX HARD CLEAR	2789	19	true	2026/09/19 20:46:03
28081	3	DP	5	HARD CLEAR	2676	59	true	2026/09/19 20:46:03
28081	4	P1	0	NO PLAY	0	-	false	2026/09/19 20:46:03
28081	4	DP	0	NO PLAY	0	-	false	2026/09/19 20:46:03
28082	0	P1	0	NO PLAY	0	-	false	2026/09/19 20:46:03
28082	0	DP	0	NO PLAY	0	-	false	2026/09/19 20:46:03
28082	1	P1	0	NO PLAY	0	-	false	2026/09/19 20:46:03
28082	1	DP	0	NO PLAY	0	-	false	2026/09/19 20:46:03
28082	2	P1	0	NO PLAY	0	-	false	2026/09/19 20:46:03
28082	2	DP	0	NO PLAY	0	-	false	2026/09/19 20:46:03
28082	3	P1	0	NO PLAY	0	-	false	2026/09/19 20:46:03
28082	3	DP	0	NO PLAY	0	-	false	2026/09/19 20:46:03
28082	4	P1	0	NO PLAY	0	-	false	2026/09/19 20:46:03
28082	4	DP	0	NO PLAY	0	-	false	2026/09/19 20:46:03
28083	0	P1	0	NO PLAY	0	-	false	2026/09/19 20:46:03
28083	0	DP	0	NO PLAY	0	-	false	2026/09/19 20:46:03
28083	1	P1	0	NO PLAY	0	-	false	2026/09/19 20:46:03
28083	1	DP	0	NO PLAY	0	-	false	2026/09/19 20:46:03
28083	2	P1	0	NO PLAY	0	-	false	2026/09/19 20:46:03
28083	2	DP	0	NO PLAY	0	-	false	2026/09/19 20:46:03
28083	3	P1	0	NO PLAY	0	-	false	2026/09/19 20:46:03
28083	3	DP	0	NO PLAY	0	-	false	2026/09/19 20:46:03
28083	4	P1	0	NO PLAY	0	-	false	2026/09/19 20:46:03
28083	4	DP	0	NO PLAY	0	-	false	2026/09/19 20:46:03
28084	0	P1	0	NO PLAY	0	-	false	2026/09/19 20:46:03
28084	0	DP	0	NO PLAY	0	-	false	2026/09/19 20:46:03
28084	1	P1	0	NO PLAY	0	-	false	2026/09/19 20:46:03
28084	1	DP	0	NO PLAY	0	-	false	2026/09/19 20:46:03
28084	2	P1	0	NO PLAY	0	-	false	2026/09/19 20:46:03
28084	2	DP	0	NO PLAY	0	-	false	2026/09/19 20:46:03
28084	3	P1	5	HARD CLEAR	2729	53	true	2026/09/19 20:46:03
28084	3	DP	5	HARD CLEAR	3036	42	true	2026/09/19 20:46:03
28084	4	P1	0	NO PLAY	0	-	false	2026/09/19 20:46:03
28084	4	DP	0	NO PLAY	0	-	false	2026/09/19 20:46:03
28085	0	P1	0	NO PLAY	0	-	false	2026/09/19 20:46:03
28085	0	DP	0	NO PLAY	0	-	false	2026/09/19 20:46:03
28085	1	P1	0	NO PLAY	0	-	false	2026/09/19 20:46:03
28085	1	DP	0	NO PLAY	0	-	false	2026/09/19 20:46:03
28085	2	P1	0	NO PLAY	0	-	false	2026/09/19 20:46:03
28085	2	DP	0	NO PLAY	0	-	false	2026/09/19 20:46:03
28085	3	P1	0	NO PLAY	0	-	false	2026/09/19 20:46:03
28085	3	DP	0	NO PLAY	0	-	false	2026/09/19 20:46:03
28085	4	P1	0	NO PLAY	0	-	false	2026/09/19 20:46:03
28085	4	DP	0	NO PLAY	0	-	false	2026/09/19 20:46:03
28086	0	P1	0	NO PLAY	0	-	false	2026/09/19 20:46:03
28086	0	DP	0	NO PLAY	0	-	false	2026/09/19 20:46:03
28086	1	P1	0	NO PLAY	0	-	false	2026/09/19 20:46:03
28086	1	DP	0	NO PLAY	0	-	false	2026/09/19 20:46:03
28086	2	P1	0	NO PLAY	0	-	false	2026/09/19 20:46:03
28086	2	DP	0	NO PLAY	0	-	false	2026/09/19 20:46:03
28086	3	P1	0	NO PLAY	0	-	false	2026/09/19 20:46:03
28086	3	DP	6	EX HARD CLEAR	2382	13	true	2026/09/19 20:46:03
28086	4	P1	0	NO PLAY	0	-	false	2026/09/19 20:46:03
28086	4	DP	0	NO PLAY	0	-	false	2026/09/19 20:46:03
28087	0	P1	0	NO PLAY	0	-	false	2026/09/19 20:46:03
28087	0	DP	0	NO PLAY	0	-	false	2026/09/19 20:46:03
28087	1	P1	0	NO PLAY	0	-	false	2026/09/19 20:46:03
28087	1	DP	0	NO PLAY	0	-	false	2026/09/19 20:46:03
28087	2	P1	0	NO PLAY	0	-	false	2026/09/19 20:46:03
28087	2	DP	0	NO PLAY	0	-	false	2026/09/19 20:46:03
28087	3	P1	6	EX HARD CLEAR	2631	16	true	2026/09/19 20:46:03
28087	3	DP	5	HARD CLEAR	2632	32	true	2026/09/19 20:46:03
28087	4	P1	0	NO PLAY	0	-	false	2026/09/19 20:46:03
28087	4	DP	0	NO PLAY	0	-	false	2026/09/19 20:46:03
28088	0	P1	0	NO PLAY	0	-	false	2026/09/19 20:46:03
28088	0	DP	0	NO PLAY	0	-	false	2026/09/19 20:46:03
28088	1	P1	0	NO PLAY	0	-	false	2026/09/19 20:46:03
28088	1	DP	0	NO PLAY	0	-	false	2026/09/19 20:46:03
28088	2	P1	0	NO PLAY	0	-	false	2026/09/19 20:46:03
28088	2	DP	0	NO PLAY	0	-	false	2026/09/19 20:46:03
28088	3	P1	5	HARD CLEAR	1909	48	true	2026/09/19 20:46:03
28088	3	DP	6	EX HARD CLEAR	1886	6	true	2026/09/19 20:46:03
28088	4	P1	0	NO PLAY	0	-	false	2026/09/19 20:46:03
28088	4	DP	0	NO PLAY	0	-	false	2026/09/19 20:46:03
28089	0	P1	0	NO PLAY	0	-	false	2026/09/19 20:46:03
28089	0	DP	0	NO PLAY	0	-	false	2026/09/19 20:46:03
28089	1	P1	0	NO PLAY	0	-	false	2026/09/19 20:46:03
28089	1	DP	0	NO PLAY	0	-	false	2026/09/19 20:46:03
28089	2	P1	0	NO PLAY	0	-	false	2026/09/19 20:46:03
28089	2	DP	0	NO PLAY	0	-	false	2026/09/19 20:46:03
28089	3	P1	0	NO PLAY	0	-	false	2026/09/19 20:46:03
28089	3	DP	0	NO PLAY	0	-	false	2026/09/19 20:46:03
28089	4	P1	0	NO PLAY	0	-	false	2026/09/19 20:46:03
28089	4	DP	0	NO PLAY	0	-	false	2026/09/19 20:46:03
28090	0	P1	0	NO PLAY	0	-	false	2026/09/19 20:46:03
28090	0	DP	0	NO PLAY	0	-	false	2026/09/19 20:46:03
28090	1	P1	0	NO PLAY	0	-	false	2026/09/19 20:46:03
28090	1	DP	0	NO PLAY	0	-	false	2026/09/19 20:46:03
28090	2	P1	0	NO PLAY	0	-	false	2026/09/19 20:46:03
28090	2	DP	0	NO PLAY	0	-	false	2026/09/19 20:46:03
28090	3	P1	6	EX HARD CLEAR	2925	22	true	2026/09/19 20:46:03
28090	3	DP	6	EX HARD CLEAR	2476	15	true	2026/09/19 20:46:03
28090	4	P1	0	NO PLAY	0	-	false	2026/09/19 20:46:03
28090	4	DP	0	NO PLAY	0	-	false	2026/09/19 20:46:03
28091	0	P1	0	NO PLAY	0	-	false	2026/09/19 20:46:03
28091	0	DP	0	NO PLAY	0	-	false	2026/09/19 20:46:03
28091	1	P1	0	NO PLAY	0	-	false	2026/09/19 20:46:03
28091	1	DP	0	NO PLAY	0	-	false	2026/09/19 20:46:03
28091	2	P1	0	NO PLAY	0	-	false	2026/09/19 20:46:03
28091	2	DP	0	NO PLAY	0	-	false	2026/09/19 20:46:03
28091	3	P1	6	EX HARD CLEAR	2958	22	true	2026/09/19 20:46:03
28091	3	DP	5	HARD CLEAR	3016	40	true	2026/09/19 20:46:03
28091	4	P1	0	NO PLAY	0	-	false	2026/09/19 20:46:03
28091	4	DP	0	NO PLAY	0	-	false	2026/09/19 20:46:03
28092	0	P1	0	NO PLAY	0	-	false	2026/09/19 20:46:03
28092	0	DP	0	NO PLAY	0	-	false	2026/09/19 20:46:03
28092	1	P1	0	NO PLAY	0	-	false	2026/09/19 20:46:03
28092	1	DP	0	NO PLAY	0	-	false	2026/09/19 20:46:03
28092	2	P1	0	NO PLAY	0	-	false	2026/09/19 20:46:03
28092	2	DP	0	NO PLAY	0	-	false	2026/09/19 20:46:03
28092	3	P1	0	NO PLAY	0	-	false	2026/09/19 20:46:03
28092	3	DP	0	NO PLAY	0	-	false	2026/09/19 20:46:03
28092	4	P1	0	NO PLAY	0	-	false	2026/09/19 20:46:03
28092	4	DP	0	NO PLAY	0	-	false	2026/09/19 20:46:03
28094	0	P1	0	NO PLAY	0	-	false	2026/09/19 20:46:03
28094	0	DP	0	NO PLAY	0	-	false	2026/09/19 20:46:03
28094	1	P1	0	NO PLAY	0	-	false	2026/09/19 20:46:03
28094	1	DP	0	NO PLAY	0	-	false	2026/09/19 20:46:03
28094	2	P1	0	NO PLAY	0	-	false	2026/09/19 20:46:03
28094	2	DP	0	NO PLAY	0	-	false	2026/09/19 20:46:03
28094	3	P1	0	NO PLAY	0	-	false	2026/09/19 20:46:03
28094	3	DP	6	EX HARD CLEAR	2375	10	true	2026/09/19 20:46:03
28094	4	P1	0	NO PLAY	0	-	false	2026/09/19 20:46:03
28094	4	DP	0	NO PLAY	0	-	false	2026/09/19 20:46:03
28095	0	P1	0	NO PLAY	0	-	false	2026/09/19 20:46:03
28095	0	DP	0	NO PLAY	0	-	false	2026/09/19 20:46:03
28095	1	P1	0	NO PLAY	0	-	false	2026/09/19 20:46:03
28095	1	DP	0	NO PLAY	0	-	false	2026/09/19 20:46:03
28095	2	P1	0	NO PLAY	0	-	false	2026/09/19 20:46:03
28095	2	DP	0	NO PLAY	0	-	false	2026/09/19 20:46:03
28095	3	P1	0	NO PLAY	0	-	false	2026/09/19 20:46:03
28095	3	DP	0	NO PLAY	0	-	false	2026/09/19 20:46:03
28095	4	P1	0	NO PLAY	0	-	false	2026/09/19 20:46:03
28095	4	DP	0	NO PLAY	0	-	false	2026/09/19 20:46:03
28096	0	P1	0	NO PLAY	0	-	false	2026/09/19 20:46:03
28096	0	DP	0	NO PLAY	0	-	false	2026/09/19 20:46:03
28096	1	P1	0	NO PLAY	0	-	false	2026/09/19 20:46:03
28096	1	DP	0	NO PLAY	0	-	false	2026/09/19 20:46:03
28096	2	P1	0	NO PLAY	0	-	false	2026/09/19 20:46:03
28096	2	DP	0	NO PLAY	0	-	false	2026/09/19 20:46:03
28096	3	P1	5	HARD CLEAR	2906	36	true	2026/09/19 20:46:03
28096	3	DP	5	HARD CLEAR	2747	48	true	2026/09/19 20:46:03
28096	4	P1	0	NO PLAY	0	-	false	2026/09/19 20:46:03
28096	4	DP	0	NO PLAY	0	-	false	2026/09/19 20:46:03
28098	0	P1	0	NO PLAY	0	-	false	2026/09/19 20:46:03
28098	0	DP	0	NO PLAY	0	-	false	2026/09/19 20:46:03
28098	1	P1	0	NO PLAY	0	-	false	2026/09/19 20:46:03
28098	1	DP	0	NO PLAY	0	-	false	2026/09/19 20:46:03
28098	2	P1	0	NO PLAY	0	-	false	2026/09/19 20:46:03
28098	2	DP	0	NO PLAY	0	-	false	2026/09/19 20:46:03
28098	3	P1	0	NO PLAY	0	-	false	2026/09/19 20:46:03
28098	3	DP	7	FULL COMBO	1821	2	true	2026/09/19 20:46:03
28098	4	P1	0	NO PLAY	0	-	false	2026/09/19 20:46:03
28098	4	DP	0	NO PLAY	0	-	false	2026/09/19 20:46:03
28100	0	P1	0	NO PLAY	0	-	false	2026/09/19 20:46:03
28100	0	DP	0	NO PLAY	0	-	false	2026/09/19 20:46:03
28100	1	P1	0	NO PLAY	0	-	false	2026/09/19 20:46:03
28100	1	DP	0	NO PLAY	0	-	false	2026/09/19 20:46:03
28100	2	P1	0	NO PLAY	0	-	false	2026/09/19 20:46:03
28100	2	DP	0	NO PLAY	0	-	false	2026/09/19 20:46:03
28100	3	P1	0	NO PLAY	0	-	false	2026/09/19 20:46:03
28100	3	DP	0	NO PLAY	0	-	false	2026/09/19 20:46:03
28100	4	P1	0	NO PLAY	0	-	false	2026/09/19 20:46:03
28100	4	DP	0	NO PLAY	0	-	false	2026/09/19 20:46:03
28101	0	P1	0	NO PLAY	0	-	false	2026/09/19 20:46:03
28101	0	DP	0	NO PLAY	0	-	false	2026/09/19 20:46:03
28101	1	P1	0	NO PLAY	0	-	false	2026/09/19 20:46:03
28101	1	DP	0	NO PLAY	0	-	false	2026/09/19 20:46:03
28101	2	P1	0	NO PLAY	0	-	false	2026/09/19 20:46:03
28101	2	DP	0	NO PLAY	0	-	false	2026/09/19 20:46:03
28101	3	P1	0	NO PLAY	0	-	false	2026/09/19 20:46:03
28101	3	DP	0	NO PLAY	0	-	false	2026/09/19 20:46:03
28101	4	P1	0	NO PLAY	0	-	false	2026/09/19 20:46:03
28101	4	DP	0	NO PLAY	0	-	false	2026/09/19 20:46:03
28102	0	P1	0	NO PLAY	0	-	false	2026/09/19 20:46:03
28102	0	DP	0	NO PLAY	0	-	false	2026/09/19 20:46:03
28102	1	P1	0	NO PLAY	0	-	false	2026/09/19 20:46:03
28102	1	DP	0	NO PLAY	0	-	false	2026/09/19 20:46:03
28102	2	P1	0	NO PLAY	0	-	false	2026/09/19 20:46:03
28102	2	DP	0	NO PLAY	0	-	false	2026/09/19 20:46:03
28102	3	P1	0	NO PLAY	0	-	false	2026/09/19 20:46:03
28102	3	DP	6	EX HARD CLEAR	1731	9	true	2026/09/19 20:46:03
28102	4	P1	0	NO PLAY	0	-	false	2026/09/19 20:46:03
28102	4	DP	0	NO PLAY	0	-	false	2026/09/19 20:46:03
28109	0	P1	0	NO PLAY	0	-	false	2026/09/19 20:46:03
28109	0	DP	0	NO PLAY	0	-	false	2026/09/19 20:46:03
28109	1	P1	0	NO PLAY	0	-	false	2026/09/19 20:46:03
28109	1	DP	0	NO PLAY	0	-	false	2026/09/19 20:46:03
28109	2	P1	0	NO PLAY	0	-	false	2026/09/19 20:46:03
28109	2	DP	0	NO PLAY	0	-	false	2026/09/19 20:46:03
28109	3	P1	0	NO PLAY	0	-	false	2026/09/19 20:46:03
28109	3	DP	6	EX HARD CLEAR	2006	3	true	2026/09/19 20:46:03
28109	4	P1	0	NO PLAY	0	-	false	2026/09/19 20:46:03
28109	4	DP	0	NO PLAY	0	-	false	2026/09/19 20:46:03
28110	0	P1	0	NO PLAY	0	-	false	2026/09/19 20:46:03
28110	0	DP	0	NO PLAY	0	-	false	2026/09/19 20:46:03
28110	1	P1	0	NO PLAY	0	-	false	2026/09/19 20:46:03
28110	1	DP	0	NO PLAY	0	-	false	2026/09/19 20:46:03
28110	2	P1	0	NO PLAY	0	-	false	2026/09/19 20:46:03
28110	2	DP	0	NO PLAY	0	-	false	2026/09/19 20:46:03
28110	3	P1	0	NO PLAY	0	-	false	2026/09/19 20:46:03
28110	3	DP	0	NO PLAY	0	-	false	2026/09/19 20:46:03
28110	4	P1	0	NO PLAY	0	-	false	2026/09/19 20:46:03
28110	4	DP	0	NO PLAY	0	-	false	2026/09/19 20:46:03
28111	0	P1	0	NO PLAY	0	-	false	2026/09/19 20:46:03
28111	0	DP	0	NO PLAY	0	-	false	2026/09/19 20:46:03
28111	1	P1	0	NO PLAY	0	-	false	2026/09/19 20:46:03
28111	1	DP	0	NO PLAY	0	-	false	2026/09/19 20:46:03
28111	2	P1	0	NO PLAY	0	-	false	2026/09/19 20:46:03
28111	2	DP	0	NO PLAY	0	-	false	2026/09/19 20:46:03
28111	3	P1	0	NO PLAY	0	-	false	2026/09/19 20:46:03
28111	3	DP	6	EX HARD CLEAR	2273	8	true	2026/09/19 20:46:03
28111	4	P1	0	NO PLAY	0	-	false	2026/09/19 20:46:03
28111	4	DP	0	NO PLAY	0	-	false	2026/09/19 20:46:03
28112	0	P1	0	NO PLAY	0	-	false	2026/09/19 20:46:03
28112	0	DP	0	NO PLAY	0	-	false	2026/09/19 20:46:03
28112	1	P1	0	NO PLAY	0	-	false	2026/09/19 20:46:03
28112	1	DP	0	NO PLAY	0	-	false	2026/09/19 20:46:03
28112	2	P1	0	NO PLAY	0	-	false	2026/09/19 20:46:03
28112	2	DP	6	EX HARD CLEAR	1704	7	true	2026/09/19 20:46:03
28112	3	P1	6	EX HARD CLEAR	2975	5	true	2026/09/19 20:46:03
28112	3	DP	6	EX HARD CLEAR	2854	8	true	2026/09/19 20:46:03
28112	4	P1	0	NO PLAY	0	-	false	2026/09/19 20:46:03
28112	4	DP	0	NO PLAY	0	-	false	2026/09/19 20:46:03
28113	0	P1	0	NO PLAY	0	-	false	2026/09/19 20:46:03
28113	0	DP	0	NO PLAY	0	-	false	2026/09/19 20:46:03
28113	1	P1	0	NO PLAY	0	-	false	2026/09/19 20:46:03
28113	1	DP	0	NO PLAY	0	-	false	2026/09/19 20:46:03
28113	2	P1	0	NO PLAY	0	-	false	2026/09/19 20:46:03
28113	2	DP	0	NO PLAY	0	-	false	2026/09/19 20:46:03
28113	3	P1	0	NO PLAY	0	-	false	2026/09/19 20:46:03
28113	3	DP	0	NO PLAY	0	-	false	2026/09/19 20:46:03
28113	4	P1	0	NO PLAY	0	-	false	2026/09/19 20:46:03
28113	4	DP	0	NO PLAY	0	-	false	2026/09/19 20:46:03
28114	0	P1	0	NO PLAY	0	-	false	2026/09/19 20:46:03
28114	0	DP	0	NO PLAY	0	-	false	2026/09/19 20:46:03
28114	1	P1	0	NO PLAY	0	-	false	2026/09/19 20:46:03
28114	1	DP	0	NO PLAY	0	-	false	2026/09/19 20:46:03
28114	2	P1	0	NO PLAY	0	-	false	2026/09/19 20:46:03
28114	2	DP	0	NO PLAY	0	-	false	2026/09/19 20:46:03
28114	3	P1	6	EX HARD CLEAR	3162	15	true	2026/09/19 20:46:03
28114	3	DP	6	EX HARD CLEAR	3153	19	true	2026/09/19 20:46:03
28114	4	P1	0	NO PLAY	0	-	false	2026/09/19 20:46:03
28114	4	DP	0	NO PLAY	0	-	false	2026/09/19 20:46:03
29000	0	P1	0	NO PLAY	0	-	false	2026/09/19 20:46:03
29000	0	DP	0	NO PLAY	0	-	false	2026/09/19 20:46:03
29000	1	P1	0	NO PLAY	0	-	false	2026/09/19 20:46:03
29000	1	DP	0	NO PLAY	0	-	false	2026/09/19 20:46:03
29000	2	P1	0	NO PLAY	0	-	false	2026/09/19 20:46:03
29000	2	DP	0	NO PLAY	0	-	false	2026/09/19 20:46:03
29000	3	P1	6	EX HARD CLEAR	3097	11	true	2026/09/19 20:46:03
29000	3	DP	5	HARD CLEAR	3308	28	true	2026/09/19 20:46:03
29000	4	P1	0	NO PLAY	0	-	false	2026/09/19 20:46:03
29000	4	DP	0	NO PLAY	0	-	false	2026/09/19 20:46:03
29001	0	P1	0	NO PLAY	0	-	false	2026/09/19 20:46:03
29001	0	DP	0	NO PLAY	0	-	false	2026/09/19 20:46:03
29001	1	P1	0	NO PLAY	0	-	false	2026/09/19 20:46:03
29001	1	DP	0	NO PLAY	0	-	false	2026/09/19 20:46:03
29001	2	P1	0	NO PLAY	0	-	false	2026/09/19 20:46:03
29001	2	DP	0	NO PLAY	0	-	false	2026/09/19 20:46:03
29001	3	P1	0	NO PLAY	0	-	false	2026/09/19 20:46:03
29001	3	DP	0	NO PLAY	0	-	false	2026/09/19 20:46:03
29001	4	P1	0	NO PLAY	0	-	false	2026/09/19 20:46:03
29001	4	DP	0	NO PLAY	0	-	false	2026/09/19 20:46:03
29003	0	P1	0	NO PLAY	0	-	false	2026/09/19 20:46:03
29003	0	DP	0	NO PLAY	0	-	false	2026/09/19 20:46:03
29003	1	P1	0	NO PLAY	0	-	false	2026/09/19 20:46:03
29003	1	DP	0	NO PLAY	0	-	false	2026/09/19 20:46:03
29003	2	P1	0	NO PLAY	0	-	false	2026/09/19 20:46:03
29003	2	DP	0	NO PLAY	0	-	false	2026/09/19 20:46:03
29003	3	P1	6	EX HARD CLEAR	3619	13	true	2026/09/19 20:46:03
29003	3	DP	5	HARD CLEAR	3458	44	true	2026/09/19 20:46:03
29003	4	P1	0	NO PLAY	0	-	false	2026/09/19 20:46:03
29003	4	DP	0	NO PLAY	0	-	false	2026/09/19 20:46:03
29005	0	P1	0	NO PLAY	0	-	false	2026/09/19 20:46:03
29005	0	DP	0	NO PLAY	0	-	false	2026/09/19 20:46:03
29005	1	P1	0	NO PLAY	0	-	false	2026/09/19 20:46:03
29005	1	DP	0	NO PLAY	0	-	false	2026/09/19 20:46:03
29005	2	P1	0	NO PLAY	0	-	false	2026/09/19 20:46:03
29005	2	DP	0	NO PLAY	0	-	false	2026/09/19 20:46:03
29005	3	P1	1	FAILED	0	-	false	2026/09/19 20:46:03
29005	3	DP	0	NO PLAY	0	-	false	2026/09/19 20:46:03
29005	4	P1	0	NO PLAY	0	-	false	2026/09/19 20:46:03
29005	4	DP	0	NO PLAY	0	-	false	2026/09/19 20:46:03
29006	0	P1	0	NO PLAY	0	-	false	2026/09/19 20:46:03
29006	0	DP	0	NO PLAY	0	-	false	2026/09/19 20:46:03
29006	1	P1	0	NO PLAY	0	-	false	2026/09/19 20:46:03
29006	1	DP	0	NO PLAY	0	-	false	2026/09/19 20:46:03
29006	2	P1	0	NO PLAY	0	-	false	2026/09/19 20:46:03
29006	2	DP	0	NO PLAY	0	-	false	2026/09/19 20:46:03
29006	3	P1	0	NO PLAY	0	-	false	2026/09/19 20:46:03
29006	3	DP	6	EX HARD CLEAR	2109	13	true	2026/09/19 20:46:03
29006	4	P1	0	NO PLAY	0	-	false	2026/09/19 20:46:03
29006	4	DP	0	NO PLAY	0	-	false	2026/09/19 20:46:03
29007	0	P1	0	NO PLAY	0	-	false	2026/09/19 20:46:03
29007	0	DP	0	NO PLAY	0	-	false	2026/09/19 20:46:03
29007	1	P1	0	NO PLAY	0	-	false	2026/09/19 20:46:03
29007	1	DP	0	NO PLAY	0	-	false	2026/09/19 20:46:03
29007	2	P1	0	NO PLAY	0	-	false	2026/09/19 20:46:03
29007	2	DP	0	NO PLAY	0	-	false	2026/09/19 20:46:03
29007	3	P1	6	EX HARD CLEAR	2929	13	true	2026/09/19 20:46:03
29007	3	DP	6	EX HARD CLEAR	3119	13	true	2026/09/19 20:46:03
29007	4	P1	0	NO PLAY	0	-	false	2026/09/19 20:46:03
29007	4	DP	0	NO PLAY	0	-	false	2026/09/19 20:46:03
29008	0	P1	2	ASSIST CLEAR	70	-	false	2026/09/19 20:46:03
29008	0	DP	0	NO PLAY	0	-	false	2026/09/19 20:46:03
29008	1	P1	0	NO PLAY	0	-	false	2026/09/19 20:46:03
29008	1	DP	0	NO PLAY	0	-	false	2026/09/19 20:46:03
29008	2	P1	0	NO PLAY	0	-	false	2026/09/19 20:46:03
29008	2	DP	0	NO PLAY	0	-	false	2026/09/19 20:46:03
29008	3	P1	0	NO PLAY	0	-	false	2026/09/19 20:46:03
29008	3	DP	0	NO PLAY	0	-	false	2026/09/19 20:46:03
29008	4	P1	0	NO PLAY	0	-	false	2026/09/19 20:46:03
29008	4	DP	0	NO PLAY	0	-	false	2026/09/19 20:46:03
29009	0	P1	0	NO PLAY	0	-	false	2026/09/19 20:46:03
29009	0	DP	0	NO PLAY	0	-	false	2026/09/19 20:46:03
29009	1	P1	0	NO PLAY	0	-	false	2026/09/19 20:46:03
29009	1	DP	0	NO PLAY	0	-	false	2026/09/19 20:46:03
29009	2	P1	0	NO PLAY	0	-	false	2026/09/19 20:46:03
29009	2	DP	0	NO PLAY	0	-	false	2026/09/19 20:46:03
29009	3	P1	0	NO PLAY	0	-	false	2026/09/19 20:46:03
29009	3	DP	0	NO PLAY	0	-	false	2026/09/19 20:46:03
29009	4	P1	0	NO PLAY	0	-	false	2026/09/19 20:46:03
29009	4	DP	0	NO PLAY	0	-	false	2026/09/19 20:46:03
29010	0	P1	0	NO PLAY	0	-	false	2026/09/19 20:46:03
29010	0	DP	0	NO PLAY	0	-	false	2026/09/19 20:46:03
29010	1	P1	0	NO PLAY	0	-	false	2026/09/19 20:46:03
29010	1	DP	0	NO PLAY	0	-	false	2026/09/19 20:46:03
29010	2	P1	0	NO PLAY	0	-	false	2026/09/19 20:46:03
29010	2	DP	0	NO PLAY	0	-	false	2026/09/19 20:46:03
29010	3	P1	6	EX HARD CLEAR	2957	14	true	2026/09/19 20:46:03
29010	3	DP	5	HARD CLEAR	3027	38	true	2026/09/19 20:46:03
29010	4	P1	0	NO PLAY	0	-	false	2026/09/19 20:46:03
29010	4	DP	0	NO PLAY	0	-	false	2026/09/19 20:46:03
29011	0	P1	0	NO PLAY	0	-	false	2026/09/19 20:46:03
29011	0	DP	0	NO PLAY	0	-	false	2026/09/19 20:46:03
29011	1	P1	0	NO PLAY	0	-	false	2026/09/19 20:46:03
29011	1	DP	0	NO PLAY	0	-	false	2026/09/19 20:46:03
29011	2	P1	0	NO PLAY	0	-	false	2026/09/19 20:46:03
29011	2	DP	0	NO PLAY	0	-	false	2026/09/19 20:46:03
29011	3	P1	0	NO PLAY	0	-	false	2026/09/19 20:46:03
29011	3	DP	0	NO PLAY	0	-	false	2026/09/19 20:46:03
29011	4	P1	0	NO PLAY	0	-	false	2026/09/19 20:46:03
29011	4	DP	0	NO PLAY	0	-	false	2026/09/19 20:46:03
29012	0	P1	0	NO PLAY	0	-	false	2026/09/19 20:46:03
29012	0	DP	0	NO PLAY	0	-	false	2026/09/19 20:46:03
29012	1	P1	0	NO PLAY	0	-	false	2026/09/19 20:46:03
29012	1	DP	0	NO PLAY	0	-	false	2026/09/19 20:46:03
29012	2	P1	0	NO PLAY	0	-	false	2026/09/19 20:46:03
29012	2	DP	0	NO PLAY	0	-	false	2026/09/19 20:46:03
29012	3	P1	0	NO PLAY	0	-	false	2026/09/19 20:46:03
29012	3	DP	0	NO PLAY	0	-	false	2026/09/19 20:46:03
29012	4	P1	6	EX HARD CLEAR	2556	12	true	2026/09/19 20:46:03
29012	4	DP	6	EX HARD CLEAR	2606	9	true	2026/09/19 20:46:03
29013	0	P1	0	NO PLAY	0	-	false	2026/09/19 20:46:03
29013	0	DP	0	NO PLAY	0	-	false	2026/09/19 20:46:03
29013	1	P1	0	NO PLAY	0	-	false	2026/09/19 20:46:03
29013	1	DP	0	NO PLAY	0	-	false	2026/09/19 20:46:03
29013	2	P1	0	NO PLAY	0	-	false	2026/09/19 20:46:03
29013	2	DP	0	NO PLAY	0	-	false	2026/09/19 20:46:03
29013	3	P1	0	NO PLAY	0	-	false	2026/09/19 20:46:03
29013	3	DP	0	NO PLAY	0	-	false	2026/09/19 20:46:03
29013	4	P1	0	NO PLAY	0	-	false	2026/09/19 20:46:03
29013	4	DP	0	NO PLAY	0	-	false	2026/09/19 20:46:03
29014	0	P1	0	NO PLAY	0	-	false	2026/09/19 20:46:03
29014	0	DP	0	NO PLAY	0	-	false	2026/09/19 20:46:03
29014	1	P1	0	NO PLAY	0	-	false	2026/09/19 20:46:03
29014	1	DP	0	NO PLAY	0	-	false	2026/09/19 20:46:03
29014	2	P1	0	NO PLAY	0	-	false	2026/09/19 20:46:03
29014	2	DP	0	NO PLAY	0	-	false	2026/09/19 20:46:03
29014	3	P1	0	NO PLAY	0	-	false	2026/09/19 20:46:03
29014	3	DP	0	NO PLAY	0	-	false	2026/09/19 20:46:03
29014	4	P1	0	NO PLAY	0	-	false	2026/09/19 20:46:03
29014	4	DP	0	NO PLAY	0	-	false	2026/09/19 20:46:03
29015	0	P1	0	NO PLAY	0	-	false	2026/09/19 20:46:03
29015	0	DP	0	NO PLAY	0	-	false	2026/09/19 20:46:03
29015	1	P1	0	NO PLAY	0	-	false	2026/09/19 20:46:03
29015	1	DP	0	NO PLAY	0	-	false	2026/09/19 20:46:03
29015	2	P1	0	NO PLAY	0	-	false	2026/09/19 20:46:03
29015	2	DP	0	NO PLAY	0	-	false	2026/09/19 20:46:03
29015	3	P1	0	NO PLAY	0	-	false	2026/09/19 20:46:03
29015	3	DP	0	NO PLAY	0	-	false	2026/09/19 20:46:03
29015	4	P1	0	NO PLAY	0	-	false	2026/09/19 20:46:03
29015	4	DP	0	NO PLAY	0	-	false	2026/09/19 20:46:03
29016	0	P1	0	NO PLAY	0	-	false	2026/09/19 20:46:03
29016	0	DP	0	NO PLAY	0	-	false	2026/09/19 20:46:03
29016	1	P1	0	NO PLAY	0	-	false	2026/09/19 20:46:03
29016	1	DP	0	NO PLAY	0	-	false	2026/09/19 20:46:03
29016	2	P1	0	NO PLAY	0	-	false	2026/09/19 20:46:03
29016	2	DP	0	NO PLAY	0	-	false	2026/09/19 20:46:03
29016	3	P1	0	NO PLAY	0	-	false	2026/09/19 20:46:03
29016	3	DP	0	NO PLAY	0	-	false	2026/09/19 20:46:03
29016	4	P1	0	NO PLAY	0	-	false	2026/09/19 20:46:03
29016	4	DP	0	NO PLAY	0	-	false	2026/09/19 20:46:03
29017	0	P1	0	NO PLAY	0	-	false	2026/09/19 20:46:03
29017	0	DP	0	NO PLAY	0	-	false	2026/09/19 20:46:03
29017	1	P1	0	NO PLAY	0	-	false	2026/09/19 20:46:03
29017	1	DP	0	NO PLAY	0	-	false	2026/09/19 20:46:03
29017	2	P1	0	NO PLAY	0	-	false	2026/09/19 20:46:03
29017	2	DP	0	NO PLAY	0	-	false	2026/09/19 20:46:03
29017	3	P1	6	EX HARD CLEAR	2868	16	true	2026/09/19 20:46:03
29017	3	DP	5	HARD CLEAR	2882	53	true	2026/09/19 20:46:03
29017	4	P1	0	NO PLAY	0	-	false	2026/09/19 20:46:03
29017	4	DP	0	NO PLAY	0	-	false	2026/09/19 20:46:03
29018	0	P1	0	NO PLAY	0	-	false	2026/09/19 20:46:03
29018	0	DP	0	NO PLAY	0	-	false	2026/09/19 20:46:03
29018	1	P1	0	NO PLAY	0	-	false	2026/09/19 20:46:03
29018	1	DP	0	NO PLAY	0	-	false	2026/09/19 20:46:03
29018	2	P1	0	NO PLAY	0	-	false	2026/09/19 20:46:03
29018	2	DP	0	NO PLAY	0	-	false	2026/09/19 20:46:03
29018	3	P1	0	NO PLAY	0	-	false	2026/09/19 20:46:03
29018	3	DP	6	EX HARD CLEAR	2296	4	true	2026/09/19 20:46:03
29018	4	P1	0	NO PLAY	0	-	false	2026/09/19 20:46:03
29018	4	DP	0	NO PLAY	0	-	false	2026/09/19 20:46:03
29019	0	P1	0	NO PLAY	0	-	false	2026/09/19 20:46:03
29019	0	DP	0	NO PLAY	0	-	false	2026/09/19 20:46:03
29019	1	P1	0	NO PLAY	0	-	false	2026/09/19 20:46:03
29019	1	DP	0	NO PLAY	0	-	false	2026/09/19 20:46:03
29019	2	P1	0	NO PLAY	0	-	false	2026/09/19 20:46:03
29019	2	DP	0	NO PLAY	0	-	false	2026/09/19 20:46:03
29019	3	P1	0	NO PLAY	0	-	false	2026/09/19 20:46:03
29019	3	DP	0	NO PLAY	0	-	false	2026/09/19 20:46:03
29019	4	P1	0	NO PLAY	0	-	false	2026/09/19 20:46:03
29019	4	DP	0	NO PLAY	0	-	false	2026/09/19 20:46:03
29020	0	P1	0	NO PLAY	0	-	false	2026/09/19 20:46:03
29020	0	DP	0	NO PLAY	0	-	false	2026/09/19 20:46:03
29020	1	P1	0	NO PLAY	0	-	false	2026/09/19 20:46:03
29020	1	DP	0	NO PLAY	0	-	false	2026/09/19 20:46:03
29020	2	P1	0	NO PLAY	0	-	false	2026/09/19 20:46:03
29020	2	DP	0	NO PLAY	0	-	false	2026/09/19 20:46:03
29020	3	P1	0	NO PLAY	0	-	false	2026/09/19 20:46:03
29020	3	DP	6	EX HARD CLEAR	2336	11	true	2026/09/19 20:46:03
29020	4	P1	0	NO PLAY	0	-	false	2026/09/19 20:46:03
29020	4	DP	0	NO PLAY	0	-	false	2026/09/19 20:46:03
29021	0	P1	0	NO PLAY	0	-	false	2026/09/19 20:46:03
29021	0	DP	0	NO PLAY	0	-	false	2026/09/19 20:46:03
29021	1	P1	0	NO PLAY	0	-	false	2026/09/19 20:46:03
29021	1	DP	0	NO PLAY	0	-	false	2026/09/19 20:46:03
29021	2	P1	0	NO PLAY	0	-	false	2026/09/19 20:46:03
29021	2	DP	0	NO PLAY	0	-	false	2026/09/19 20:46:03
29021	3	P1	0	NO PLAY	0	-	false	2026/09/19 20:46:03
29021	3	DP	0	NO PLAY	0	-	false	2026/09/19 20:46:03
29021	4	P1	0	NO PLAY	0	-	false	2026/09/19 20:46:03
29021	4	DP	0	NO PLAY	0	-	false	2026/09/19 20:46:03
29022	0	P1	0	NO PLAY	0	-	false	2026/09/19 20:46:03
29022	0	DP	0	NO PLAY	0	-	false	2026/09/19 20:46:03
29022	1	P1	0	NO PLAY	0	-	false	2026/09/19 20:46:03
29022	1	DP	0	NO PLAY	0	-	false	2026/09/19 20:46:03
29022	2	P1	0	NO PLAY	0	-	false	2026/09/19 20:46:03
29022	2	DP	0	NO PLAY	0	-	false	2026/09/19 20:46:03
29022	3	P1	0	NO PLAY	0	-	false	2026/09/19 20:46:03
29022	3	DP	0	NO PLAY	0	-	false	2026/09/19 20:46:03
29022	4	P1	0	NO PLAY	0	-	false	2026/09/19 20:46:03
29022	4	DP	0	NO PLAY	0	-	false	2026/09/19 20:46:03
29023	0	P1	0	NO PLAY	0	-	false	2026/09/19 20:46:03
29023	0	DP	0	NO PLAY	0	-	false	2026/09/19 20:46:03
29023	1	P1	0	NO PLAY	0	-	false	2026/09/19 20:46:03
29023	1	DP	0	NO PLAY	0	-	false	2026/09/19 20:46:03
29023	2	P1	0	NO PLAY	0	-	false	2026/09/19 20:46:03
29023	2	DP	0	NO PLAY	0	-	false	2026/09/19 20:46:03
29023	3	P1	0	NO PLAY	0	-	false	2026/09/19 20:46:03
29023	3	DP	6	EX HARD CLEAR	2538	7	true	2026/09/19 20:46:03
29023	4	P1	0	NO PLAY	0	-	false	2026/09/19 20:46:03
29023	4	DP	0	NO PLAY	0	-	false	2026/09/19 20:46:03
29024	0	P1	0	NO PLAY	0	-	false	2026/09/19 20:46:03
29024	0	DP	0	NO PLAY	0	-	false	2026/09/19 20:46:03
29024	1	P1	0	NO PLAY	0	-	false	2026/09/19 20:46:03
29024	1	DP	0	NO PLAY	0	-	false	2026/09/19 20:46:03
29024	2	P1	0	NO PLAY	0	-	false	2026/09/19 20:46:03
29024	2	DP	0	NO PLAY	0	-	false	2026/09/19 20:46:03
29024	3	P1	0	NO PLAY	0	-	false	2026/09/19 20:46:03
29024	3	DP	0	NO PLAY	0	-	false	2026/09/19 20:46:03
29024	4	P1	0	NO PLAY	0	-	false	2026/09/19 20:46:03
29024	4	DP	0	NO PLAY	0	-	false	2026/09/19 20:46:03
29025	0	P1	0	NO PLAY	0	-	false	2026/09/19 20:46:03
29025	0	DP	0	NO PLAY	0	-	false	2026/09/19 20:46:03
29025	1	P1	0	NO PLAY	0	-	false	2026/09/19 20:46:03
29025	1	DP	0	NO PLAY	0	-	false	2026/09/19 20:46:03
29025	2	P1	0	NO PLAY	0	-	false	2026/09/19 20:46:03
29025	2	DP	0	NO PLAY	0	-	false	2026/09/19 20:46:03
29025	3	P1	6	EX HARD CLEAR	2471	16	true	2026/09/19 20:46:03
29025	3	DP	5	HARD CLEAR	2330	23	true	2026/09/19 20:46:03
29025	4	P1	0	NO PLAY	0	-	false	2026/09/19 20:46:03
29025	4	DP	0	NO PLAY	0	-	false	2026/09/19 20:46:03
29026	0	P1	0	NO PLAY	0	-	false	2026/09/19 20:46:03
29026	0	DP	0	NO PLAY	0	-	false	2026/09/19 20:46:03
29026	1	P1	0	NO PLAY	0	-	false	2026/09/19 20:46:03
29026	1	DP	0	NO PLAY	0	-	false	2026/09/19 20:46:03
29026	2	P1	0	NO PLAY	0	-	false	2026/09/19 20:46:03
29026	2	DP	0	NO PLAY	0	-	false	2026/09/19 20:46:03
29026	3	P1	0	NO PLAY	0	-	false	2026/09/19 20:46:03
29026	3	DP	6	EX HARD CLEAR	2019	5	true	2026/09/19 20:46:03
29026	4	P1	0	NO PLAY	0	-	false	2026/09/19 20:46:03
29026	4	DP	0	NO PLAY	0	-	false	2026/09/19 20:46:03
29027	0	P1	0	NO PLAY	0	-	false	2026/09/19 20:46:03
29027	0	DP	0	NO PLAY	0	-	false	2026/09/19 20:46:03
29027	1	P1	0	NO PLAY	0	-	false	2026/09/19 20:46:03
29027	1	DP	0	NO PLAY	0	-	false	2026/09/19 20:46:03
29027	2	P1	0	NO PLAY	0	-	false	2026/09/19 20:46:03
29027	2	DP	0	NO PLAY	0	-	false	2026/09/19 20:46:03
29027	3	P1	5	HARD CLEAR	2720	47	true	2026/09/19 20:46:03
29027	3	DP	5	HARD CLEAR	2596	34	true	2026/09/19 20:46:03
29027	4	P1	0	NO PLAY	0	-	false	2026/09/19 20:46:03
29027	4	DP	0	NO PLAY	0	-	false	2026/09/19 20:46:03
29028	0	P1	0	NO PLAY	0	-	false	2026/09/19 20:46:03
29028	0	DP	0	NO PLAY	0	-	false	2026/09/19 20:46:03
29028	1	P1	0	NO PLAY	0	-	false	2026/09/19 20:46:03
29028	1	DP	0	NO PLAY	0	-	false	2026/09/19 20:46:03
29028	2	P1	0	NO PLAY	0	-	false	2026/09/19 20:46:03
29028	2	DP	0	NO PLAY	0	-	false	2026/09/19 20:46:03
29028	3	P1	0	NO PLAY	0	-	false	2026/09/19 20:46:03
29028	3	DP	0	NO PLAY	0	-	false	2026/09/19 20:46:03
29028	4	P1	0	NO PLAY	0	-	false	2026/09/19 20:46:03
29028	4	DP	0	NO PLAY	0	-	false	2026/09/19 20:46:03
29029	0	P1	0	NO PLAY	0	-	false	2026/09/19 20:46:03
29029	0	DP	0	NO PLAY	0	-	false	2026/09/19 20:46:03
29029	1	P1	0	NO PLAY	0	-	false	2026/09/19 20:46:03
29029	1	DP	0	NO PLAY	0	-	false	2026/09/19 20:46:03
29029	2	P1	0	NO PLAY	0	-	false	2026/09/19 20:46:03
29029	2	DP	0	NO PLAY	0	-	false	2026/09/19 20:46:03
29029	3	P1	6	EX HARD CLEAR	2573	13	true	2026/09/19 20:46:03
29029	3	DP	6	EX HARD CLEAR	2584	19	true	2026/09/19 20:46:03
29029	4	P1	0	NO PLAY	0	-	false	2026/09/19 20:46:03
29029	4	DP	0	NO PLAY	0	-	false	2026/09/19 20:46:03
29030	0	P1	0	NO PLAY	0	-	false	2026/09/19 20:46:03
29030	0	DP	0	NO PLAY	0	-	false	2026/09/19 20:46:03
29030	1	P1	0	NO PLAY	0	-	false	2026/09/19 20:46:03
29030	1	DP	0	NO PLAY	0	-	false	2026/09/19 20:46:03
29030	2	P1	0	NO PLAY	0	-	false	2026/09/19 20:46:03
29030	2	DP	0	NO PLAY	0	-	false	2026/09/19 20:46:03
29030	3	P1	5	HARD CLEAR	2520	39	true	2026/09/19 20:46:03
29030	3	DP	5	HARD CLEAR	2331	36	true	2026/09/19 20:46:03
29030	4	P1	0	NO PLAY	0	-	false	2026/09/19 20:46:03
29030	4	DP	0	NO PLAY	0	-	false	2026/09/19 20:46:03
29031	0	P1	0	NO PLAY	0	-	false	2026/09/19 20:46:03
29031	0	DP	0	NO PLAY	0	-	false	2026/09/19 20:46:03
29031	1	P1	0	NO PLAY	0	-	false	2026/09/19 20:46:03
29031	1	DP	0	NO PLAY	0	-	false	2026/09/19 20:46:03
29031	2	P1	0	NO PLAY	0	-	false	2026/09/19 20:46:03
29031	2	DP	0	NO PLAY	0	-	false	2026/09/19 20:46:03
29031	3	P1	6	EX HARD CLEAR	2603	15	true	2026/09/19 20:46:03
29031	3	DP	6	EX HARD CLEAR	2588	16	true	2026/09/19 20:46:03
29031	4	P1	0	NO PLAY	0	-	false	2026/09/19 20:46:03
29031	4	DP	0	NO PLAY	0	-	false	2026/09/19 20:46:03
29032	0	P1	0	NO PLAY	0	-	false	2026/09/19 20:46:03
29032	0	DP	0	NO PLAY	0	-	false	2026/09/19 20:46:03
29032	1	P1	0	NO PLAY	0	-	false	2026/09/19 20:46:03
29032	1	DP	0	NO PLAY	0	-	false	2026/09/19 20:46:03
29032	2	P1	0	NO PLAY	0	-	false	2026/09/19 20:46:03
29032	2	DP	0	NO PLAY	0	-	false	2026/09/19 20:46:03
29032	3	P1	0	NO PLAY	0	-	false	2026/09/19 20:46:03
29032	3	DP	0	NO PLAY	0	-	false	2026/09/19 20:46:03
29032	4	P1	0	NO PLAY	0	-	false	2026/09/19 20:46:03
29032	4	DP	0	NO PLAY	0	-	false	2026/09/19 20:46:03
29033	0	P1	0	NO PLAY	0	-	false	2026/09/19 20:46:03
29033	0	DP	0	NO PLAY	0	-	false	2026/09/19 20:46:03
29033	1	P1	0	NO PLAY	0	-	false	2026/09/19 20:46:03
29033	1	DP	0	NO PLAY	0	-	false	2026/09/19 20:46:03
29033	2	P1	0	NO PLAY	0	-	false	2026/09/19 20:46:03
29033	2	DP	0	NO PLAY	0	-	false	2026/09/19 20:46:03
29033	3	P1	0	NO PLAY	0	-	false	2026/09/19 20:46:03
29033	3	DP	6	EX HARD CLEAR	2550	16	true	2026/09/19 20:46:03
29033	4	P1	0	NO PLAY	0	-	false	2026/09/19 20:46:03
29033	4	DP	0	NO PLAY	0	-	false	2026/09/19 20:46:03
29035	0	P1	0	NO PLAY	0	-	false	2026/09/19 20:46:03
29035	0	DP	0	NO PLAY	0	-	false	2026/09/19 20:46:03
29035	1	P1	0	NO PLAY	0	-	false	2026/09/19 20:46:03
29035	1	DP	0	NO PLAY	0	-	false	2026/09/19 20:46:03
29035	2	P1	0	NO PLAY	0	-	false	2026/09/19 20:46:03
29035	2	DP	0	NO PLAY	0	-	false	2026/09/19 20:46:03
29035	3	P1	0	NO PLAY	0	-	false	2026/09/19 20:46:03
29035	3	DP	0	NO PLAY	0	-	false	2026/09/19 20:46:03
29035	4	P1	0	NO PLAY	0	-	false	2026/09/19 20:46:03
29035	4	DP	0	NO PLAY	0	-	false	2026/09/19 20:46:03
29036	0	P1	0	NO PLAY	0	-	false	2026/09/19 20:46:03
29036	0	DP	0	NO PLAY	0	-	false	2026/09/19 20:46:03
29036	1	P1	0	NO PLAY	0	-	false	2026/09/19 20:46:03
29036	1	DP	0	NO PLAY	0	-	false	2026/09/19 20:46:03
29036	2	P1	0	NO PLAY	0	-	false	2026/09/19 20:46:03
29036	2	DP	0	NO PLAY	0	-	false	2026/09/19 20:46:03
29036	3	P1	0	NO PLAY	0	-	false	2026/09/19 20:46:03
29036	3	DP	0	NO PLAY	0	-	false	2026/09/19 20:46:03
29036	4	P1	0	NO PLAY	0	-	false	2026/09/19 20:46:03
29036	4	DP	0	NO PLAY	0	-	false	2026/09/19 20:46:03
29037	0	P1	0	NO PLAY	0	-	false	2026/09/19 20:46:03
29037	0	DP	0	NO PLAY	0	-	false	2026/09/19 20:46:03
29037	1	P1	0	NO PLAY	0	-	false	2026/09/19 20:46:03
29037	1	DP	0	NO PLAY	0	-	false	2026/09/19 20:46:03
29037	2	P1	0	NO PLAY	0	-	false	2026/09/19 20:46:03
29037	2	DP	0	NO PLAY	0	-	false	2026/09/19 20:46:03
29037	3	P1	0	NO PLAY	0	-	false	2026/09/19 20:46:03
29037	3	DP	0	NO PLAY	0	-	false	2026/09/19 20:46:03
29037	4	P1	0	NO PLAY	0	-	false	2026/09/19 20:46:03
29037	4	DP	0	NO PLAY	0	-	false	2026/09/19 20:46:03
29038	0	P1	0	NO PLAY	0	-	false	2026/09/19 20:46:03
29038	0	DP	0	NO PLAY	0	-	false	2026/09/19 20:46:03
29038	1	P1	0	NO PLAY	0	-	false	2026/09/19 20:46:03
29038	1	DP	0	NO PLAY	0	-	false	2026/09/19 20:46:03
29038	2	P1	0	NO PLAY	0	-	false	2026/09/19 20:46:03
29038	2	DP	0	NO PLAY	0	-	false	2026/09/19 20:46:03
29038	3	P1	0	NO PLAY	0	-	false	2026/09/19 20:46:03
29038	3	DP	1	FAILED	2136	-	false	2026/09/19 20:46:03
29038	4	P1	0	NO PLAY	0	-	false	2026/09/19 20:46:03
29038	4	DP	0	NO PLAY	0	-	false	2026/09/19 20:46:03
29039	0	P1	0	NO PLAY	0	-	false	2026/09/19 20:46:03
29039	0	DP	0	NO PLAY	0	-	false	2026/09/19 20:46:03
29039	1	P1	0	NO PLAY	0	-	false	2026/09/19 20:46:03
29039	1	DP	0	NO PLAY	0	-	false	2026/09/19 20:46:03
29039	2	P1	0	NO PLAY	0	-	false	2026/09/19 20:46:03
29039	2	DP	0	NO PLAY	0	-	false	2026/09/19 20:46:03
29039	3	P1	0	NO PLAY	0	-	false	2026/09/19 20:46:03
29039	3	DP	6	EX HARD CLEAR	2578	8	true	2026/09/19 20:46:03
29039	4	P1	0	NO PLAY	0	-	false	2026/09/19 20:46:03
29039	4	DP	0	NO PLAY	0	-	false	2026/09/19 20:46:03
29040	0	P1	0	NO PLAY	0	-	false	2026/09/19 20:46:03
29040	0	DP	0	NO PLAY	0	-	false	2026/09/19 20:46:03
29040	1	P1	0	NO PLAY	0	-	false	2026/09/19 20:46:03
29040	1	DP	0	NO PLAY	0	-	false	2026/09/19 20:46:03
29040	2	P1	0	NO PLAY	0	-	false	2026/09/19 20:46:03
29040	2	DP	0	NO PLAY	0	-	false	2026/09/19 20:46:03
29040	3	P1	0	NO PLAY	0	-	false	2026/09/19 20:46:03
29040	3	DP	0	NO PLAY	0	-	false	2026/09/19 20:46:03
29040	4	P1	0	NO PLAY	0	-	false	2026/09/19 20:46:03
29040	4	DP	0	NO PLAY	0	-	false	2026/09/19 20:46:03
29041	0	P1	1	FAILED	52	-	false	2026/09/19 20:46:03
29041	0	DP	0	NO PLAY	0	-	false	2026/09/19 20:46:03
29041	1	P1	0	NO PLAY	0	-	false	2026/09/19 20:46:03
29041	1	DP	0	NO PLAY	0	-	false	2026/09/19 20:46:03
29041	2	P1	0	NO PLAY	0	-	false	2026/09/19 20:46:03
29041	2	DP	0	NO PLAY	0	-	false	2026/09/19 20:46:03
29041	3	P1	6	EX HARD CLEAR	2841	17	true	2026/09/19 20:46:03
29041	3	DP	6	EX HARD CLEAR	2530	17	true	2026/09/19 20:46:03
29041	4	P1	0	NO PLAY	0	-	false	2026/09/19 20:46:03
29041	4	DP	0	NO PLAY	0	-	false	2026/09/19 20:46:03
29042	0	P1	0	NO PLAY	0	-	false	2026/09/19 20:46:03
29042	0	DP	0	NO PLAY	0	-	false	2026/09/19 20:46:03
29042	1	P1	0	NO PLAY	0	-	false	2026/09/19 20:46:03
29042	1	DP	0	NO PLAY	0	-	false	2026/09/19 20:46:03
29042	2	P1	6	EX HARD CLEAR	1990	3	true	2026/09/19 20:46:03
29042	2	DP	7	FULL COMBO	2048	1	true	2026/09/19 20:46:03
29042	3	P1	5	HARD CLEAR	2918	38	true	2026/09/19 20:46:03
29042	3	DP	5	HARD CLEAR	2839	41	true	2026/09/19 20:46:03
29042	4	P1	0	NO PLAY	0	-	false	2026/09/19 20:46:03
29042	4	DP	0	NO PLAY	0	-	false	2026/09/19 20:46:03
29043	0	P1	0	NO PLAY	0	-	false	2026/09/19 20:46:03
29043	0	DP	0	NO PLAY	0	-	false	2026/09/19 20:46:03
29043	1	P1	0	NO PLAY	0	-	false	2026/09/19 20:46:03
29043	1	DP	0	NO PLAY	0	-	false	2026/09/19 20:46:03
29043	2	P1	0	NO PLAY	0	-	false	2026/09/19 20:46:03
29043	2	DP	0	NO PLAY	0	-	false	2026/09/19 20:46:03
29043	3	P1	0	NO PLAY	0	-	false	2026/09/19 20:46:03
29043	3	DP	0	NO PLAY	0	-	false	2026/09/19 20:46:03
29043	4	P1	0	NO PLAY	0	-	false	2026/09/19 20:46:03
29043	4	DP	0	NO PLAY	0	-	false	2026/09/19 20:46:03
29044	0	P1	0	NO PLAY	0	-	false	2026/09/19 20:46:03
29044	0	DP	0	NO PLAY	0	-	false	2026/09/19 20:46:03
29044	1	P1	0	NO PLAY	0	-	false	2026/09/19 20:46:03
29044	1	DP	0	NO PLAY	0	-	false	2026/09/19 20:46:03
29044	2	P1	0	NO PLAY	0	-	false	2026/09/19 20:46:03
29044	2	DP	0	NO PLAY	0	-	false	2026/09/19 20:46:03
29044	3	P1	0	NO PLAY	0	-	false	2026/09/19 20:46:03
29044	3	DP	0	NO PLAY	0	-	false	2026/09/19 20:46:03
29044	4	P1	0	NO PLAY	0	-	false	2026/09/19 20:46:03
29044	4	DP	0	NO PLAY	0	-	false	2026/09/19 20:46:03
29045	0	P1	0	NO PLAY	0	-	false	2026/09/19 20:46:03
29045	0	DP	0	NO PLAY	0	-	false	2026/09/19 20:46:03
29045	1	P1	0	NO PLAY	0	-	false	2026/09/19 20:46:03
29045	1	DP	0	NO PLAY	0	-	false	2026/09/19 20:46:03
29045	2	P1	0	NO PLAY	0	-	false	2026/09/19 20:46:03
29045	2	DP	0	NO PLAY	0	-	false	2026/09/19 20:46:03
29045	3	P1	6	EX HARD CLEAR	2439	17	true	2026/09/19 20:46:03
29045	3	DP	6	EX HARD CLEAR	2475	17	true	2026/09/19 20:46:03
29045	4	P1	0	NO PLAY	0	-	false	2026/09/19 20:46:03
29045	4	DP	0	NO PLAY	0	-	false	2026/09/19 20:46:03
29046	0	P1	0	NO PLAY	0	-	false	2026/09/19 20:46:03
29046	0	DP	0	NO PLAY	0	-	false	2026/09/19 20:46:03
29046	1	P1	0	NO PLAY	0	-	false	2026/09/19 20:46:03
29046	1	DP	0	NO PLAY	0	-	false	2026/09/19 20:46:03
29046	2	P1	0	NO PLAY	0	-	false	2026/09/19 20:46:03
29046	2	DP	0	NO PLAY	0	-	false	2026/09/19 20:46:03
29046	3	P1	0	NO PLAY	0	-	false	2026/09/19 20:46:03
29046	3	DP	0	NO PLAY	0	-	false	2026/09/19 20:46:03
29046	4	P1	0	NO PLAY	0	-	false	2026/09/19 20:46:03
29046	4	DP	0	NO PLAY	0	-	false	2026/09/19 20:46:03
29047	0	P1	0	NO PLAY	0	-	false	2026/09/19 20:46:03
29047	0	DP	0	NO PLAY	0	-	false	2026/09/19 20:46:03
29047	1	P1	0	NO PLAY	0	-	false	2026/09/19 20:46:03
29047	1	DP	0	NO PLAY	0	-	false	2026/09/19 20:46:03
29047	2	P1	0	NO PLAY	0	-	false	2026/09/19 20:46:03
29047	2	DP	0	NO PLAY	0	-	false	2026/09/19 20:46:03
29047	3	P1	0	NO PLAY	0	-	false	2026/09/19 20:46:03
29047	3	DP	6	EX HARD CLEAR	2534	12	true	2026/09/19 20:46:03
29047	4	P1	0	NO PLAY	0	-	false	2026/09/19 20:46:03
29047	4	DP	0	NO PLAY	0	-	false	2026/09/19 20:46:03
29049	0	P1	0	NO PLAY	0	-	false	2026/09/19 20:46:03
29049	0	DP	0	NO PLAY	0	-	false	2026/09/19 20:46:03
29049	1	P1	0	NO PLAY	0	-	false	2026/09/19 20:46:03
29049	1	DP	0	NO PLAY	0	-	false	2026/09/19 20:46:03
29049	2	P1	0	NO PLAY	0	-	false	2026/09/19 20:46:03
29049	2	DP	0	NO PLAY	0	-	false	2026/09/19 20:46:03
29049	3	P1	6	EX HARD CLEAR	3054	7	true	2026/09/19 20:46:03
29049	3	DP	6	EX HARD CLEAR	3074	21	true	2026/09/19 20:46:03
29049	4	P1	0	NO PLAY	0	-	false	2026/09/19 20:46:03
29049	4	DP	0	NO PLAY	0	-	false	2026/09/19 20:46:03
29050	0	P1	0	NO PLAY	0	-	false	2026/09/19 20:46:03
29050	0	DP	0	NO PLAY	0	-	false	2026/09/19 20:46:03
29050	1	P1	0	NO PLAY	0	-	false	2026/09/19 20:46:03
29050	1	DP	0	NO PLAY	0	-	false	2026/09/19 20:46:03
29050	2	P1	0	NO PLAY	0	-	false	2026/09/19 20:46:03
29050	2	DP	0	NO PLAY	0	-	false	2026/09/19 20:46:03
29050	3	P1	5	HARD CLEAR	2698	73	true	2026/09/19 20:46:03
29050	3	DP	5	HARD CLEAR	2783	62	true	2026/09/19 20:46:03
29050	4	P1	0	NO PLAY	0	-	false	2026/09/19 20:46:03
29050	4	DP	0	NO PLAY	0	-	false	2026/09/19 20:46:03
29051	0	P1	0	NO PLAY	0	-	false	2026/09/19 20:46:03
29051	0	DP	0	NO PLAY	0	-	false	2026/09/19 20:46:03
29051	1	P1	0	NO PLAY	0	-	false	2026/09/19 20:46:03
29051	1	DP	0	NO PLAY	0	-	false	2026/09/19 20:46:03
29051	2	P1	0	NO PLAY	0	-	false	2026/09/19 20:46:03
29051	2	DP	0	NO PLAY	0	-	false	2026/09/19 20:46:03
29051	3	P1	0	NO PLAY	0	-	false	2026/09/19 20:46:03
29051	3	DP	0	NO PLAY	0	-	false	2026/09/19 20:46:03
29051	4	P1	0	NO PLAY	0	-	false	2026/09/19 20:46:03
29051	4	DP	0	NO PLAY	0	-	false	2026/09/19 20:46:03
29052	0	P1	0	NO PLAY	0	-	false	2026/09/19 20:46:03
29052	0	DP	0	NO PLAY	0	-	false	2026/09/19 20:46:03
29052	1	P1	0	NO PLAY	0	-	false	2026/09/19 20:46:03
29052	1	DP	0	NO PLAY	0	-	false	2026/09/19 20:46:03
29052	2	P1	0	NO PLAY	0	-	false	2026/09/19 20:46:03
29052	2	DP	0	NO PLAY	0	-	false	2026/09/19 20:46:03
29052	3	P1	6	EX HARD CLEAR	2799	21	true	2026/09/19 20:46:03
29052	3	DP	6	EX HARD CLEAR	2702	24	true	2026/09/19 20:46:03
29052	4	P1	0	NO PLAY	0	-	false	2026/09/19 20:46:03
29052	4	DP	0	NO PLAY	0	-	false	2026/09/19 20:46:03
29053	0	P1	0	NO PLAY	0	-	false	2026/09/19 20:46:03
29053	0	DP	0	NO PLAY	0	-	false	2026/09/19 20:46:03
29053	1	P1	0	NO PLAY	0	-	false	2026/09/19 20:46:03
29053	1	DP	0	NO PLAY	0	-	false	2026/09/19 20:46:03
29053	2	P1	0	NO PLAY	0	-	false	2026/09/19 20:46:03
29053	2	DP	0	NO PLAY	0	-	false	2026/09/19 20:46:03
29053	3	P1	0	NO PLAY	0	-	false	2026/09/19 20:46:03
29053	3	DP	6	EX HARD CLEAR	2221	16	true	2026/09/19 20:46:03
29053	4	P1	0	NO PLAY	0	-	false	2026/09/19 20:46:03
29053	4	DP	0	NO PLAY	0	-	false	2026/09/19 20:46:03
29055	0	P1	0	NO PLAY	0	-	false	2026/09/19 20:46:03
29055	0	DP	0	NO PLAY	0	-	false	2026/09/19 20:46:03
29055	1	P1	0	NO PLAY	0	-	false	2026/09/19 20:46:03
29055	1	DP	0	NO PLAY	0	-	false	2026/09/19 20:46:03
29055	2	P1	0	NO PLAY	0	-	false	2026/09/19 20:46:03
29055	2	DP	0	NO PLAY	0	-	false	2026/09/19 20:46:03
29055	3	P1	0	NO PLAY	0	-	false	2026/09/19 20:46:03
29055	3	DP	0	NO PLAY	0	-	false	2026/09/19 20:46:03
29055	4	P1	0	NO PLAY	0	-	false	2026/09/19 20:46:03
29055	4	DP	0	NO PLAY	0	-	false	2026/09/19 20:46:03
29056	0	P1	0	NO PLAY	0	-	false	2026/09/19 20:46:03
29056	0	DP	0	NO PLAY	0	-	false	2026/09/19 20:46:03
29056	1	P1	0	NO PLAY	0	-	false	2026/09/19 20:46:03
29056	1	DP	0	NO PLAY	0	-	false	2026/09/19 20:46:03
29056	2	P1	0	NO PLAY	0	-	false	2026/09/19 20:46:03
29056	2	DP	0	NO PLAY	0	-	false	2026/09/19 20:46:03
29056	3	P1	0	NO PLAY	0	-	false	2026/09/19 20:46:03
29056	3	DP	0	NO PLAY	0	-	false	2026/09/19 20:46:03
29056	4	P1	0	NO PLAY	0	-	false	2026/09/19 20:46:03
29056	4	DP	0	NO PLAY	0	-	false	2026/09/19 20:46:03
29057	0	P1	0	NO PLAY	0	-	false	2026/09/19 20:46:03
29057	0	DP	0	NO PLAY	0	-	false	2026/09/19 20:46:03
29057	1	P1	0	NO PLAY	0	-	false	2026/09/19 20:46:03
29057	1	DP	0	NO PLAY	0	-	false	2026/09/19 20:46:03
29057	2	P1	0	NO PLAY	0	-	false	2026/09/19 20:46:03
29057	2	DP	0	NO PLAY	0	-	false	2026/09/19 20:46:03
29057	3	P1	0	NO PLAY	0	-	false	2026/09/19 20:46:03
29057	3	DP	0	NO PLAY	0	-	false	2026/09/19 20:46:03
29057	4	P1	0	NO PLAY	0	-	false	2026/09/19 20:46:03
29057	4	DP	0	NO PLAY	0	-	false	2026/09/19 20:46:03
29058	0	P1	0	NO PLAY	0	-	false	2026/09/19 20:46:03
29058	0	DP	0	NO PLAY	0	-	false	2026/09/19 20:46:03
29058	1	P1	0	NO PLAY	0	-	false	2026/09/19 20:46:03
29058	1	DP	0	NO PLAY	0	-	false	2026/09/19 20:46:03
29058	2	P1	0	NO PLAY	0	-	false	2026/09/19 20:46:03
29058	2	DP	0	NO PLAY	0	-	false	2026/09/19 20:46:03
29058	3	P1	0	NO PLAY	0	-	false	2026/09/19 20:46:03
29058	3	DP	0	NO PLAY	0	-	false	2026/09/19 20:46:03
29058	4	P1	0	NO PLAY	0	-	false	2026/09/19 20:46:03
29058	4	DP	0	NO PLAY	0	-	false	2026/09/19 20:46:03
29061	0	P1	0	NO PLAY	0	-	false	2026/09/19 20:46:03
29061	0	DP	0	NO PLAY	0	-	false	2026/09/19 20:46:03
29061	1	P1	0	NO PLAY	0	-	false	2026/09/19 20:46:03
29061	1	DP	0	NO PLAY	0	-	false	2026/09/19 20:46:03
29061	2	P1	0	NO PLAY	0	-	false	2026/09/19 20:46:03
29061	2	DP	6	EX HARD CLEAR	1720	7	true	2026/09/19 20:46:03
29061	3	P1	5	HARD CLEAR	2634	38	true	2026/09/19 20:46:03
29061	3	DP	3	EASY CLEAR	2588	82	true	2026/09/19 20:46:03
29061	4	P1	0	NO PLAY	0	-	false	2026/09/19 20:46:03
29061	4	DP	0	NO PLAY	0	-	false	2026/09/19 20:46:03
29062	0	P1	0	NO PLAY	0	-	false	2026/09/19 20:46:03
29062	0	DP	0	NO PLAY	0	-	false	2026/09/19 20:46:03
29062	1	P1	0	NO PLAY	0	-	false	2026/09/19 20:46:03
29062	1	DP	0	NO PLAY	0	-	false	2026/09/19 20:46:03
29062	2	P1	0	NO PLAY	0	-	false	2026/09/19 20:46:03
29062	2	DP	0	NO PLAY	0	-	false	2026/09/19 20:46:03
29062	3	P1	6	EX HARD CLEAR	2748	15	true	2026/09/19 20:46:03
29062	3	DP	5	HARD CLEAR	2569	38	true	2026/09/19 20:46:03
29062	4	P1	0	NO PLAY	0	-	false	2026/09/19 20:46:03
29062	4	DP	0	NO PLAY	0	-	false	2026/09/19 20:46:03
29063	0	P1	0	NO PLAY	0	-	false	2026/09/19 20:46:03
29063	0	DP	0	NO PLAY	0	-	false	2026/09/19 20:46:03
29063	1	P1	0	NO PLAY	0	-	false	2026/09/19 20:46:03
29063	1	DP	0	NO PLAY	0	-	false	2026/09/19 20:46:03
29063	2	P1	0	NO PLAY	0	-	false	2026/09/19 20:46:03
29063	2	DP	0	NO PLAY	0	-	false	2026/09/19 20:46:03
29063	3	P1	0	NO PLAY	0	-	false	2026/09/19 20:46:03
29063	3	DP	0	NO PLAY	0	-	false	2026/09/19 20:46:03
29063	4	P1	0	NO PLAY	0	-	false	2026/09/19 20:46:03
29063	4	DP	0	NO PLAY	0	-	false	2026/09/19 20:46:03
29064	0	P1	0	NO PLAY	0	-	false	2026/09/19 20:46:03
29064	0	DP	0	NO PLAY	0	-	false	2026/09/19 20:46:03
29064	1	P1	0	NO PLAY	0	-	false	2026/09/19 20:46:03
29064	1	DP	0	NO PLAY	0	-	false	2026/09/19 20:46:03
29064	2	P1	0	NO PLAY	0	-	false	2026/09/19 20:46:03
29064	2	DP	0	NO PLAY	0	-	false	2026/09/19 20:46:03
29064	3	P1	0	NO PLAY	0	-	false	2026/09/19 20:46:03
29064	3	DP	0	NO PLAY	0	-	false	2026/09/19 20:46:03
29064	4	P1	0	NO PLAY	0	-	false	2026/09/19 20:46:03
29064	4	DP	0	NO PLAY	0	-	false	2026/09/19 20:46:03
29065	0	P1	0	NO PLAY	0	-	false	2026/09/19 20:46:03
29065	0	DP	0	NO PLAY	0	-	false	2026/09/19 20:46:03
29065	1	P1	0	NO PLAY	0	-	false	2026/09/19 20:46:03
29065	1	DP	0	NO PLAY	0	-	false	2026/09/19 20:46:03
29065	2	P1	0	NO PLAY	0	-	false	2026/09/19 20:46:03
29065	2	DP	0	NO PLAY	0	-	false	2026/09/19 20:46:03
29065	3	P1	0	NO PLAY	0	-	false	2026/09/19 20:46:03
29065	3	DP	6	EX HARD CLEAR	1804	10	true	2026/09/19 20:46:03
29065	4	P1	0	NO PLAY	0	-	false	2026/09/19 20:46:03
29065	4	DP	0	NO PLAY	0	-	false	2026/09/19 20:46:03
29066	0	P1	0	NO PLAY	0	-	false	2026/09/19 20:46:03
29066	0	DP	0	NO PLAY	0	-	false	2026/09/19 20:46:03
29066	1	P1	0	NO PLAY	0	-	false	2026/09/19 20:46:03
29066	1	DP	0	NO PLAY	0	-	false	2026/09/19 20:46:03
29066	2	P1	0	NO PLAY	0	-	false	2026/09/19 20:46:03
29066	2	DP	6	EX HARD CLEAR	1940	9	true	2026/09/19 20:46:03
29066	3	P1	5	HARD CLEAR	2559	16	true	2026/09/19 20:46:03
29066	3	DP	5	HARD CLEAR	2998	33	true	2026/09/19 20:46:03
29066	4	P1	0	NO PLAY	0	-	false	2026/09/19 20:46:03
29066	4	DP	0	NO PLAY	0	-	false	2026/09/19 20:46:03
29069	0	P1	0	NO PLAY	0	-	false	2026/09/19 20:46:03
29069	0	DP	0	NO PLAY	0	-	false	2026/09/19 20:46:03
29069	1	P1	0	NO PLAY	0	-	false	2026/09/19 20:46:03
29069	1	DP	0	NO PLAY	0	-	false	2026/09/19 20:46:03
29069	2	P1	0	NO PLAY	0	-	false	2026/09/19 20:46:03
29069	2	DP	0	NO PLAY	0	-	false	2026/09/19 20:46:03
29069	3	P1	7	FULL COMBO	1743	0	true	2026/09/19 20:46:03
29069	3	DP	7	FULL COMBO	1931	2	true	2026/09/19 20:46:03
29069	4	P1	0	NO PLAY	0	-	false	2026/09/19 20:46:03
29069	4	DP	0	NO PLAY	0	-	false	2026/09/19 20:46:03
29070	0	P1	0	NO PLAY	0	-	false	2026/09/19 20:46:03
29070	0	DP	0	NO PLAY	0	-	false	2026/09/19 20:46:03
29070	1	P1	0	NO PLAY	0	-	false	2026/09/19 20:46:03
29070	1	DP	0	NO PLAY	0	-	false	2026/09/19 20:46:03
29070	2	P1	0	NO PLAY	0	-	false	2026/09/19 20:46:03
29070	2	DP	0	NO PLAY	0	-	false	2026/09/19 20:46:03
29070	3	P1	6	EX HARD CLEAR	2978	9	true	2026/09/19 20:46:03
29070	3	DP	5	HARD CLEAR	2813	35	true	2026/09/19 20:46:03
29070	4	P1	0	NO PLAY	0	-	false	2026/09/19 20:46:03
29070	4	DP	0	NO PLAY	0	-	false	2026/09/19 20:46:03
29074	0	P1	0	NO PLAY	0	-	false	2026/09/19 20:46:03
29074	0	DP	0	NO PLAY	0	-	false	2026/09/19 20:46:03
29074	1	P1	0	NO PLAY	0	-	false	2026/09/19 20:46:03
29074	1	DP	0	NO PLAY	0	-	false	2026/09/19 20:46:03
29074	2	P1	0	NO PLAY	0	-	false	2026/09/19 20:46:03
29074	2	DP	0	NO PLAY	0	-	false	2026/09/19 20:46:03
29074	3	P1	0	NO PLAY	0	-	false	2026/09/19 20:46:03
29074	3	DP	0	NO PLAY	0	-	false	2026/09/19 20:46:03
29074	4	P1	0	NO PLAY	0	-	false	2026/09/19 20:46:03
29074	4	DP	0	NO PLAY	0	-	false	2026/09/19 20:46:03
29076	0	P1	0	NO PLAY	0	-	false	2026/09/19 20:46:03
29076	0	DP	0	NO PLAY	0	-	false	2026/09/19 20:46:03
29076	1	P1	0	NO PLAY	0	-	false	2026/09/19 20:46:03
29076	1	DP	0	NO PLAY	0	-	false	2026/09/19 20:46:03
29076	2	P1	0	NO PLAY	0	-	false	2026/09/19 20:46:03
29076	2	DP	0	NO PLAY	0	-	false	2026/09/19 20:46:03
29076	3	P1	5	HARD CLEAR	2586	37	true	2026/09/19 20:46:03
29076	3	DP	5	HARD CLEAR	2455	37	true	2026/09/19 20:46:03
29076	4	P1	0	NO PLAY	0	-	false	2026/09/19 20:46:03
29076	4	DP	0	NO PLAY	0	-	false	2026/09/19 20:46:03
29077	0	P1	0	NO PLAY	0	-	false	2026/09/19 20:46:03
29077	0	DP	0	NO PLAY	0	-	false	2026/09/19 20:46:03
29077	1	P1	0	NO PLAY	0	-	false	2026/09/19 20:46:03
29077	1	DP	0	NO PLAY	0	-	false	2026/09/19 20:46:03
29077	2	P1	0	NO PLAY	0	-	false	2026/09/19 20:46:03
29077	2	DP	0	NO PLAY	0	-	false	2026/09/19 20:46:03
29077	3	P1	0	NO PLAY	0	-	false	2026/09/19 20:46:03
29077	3	DP	6	EX HARD CLEAR	2045	6	true	2026/09/19 20:46:03
29077	4	P1	0	NO PLAY	0	-	false	2026/09/19 20:46:03
29077	4	DP	0	NO PLAY	0	-	false	2026/09/19 20:46:03
29078	0	P1	0	NO PLAY	0	-	false	2026/09/19 20:46:03
29078	0	DP	0	NO PLAY	0	-	false	2026/09/19 20:46:03
29078	1	P1	0	NO PLAY	0	-	false	2026/09/19 20:46:03
29078	1	DP	0	NO PLAY	0	-	false	2026/09/19 20:46:03
29078	2	P1	0	NO PLAY	0	-	false	2026/09/19 20:46:03
29078	2	DP	0	NO PLAY	0	-	false	2026/09/19 20:46:03
29078	3	P1	6	EX HARD CLEAR	2898	18	true	2026/09/19 20:46:03
29078	3	DP	6	EX HARD CLEAR	2845	15	true	2026/09/19 20:46:03
29078	4	P1	0	NO PLAY	0	-	false	2026/09/19 20:46:03
29078	4	DP	0	NO PLAY	0	-	false	2026/09/19 20:46:03
29079	0	P1	0	NO PLAY	0	-	false	2026/09/19 20:46:03
29079	0	DP	0	NO PLAY	0	-	false	2026/09/19 20:46:03
29079	1	P1	0	NO PLAY	0	-	false	2026/09/19 20:46:03
29079	1	DP	0	NO PLAY	0	-	false	2026/09/19 20:46:03
29079	2	P1	0	NO PLAY	0	-	false	2026/09/19 20:46:03
29079	2	DP	0	NO PLAY	0	-	false	2026/09/19 20:46:03
29079	3	P1	0	NO PLAY	0	-	false	2026/09/19 20:46:03
29079	3	DP	6	EX HARD CLEAR	2466	8	true	2026/09/19 20:46:03
29079	4	P1	0	NO PLAY	0	-	false	2026/09/19 20:46:03
29079	4	DP	0	NO PLAY	0	-	false	2026/09/19 20:46:03
29080	0	P1	0	NO PLAY	0	-	false	2026/09/19 20:46:03
29080	0	DP	0	NO PLAY	0	-	false	2026/09/19 20:46:03
29080	1	P1	0	NO PLAY	0	-	false	2026/09/19 20:46:03
29080	1	DP	0	NO PLAY	0	-	false	2026/09/19 20:46:03
29080	2	P1	0	NO PLAY	0	-	false	2026/09/19 20:46:03
29080	2	DP	0	NO PLAY	0	-	false	2026/09/19 20:46:03
29080	3	P1	0	NO PLAY	0	-	false	2026/09/19 20:46:03
29080	3	DP	1	FAILED	1297	-	false	2026/09/19 20:46:03
29080	4	P1	0	NO PLAY	0	-	false	2026/09/19 20:46:03
29080	4	DP	0	NO PLAY	0	-	false	2026/09/19 20:46:03
29084	0	P1	0	NO PLAY	0	-	false	2026/09/19 20:46:03
29084	0	DP	0	NO PLAY	0	-	false	2026/09/19 20:46:03
29084	1	P1	0	NO PLAY	0	-	false	2026/09/19 20:46:03
29084	1	DP	0	NO PLAY	0	-	false	2026/09/19 20:46:03
29084	2	P1	0	NO PLAY	0	-	false	2026/09/19 20:46:03
29084	2	DP	0	NO PLAY	0	-	false	2026/09/19 20:46:03
29084	3	P1	6	EX HARD CLEAR	2607	8	true	2026/09/19 20:46:03
29084	3	DP	5	HARD CLEAR	2487	42	true	2026/09/19 20:46:03
29084	4	P1	0	NO PLAY	0	-	false	2026/09/19 20:46:03
29084	4	DP	0	NO PLAY	0	-	false	2026/09/19 20:46:03
29086	0	P1	0	NO PLAY	0	-	false	2026/09/19 20:46:03
29086	0	DP	0	NO PLAY	0	-	false	2026/09/19 20:46:03
29086	1	P1	0	NO PLAY	0	-	false	2026/09/19 20:46:03
29086	1	DP	0	NO PLAY	0	-	false	2026/09/19 20:46:03
29086	2	P1	0	NO PLAY	0	-	false	2026/09/19 20:46:03
29086	2	DP	0	NO PLAY	0	-	false	2026/09/19 20:46:03
29086	3	P1	0	NO PLAY	0	-	false	2026/09/19 20:46:03
29086	3	DP	6	EX HARD CLEAR	2171	11	true	2026/09/19 20:46:03
29086	4	P1	0	NO PLAY	0	-	false	2026/09/19 20:46:03
29086	4	DP	0	NO PLAY	0	-	false	2026/09/19 20:46:03
29087	0	P1	0	NO PLAY	0	-	false	2026/09/19 20:46:03
29087	0	DP	0	NO PLAY	0	-	false	2026/09/19 20:46:03
29087	1	P1	0	NO PLAY	0	-	false	2026/09/19 20:46:03
29087	1	DP	0	NO PLAY	0	-	false	2026/09/19 20:46:03
29087	2	P1	0	NO PLAY	0	-	false	2026/09/19 20:46:03
29087	2	DP	0	NO PLAY	0	-	false	2026/09/19 20:46:03
29087	3	P1	0	NO PLAY	0	-	false	2026/09/19 20:46:03
29087	3	DP	6	EX HARD CLEAR	2147	8	true	2026/09/19 20:46:03
29087	4	P1	0	NO PLAY	0	-	false	2026/09/19 20:46:03
29087	4	DP	0	NO PLAY	0	-	false	2026/09/19 20:46:03
29088	0	P1	0	NO PLAY	0	-	false	2026/09/19 20:46:03
29088	0	DP	0	NO PLAY	0	-	false	2026/09/19 20:46:03
29088	1	P1	0	NO PLAY	0	-	false	2026/09/19 20:46:03
29088	1	DP	0	NO PLAY	0	-	false	2026/09/19 20:46:03
29088	2	P1	0	NO PLAY	0	-	false	2026/09/19 20:46:03
29088	2	DP	0	NO PLAY	0	-	false	2026/09/19 20:46:03
29088	3	P1	0	NO PLAY	0	-	false	2026/09/19 20:46:03
29088	3	DP	6	EX HARD CLEAR	2145	7	true	2026/09/19 20:46:03
29088	4	P1	0	NO PLAY	0	-	false	2026/09/19 20:46:03
29088	4	DP	0	NO PLAY	0	-	false	2026/09/19 20:46:03
29089	0	P1	0	NO PLAY	0	-	false	2026/09/19 20:46:03
29089	0	DP	0	NO PLAY	0	-	false	2026/09/19 20:46:03
29089	1	P1	0	NO PLAY	0	-	false	2026/09/19 20:46:03
29089	1	DP	0	NO PLAY	0	-	false	2026/09/19 20:46:03
29089	2	P1	0	NO PLAY	0	-	false	2026/09/19 20:46:03
29089	2	DP	0	NO PLAY	0	-	false	2026/09/19 20:46:03
29089	3	P1	5	HARD CLEAR	2822	39	true	2026/09/19 20:46:03
29089	3	DP	5	HARD CLEAR	2903	33	true	2026/09/19 20:46:03
29089	4	P1	0	NO PLAY	0	-	false	2026/09/19 20:46:03
29089	4	DP	0	NO PLAY	0	-	false	2026/09/19 20:46:03
29090	0	P1	0	NO PLAY	0	-	false	2026/09/19 20:46:03
29090	0	DP	0	NO PLAY	0	-	false	2026/09/19 20:46:03
29090	1	P1	0	NO PLAY	0	-	false	2026/09/19 20:46:03
29090	1	DP	0	NO PLAY	0	-	false	2026/09/19 20:46:03
29090	2	P1	0	NO PLAY	0	-	false	2026/09/19 20:46:03
29090	2	DP	0	NO PLAY	0	-	false	2026/09/19 20:46:03
29090	3	P1	6	EX HARD CLEAR	2630	11	true	2026/09/19 20:46:03
29090	3	DP	6	EX HARD CLEAR	2625	4	true	2026/09/19 20:46:03
29090	4	P1	0	NO PLAY	0	-	false	2026/09/19 20:46:03
29090	4	DP	0	NO PLAY	0	-	false	2026/09/19 20:46:03
29091	0	P1	0	NO PLAY	0	-	false	2026/09/19 20:46:03
29091	0	DP	0	NO PLAY	0	-	false	2026/09/19 20:46:03
29091	1	P1	0	NO PLAY	0	-	false	2026/09/19 20:46:03
29091	1	DP	0	NO PLAY	0	-	false	2026/09/19 20:46:03
29091	2	P1	0	NO PLAY	0	-	false	2026/09/19 20:46:03
29091	2	DP	0	NO PLAY	0	-	false	2026/09/19 20:46:03
29091	3	P1	0	NO PLAY	0	-	false	2026/09/19 20:46:03
29091	3	DP	6	EX HARD CLEAR	1763	16	true	2026/09/19 20:46:03
29091	4	P1	0	NO PLAY	0	-	false	2026/09/19 20:46:03
29091	4	DP	0	NO PLAY	0	-	false	2026/09/19 20:46:03
29092	0	P1	0	NO PLAY	0	-	false	2026/09/19 20:46:03
29092	0	DP	0	NO PLAY	0	-	false	2026/09/19 20:46:03
29092	1	P1	0	NO PLAY	0	-	false	2026/09/19 20:46:03
29092	1	DP	0	NO PLAY	0	-	false	2026/09/19 20:46:03
29092	2	P1	0	NO PLAY	0	-	false	2026/09/19 20:46:03
29092	2	DP	0	NO PLAY	0	-	false	2026/09/19 20:46:03
29092	3	P1	5	HARD CLEAR	2784	12	true	2026/09/19 20:46:03
29092	3	DP	6	EX HARD CLEAR	2820	17	true	2026/09/19 20:46:03
29092	4	P1	0	NO PLAY	0	-	false	2026/09/19 20:46:03
29092	4	DP	0	NO PLAY	0	-	false	2026/09/19 20:46:03
29093	0	P1	0	NO PLAY	0	-	false	2026/09/19 20:46:03
29093	0	DP	0	NO PLAY	0	-	false	2026/09/19 20:46:03
29093	1	P1	0	NO PLAY	0	-	false	2026/09/19 20:46:03
29093	1	DP	0	NO PLAY	0	-	false	2026/09/19 20:46:03
29093	2	P1	0	NO PLAY	0	-	false	2026/09/19 20:46:03
29093	2	DP	0	NO PLAY	0	-	false	2026/09/19 20:46:03
29093	3	P1	6	EX HARD CLEAR	2927	24	true	2026/09/19 20:46:03
29093	3	DP	6	EX HARD CLEAR	3057	15	true	2026/09/19 20:46:03
29093	4	P1	0	NO PLAY	0	-	false	2026/09/19 20:46:03
29093	4	DP	0	NO PLAY	0	-	false	2026/09/19 20:46:03
29094	0	P1	0	NO PLAY	0	-	false	2026/09/19 20:46:03
29094	0	DP	0	NO PLAY	0	-	false	2026/09/19 20:46:03
29094	1	P1	0	NO PLAY	0	-	false	2026/09/19 20:46:03
29094	1	DP	0	NO PLAY	0	-	false	2026/09/19 20:46:03
29094	2	P1	0	NO PLAY	0	-	false	2026/09/19 20:46:03
29094	2	DP	0	NO PLAY	0	-	false	2026/09/19 20:46:03
29094	3	P1	6	EX HARD CLEAR	2852	18	true	2026/09/19 20:46:03
29094	3	DP	6	EX HARD CLEAR	2841	26	true	2026/09/19 20:46:03
29094	4	P1	0	NO PLAY	0	-	false	2026/09/19 20:46:03
29094	4	DP	0	NO PLAY	0	-	false	2026/09/19 20:46:03
29095	0	P1	0	NO PLAY	0	-	false	2026/09/19 20:46:03
29095	0	DP	0	NO PLAY	0	-	false	2026/09/19 20:46:03
29095	1	P1	0	NO PLAY	0	-	false	2026/09/19 20:46:03
29095	1	DP	0	NO PLAY	0	-	false	2026/09/19 20:46:03
29095	2	P1	0	NO PLAY	0	-	false	2026/09/19 20:46:03
29095	2	DP	0	NO PLAY	0	-	false	2026/09/19 20:46:03
29095	3	P1	0	NO PLAY	0	-	false	2026/09/19 20:46:03
29095	3	DP	6	EX HARD CLEAR	2446	11	true	2026/09/19 20:46:03
29095	4	P1	0	NO PLAY	0	-	false	2026/09/19 20:46:03
29095	4	DP	0	NO PLAY	0	-	false	2026/09/19 20:46:03
29097	0	P1	0	NO PLAY	0	-	false	2026/09/19 20:46:03
29097	0	DP	0	NO PLAY	0	-	false	2026/09/19 20:46:03
29097	1	P1	0	NO PLAY	0	-	false	2026/09/19 20:46:03
29097	1	DP	0	NO PLAY	0	-	false	2026/09/19 20:46:03
29097	2	P1	0	NO PLAY	0	-	false	2026/09/19 20:46:03
29097	2	DP	0	NO PLAY	0	-	false	2026/09/19 20:46:03
29097	3	P1	0	NO PLAY	0	-	false	2026/09/19 20:46:03
29097	3	DP	0	NO PLAY	0	-	false	2026/09/19 20:46:03
29097	4	P1	0	NO PLAY	0	-	false	2026/09/19 20:46:03
29097	4	DP	0	NO PLAY	0	-	false	2026/09/19 20:46:03
29099	0	P1	0	NO PLAY	0	-	false	2026/09/19 20:46:03
29099	0	DP	0	NO PLAY	0	-	false	2026/09/19 20:46:03
29099	1	P1	0	NO PLAY	0	-	false	2026/09/19 20:46:03
29099	1	DP	0	NO PLAY	0	-	false	2026/09/19 20:46:03
29099	2	P1	0	NO PLAY	0	-	false	2026/09/19 20:46:03
29099	2	DP	0	NO PLAY	0	-	false	2026/09/19 20:46:03
29099	3	P1	0	NO PLAY	0	-	false	2026/09/19 20:46:03
29099	3	DP	0	NO PLAY	0	-	false	2026/09/19 20:46:03
29099	4	P1	0	NO PLAY	0	-	false	2026/09/19 20:46:03
29099	4	DP	0	NO PLAY	0	-	false	2026/09/19 20:46:03
29100	0	P1	0	NO PLAY	0	-	false	2026/09/19 20:46:03
29100	0	DP	0	NO PLAY	0	-	false	2026/09/19 20:46:03
29100	1	P1	0	NO PLAY	0	-	false	2026/09/19 20:46:03
29100	1	DP	0	NO PLAY	0	-	false	2026/09/19 20:46:03
29100	2	P1	0	NO PLAY	0	-	false	2026/09/19 20:46:03
29100	2	DP	0	NO PLAY	0	-	false	2026/09/19 20:46:03
29100	3	P1	0	NO PLAY	0	-	false	2026/09/19 20:46:03
29100	3	DP	0	NO PLAY	0	-	false	2026/09/19 20:46:03
29100	4	P1	0	NO PLAY	0	-	false	2026/09/19 20:46:03
29100	4	DP	0	NO PLAY	0	-	false	2026/09/19 20:46:03
30000	0	P1	0	NO PLAY	0	-	false	2026/09/19 20:46:03
30000	0	DP	0	NO PLAY	0	-	false	2026/09/19 20:46:03
30000	1	P1	0	NO PLAY	0	-	false	2026/09/19 20:46:03
30000	1	DP	0	NO PLAY	0	-	false	2026/09/19 20:46:03
30000	2	P1	0	NO PLAY	0	-	false	2026/09/19 20:46:03
30000	2	DP	0	NO PLAY	0	-	false	2026/09/19 20:46:03
30000	3	P1	0	NO PLAY	0	-	false	2026/09/19 20:46:03
30000	3	DP	0	NO PLAY	0	-	false	2026/09/19 20:46:03
30000	4	P1	0	NO PLAY	0	-	false	2026/09/19 20:46:03
30000	4	DP	0	NO PLAY	0	-	false	2026/09/19 20:46:03
30001	0	P1	0	NO PLAY	0	-	false	2026/09/19 20:46:03
30001	0	DP	0	NO PLAY	0	-	false	2026/09/19 20:46:03
30001	1	P1	0	NO PLAY	0	-	false	2026/09/19 20:46:03
30001	1	DP	0	NO PLAY	0	-	false	2026/09/19 20:46:03
30001	2	P1	0	NO PLAY	0	-	false	2026/09/19 20:46:03
30001	2	DP	0	NO PLAY	0	-	false	2026/09/19 20:46:03
30001	3	P1	0	NO PLAY	0	-	false	2026/09/19 20:46:03
30001	3	DP	0	NO PLAY	0	-	false	2026/09/19 20:46:03
30001	4	P1	0	NO PLAY	0	-	false	2026/09/19 20:46:03
30001	4	DP	0	NO PLAY	0	-	false	2026/09/19 20:46:03
30002	0	P1	0	NO PLAY	0	-	false	2026/09/19 20:46:03
30002	0	DP	0	NO PLAY	0	-	false	2026/09/19 20:46:03
30002	1	P1	0	NO PLAY	0	-	false	2026/09/19 20:46:03
30002	1	DP	0	NO PLAY	0	-	false	2026/09/19 20:46:03
30002	2	P1	0	NO PLAY	0	-	false	2026/09/19 20:46:03
30002	2	DP	0	NO PLAY	0	-	false	2026/09/19 20:46:03
30002	3	P1	0	NO PLAY	0	-	false	2026/09/19 20:46:03
30002	3	DP	0	NO PLAY	0	-	false	2026/09/19 20:46:03
30002	4	P1	0	NO PLAY	0	-	false	2026/09/19 20:46:03
30002	4	DP	0	NO PLAY	0	-	false	2026/09/19 20:46:03
30003	0	P1	0	NO PLAY	0	-	false	2026/09/19 20:46:03
30003	0	DP	0	NO PLAY	0	-	false	2026/09/19 20:46:03
30003	1	P1	0	NO PLAY	0	-	false	2026/09/19 20:46:03
30003	1	DP	0	NO PLAY	0	-	false	2026/09/19 20:46:03
30003	2	P1	0	NO PLAY	0	-	false	2026/09/19 20:46:03
30003	2	DP	0	NO PLAY	0	-	false	2026/09/19 20:46:03
30003	3	P1	0	NO PLAY	0	-	false	2026/09/19 20:46:03
30003	3	DP	6	EX HARD CLEAR	2047	9	true	2026/09/19 20:46:03
30003	4	P1	0	NO PLAY	0	-	false	2026/09/19 20:46:03
30003	4	DP	0	NO PLAY	0	-	false	2026/09/19 20:46:03
30004	0	P1	0	NO PLAY	0	-	false	2026/09/19 20:46:03
30004	0	DP	0	NO PLAY	0	-	false	2026/09/19 20:46:03
30004	1	P1	0	NO PLAY	0	-	false	2026/09/19 20:46:03
30004	1	DP	0	NO PLAY	0	-	false	2026/09/19 20:46:03
30004	2	P1	0	NO PLAY	0	-	false	2026/09/19 20:46:03
30004	2	DP	0	NO PLAY	0	-	false	2026/09/19 20:46:03
30004	3	P1	0	NO PLAY	0	-	false	2026/09/19 20:46:03
30004	3	DP	0	NO PLAY	0	-	false	2026/09/19 20:46:03
30004	4	P1	0	NO PLAY	0	-	false	2026/09/19 20:46:03
30004	4	DP	0	NO PLAY	0	-	false	2026/09/19 20:46:03
30005	0	P1	0	NO PLAY	0	-	false	2026/09/19 20:46:03
30005	0	DP	0	NO PLAY	0	-	false	2026/09/19 20:46:03
30005	1	P1	0	NO PLAY	0	-	false	2026/09/19 20:46:03
30005	1	DP	0	NO PLAY	0	-	false	2026/09/19 20:46:03
30005	2	P1	0	NO PLAY	0	-	false	2026/09/19 20:46:03
30005	2	DP	0	NO PLAY	0	-	false	2026/09/19 20:46:03
30005	3	P1	0	NO PLAY	0	-	false	2026/09/19 20:46:03
30005	3	DP	0	NO PLAY	0	-	false	2026/09/19 20:46:03
30005	4	P1	0	NO PLAY	0	-	false	2026/09/19 20:46:03
30005	4	DP	0	NO PLAY	0	-	false	2026/09/19 20:46:03
30006	0	P1	0	NO PLAY	0	-	false	2026/09/19 20:46:03
30006	0	DP	0	NO PLAY	0	-	false	2026/09/19 20:46:03
30006	1	P1	0	NO PLAY	0	-	false	2026/09/19 20:46:03
30006	1	DP	0	NO PLAY	0	-	false	2026/09/19 20:46:03
30006	2	P1	0	NO PLAY	0	-	false	2026/09/19 20:46:03
30006	2	DP	0	NO PLAY	0	-	false	2026/09/19 20:46:03
30006	3	P1	5	HARD CLEAR	2865	39	true	2026/09/19 20:46:03
30006	3	DP	5	HARD CLEAR	3022	61	true	2026/09/19 20:46:03
30006	4	P1	0	NO PLAY	0	-	false	2026/09/19 20:46:03
30006	4	DP	0	NO PLAY	0	-	false	2026/09/19 20:46:03
30007	0	P1	0	NO PLAY	0	-	false	2026/09/19 20:46:03
30007	0	DP	0	NO PLAY	0	-	false	2026/09/19 20:46:03
30007	1	P1	0	NO PLAY	0	-	false	2026/09/19 20:46:03
30007	1	DP	0	NO PLAY	0	-	false	2026/09/19 20:46:03
30007	2	P1	0	NO PLAY	0	-	false	2026/09/19 20:46:03
30007	2	DP	0	NO PLAY	0	-	false	2026/09/19 20:46:03
30007	3	P1	0	NO PLAY	0	-	false	2026/09/19 20:46:03
30007	3	DP	0	NO PLAY	0	-	false	2026/09/19 20:46:03
30007	4	P1	0	NO PLAY	0	-	false	2026/09/19 20:46:03
30007	4	DP	0	NO PLAY	0	-	false	2026/09/19 20:46:03
30008	0	P1	0	NO PLAY	0	-	false	2026/09/19 20:46:03
30008	0	DP	0	NO PLAY	0	-	false	2026/09/19 20:46:03
30008	1	P1	0	NO PLAY	0	-	false	2026/09/19 20:46:03
30008	1	DP	0	NO PLAY	0	-	false	2026/09/19 20:46:03
30008	2	P1	0	NO PLAY	0	-	false	2026/09/19 20:46:03
30008	2	DP	0	NO PLAY	0	-	false	2026/09/19 20:46:03
30008	3	P1	0	NO PLAY	0	-	false	2026/09/19 20:46:03
30008	3	DP	0	NO PLAY	0	-	false	2026/09/19 20:46:03
30008	4	P1	0	NO PLAY	0	-	false	2026/09/19 20:46:03
30008	4	DP	0	NO PLAY	0	-	false	2026/09/19 20:46:03
30009	0	P1	0	NO PLAY	0	-	false	2026/09/19 20:46:03
30009	0	DP	0	NO PLAY	0	-	false	2026/09/19 20:46:03
30009	1	P1	0	NO PLAY	0	-	false	2026/09/19 20:46:03
30009	1	DP	0	NO PLAY	0	-	false	2026/09/19 20:46:03
30009	2	P1	0	NO PLAY	0	-	false	2026/09/19 20:46:03
30009	2	DP	0	NO PLAY	0	-	false	2026/09/19 20:46:03
30009	3	P1	0	NO PLAY	0	-	false	2026/09/19 20:46:03
30009	3	DP	0	NO PLAY	0	-	false	2026/09/19 20:46:03
30009	4	P1	0	NO PLAY	0	-	false	2026/09/19 20:46:03
30009	4	DP	0	NO PLAY	0	-	false	2026/09/19 20:46:03
30010	0	P1	0	NO PLAY	0	-	false	2026/09/19 20:46:03
30010	0	DP	0	NO PLAY	0	-	false	2026/09/19 20:46:03
30010	1	P1	0	NO PLAY	0	-	false	2026/09/19 20:46:03
30010	1	DP	0	NO PLAY	0	-	false	2026/09/19 20:46:03
30010	2	P1	0	NO PLAY	0	-	false	2026/09/19 20:46:03
30010	2	DP	0	NO PLAY	0	-	false	2026/09/19 20:46:03
30010	3	P1	0	NO PLAY	0	-	false	2026/09/19 20:46:03
30010	3	DP	0	NO PLAY	0	-	false	2026/09/19 20:46:03
30010	4	P1	0	NO PLAY	0	-	false	2026/09/19 20:46:03
30010	4	DP	0	NO PLAY	0	-	false	2026/09/19 20:46:03
30011	0	P1	0	NO PLAY	0	-	false	2026/09/19 20:46:03
30011	0	DP	0	NO PLAY	0	-	false	2026/09/19 20:46:03
30011	1	P1	0	NO PLAY	0	-	false	2026/09/19 20:46:03
30011	1	DP	0	NO PLAY	0	-	false	2026/09/19 20:46:03
30011	2	P1	0	NO PLAY	0	-	false	2026/09/19 20:46:03
30011	2	DP	0	NO PLAY	0	-	false	2026/09/19 20:46:03
30011	3	P1	0	NO PLAY	0	-	false	2026/09/19 20:46:03
30011	3	DP	0	NO PLAY	0	-	false	2026/09/19 20:46:03
30011	4	P1	0	NO PLAY	0	-	false	2026/09/19 20:46:03
30011	4	DP	0	NO PLAY	0	-	false	2026/09/19 20:46:03
30012	0	P1	0	NO PLAY	0	-	false	2026/09/19 20:46:03
30012	0	DP	0	NO PLAY	0	-	false	2026/09/19 20:46:03
30012	1	P1	0	NO PLAY	0	-	false	2026/09/19 20:46:03
30012	1	DP	0	NO PLAY	0	-	false	2026/09/19 20:46:03
30012	2	P1	0	NO PLAY	0	-	false	2026/09/19 20:46:03
30012	2	DP	0	NO PLAY	0	-	false	2026/09/19 20:46:03
30012	3	P1	0	NO PLAY	0	-	false	2026/09/19 20:46:03
30012	3	DP	0	NO PLAY	0	-	false	2026/09/19 20:46:03
30012	4	P1	0	NO PLAY	0	-	false	2026/09/19 20:46:03
30012	4	DP	0	NO PLAY	0	-	false	2026/09/19 20:46:03
30013	0	P1	0	NO PLAY	0	-	false	2026/09/19 20:46:03
30013	0	DP	0	NO PLAY	0	-	false	2026/09/19 20:46:03
30013	1	P1	0	NO PLAY	0	-	false	2026/09/19 20:46:03
30013	1	DP	0	NO PLAY	0	-	false	2026/09/19 20:46:03
30013	2	P1	0	NO PLAY	0	-	false	2026/09/19 20:46:03
30013	2	DP	0	NO PLAY	0	-	false	2026/09/19 20:46:03
30013	3	P1	0	NO PLAY	0	-	false	2026/09/19 20:46:03
30013	3	DP	0	NO PLAY	0	-	false	2026/09/19 20:46:03
30013	4	P1	0	NO PLAY	0	-	false	2026/09/19 20:46:03
30013	4	DP	0	NO PLAY	0	-	false	2026/09/19 20:46:03
30014	0	P1	0	NO PLAY	0	-	false	2026/09/19 20:46:03
30014	0	DP	0	NO PLAY	0	-	false	2026/09/19 20:46:03
30014	1	P1	0	NO PLAY	0	-	false	2026/09/19 20:46:03
30014	1	DP	0	NO PLAY	0	-	false	2026/09/19 20:46:03
30014	2	P1	0	NO PLAY	0	-	false	2026/09/19 20:46:03
30014	2	DP	0	NO PLAY	0	-	false	2026/09/19 20:46:03
30014	3	P1	0	NO PLAY	0	-	false	2026/09/19 20:46:03
30014	3	DP	0	NO PLAY	0	-	false	2026/09/19 20:46:03
30014	4	P1	0	NO PLAY	0	-	false	2026/09/19 20:46:03
30014	4	DP	0	NO PLAY	0	-	false	2026/09/19 20:46:03
30015	0	P1	0	NO PLAY	0	-	false	2026/09/19 20:46:03
30015	0	DP	0	NO PLAY	0	-	false	2026/09/19 20:46:03
30015	1	P1	0	NO PLAY	0	-	false	2026/09/19 20:46:03
30015	1	DP	0	NO PLAY	0	-	false	2026/09/19 20:46:03
30015	2	P1	0	NO PLAY	0	-	false	2026/09/19 20:46:03
30015	2	DP	0	NO PLAY	0	-	false	2026/09/19 20:46:03
30015	3	P1	0	NO PLAY	0	-	false	2026/09/19 20:46:03
30015	3	DP	0	NO PLAY	0	-	false	2026/09/19 20:46:03
30015	4	P1	0	NO PLAY	0	-	false	2026/09/19 20:46:03
30015	4	DP	0	NO PLAY	0	-	false	2026/09/19 20:46:03
30016	0	P1	0	NO PLAY	0	-	false	2026/09/19 20:46:03
30016	0	DP	0	NO PLAY	0	-	false	2026/09/19 20:46:03
30016	1	P1	0	NO PLAY	0	-	false	2026/09/19 20:46:03
30016	1	DP	0	NO PLAY	0	-	false	2026/09/19 20:46:03
30016	2	P1	0	NO PLAY	0	-	false	2026/09/19 20:46:03
30016	2	DP	0	NO PLAY	0	-	false	2026/09/19 20:46:03
30016	3	P1	0	NO PLAY	0	-	false	2026/09/19 20:46:03
30016	3	DP	0	NO PLAY	0	-	false	2026/09/19 20:46:03
30016	4	P1	0	NO PLAY	0	-	false	2026/09/19 20:46:03
30016	4	DP	0	NO PLAY	0	-	false	2026/09/19 20:46:03
30018	0	P1	0	NO PLAY	0	-	false	2026/09/19 20:46:03
30018	0	DP	0	NO PLAY	0	-	false	2026/09/19 20:46:03
30018	1	P1	0	NO PLAY	0	-	false	2026/09/19 20:46:03
30018	1	DP	0	NO PLAY	0	-	false	2026/09/19 20:46:03
30018	2	P1	0	NO PLAY	0	-	false	2026/09/19 20:46:03
30018	2	DP	0	NO PLAY	0	-	false	2026/09/19 20:46:03
30018	3	P1	0	NO PLAY	0	-	false	2026/09/19 20:46:03
30018	3	DP	0	NO PLAY	0	-	false	2026/09/19 20:46:03
30018	4	P1	0	NO PLAY	0	-	false	2026/09/19 20:46:03
30018	4	DP	0	NO PLAY	0	-	false	2026/09/19 20:46:03
30019	0	P1	0	NO PLAY	0	-	false	2026/09/19 20:46:03
30019	0	DP	0	NO PLAY	0	-	false	2026/09/19 20:46:03
30019	1	P1	0	NO PLAY	0	-	false	2026/09/19 20:46:03
30019	1	DP	0	NO PLAY	0	-	false	2026/09/19 20:46:03
30019	2	P1	0	NO PLAY	0	-	false	2026/09/19 20:46:03
30019	2	DP	0	NO PLAY	0	-	false	2026/09/19 20:46:03
30019	3	P1	0	NO PLAY	0	-	false	2026/09/19 20:46:03
30019	3	DP	0	NO PLAY	0	-	false	2026/09/19 20:46:03
30019	4	P1	0	NO PLAY	0	-	false	2026/09/19 20:46:03
30019	4	DP	0	NO PLAY	0	-	false	2026/09/19 20:46:03
30020	0	P1	0	NO PLAY	0	-	false	2026/09/19 20:46:03
30020	0	DP	0	NO PLAY	0	-	false	2026/09/19 20:46:03
30020	1	P1	0	NO PLAY	0	-	false	2026/09/19 20:46:03
30020	1	DP	0	NO PLAY	0	-	false	2026/09/19 20:46:03
30020	2	P1	0	NO PLAY	0	-	false	2026/09/19 20:46:03
30020	2	DP	0	NO PLAY	0	-	false	2026/09/19 20:46:03
30020	3	P1	0	NO PLAY	0	-	false	2026/09/19 20:46:03
30020	3	DP	0	NO PLAY	0	-	false	2026/09/19 20:46:03
30020	4	P1	0	NO PLAY	0	-	false	2026/09/19 20:46:03
30020	4	DP	0	NO PLAY	0	-	false	2026/09/19 20:46:03
30022	0	P1	0	NO PLAY	0	-	false	2026/09/19 20:46:03
30022	0	DP	0	NO PLAY	0	-	false	2026/09/19 20:46:03
30022	1	P1	0	NO PLAY	0	-	false	2026/09/19 20:46:03
30022	1	DP	0	NO PLAY	0	-	false	2026/09/19 20:46:03
30022	2	P1	0	NO PLAY	0	-	false	2026/09/19 20:46:03
30022	2	DP	0	NO PLAY	0	-	false	2026/09/19 20:46:03
30022	3	P1	0	NO PLAY	0	-	false	2026/09/19 20:46:03
30022	3	DP	0	NO PLAY	0	-	false	2026/09/19 20:46:03
30022	4	P1	0	NO PLAY	0	-	false	2026/09/19 20:46:03
30022	4	DP	0	NO PLAY	0	-	false	2026/09/19 20:46:03
30024	0	P1	0	NO PLAY	0	-	false	2026/09/19 20:46:03
30024	0	DP	0	NO PLAY	0	-	false	2026/09/19 20:46:03
30024	1	P1	0	NO PLAY	0	-	false	2026/09/19 20:46:03
30024	1	DP	0	NO PLAY	0	-	false	2026/09/19 20:46:03
30024	2	P1	0	NO PLAY	0	-	false	2026/09/19 20:46:03
30024	2	DP	0	NO PLAY	0	-	false	2026/09/19 20:46:03
30024	3	P1	0	NO PLAY	0	-	false	2026/09/19 20:46:03
30024	3	DP	0	NO PLAY	0	-	false	2026/09/19 20:46:03
30024	4	P1	0	NO PLAY	0	-	false	2026/09/19 20:46:03
30024	4	DP	0	NO PLAY	0	-	false	2026/09/19 20:46:03
30025	0	P1	0	NO PLAY	0	-	false	2026/09/19 20:46:03
30025	0	DP	0	NO PLAY	0	-	false	2026/09/19 20:46:03
30025	1	P1	0	NO PLAY	0	-	false	2026/09/19 20:46:03
30025	1	DP	0	NO PLAY	0	-	false	2026/09/19 20:46:03
30025	2	P1	0	NO PLAY	0	-	false	2026/09/19 20:46:03
30025	2	DP	0	NO PLAY	0	-	false	2026/09/19 20:46:03
30025	3	P1	0	NO PLAY	0	-	false	2026/09/19 20:46:03
30025	3	DP	0	NO PLAY	0	-	false	2026/09/19 20:46:03
30025	4	P1	0	NO PLAY	0	-	false	2026/09/19 20:46:03
30025	4	DP	0	NO PLAY	0	-	false	2026/09/19 20:46:03
30026	0	P1	0	NO PLAY	0	-	false	2026/09/19 20:46:03
30026	0	DP	0	NO PLAY	0	-	false	2026/09/19 20:46:03
30026	1	P1	0	NO PLAY	0	-	false	2026/09/19 20:46:03
30026	1	DP	0	NO PLAY	0	-	false	2026/09/19 20:46:03
30026	2	P1	0	NO PLAY	0	-	false	2026/09/19 20:46:03
30026	2	DP	0	NO PLAY	0	-	false	2026/09/19 20:46:03
30026	3	P1	0	NO PLAY	0	-	false	2026/09/19 20:46:03
30026	3	DP	0	NO PLAY	0	-	false	2026/09/19 20:46:03
30026	4	P1	0	NO PLAY	0	-	false	2026/09/19 20:46:03
30026	4	DP	0	NO PLAY	0	-	false	2026/09/19 20:46:03
30027	0	P1	0	NO PLAY	0	-	false	2026/09/19 20:46:03
30027	0	DP	0	NO PLAY	0	-	false	2026/09/19 20:46:03
30027	1	P1	0	NO PLAY	0	-	false	2026/09/19 20:46:03
30027	1	DP	0	NO PLAY	0	-	false	2026/09/19 20:46:03
30027	2	P1	0	NO PLAY	0	-	false	2026/09/19 20:46:03
30027	2	DP	0	NO PLAY	0	-	false	2026/09/19 20:46:03
30027	3	P1	0	NO PLAY	0	-	false	2026/09/19 20:46:03
30027	3	DP	0	NO PLAY	0	-	false	2026/09/19 20:46:03
30027	4	P1	0	NO PLAY	0	-	false	2026/09/19 20:46:03
30027	4	DP	0	NO PLAY	0	-	false	2026/09/19 20:46:03
30028	0	P1	0	NO PLAY	0	-	false	2026/09/19 20:46:03
30028	0	DP	0	NO PLAY	0	-	false	2026/09/19 20:46:03
30028	1	P1	0	NO PLAY	0	-	false	2026/09/19 20:46:03
30028	1	DP	0	NO PLAY	0	-	false	2026/09/19 20:46:03
30028	2	P1	0	NO PLAY	0	-	false	2026/09/19 20:46:03
30028	2	DP	0	NO PLAY	0	-	false	2026/09/19 20:46:03
30028	3	P1	6	EX HARD CLEAR	2950	16	true	2026/09/19 20:46:03
30028	3	DP	5	HARD CLEAR	2905	30	true	2026/09/19 20:46:03
30028	4	P1	0	NO PLAY	0	-	false	2026/09/19 20:46:03
30028	4	DP	0	NO PLAY	0	-	false	2026/09/19 20:46:03
30029	0	P1	0	NO PLAY	0	-	false	2026/09/19 20:46:03
30029	0	DP	0	NO PLAY	0	-	false	2026/09/19 20:46:03
30029	1	P1	0	NO PLAY	0	-	false	2026/09/19 20:46:03
30029	1	DP	0	NO PLAY	0	-	false	2026/09/19 20:46:03
30029	2	P1	0	NO PLAY	0	-	false	2026/09/19 20:46:03
30029	2	DP	0	NO PLAY	0	-	false	2026/09/19 20:46:03
30029	3	P1	0	NO PLAY	0	-	false	2026/09/19 20:46:03
30029	3	DP	0	NO PLAY	0	-	false	2026/09/19 20:46:03
30029	4	P1	0	NO PLAY	0	-	false	2026/09/19 20:46:03
30029	4	DP	0	NO PLAY	0	-	false	2026/09/19 20:46:03
30030	0	P1	0	NO PLAY	0	-	false	2026/09/19 20:46:03
30030	0	DP	0	NO PLAY	0	-	false	2026/09/19 20:46:03
30030	1	P1	0	NO PLAY	0	-	false	2026/09/19 20:46:03
30030	1	DP	0	NO PLAY	0	-	false	2026/09/19 20:46:03
30030	2	P1	0	NO PLAY	0	-	false	2026/09/19 20:46:03
30030	2	DP	0	NO PLAY	0	-	false	2026/09/19 20:46:03
30030	3	P1	3	EASY CLEAR	1635	59	true	2026/09/19 20:46:03
30030	3	DP	6	EX HARD CLEAR	2157	8	true	2026/09/19 20:46:03
30030	4	P1	0	NO PLAY	0	-	false	2026/09/19 20:46:03
30030	4	DP	0	NO PLAY	0	-	false	2026/09/19 20:46:03
30031	0	P1	0	NO PLAY	0	-	false	2026/09/19 20:46:03
30031	0	DP	0	NO PLAY	0	-	false	2026/09/19 20:46:03
30031	1	P1	0	NO PLAY	0	-	false	2026/09/19 20:46:03
30031	1	DP	0	NO PLAY	0	-	false	2026/09/19 20:46:03
30031	2	P1	0	NO PLAY	0	-	false	2026/09/19 20:46:03
30031	2	DP	0	NO PLAY	0	-	false	2026/09/19 20:46:03
30031	3	P1	0	NO PLAY	0	-	false	2026/09/19 20:46:03
30031	3	DP	0	NO PLAY	0	-	false	2026/09/19 20:46:03
30031	4	P1	0	NO PLAY	0	-	false	2026/09/19 20:46:03
30031	4	DP	0	NO PLAY	0	-	false	2026/09/19 20:46:03
30032	0	P1	0	NO PLAY	0	-	false	2026/09/19 20:46:03
30032	0	DP	0	NO PLAY	0	-	false	2026/09/19 20:46:03
30032	1	P1	0	NO PLAY	0	-	false	2026/09/19 20:46:03
30032	1	DP	0	NO PLAY	0	-	false	2026/09/19 20:46:03
30032	2	P1	0	NO PLAY	0	-	false	2026/09/19 20:46:03
30032	2	DP	0	NO PLAY	0	-	false	2026/09/19 20:46:03
30032	3	P1	0	NO PLAY	0	-	false	2026/09/19 20:46:03
30032	3	DP	0	NO PLAY	0	-	false	2026/09/19 20:46:03
30032	4	P1	0	NO PLAY	0	-	false	2026/09/19 20:46:03
30032	4	DP	0	NO PLAY	0	-	false	2026/09/19 20:46:03
30033	0	P1	0	NO PLAY	0	-	false	2026/09/19 20:46:03
30033	0	DP	0	NO PLAY	0	-	false	2026/09/19 20:46:03
30033	1	P1	0	NO PLAY	0	-	false	2026/09/19 20:46:03
30033	1	DP	0	NO PLAY	0	-	false	2026/09/19 20:46:03
30033	2	P1	0	NO PLAY	0	-	false	2026/09/19 20:46:03
30033	2	DP	0	NO PLAY	0	-	false	2026/09/19 20:46:03
30033	3	P1	0	NO PLAY	0	-	false	2026/09/19 20:46:03
30033	3	DP	0	NO PLAY	0	-	false	2026/09/19 20:46:03
30033	4	P1	0	NO PLAY	0	-	false	2026/09/19 20:46:03
30033	4	DP	0	NO PLAY	0	-	false	2026/09/19 20:46:03
30034	0	P1	0	NO PLAY	0	-	false	2026/09/19 20:46:03
30034	0	DP	0	NO PLAY	0	-	false	2026/09/19 20:46:03
30034	1	P1	0	NO PLAY	0	-	false	2026/09/19 20:46:03
30034	1	DP	0	NO PLAY	0	-	false	2026/09/19 20:46:03
30034	2	P1	0	NO PLAY	0	-	false	2026/09/19 20:46:03
30034	2	DP	0	NO PLAY	0	-	false	2026/09/19 20:46:03
30034	3	P1	0	NO PLAY	0	-	false	2026/09/19 20:46:03
30034	3	DP	0	NO PLAY	0	-	false	2026/09/19 20:46:03
30034	4	P1	0	NO PLAY	0	-	false	2026/09/19 20:46:03
30034	4	DP	0	NO PLAY	0	-	false	2026/09/19 20:46:03
30035	0	P1	0	NO PLAY	0	-	false	2026/09/19 20:46:03
30035	0	DP	0	NO PLAY	0	-	false	2026/09/19 20:46:03
30035	1	P1	0	NO PLAY	0	-	false	2026/09/19 20:46:03
30035	1	DP	0	NO PLAY	0	-	false	2026/09/19 20:46:03
30035	2	P1	0	NO PLAY	0	-	false	2026/09/19 20:46:03
30035	2	DP	0	NO PLAY	0	-	false	2026/09/19 20:46:03
30035	3	P1	0	NO PLAY	0	-	false	2026/09/19 20:46:03
30035	3	DP	0	NO PLAY	0	-	false	2026/09/19 20:46:03
30035	4	P1	0	NO PLAY	0	-	false	2026/09/19 20:46:03
30035	4	DP	0	NO PLAY	0	-	false	2026/09/19 20:46:03
30036	0	P1	0	NO PLAY	0	-	false	2026/09/19 20:46:03
30036	0	DP	0	NO PLAY	0	-	false	2026/09/19 20:46:03
30036	1	P1	0	NO PLAY	0	-	false	2026/09/19 20:46:03
30036	1	DP	0	NO PLAY	0	-	false	2026/09/19 20:46:03
30036	2	P1	0	NO PLAY	0	-	false	2026/09/19 20:46:03
30036	2	DP	0	NO PLAY	0	-	false	2026/09/19 20:46:03
30036	3	P1	0	NO PLAY	0	-	false	2026/09/19 20:46:03
30036	3	DP	0	NO PLAY	0	-	false	2026/09/19 20:46:03
30036	4	P1	0	NO PLAY	0	-	false	2026/09/19 20:46:03
30036	4	DP	0	NO PLAY	0	-	false	2026/09/19 20:46:03
30037	0	P1	0	NO PLAY	0	-	false	2026/09/19 20:46:03
30037	0	DP	0	NO PLAY	0	-	false	2026/09/19 20:46:03
30037	1	P1	0	NO PLAY	0	-	false	2026/09/19 20:46:03
30037	1	DP	0	NO PLAY	0	-	false	2026/09/19 20:46:03
30037	2	P1	0	NO PLAY	0	-	false	2026/09/19 20:46:03
30037	2	DP	0	NO PLAY	0	-	false	2026/09/19 20:46:03
30037	3	P1	0	NO PLAY	0	-	false	2026/09/19 20:46:03
30037	3	DP	0	NO PLAY	0	-	false	2026/09/19 20:46:03
30037	4	P1	0	NO PLAY	0	-	false	2026/09/19 20:46:03
30037	4	DP	0	NO PLAY	0	-	false	2026/09/19 20:46:03
30039	0	P1	0	NO PLAY	0	-	false	2026/09/19 20:46:03
30039	0	DP	0	NO PLAY	0	-	false	2026/09/19 20:46:03
30039	1	P1	0	NO PLAY	0	-	false	2026/09/19 20:46:03
30039	1	DP	0	NO PLAY	0	-	false	2026/09/19 20:46:03
30039	2	P1	0	NO PLAY	0	-	false	2026/09/19 20:46:03
30039	2	DP	0	NO PLAY	0	-	false	2026/09/19 20:46:03
30039	3	P1	0	NO PLAY	0	-	false	2026/09/19 20:46:03
30039	3	DP	0	NO PLAY	0	-	false	2026/09/19 20:46:03
30039	4	P1	0	NO PLAY	0	-	false	2026/09/19 20:46:03
30039	4	DP	0	NO PLAY	0	-	false	2026/09/19 20:46:03
30040	0	P1	0	NO PLAY	0	-	false	2026/09/19 20:46:03
30040	0	DP	0	NO PLAY	0	-	false	2026/09/19 20:46:03
30040	1	P1	0	NO PLAY	0	-	false	2026/09/19 20:46:03
30040	1	DP	0	NO PLAY	0	-	false	2026/09/19 20:46:03
30040	2	P1	0	NO PLAY	0	-	false	2026/09/19 20:46:03
30040	2	DP	0	NO PLAY	0	-	false	2026/09/19 20:46:03
30040	3	P1	0	NO PLAY	0	-	false	2026/09/19 20:46:03
30040	3	DP	0	NO PLAY	0	-	false	2026/09/19 20:46:03
30040	4	P1	0	NO PLAY	0	-	false	2026/09/19 20:46:03
30040	4	DP	0	NO PLAY	0	-	false	2026/09/19 20:46:03
30041	0	P1	0	NO PLAY	0	-	false	2026/09/19 20:46:03
30041	0	DP	0	NO PLAY	0	-	false	2026/09/19 20:46:03
30041	1	P1	0	NO PLAY	0	-	false	2026/09/19 20:46:03
30041	1	DP	0	NO PLAY	0	-	false	2026/09/19 20:46:03
30041	2	P1	0	NO PLAY	0	-	false	2026/09/19 20:46:03
30041	2	DP	0	NO PLAY	0	-	false	2026/09/19 20:46:03
30041	3	P1	0	NO PLAY	0	-	false	2026/09/19 20:46:03
30041	3	DP	0	NO PLAY	0	-	false	2026/09/19 20:46:03
30041	4	P1	0	NO PLAY	0	-	false	2026/09/19 20:46:03
30041	4	DP	0	NO PLAY	0	-	false	2026/09/19 20:46:03
30042	0	P1	0	NO PLAY	0	-	false	2026/09/19 20:46:03
30042	0	DP	0	NO PLAY	0	-	false	2026/09/19 20:46:03
30042	1	P1	0	NO PLAY	0	-	false	2026/09/19 20:46:03
30042	1	DP	0	NO PLAY	0	-	false	2026/09/19 20:46:03
30042	2	P1	0	NO PLAY	0	-	false	2026/09/19 20:46:03
30042	2	DP	0	NO PLAY	0	-	false	2026/09/19 20:46:03
30042	3	P1	0	NO PLAY	0	-	false	2026/09/19 20:46:03
30042	3	DP	6	EX HARD CLEAR	2256	9	true	2026/09/19 20:46:03
30042	4	P1	0	NO PLAY	0	-	false	2026/09/19 20:46:03
30042	4	DP	0	NO PLAY	0	-	false	2026/09/19 20:46:03
30043	0	P1	0	NO PLAY	0	-	false	2026/09/19 20:46:03
30043	0	DP	0	NO PLAY	0	-	false	2026/09/19 20:46:03
30043	1	P1	0	NO PLAY	0	-	false	2026/09/19 20:46:03
30043	1	DP	0	NO PLAY	0	-	false	2026/09/19 20:46:03
30043	2	P1	0	NO PLAY	0	-	false	2026/09/19 20:46:03
30043	2	DP	0	NO PLAY	0	-	false	2026/09/19 20:46:03
30043	3	P1	0	NO PLAY	0	-	false	2026/09/19 20:46:03
30043	3	DP	0	NO PLAY	0	-	false	2026/09/19 20:46:03
30043	4	P1	0	NO PLAY	0	-	false	2026/09/19 20:46:03
30043	4	DP	0	NO PLAY	0	-	false	2026/09/19 20:46:03
30045	0	P1	0	NO PLAY	0	-	false	2026/09/19 20:46:03
30045	0	DP	0	NO PLAY	0	-	false	2026/09/19 20:46:03
30045	1	P1	0	NO PLAY	0	-	false	2026/09/19 20:46:03
30045	1	DP	0	NO PLAY	0	-	false	2026/09/19 20:46:03
30045	2	P1	0	NO PLAY	0	-	false	2026/09/19 20:46:03
30045	2	DP	0	NO PLAY	0	-	false	2026/09/19 20:46:03
30045	3	P1	0	NO PLAY	0	-	false	2026/09/19 20:46:03
30045	3	DP	0	NO PLAY	0	-	false	2026/09/19 20:46:03
30045	4	P1	0	NO PLAY	0	-	false	2026/09/19 20:46:03
30045	4	DP	0	NO PLAY	0	-	false	2026/09/19 20:46:03
30046	0	P1	0	NO PLAY	0	-	false	2026/09/19 20:46:03
30046	0	DP	0	NO PLAY	0	-	false	2026/09/19 20:46:03
30046	1	P1	0	NO PLAY	0	-	false	2026/09/19 20:46:03
30046	1	DP	0	NO PLAY	0	-	false	2026/09/19 20:46:03
30046	2	P1	0	NO PLAY	0	-	false	2026/09/19 20:46:03
30046	2	DP	0	NO PLAY	0	-	false	2026/09/19 20:46:03
30046	3	P1	0	NO PLAY	0	-	false	2026/09/19 20:46:03
30046	3	DP	0	NO PLAY	0	-	false	2026/09/19 20:46:03
30046	4	P1	0	NO PLAY	0	-	false	2026/09/19 20:46:03
30046	4	DP	0	NO PLAY	0	-	false	2026/09/19 20:46:03
30047	0	P1	0	NO PLAY	0	-	false	2026/09/19 20:46:03
30047	0	DP	0	NO PLAY	0	-	false	2026/09/19 20:46:03
30047	1	P1	0	NO PLAY	0	-	false	2026/09/19 20:46:03
30047	1	DP	0	NO PLAY	0	-	false	2026/09/19 20:46:03
30047	2	P1	0	NO PLAY	0	-	false	2026/09/19 20:46:03
30047	2	DP	0	NO PLAY	0	-	false	2026/09/19 20:46:03
30047	3	P1	0	NO PLAY	0	-	false	2026/09/19 20:46:03
30047	3	DP	0	NO PLAY	0	-	false	2026/09/19 20:46:03
30047	4	P1	0	NO PLAY	0	-	false	2026/09/19 20:46:03
30047	4	DP	0	NO PLAY	0	-	false	2026/09/19 20:46:03
30048	0	P1	0	NO PLAY	0	-	false	2026/09/19 20:46:03
30048	0	DP	0	NO PLAY	0	-	false	2026/09/19 20:46:03
30048	1	P1	0	NO PLAY	0	-	false	2026/09/19 20:46:03
30048	1	DP	0	NO PLAY	0	-	false	2026/09/19 20:46:03
30048	2	P1	0	NO PLAY	0	-	false	2026/09/19 20:46:03
30048	2	DP	0	NO PLAY	0	-	false	2026/09/19 20:46:03
30048	3	P1	0	NO PLAY	0	-	false	2026/09/19 20:46:03
30048	3	DP	0	NO PLAY	0	-	false	2026/09/19 20:46:03
30048	4	P1	0	NO PLAY	0	-	false	2026/09/19 20:46:03
30048	4	DP	0	NO PLAY	0	-	false	2026/09/19 20:46:03
30049	0	P1	0	NO PLAY	0	-	false	2026/09/19 20:46:03
30049	0	DP	0	NO PLAY	0	-	false	2026/09/19 20:46:03
30049	1	P1	0	NO PLAY	0	-	false	2026/09/19 20:46:03
30049	1	DP	0	NO PLAY	0	-	false	2026/09/19 20:46:03
30049	2	P1	0	NO PLAY	0	-	false	2026/09/19 20:46:03
30049	2	DP	0	NO PLAY	0	-	false	2026/09/19 20:46:03
30049	3	P1	0	NO PLAY	0	-	false	2026/09/19 20:46:03
30049	3	DP	0	NO PLAY	0	-	false	2026/09/19 20:46:03
30049	4	P1	0	NO PLAY	0	-	false	2026/09/19 20:46:03
30049	4	DP	0	NO PLAY	0	-	false	2026/09/19 20:46:03
30050	0	P1	0	NO PLAY	0	-	false	2026/09/19 20:46:03
30050	0	DP	0	NO PLAY	0	-	false	2026/09/19 20:46:03
30050	1	P1	0	NO PLAY	0	-	false	2026/09/19 20:46:03
30050	1	DP	0	NO PLAY	0	-	false	2026/09/19 20:46:03
30050	2	P1	0	NO PLAY	0	-	false	2026/09/19 20:46:03
30050	2	DP	0	NO PLAY	0	-	false	2026/09/19 20:46:03
30050	3	P1	0	NO PLAY	0	-	false	2026/09/19 20:46:03
30050	3	DP	0	NO PLAY	0	-	false	2026/09/19 20:46:03
30050	4	P1	0	NO PLAY	0	-	false	2026/09/19 20:46:03
30050	4	DP	0	NO PLAY	0	-	false	2026/09/19 20:46:03
30051	0	P1	0	NO PLAY	0	-	false	2026/09/19 20:46:03
30051	0	DP	0	NO PLAY	0	-	false	2026/09/19 20:46:03
30051	1	P1	0	NO PLAY	0	-	false	2026/09/19 20:46:03
30051	1	DP	0	NO PLAY	0	-	false	2026/09/19 20:46:03
30051	2	P1	0	NO PLAY	0	-	false	2026/09/19 20:46:03
30051	2	DP	0	NO PLAY	0	-	false	2026/09/19 20:46:03
30051	3	P1	0	NO PLAY	0	-	false	2026/09/19 20:46:03
30051	3	DP	0	NO PLAY	0	-	false	2026/09/19 20:46:03
30051	4	P1	0	NO PLAY	0	-	false	2026/09/19 20:46:03
30051	4	DP	0	NO PLAY	0	-	false	2026/09/19 20:46:03
30052	0	P1	0	NO PLAY	0	-	false	2026/09/19 20:46:03
30052	0	DP	0	NO PLAY	0	-	false	2026/09/19 20:46:03
30052	1	P1	0	NO PLAY	0	-	false	2026/09/19 20:46:03
30052	1	DP	0	NO PLAY	0	-	false	2026/09/19 20:46:03
30052	2	P1	0	NO PLAY	0	-	false	2026/09/19 20:46:03
30052	2	DP	0	NO PLAY	0	-	false	2026/09/19 20:46:03
30052	3	P1	0	NO PLAY	0	-	false	2026/09/19 20:46:03
30052	3	DP	0	NO PLAY	0	-	false	2026/09/19 20:46:03
30052	4	P1	0	NO PLAY	0	-	false	2026/09/19 20:46:03
30052	4	DP	0	NO PLAY	0	-	false	2026/09/19 20:46:03
30053	0	P1	0	NO PLAY	0	-	false	2026/09/19 20:46:03
30053	0	DP	0	NO PLAY	0	-	false	2026/09/19 20:46:03
30053	1	P1	0	NO PLAY	0	-	false	2026/09/19 20:46:03
30053	1	DP	0	NO PLAY	0	-	false	2026/09/19 20:46:03
30053	2	P1	0	NO PLAY	0	-	false	2026/09/19 20:46:03
30053	2	DP	0	NO PLAY	0	-	false	2026/09/19 20:46:03
30053	3	P1	0	NO PLAY	0	-	false	2026/09/19 20:46:03
30053	3	DP	0	NO PLAY	0	-	false	2026/09/19 20:46:03
30053	4	P1	0	NO PLAY	0	-	false	2026/09/19 20:46:03
30053	4	DP	0	NO PLAY	0	-	false	2026/09/19 20:46:03
30054	0	P1	0	NO PLAY	0	-	false	2026/09/19 20:46:03
30054	0	DP	0	NO PLAY	0	-	false	2026/09/19 20:46:03
30054	1	P1	0	NO PLAY	0	-	false	2026/09/19 20:46:03
30054	1	DP	0	NO PLAY	0	-	false	2026/09/19 20:46:03
30054	2	P1	0	NO PLAY	0	-	false	2026/09/19 20:46:03
30054	2	DP	0	NO PLAY	0	-	false	2026/09/19 20:46:03
30054	3	P1	0	NO PLAY	0	-	false	2026/09/19 20:46:03
30054	3	DP	0	NO PLAY	0	-	false	2026/09/19 20:46:03
30054	4	P1	0	NO PLAY	0	-	false	2026/09/19 20:46:03
30054	4	DP	0	NO PLAY	0	-	false	2026/09/19 20:46:03
30056	0	P1	0	NO PLAY	0	-	false	2026/09/19 20:46:03
30056	0	DP	0	NO PLAY	0	-	false	2026/09/19 20:46:03
30056	1	P1	0	NO PLAY	0	-	false	2026/09/19 20:46:03
30056	1	DP	0	NO PLAY	0	-	false	2026/09/19 20:46:03
30056	2	P1	0	NO PLAY	0	-	false	2026/09/19 20:46:03
30056	2	DP	0	NO PLAY	0	-	false	2026/09/19 20:46:03
30056	3	P1	0	NO PLAY	0	-	false	2026/09/19 20:46:03
30056	3	DP	0	NO PLAY	0	-	false	2026/09/19 20:46:03
30056	4	P1	0	NO PLAY	0	-	false	2026/09/19 20:46:03
30056	4	DP	0	NO PLAY	0	-	false	2026/09/19 20:46:03
30057	0	P1	0	NO PLAY	0	-	false	2026/09/19 20:46:03
30057	0	DP	0	NO PLAY	0	-	false	2026/09/19 20:46:03
30057	1	P1	0	NO PLAY	0	-	false	2026/09/19 20:46:03
30057	1	DP	0	NO PLAY	0	-	false	2026/09/19 20:46:03
30057	2	P1	0	NO PLAY	0	-	false	2026/09/19 20:46:03
30057	2	DP	0	NO PLAY	0	-	false	2026/09/19 20:46:03
30057	3	P1	0	NO PLAY	0	-	false	2026/09/19 20:46:03
30057	3	DP	0	NO PLAY	0	-	false	2026/09/19 20:46:03
30057	4	P1	0	NO PLAY	0	-	false	2026/09/19 20:46:03
30057	4	DP	0	NO PLAY	0	-	false	2026/09/19 20:46:03
30058	0	P1	0	NO PLAY	0	-	false	2026/09/19 20:46:03
30058	0	DP	0	NO PLAY	0	-	false	2026/09/19 20:46:03
30058	1	P1	0	NO PLAY	0	-	false	2026/09/19 20:46:03
30058	1	DP	0	NO PLAY	0	-	false	2026/09/19 20:46:03
30058	2	P1	0	NO PLAY	0	-	false	2026/09/19 20:46:03
30058	2	DP	0	NO PLAY	0	-	false	2026/09/19 20:46:03
30058	3	P1	6	EX HARD CLEAR	2778	7	true	2026/09/19 20:46:03
30058	3	DP	6	EX HARD CLEAR	2450	11	true	2026/09/19 20:46:03
30058	4	P1	0	NO PLAY	0	-	false	2026/09/19 20:46:03
30058	4	DP	0	NO PLAY	0	-	false	2026/09/19 20:46:03
30059	0	P1	0	NO PLAY	0	-	false	2026/09/19 20:46:03
30059	0	DP	0	NO PLAY	0	-	false	2026/09/19 20:46:03
30059	1	P1	0	NO PLAY	0	-	false	2026/09/19 20:46:03
30059	1	DP	0	NO PLAY	0	-	false	2026/09/19 20:46:03
30059	2	P1	0	NO PLAY	0	-	false	2026/09/19 20:46:03
30059	2	DP	7	FULL COMBO	1648	0	true	2026/09/19 20:46:03
30059	3	P1	6	EX HARD CLEAR	2836	10	true	2026/09/19 20:46:03
30059	3	DP	6	EX HARD CLEAR	2715	15	true	2026/09/19 20:46:03
30059	4	P1	0	NO PLAY	0	-	false	2026/09/19 20:46:03
30059	4	DP	0	NO PLAY	0	-	false	2026/09/19 20:46:03
30061	0	P1	0	NO PLAY	0	-	false	2026/09/19 20:46:03
30061	0	DP	0	NO PLAY	0	-	false	2026/09/19 20:46:03
30061	1	P1	0	NO PLAY	0	-	false	2026/09/19 20:46:03
30061	1	DP	0	NO PLAY	0	-	false	2026/09/19 20:46:03
30061	2	P1	0	NO PLAY	0	-	false	2026/09/19 20:46:03
30061	2	DP	0	NO PLAY	0	-	false	2026/09/19 20:46:03
30061	3	P1	0	NO PLAY	0	-	false	2026/09/19 20:46:03
30061	3	DP	0	NO PLAY	0	-	false	2026/09/19 20:46:03
30061	4	P1	0	NO PLAY	0	-	false	2026/09/19 20:46:03
30061	4	DP	0	NO PLAY	0	-	false	2026/09/19 20:46:03
30062	0	P1	0	NO PLAY	0	-	false	2026/09/19 20:46:03
30062	0	DP	0	NO PLAY	0	-	false	2026/09/19 20:46:03
30062	1	P1	0	NO PLAY	0	-	false	2026/09/19 20:46:03
30062	1	DP	0	NO PLAY	0	-	false	2026/09/19 20:46:03
30062	2	P1	0	NO PLAY	0	-	false	2026/09/19 20:46:03
30062	2	DP	0	NO PLAY	0	-	false	2026/09/19 20:46:03
30062	3	P1	0	NO PLAY	0	-	false	2026/09/19 20:46:03
30062	3	DP	0	NO PLAY	0	-	false	2026/09/19 20:46:03
30062	4	P1	0	NO PLAY	0	-	false	2026/09/19 20:46:03
30062	4	DP	0	NO PLAY	0	-	false	2026/09/19 20:46:03
30063	0	P1	0	NO PLAY	0	-	false	2026/09/19 20:46:03
30063	0	DP	0	NO PLAY	0	-	false	2026/09/19 20:46:03
30063	1	P1	0	NO PLAY	0	-	false	2026/09/19 20:46:03
30063	1	DP	0	NO PLAY	0	-	false	2026/09/19 20:46:03
30063	2	P1	0	NO PLAY	0	-	false	2026/09/19 20:46:03
30063	2	DP	0	NO PLAY	0	-	false	2026/09/19 20:46:03
30063	3	P1	0	NO PLAY	0	-	false	2026/09/19 20:46:03
30063	3	DP	0	NO PLAY	0	-	false	2026/09/19 20:46:03
30063	4	P1	0	NO PLAY	0	-	false	2026/09/19 20:46:03
30063	4	DP	0	NO PLAY	0	-	false	2026/09/19 20:46:03
30065	0	P1	0	NO PLAY	0	-	false	2026/09/19 20:46:03
30065	0	DP	0	NO PLAY	0	-	false	2026/09/19 20:46:03
30065	1	P1	0	NO PLAY	0	-	false	2026/09/19 20:46:03
30065	1	DP	0	NO PLAY	0	-	false	2026/09/19 20:46:03
30065	2	P1	0	NO PLAY	0	-	false	2026/09/19 20:46:03
30065	2	DP	0	NO PLAY	0	-	false	2026/09/19 20:46:03
30065	3	P1	0	NO PLAY	0	-	false	2026/09/19 20:46:03
30065	3	DP	0	NO PLAY	0	-	false	2026/09/19 20:46:03
30065	4	P1	0	NO PLAY	0	-	false	2026/09/19 20:46:03
30065	4	DP	0	NO PLAY	0	-	false	2026/09/19 20:46:03
30066	0	P1	0	NO PLAY	0	-	false	2026/09/19 20:46:03
30066	0	DP	0	NO PLAY	0	-	false	2026/09/19 20:46:03
30066	1	P1	0	NO PLAY	0	-	false	2026/09/19 20:46:03
30066	1	DP	0	NO PLAY	0	-	false	2026/09/19 20:46:03
30066	2	P1	0	NO PLAY	0	-	false	2026/09/19 20:46:03
30066	2	DP	0	NO PLAY	0	-	false	2026/09/19 20:46:03
30066	3	P1	0	NO PLAY	0	-	false	2026/09/19 20:46:03
30066	3	DP	0	NO PLAY	0	-	false	2026/09/19 20:46:03
30066	4	P1	0	NO PLAY	0	-	false	2026/09/19 20:46:03
30066	4	DP	0	NO PLAY	0	-	false	2026/09/19 20:46:03
30067	0	P1	0	NO PLAY	0	-	false	2026/09/19 20:46:03
30067	0	DP	0	NO PLAY	0	-	false	2026/09/19 20:46:03
30067	1	P1	0	NO PLAY	0	-	false	2026/09/19 20:46:03
30067	1	DP	0	NO PLAY	0	-	false	2026/09/19 20:46:03
30067	2	P1	0	NO PLAY	0	-	false	2026/09/19 20:46:03
30067	2	DP	0	NO PLAY	0	-	false	2026/09/19 20:46:03
30067	3	P1	0	NO PLAY	0	-	false	2026/09/19 20:46:03
30067	3	DP	0	NO PLAY	0	-	false	2026/09/19 20:46:03
30067	4	P1	0	NO PLAY	0	-	false	2026/09/19 20:46:03
30067	4	DP	0	NO PLAY	0	-	false	2026/09/19 20:46:03
30068	0	P1	0	NO PLAY	0	-	false	2026/09/19 20:46:03
30068	0	DP	0	NO PLAY	0	-	false	2026/09/19 20:46:03
30068	1	P1	0	NO PLAY	0	-	false	2026/09/19 20:46:03
30068	1	DP	0	NO PLAY	0	-	false	2026/09/19 20:46:03
30068	2	P1	0	NO PLAY	0	-	false	2026/09/19 20:46:03
30068	2	DP	0	NO PLAY	0	-	false	2026/09/19 20:46:03
30068	3	P1	0	NO PLAY	0	-	false	2026/09/19 20:46:03
30068	3	DP	0	NO PLAY	0	-	false	2026/09/19 20:46:03
30068	4	P1	0	NO PLAY	0	-	false	2026/09/19 20:46:03
30068	4	DP	0	NO PLAY	0	-	false	2026/09/19 20:46:03
30069	0	P1	0	NO PLAY	0	-	false	2026/09/19 20:46:03
30069	0	DP	0	NO PLAY	0	-	false	2026/09/19 20:46:03
30069	1	P1	0	NO PLAY	0	-	false	2026/09/19 20:46:03
30069	1	DP	0	NO PLAY	0	-	false	2026/09/19 20:46:03
30069	2	P1	0	NO PLAY	0	-	false	2026/09/19 20:46:03
30069	2	DP	0	NO PLAY	0	-	false	2026/09/19 20:46:03
30069	3	P1	0	NO PLAY	0	-	false	2026/09/19 20:46:03
30069	3	DP	0	NO PLAY	0	-	false	2026/09/19 20:46:03
30069	4	P1	0	NO PLAY	0	-	false	2026/09/19 20:46:03
30069	4	DP	0	NO PLAY	0	-	false	2026/09/19 20:46:03
30070	0	P1	0	NO PLAY	0	-	false	2026/09/19 20:46:03
30070	0	DP	0	NO PLAY	0	-	false	2026/09/19 20:46:03
30070	1	P1	0	NO PLAY	0	-	false	2026/09/19 20:46:03
30070	1	DP	0	NO PLAY	0	-	false	2026/09/19 20:46:03
30070	2	P1	0	NO PLAY	0	-	false	2026/09/19 20:46:03
30070	2	DP	0	NO PLAY	0	-	false	2026/09/19 20:46:03
30070	3	P1	0	NO PLAY	0	-	false	2026/09/19 20:46:03
30070	3	DP	0	NO PLAY	0	-	false	2026/09/19 20:46:03
30070	4	P1	0	NO PLAY	0	-	false	2026/09/19 20:46:03
30070	4	DP	0	NO PLAY	0	-	false	2026/09/19 20:46:03
30072	0	P1	0	NO PLAY	0	-	false	2026/09/19 20:46:03
30072	0	DP	0	NO PLAY	0	-	false	2026/09/19 20:46:03
30072	1	P1	0	NO PLAY	0	-	false	2026/09/19 20:46:03
30072	1	DP	0	NO PLAY	0	-	false	2026/09/19 20:46:03
30072	2	P1	0	NO PLAY	0	-	false	2026/09/19 20:46:03
30072	2	DP	0	NO PLAY	0	-	false	2026/09/19 20:46:03
30072	3	P1	0	NO PLAY	0	-	false	2026/09/19 20:46:03
30072	3	DP	0	NO PLAY	0	-	false	2026/09/19 20:46:03
30072	4	P1	0	NO PLAY	0	-	false	2026/09/19 20:46:03
30072	4	DP	0	NO PLAY	0	-	false	2026/09/19 20:46:03
30073	0	P1	0	NO PLAY	0	-	false	2026/09/19 20:46:03
30073	0	DP	0	NO PLAY	0	-	false	2026/09/19 20:46:03
30073	1	P1	0	NO PLAY	0	-	false	2026/09/19 20:46:03
30073	1	DP	0	NO PLAY	0	-	false	2026/09/19 20:46:03
30073	2	P1	0	NO PLAY	0	-	false	2026/09/19 20:46:03
30073	2	DP	0	NO PLAY	0	-	false	2026/09/19 20:46:03
30073	3	P1	0	NO PLAY	0	-	false	2026/09/19 20:46:03
30073	3	DP	0	NO PLAY	0	-	false	2026/09/19 20:46:03
30073	4	P1	0	NO PLAY	0	-	false	2026/09/19 20:46:03
30073	4	DP	0	NO PLAY	0	-	false	2026/09/19 20:46:03
30074	0	P1	0	NO PLAY	0	-	false	2026/09/19 20:46:03
30074	0	DP	0	NO PLAY	0	-	false	2026/09/19 20:46:03
30074	1	P1	0	NO PLAY	0	-	false	2026/09/19 20:46:03
30074	1	DP	0	NO PLAY	0	-	false	2026/09/19 20:46:03
30074	2	P1	0	NO PLAY	0	-	false	2026/09/19 20:46:03
30074	2	DP	0	NO PLAY	0	-	false	2026/09/19 20:46:03
30074	3	P1	0	NO PLAY	0	-	false	2026/09/19 20:46:03
30074	3	DP	0	NO PLAY	0	-	false	2026/09/19 20:46:03
30074	4	P1	0	NO PLAY	0	-	false	2026/09/19 20:46:03
30074	4	DP	0	NO PLAY	0	-	false	2026/09/19 20:46:03
30075	0	P1	0	NO PLAY	0	-	false	2026/09/19 20:46:03
30075	0	DP	0	NO PLAY	0	-	false	2026/09/19 20:46:03
30075	1	P1	0	NO PLAY	0	-	false	2026/09/19 20:46:03
30075	1	DP	0	NO PLAY	0	-	false	2026/09/19 20:46:03
30075	2	P1	0	NO PLAY	0	-	false	2026/09/19 20:46:03
30075	2	DP	0	NO PLAY	0	-	false	2026/09/19 20:46:03
30075	3	P1	0	NO PLAY	0	-	false	2026/09/19 20:46:03
30075	3	DP	0	NO PLAY	0	-	false	2026/09/19 20:46:03
30075	4	P1	0	NO PLAY	0	-	false	2026/09/19 20:46:03
30075	4	DP	0	NO PLAY	0	-	false	2026/09/19 20:46:03
30076	0	P1	0	NO PLAY	0	-	false	2026/09/19 20:46:03
30076	0	DP	0	NO PLAY	0	-	false	2026/09/19 20:46:03
30076	1	P1	0	NO PLAY	0	-	false	2026/09/19 20:46:03
30076	1	DP	0	NO PLAY	0	-	false	2026/09/19 20:46:03
30076	2	P1	0	NO PLAY	0	-	false	2026/09/19 20:46:03
30076	2	DP	0	NO PLAY	0	-	false	2026/09/19 20:46:03
30076	3	P1	0	NO PLAY	0	-	false	2026/09/19 20:46:03
30076	3	DP	0	NO PLAY	0	-	false	2026/09/19 20:46:03
30076	4	P1	0	NO PLAY	0	-	false	2026/09/19 20:46:03
30076	4	DP	0	NO PLAY	0	-	false	2026/09/19 20:46:03
30077	0	P1	0	NO PLAY	0	-	false	2026/09/19 20:46:03
30077	0	DP	0	NO PLAY	0	-	false	2026/09/19 20:46:03
30077	1	P1	0	NO PLAY	0	-	false	2026/09/19 20:46:03
30077	1	DP	0	NO PLAY	0	-	false	2026/09/19 20:46:03
30077	2	P1	0	NO PLAY	0	-	false	2026/09/19 20:46:03
30077	2	DP	0	NO PLAY	0	-	false	2026/09/19 20:46:03
30077	3	P1	0	NO PLAY	0	-	false	2026/09/19 20:46:03
30077	3	DP	0	NO PLAY	0	-	false	2026/09/19 20:46:03
30077	4	P1	0	NO PLAY	0	-	false	2026/09/19 20:46:03
30077	4	DP	0	NO PLAY	0	-	false	2026/09/19 20:46:03
30078	0	P1	0	NO PLAY	0	-	false	2026/09/19 20:46:03
30078	0	DP	0	NO PLAY	0	-	false	2026/09/19 20:46:03
30078	1	P1	0	NO PLAY	0	-	false	2026/09/19 20:46:03
30078	1	DP	0	NO PLAY	0	-	false	2026/09/19 20:46:03
30078	2	P1	0	NO PLAY	0	-	false	2026/09/19 20:46:03
30078	2	DP	0	NO PLAY	0	-	false	2026/09/19 20:46:03
30078	3	P1	6	EX HARD CLEAR	3020	15	true	2026/09/19 20:46:03
30078	3	DP	6	EX HARD CLEAR	2838	21	true	2026/09/19 20:46:03
30078	4	P1	0	NO PLAY	0	-	false	2026/09/19 20:46:03
30078	4	DP	0	NO PLAY	0	-	false	2026/09/19 20:46:03
30080	0	P1	0	NO PLAY	0	-	false	2026/09/19 20:46:03
30080	0	DP	0	NO PLAY	0	-	false	2026/09/19 20:46:03
30080	1	P1	0	NO PLAY	0	-	false	2026/09/19 20:46:03
30080	1	DP	0	NO PLAY	0	-	false	2026/09/19 20:46:03
30080	2	P1	0	NO PLAY	0	-	false	2026/09/19 20:46:03
30080	2	DP	0	NO PLAY	0	-	false	2026/09/19 20:46:03
30080	3	P1	0	NO PLAY	0	-	false	2026/09/19 20:46:03
30080	3	DP	0	NO PLAY	0	-	false	2026/09/19 20:46:03
30080	4	P1	0	NO PLAY	0	-	false	2026/09/19 20:46:03
30080	4	DP	0	NO PLAY	0	-	false	2026/09/19 20:46:03
30081	0	P1	0	NO PLAY	0	-	false	2026/09/19 20:46:03
30081	0	DP	0	NO PLAY	0	-	false	2026/09/19 20:46:03
30081	1	P1	0	NO PLAY	0	-	false	2026/09/19 20:46:03
30081	1	DP	0	NO PLAY	0	-	false	2026/09/19 20:46:03
30081	2	P1	0	NO PLAY	0	-	false	2026/09/19 20:46:03
30081	2	DP	0	NO PLAY	0	-	false	2026/09/19 20:46:03
30081	3	P1	0	NO PLAY	0	-	false	2026/09/19 20:46:03
30081	3	DP	0	NO PLAY	0	-	false	2026/09/19 20:46:03
30081	4	P1	0	NO PLAY	0	-	false	2026/09/19 20:46:03
30081	4	DP	0	NO PLAY	0	-	false	2026/09/19 20:46:03
30086	0	P1	0	NO PLAY	0	-	false	2026/09/19 20:46:03
30086	0	DP	0	NO PLAY	0	-	false	2026/09/19 20:46:03
30086	1	P1	0	NO PLAY	0	-	false	2026/09/19 20:46:03
30086	1	DP	0	NO PLAY	0	-	false	2026/09/19 20:46:03
30086	2	P1	0	NO PLAY	0	-	false	2026/09/19 20:46:03
30086	2	DP	0	NO PLAY	0	-	false	2026/09/19 20:46:03
30086	3	P1	0	NO PLAY	0	-	false	2026/09/19 20:46:03
30086	3	DP	0	NO PLAY	0	-	false	2026/09/19 20:46:03
30086	4	P1	0	NO PLAY	0	-	false	2026/09/19 20:46:03
30086	4	DP	0	NO PLAY	0	-	false	2026/09/19 20:46:03
30087	0	P1	0	NO PLAY	0	-	false	2026/09/19 20:46:03
30087	0	DP	0	NO PLAY	0	-	false	2026/09/19 20:46:03
30087	1	P1	0	NO PLAY	0	-	false	2026/09/19 20:46:03
30087	1	DP	0	NO PLAY	0	-	false	2026/09/19 20:46:03
30087	2	P1	0	NO PLAY	0	-	false	2026/09/19 20:46:03
30087	2	DP	0	NO PLAY	0	-	false	2026/09/19 20:46:03
30087	3	P1	0	NO PLAY	0	-	false	2026/09/19 20:46:03
30087	3	DP	0	NO PLAY	0	-	false	2026/09/19 20:46:03
30087	4	P1	0	NO PLAY	0	-	false	2026/09/19 20:46:03
30087	4	DP	0	NO PLAY	0	-	false	2026/09/19 20:46:03
30088	0	P1	0	NO PLAY	0	-	false	2026/09/19 20:46:03
30088	0	DP	0	NO PLAY	0	-	false	2026/09/19 20:46:03
30088	1	P1	0	NO PLAY	0	-	false	2026/09/19 20:46:03
30088	1	DP	0	NO PLAY	0	-	false	2026/09/19 20:46:03
30088	2	P1	0	NO PLAY	0	-	false	2026/09/19 20:46:03
30088	2	DP	0	NO PLAY	0	-	false	2026/09/19 20:46:03
30088	3	P1	6	EX HARD CLEAR	2384	10	true	2026/09/19 20:46:03
30088	3	DP	6	EX HARD CLEAR	2731	15	true	2026/09/19 20:46:03
30088	4	P1	0	NO PLAY	0	-	false	2026/09/19 20:46:03
30088	4	DP	0	NO PLAY	0	-	false	2026/09/19 20:46:03
30089	0	P1	0	NO PLAY	0	-	false	2026/09/19 20:46:03
30089	0	DP	0	NO PLAY	0	-	false	2026/09/19 20:46:03
30089	1	P1	0	NO PLAY	0	-	false	2026/09/19 20:46:03
30089	1	DP	0	NO PLAY	0	-	false	2026/09/19 20:46:03
30089	2	P1	0	NO PLAY	0	-	false	2026/09/19 20:46:03
30089	2	DP	0	NO PLAY	0	-	false	2026/09/19 20:46:03
30089	3	P1	6	EX HARD CLEAR	2732	9	true	2026/09/19 20:46:03
30089	3	DP	5	HARD CLEAR	2565	34	true	2026/09/19 20:46:03
30089	4	P1	0	NO PLAY	0	-	false	2026/09/19 20:46:03
30089	4	DP	0	NO PLAY	0	-	false	2026/09/19 20:46:03
30090	0	P1	0	NO PLAY	0	-	false	2026/09/19 20:46:03
30090	0	DP	0	NO PLAY	0	-	false	2026/09/19 20:46:03
30090	1	P1	0	NO PLAY	0	-	false	2026/09/19 20:46:03
30090	1	DP	0	NO PLAY	0	-	false	2026/09/19 20:46:03
30090	2	P1	0	NO PLAY	0	-	false	2026/09/19 20:46:03
30090	2	DP	0	NO PLAY	0	-	false	2026/09/19 20:46:03
30090	3	P1	0	NO PLAY	0	-	false	2026/09/19 20:46:03
30090	3	DP	0	NO PLAY	0	-	false	2026/09/19 20:46:03
30090	4	P1	0	NO PLAY	0	-	false	2026/09/19 20:46:03
30090	4	DP	0	NO PLAY	0	-	false	2026/09/19 20:46:03
30091	0	P1	0	NO PLAY	0	-	false	2026/09/19 20:46:03
30091	0	DP	0	NO PLAY	0	-	false	2026/09/19 20:46:03
30091	1	P1	0	NO PLAY	0	-	false	2026/09/19 20:46:03
30091	1	DP	0	NO PLAY	0	-	false	2026/09/19 20:46:03
30091	2	P1	0	NO PLAY	0	-	false	2026/09/19 20:46:03
30091	2	DP	0	NO PLAY	0	-	false	2026/09/19 20:46:03
30091	3	P1	0	NO PLAY	0	-	false	2026/09/19 20:46:03
30091	3	DP	0	NO PLAY	0	-	false	2026/09/19 20:46:03
30091	4	P1	0	NO PLAY	0	-	false	2026/09/19 20:46:03
30091	4	DP	0	NO PLAY	0	-	false	2026/09/19 20:46:03
30092	0	P1	0	NO PLAY	0	-	false	2026/09/19 20:46:03
30092	0	DP	0	NO PLAY	0	-	false	2026/09/19 20:46:03
30092	1	P1	0	NO PLAY	0	-	false	2026/09/19 20:46:03
30092	1	DP	0	NO PLAY	0	-	false	2026/09/19 20:46:03
30092	2	P1	0	NO PLAY	0	-	false	2026/09/19 20:46:03
30092	2	DP	0	NO PLAY	0	-	false	2026/09/19 20:46:03
30092	3	P1	0	NO PLAY	0	-	false	2026/09/19 20:46:03
30092	3	DP	0	NO PLAY	0	-	false	2026/09/19 20:46:03
30092	4	P1	0	NO PLAY	0	-	false	2026/09/19 20:46:03
30092	4	DP	0	NO PLAY	0	-	false	2026/09/19 20:46:03
30093	0	P1	0	NO PLAY	0	-	false	2026/09/19 20:46:03
30093	0	DP	0	NO PLAY	0	-	false	2026/09/19 20:46:03
30093	1	P1	0	NO PLAY	0	-	false	2026/09/19 20:46:03
30093	1	DP	0	NO PLAY	0	-	false	2026/09/19 20:46:03
30093	2	P1	0	NO PLAY	0	-	false	2026/09/19 20:46:03
30093	2	DP	0	NO PLAY	0	-	false	2026/09/19 20:46:03
30093	3	P1	0	NO PLAY	0	-	false	2026/09/19 20:46:03
30093	3	DP	0	NO PLAY	0	-	false	2026/09/19 20:46:03
30093	4	P1	0	NO PLAY	0	-	false	2026/09/19 20:46:03
30093	4	DP	0	NO PLAY	0	-	false	2026/09/19 20:46:03
30095	0	P1	0	NO PLAY	0	-	false	2026/09/19 20:46:03
30095	0	DP	0	NO PLAY	0	-	false	2026/09/19 20:46:03
30095	1	P1	0	NO PLAY	0	-	false	2026/09/19 20:46:03
30095	1	DP	0	NO PLAY	0	-	false	2026/09/19 20:46:03
30095	2	P1	0	NO PLAY	0	-	false	2026/09/19 20:46:03
30095	2	DP	0	NO PLAY	0	-	false	2026/09/19 20:46:03
30095	3	P1	0	NO PLAY	0	-	false	2026/09/19 20:46:03
30095	3	DP	0	NO PLAY	0	-	false	2026/09/19 20:46:03
30095	4	P1	0	NO PLAY	0	-	false	2026/09/19 20:46:03
30095	4	DP	0	NO PLAY	0	-	false	2026/09/19 20:46:03
30096	0	P1	0	NO PLAY	0	-	false	2026/09/19 20:46:03
30096	0	DP	0	NO PLAY	0	-	false	2026/09/19 20:46:03
30096	1	P1	0	NO PLAY	0	-	false	2026/09/19 20:46:03
30096	1	DP	0	NO PLAY	0	-	false	2026/09/19 20:46:03
30096	2	P1	0	NO PLAY	0	-	false	2026/09/19 20:46:03
30096	2	DP	0	NO PLAY	0	-	false	2026/09/19 20:46:03
30096	3	P1	0	NO PLAY	0	-	false	2026/09/19 20:46:03
30096	3	DP	0	NO PLAY	0	-	false	2026/09/19 20:46:03
30096	4	P1	0	NO PLAY	0	-	false	2026/09/19 20:46:03
30096	4	DP	0	NO PLAY	0	-	false	2026/09/19 20:46:03
30097	0	P1	0	NO PLAY	0	-	false	2026/09/19 20:46:03
30097	0	DP	0	NO PLAY	0	-	false	2026/09/19 20:46:03
30097	1	P1	0	NO PLAY	0	-	false	2026/09/19 20:46:03
30097	1	DP	0	NO PLAY	0	-	false	2026/09/19 20:46:03
30097	2	P1	0	NO PLAY	0	-	false	2026/09/19 20:46:03
30097	2	DP	0	NO PLAY	0	-	false	2026/09/19 20:46:03
30097	3	P1	0	NO PLAY	0	-	false	2026/09/19 20:46:03
30097	3	DP	0	NO PLAY	0	-	false	2026/09/19 20:46:03
30097	4	P1	0	NO PLAY	0	-	false	2026/09/19 20:46:03
30097	4	DP	0	NO PLAY	0	-	false	2026/09/19 20:46:03
30098	0	P1	0	NO PLAY	0	-	false	2026/09/19 20:46:03
30098	0	DP	0	NO PLAY	0	-	false	2026/09/19 20:46:03
30098	1	P1	0	NO PLAY	0	-	false	2026/09/19 20:46:03
30098	1	DP	0	NO PLAY	0	-	false	2026/09/19 20:46:03
30098	2	P1	0	NO PLAY	0	-	false	2026/09/19 20:46:03
30098	2	DP	0	NO PLAY	0	-	false	2026/09/19 20:46:03
30098	3	P1	0	NO PLAY	0	-	false	2026/09/19 20:46:03
30098	3	DP	0	NO PLAY	0	-	false	2026/09/19 20:46:03
30098	4	P1	0	NO PLAY	0	-	false	2026/09/19 20:46:03
30098	4	DP	0	NO PLAY	0	-	false	2026/09/19 20:46:03
30099	0	P1	0	NO PLAY	0	-	false	2026/09/19 20:46:03
30099	0	DP	0	NO PLAY	0	-	false	2026/09/19 20:46:03
30099	1	P1	0	NO PLAY	0	-	false	2026/09/19 20:46:03
30099	1	DP	0	NO PLAY	0	-	false	2026/09/19 20:46:03
30099	2	P1	0	NO PLAY	0	-	false	2026/09/19 20:46:03
30099	2	DP	0	NO PLAY	0	-	false	2026/09/19 20:46:03
30099	3	P1	0	NO PLAY	0	-	false	2026/09/19 20:46:03
30099	3	DP	0	NO PLAY	0	-	false	2026/09/19 20:46:03
30099	4	P1	0	NO PLAY	0	-	false	2026/09/19 20:46:03
30099	4	DP	0	NO PLAY	0	-	false	2026/09/19 20:46:03
30100	0	P1	0	NO PLAY	0	-	false	2026/09/19 20:46:03
30100	0	DP	0	NO PLAY	0	-	false	2026/09/19 20:46:03
30100	1	P1	0	NO PLAY	0	-	false	2026/09/19 20:46:03
30100	1	DP	0	NO PLAY	0	-	false	2026/09/19 20:46:03
30100	2	P1	0	NO PLAY	0	-	false	2026/09/19 20:46:03
30100	2	DP	0	NO PLAY	0	-	false	2026/09/19 20:46:03
30100	3	P1	0	NO PLAY	0	-	false	2026/09/19 20:46:03
30100	3	DP	0	NO PLAY	0	-	false	2026/09/19 20:46:03
30100	4	P1	0	NO PLAY	0	-	false	2026/09/19 20:46:03
30100	4	DP	0	NO PLAY	0	-	false	2026/09/19 20:46:03
30107	0	P1	0	NO PLAY	0	-	false	2026/09/19 20:46:03
30107	0	DP	0	NO PLAY	0	-	false	2026/09/19 20:46:03
30107	1	P1	0	NO PLAY	0	-	false	2026/09/19 20:46:03
30107	1	DP	0	NO PLAY	0	-	false	2026/09/19 20:46:03
30107	2	P1	0	NO PLAY	0	-	false	2026/09/19 20:46:03
30107	2	DP	0	NO PLAY	0	-	false	2026/09/19 20:46:03
30107	3	P1	6	EX HARD CLEAR	2489	16	true	2026/09/19 20:46:03
30107	3	DP	6	EX HARD CLEAR	2550	12	true	2026/09/19 20:46:03
30107	4	P1	0	NO PLAY	0	-	false	2026/09/19 20:46:03
30107	4	DP	0	NO PLAY	0	-	false	2026/09/19 20:46:03
30109	0	P1	0	NO PLAY	0	-	false	2026/09/19 20:46:03
30109	0	DP	0	NO PLAY	0	-	false	2026/09/19 20:46:03
30109	1	P1	1	FAILED	0	-	false	2026/09/19 20:46:03
30109	1	DP	0	NO PLAY	0	-	false	2026/09/19 20:46:03
30109	2	P1	0	NO PLAY	0	-	false	2026/09/19 20:46:03
30109	2	DP	0	NO PLAY	0	-	false	2026/09/19 20:46:03
30109	3	P1	6	EX HARD CLEAR	2501	2	true	2026/09/19 20:46:03
30109	3	DP	6	EX HARD CLEAR	2618	5	true	2026/09/19 20:46:03
30109	4	P1	0	NO PLAY	0	-	false	2026/09/19 20:46:03
30109	4	DP	0	NO PLAY	0	-	false	2026/09/19 20:46:03
30111	0	P1	0	NO PLAY	0	-	false	2026/09/19 20:46:03
30111	0	DP	0	NO PLAY	0	-	false	2026/09/19 20:46:03
30111	1	P1	0	NO PLAY	0	-	false	2026/09/19 20:46:03
30111	1	DP	0	NO PLAY	0	-	false	2026/09/19 20:46:03
30111	2	P1	0	NO PLAY	0	-	false	2026/09/19 20:46:03
30111	2	DP	0	NO PLAY	0	-	false	2026/09/19 20:46:03
30111	3	P1	0	NO PLAY	0	-	false	2026/09/19 20:46:03
30111	3	DP	0	NO PLAY	0	-	false	2026/09/19 20:46:03
30111	4	P1	0	NO PLAY	0	-	false	2026/09/19 20:46:03
30111	4	DP	0	NO PLAY	0	-	false	2026/09/19 20:46:03
30114	0	P1	0	NO PLAY	0	-	false	2026/09/19 20:46:03
30114	0	DP	0	NO PLAY	0	-	false	2026/09/19 20:46:03
30114	1	P1	0	NO PLAY	0	-	false	2026/09/19 20:46:03
30114	1	DP	0	NO PLAY	0	-	false	2026/09/19 20:46:03
30114	2	P1	0	NO PLAY	0	-	false	2026/09/19 20:46:03
30114	2	DP	6	EX HARD CLEAR	1619	1	true	2026/09/19 20:46:03
30114	3	P1	3	EASY CLEAR	1761	112	true	2026/09/19 20:46:03
30114	3	DP	6	EX HARD CLEAR	2674	12	true	2026/09/19 20:46:03
30114	4	P1	0	NO PLAY	0	-	false	2026/09/19 20:46:03
30114	4	DP	0	NO PLAY	0	-	false	2026/09/19 20:46:03
31000	0	P1	0	NO PLAY	0	-	false	2026/09/19 20:46:03
31000	0	DP	0	NO PLAY	0	-	false	2026/09/19 20:46:03
31000	1	P1	0	NO PLAY	0	-	false	2026/09/19 20:46:03
31000	1	DP	0	NO PLAY	0	-	false	2026/09/19 20:46:03
31000	2	P1	0	NO PLAY	0	-	false	2026/09/19 20:46:03
31000	2	DP	0	NO PLAY	0	-	false	2026/09/19 20:46:03
31000	3	P1	0	NO PLAY	0	-	false	2026/09/19 20:46:03
31000	3	DP	0	NO PLAY	0	-	false	2026/09/19 20:46:03
31000	4	P1	0	NO PLAY	0	-	false	2026/09/19 20:46:03
31000	4	DP	0	NO PLAY	0	-	false	2026/09/19 20:46:03
31001	0	P1	0	NO PLAY	0	-	false	2026/09/19 20:46:03
31001	0	DP	0	NO PLAY	0	-	false	2026/09/19 20:46:03
31001	1	P1	0	NO PLAY	0	-	false	2026/09/19 20:46:03
31001	1	DP	0	NO PLAY	0	-	false	2026/09/19 20:46:03
31001	2	P1	0	NO PLAY	0	-	false	2026/09/19 20:46:03
31001	2	DP	0	NO PLAY	0	-	false	2026/09/19 20:46:03
31001	3	P1	0	NO PLAY	0	-	false	2026/09/19 20:46:03
31001	3	DP	0	NO PLAY	0	-	false	2026/09/19 20:46:03
31001	4	P1	0	NO PLAY	0	-	false	2026/09/19 20:46:03
31001	4	DP	0	NO PLAY	0	-	false	2026/09/19 20:46:03
31003	0	P1	0	NO PLAY	0	-	false	2026/09/19 20:46:03
31003	0	DP	0	NO PLAY	0	-	false	2026/09/19 20:46:03
31003	1	P1	0	NO PLAY	0	-	false	2026/09/19 20:46:03
31003	1	DP	0	NO PLAY	0	-	false	2026/09/19 20:46:03
31003	2	P1	0	NO PLAY	0	-	false	2026/09/19 20:46:03
31003	2	DP	0	NO PLAY	0	-	false	2026/09/19 20:46:03
31003	3	P1	0	NO PLAY	0	-	false	2026/09/19 20:46:03
31003	3	DP	0	NO PLAY	0	-	false	2026/09/19 20:46:03
31003	4	P1	0	NO PLAY	0	-	false	2026/09/19 20:46:03
31003	4	DP	0	NO PLAY	0	-	false	2026/09/19 20:46:03
31004	0	P1	0	NO PLAY	0	-	false	2026/09/19 20:46:03
31004	0	DP	0	NO PLAY	0	-	false	2026/09/19 20:46:03
31004	1	P1	0	NO PLAY	0	-	false	2026/09/19 20:46:03
31004	1	DP	0	NO PLAY	0	-	false	2026/09/19 20:46:03
31004	2	P1	0	NO PLAY	0	-	false	2026/09/19 20:46:03
31004	2	DP	0	NO PLAY	0	-	false	2026/09/19 20:46:03
31004	3	P1	0	NO PLAY	0	-	false	2026/09/19 20:46:03
31004	3	DP	0	NO PLAY	0	-	false	2026/09/19 20:46:03
31004	4	P1	0	NO PLAY	0	-	false	2026/09/19 20:46:03
31004	4	DP	0	NO PLAY	0	-	false	2026/09/19 20:46:03
31005	0	P1	0	NO PLAY	0	-	false	2026/09/19 20:46:03
31005	0	DP	0	NO PLAY	0	-	false	2026/09/19 20:46:03
31005	1	P1	0	NO PLAY	0	-	false	2026/09/19 20:46:03
31005	1	DP	0	NO PLAY	0	-	false	2026/09/19 20:46:03
31005	2	P1	0	NO PLAY	0	-	false	2026/09/19 20:46:03
31005	2	DP	0	NO PLAY	0	-	false	2026/09/19 20:46:03
31005	3	P1	0	NO PLAY	0	-	false	2026/09/19 20:46:03
31005	3	DP	0	NO PLAY	0	-	false	2026/09/19 20:46:03
31005	4	P1	0	NO PLAY	0	-	false	2026/09/19 20:46:03
31005	4	DP	0	NO PLAY	0	-	false	2026/09/19 20:46:03
31007	0	P1	0	NO PLAY	0	-	false	2026/09/19 20:46:03
31007	0	DP	0	NO PLAY	0	-	false	2026/09/19 20:46:03
31007	1	P1	0	NO PLAY	0	-	false	2026/09/19 20:46:03
31007	1	DP	0	NO PLAY	0	-	false	2026/09/19 20:46:03
31007	2	P1	0	NO PLAY	0	-	false	2026/09/19 20:46:03
31007	2	DP	0	NO PLAY	0	-	false	2026/09/19 20:46:03
31007	3	P1	0	NO PLAY	0	-	false	2026/09/19 20:46:03
31007	3	DP	0	NO PLAY	0	-	false	2026/09/19 20:46:03
31007	4	P1	0	NO PLAY	0	-	false	2026/09/19 20:46:03
31007	4	DP	0	NO PLAY	0	-	false	2026/09/19 20:46:03
31008	0	P1	0	NO PLAY	0	-	false	2026/09/19 20:46:03
31008	0	DP	0	NO PLAY	0	-	false	2026/09/19 20:46:03
31008	1	P1	0	NO PLAY	0	-	false	2026/09/19 20:46:03
31008	1	DP	0	NO PLAY	0	-	false	2026/09/19 20:46:03
31008	2	P1	0	NO PLAY	0	-	false	2026/09/19 20:46:03
31008	2	DP	0	NO PLAY	0	-	false	2026/09/19 20:46:03
31008	3	P1	0	NO PLAY	0	-	false	2026/09/19 20:46:03
31008	3	DP	0	NO PLAY	0	-	false	2026/09/19 20:46:03
31008	4	P1	0	NO PLAY	0	-	false	2026/09/19 20:46:03
31008	4	DP	0	NO PLAY	0	-	false	2026/09/19 20:46:03
31009	0	P1	0	NO PLAY	0	-	false	2026/09/19 20:46:03
31009	0	DP	0	NO PLAY	0	-	false	2026/09/19 20:46:03
31009	1	P1	0	NO PLAY	0	-	false	2026/09/19 20:46:03
31009	1	DP	0	NO PLAY	0	-	false	2026/09/19 20:46:03
31009	2	P1	0	NO PLAY	0	-	false	2026/09/19 20:46:03
31009	2	DP	0	NO PLAY	0	-	false	2026/09/19 20:46:03
31009	3	P1	0	NO PLAY	0	-	false	2026/09/19 20:46:03
31009	3	DP	0	NO PLAY	0	-	false	2026/09/19 20:46:03
31009	4	P1	0	NO PLAY	0	-	false	2026/09/19 20:46:03
31009	4	DP	0	NO PLAY	0	-	false	2026/09/19 20:46:03
31010	0	P1	0	NO PLAY	0	-	false	2026/09/19 20:46:03
31010	0	DP	0	NO PLAY	0	-	false	2026/09/19 20:46:03
31010	1	P1	0	NO PLAY	0	-	false	2026/09/19 20:46:03
31010	1	DP	0	NO PLAY	0	-	false	2026/09/19 20:46:03
31010	2	P1	0	NO PLAY	0	-	false	2026/09/19 20:46:03
31010	2	DP	0	NO PLAY	0	-	false	2026/09/19 20:46:03
31010	3	P1	0	NO PLAY	0	-	false	2026/09/19 20:46:03
31010	3	DP	0	NO PLAY	0	-	false	2026/09/19 20:46:03
31010	4	P1	0	NO PLAY	0	-	false	2026/09/19 20:46:03
31010	4	DP	0	NO PLAY	0	-	false	2026/09/19 20:46:03
31011	0	P1	0	NO PLAY	0	-	false	2026/09/19 20:46:03
31011	0	DP	0	NO PLAY	0	-	false	2026/09/19 20:46:03
31011	1	P1	0	NO PLAY	0	-	false	2026/09/19 20:46:03
31011	1	DP	0	NO PLAY	0	-	false	2026/09/19 20:46:03
31011	2	P1	0	NO PLAY	0	-	false	2026/09/19 20:46:03
31011	2	DP	0	NO PLAY	0	-	false	2026/09/19 20:46:03
31011	3	P1	0	NO PLAY	0	-	false	2026/09/19 20:46:03
31011	3	DP	0	NO PLAY	0	-	false	2026/09/19 20:46:03
31011	4	P1	0	NO PLAY	0	-	false	2026/09/19 20:46:03
31011	4	DP	0	NO PLAY	0	-	false	2026/09/19 20:46:03
31012	0	P1	0	NO PLAY	0	-	false	2026/09/19 20:46:03
31012	0	DP	0	NO PLAY	0	-	false	2026/09/19 20:46:03
31012	1	P1	0	NO PLAY	0	-	false	2026/09/19 20:46:03
31012	1	DP	0	NO PLAY	0	-	false	2026/09/19 20:46:03
31012	2	P1	0	NO PLAY	0	-	false	2026/09/19 20:46:03
31012	2	DP	0	NO PLAY	0	-	false	2026/09/19 20:46:03
31012	3	P1	0	NO PLAY	0	-	false	2026/09/19 20:46:03
31012	3	DP	6	EX HARD CLEAR	2642	15	true	2026/09/19 20:46:03
31012	4	P1	0	NO PLAY	0	-	false	2026/09/19 20:46:03
31012	4	DP	0	NO PLAY	0	-	false	2026/09/19 20:46:03
31014	0	P1	0	NO PLAY	0	-	false	2026/09/19 20:46:03
31014	0	DP	0	NO PLAY	0	-	false	2026/09/19 20:46:03
31014	1	P1	0	NO PLAY	0	-	false	2026/09/19 20:46:03
31014	1	DP	0	NO PLAY	0	-	false	2026/09/19 20:46:03
31014	2	P1	0	NO PLAY	0	-	false	2026/09/19 20:46:03
31014	2	DP	0	NO PLAY	0	-	false	2026/09/19 20:46:03
31014	3	P1	0	NO PLAY	0	-	false	2026/09/19 20:46:03
31014	3	DP	0	NO PLAY	0	-	false	2026/09/19 20:46:03
31014	4	P1	0	NO PLAY	0	-	false	2026/09/19 20:46:03
31014	4	DP	0	NO PLAY	0	-	false	2026/09/19 20:46:03
31015	0	P1	0	NO PLAY	0	-	false	2026/09/19 20:46:03
31015	0	DP	0	NO PLAY	0	-	false	2026/09/19 20:46:03
31015	1	P1	0	NO PLAY	0	-	false	2026/09/19 20:46:03
31015	1	DP	0	NO PLAY	0	-	false	2026/09/19 20:46:03
31015	2	P1	0	NO PLAY	0	-	false	2026/09/19 20:46:03
31015	2	DP	0	NO PLAY	0	-	false	2026/09/19 20:46:03
31015	3	P1	0	NO PLAY	0	-	false	2026/09/19 20:46:03
31015	3	DP	0	NO PLAY	0	-	false	2026/09/19 20:46:03
31015	4	P1	0	NO PLAY	0	-	false	2026/09/19 20:46:03
31015	4	DP	0	NO PLAY	0	-	false	2026/09/19 20:46:03
31016	0	P1	0	NO PLAY	0	-	false	2026/09/19 20:46:03
31016	0	DP	0	NO PLAY	0	-	false	2026/09/19 20:46:03
31016	1	P1	0	NO PLAY	0	-	false	2026/09/19 20:46:03
31016	1	DP	0	NO PLAY	0	-	false	2026/09/19 20:46:03
31016	2	P1	0	NO PLAY	0	-	false	2026/09/19 20:46:03
31016	2	DP	0	NO PLAY	0	-	false	2026/09/19 20:46:03
31016	3	P1	0	NO PLAY	0	-	false	2026/09/19 20:46:03
31016	3	DP	0	NO PLAY	0	-	false	2026/09/19 20:46:03
31016	4	P1	0	NO PLAY	0	-	false	2026/09/19 20:46:03
31016	4	DP	0	NO PLAY	0	-	false	2026/09/19 20:46:03
31018	0	P1	0	NO PLAY	0	-	false	2026/09/19 20:46:03
31018	0	DP	0	NO PLAY	0	-	false	2026/09/19 20:46:03
31018	1	P1	0	NO PLAY	0	-	false	2026/09/19 20:46:03
31018	1	DP	0	NO PLAY	0	-	false	2026/09/19 20:46:03
31018	2	P1	0	NO PLAY	0	-	false	2026/09/19 20:46:03
31018	2	DP	0	NO PLAY	0	-	false	2026/09/19 20:46:03
31018	3	P1	0	NO PLAY	0	-	false	2026/09/19 20:46:03
31018	3	DP	0	NO PLAY	0	-	false	2026/09/19 20:46:03
31018	4	P1	0	NO PLAY	0	-	false	2026/09/19 20:46:03
31018	4	DP	0	NO PLAY	0	-	false	2026/09/19 20:46:03
31019	0	P1	0	NO PLAY	0	-	false	2026/09/19 20:46:03
31019	0	DP	0	NO PLAY	0	-	false	2026/09/19 20:46:03
31019	1	P1	0	NO PLAY	0	-	false	2026/09/19 20:46:03
31019	1	DP	0	NO PLAY	0	-	false	2026/09/19 20:46:03
31019	2	P1	0	NO PLAY	0	-	false	2026/09/19 20:46:03
31019	2	DP	0	NO PLAY	0	-	false	2026/09/19 20:46:03
31019	3	P1	0	NO PLAY	0	-	false	2026/09/19 20:46:03
31019	3	DP	0	NO PLAY	0	-	false	2026/09/19 20:46:03
31019	4	P1	0	NO PLAY	0	-	false	2026/09/19 20:46:03
31019	4	DP	0	NO PLAY	0	-	false	2026/09/19 20:46:03
31020	0	P1	0	NO PLAY	0	-	false	2026/09/19 20:46:03
31020	0	DP	0	NO PLAY	0	-	false	2026/09/19 20:46:03
31020	1	P1	0	NO PLAY	0	-	false	2026/09/19 20:46:03
31020	1	DP	0	NO PLAY	0	-	false	2026/09/19 20:46:03
31020	2	P1	0	NO PLAY	0	-	false	2026/09/19 20:46:03
31020	2	DP	0	NO PLAY	0	-	false	2026/09/19 20:46:03
31020	3	P1	0	NO PLAY	0	-	false	2026/09/19 20:46:03
31020	3	DP	0	NO PLAY	0	-	false	2026/09/19 20:46:03
31020	4	P1	0	NO PLAY	0	-	false	2026/09/19 20:46:03
31020	4	DP	0	NO PLAY	0	-	false	2026/09/19 20:46:03
31026	0	P1	0	NO PLAY	0	-	false	2026/09/19 20:46:03
31026	0	DP	0	NO PLAY	0	-	false	2026/09/19 20:46:03
31026	1	P1	0	NO PLAY	0	-	false	2026/09/19 20:46:03
31026	1	DP	0	NO PLAY	0	-	false	2026/09/19 20:46:03
31026	2	P1	0	NO PLAY	0	-	false	2026/09/19 20:46:03
31026	2	DP	0	NO PLAY	0	-	false	2026/09/19 20:46:03
31026	3	P1	0	NO PLAY	0	-	false	2026/09/19 20:46:03
31026	3	DP	0	NO PLAY	0	-	false	2026/09/19 20:46:03
31026	4	P1	0	NO PLAY	0	-	false	2026/09/19 20:46:03
31026	4	DP	0	NO PLAY	0	-	false	2026/09/19 20:46:03
31027	0	P1	0	NO PLAY	0	-	false	2026/09/19 20:46:03
31027	0	DP	0	NO PLAY	0	-	false	2026/09/19 20:46:03
31027	1	P1	0	NO PLAY	0	-	false	2026/09/19 20:46:03
31027	1	DP	0	NO PLAY	0	-	false	2026/09/19 20:46:03
31027	2	P1	0	NO PLAY	0	-	false	2026/09/19 20:46:03
31027	2	DP	0	NO PLAY	0	-	false	2026/09/19 20:46:03
31027	3	P1	0	NO PLAY	0	-	false	2026/09/19 20:46:03
31027	3	DP	0	NO PLAY	0	-	false	2026/09/19 20:46:03
31027	4	P1	0	NO PLAY	0	-	false	2026/09/19 20:46:03
31027	4	DP	0	NO PLAY	0	-	false	2026/09/19 20:46:03
31028	0	P1	0	NO PLAY	0	-	false	2026/09/19 20:46:03
31028	0	DP	0	NO PLAY	0	-	false	2026/09/19 20:46:03
31028	1	P1	0	NO PLAY	0	-	false	2026/09/19 20:46:03
31028	1	DP	0	NO PLAY	0	-	false	2026/09/19 20:46:03
31028	2	P1	0	NO PLAY	0	-	false	2026/09/19 20:46:03
31028	2	DP	0	NO PLAY	0	-	false	2026/09/19 20:46:03
31028	3	P1	0	NO PLAY	0	-	false	2026/09/19 20:46:03
31028	3	DP	0	NO PLAY	0	-	false	2026/09/19 20:46:03
31028	4	P1	0	NO PLAY	0	-	false	2026/09/19 20:46:03
31028	4	DP	0	NO PLAY	0	-	false	2026/09/19 20:46:03
31029	0	P1	0	NO PLAY	0	-	false	2026/09/19 20:46:03
31029	0	DP	0	NO PLAY	0	-	false	2026/09/19 20:46:03
31029	1	P1	0	NO PLAY	0	-	false	2026/09/19 20:46:03
31029	1	DP	0	NO PLAY	0	-	false	2026/09/19 20:46:03
31029	2	P1	0	NO PLAY	0	-	false	2026/09/19 20:46:03
31029	2	DP	0	NO PLAY	0	-	false	2026/09/19 20:46:03
31029	3	P1	0	NO PLAY	0	-	false	2026/09/19 20:46:03
31029	3	DP	0	NO PLAY	0	-	false	2026/09/19 20:46:03
31029	4	P1	0	NO PLAY	0	-	false	2026/09/19 20:46:03
31029	4	DP	0	NO PLAY	0	-	false	2026/09/19 20:46:03
31030	0	P1	0	NO PLAY	0	-	false	2026/09/19 20:46:03
31030	0	DP	0	NO PLAY	0	-	false	2026/09/19 20:46:03
31030	1	P1	0	NO PLAY	0	-	false	2026/09/19 20:46:03
31030	1	DP	0	NO PLAY	0	-	false	2026/09/19 20:46:03
31030	2	P1	0	NO PLAY	0	-	false	2026/09/19 20:46:03
31030	2	DP	0	NO PLAY	0	-	false	2026/09/19 20:46:03
31030	3	P1	0	NO PLAY	0	-	false	2026/09/19 20:46:03
31030	3	DP	0	NO PLAY	0	-	false	2026/09/19 20:46:03
31030	4	P1	0	NO PLAY	0	-	false	2026/09/19 20:46:03
31030	4	DP	0	NO PLAY	0	-	false	2026/09/19 20:46:03
31031	0	P1	0	NO PLAY	0	-	false	2026/09/19 20:46:03
31031	0	DP	0	NO PLAY	0	-	false	2026/09/19 20:46:03
31031	1	P1	0	NO PLAY	0	-	false	2026/09/19 20:46:03
31031	1	DP	0	NO PLAY	0	-	false	2026/09/19 20:46:03
31031	2	P1	0	NO PLAY	0	-	false	2026/09/19 20:46:03
31031	2	DP	0	NO PLAY	0	-	false	2026/09/19 20:46:03
31031	3	P1	0	NO PLAY	0	-	false	2026/09/19 20:46:03
31031	3	DP	0	NO PLAY	0	-	false	2026/09/19 20:46:03
31031	4	P1	0	NO PLAY	0	-	false	2026/09/19 20:46:03
31031	4	DP	0	NO PLAY	0	-	false	2026/09/19 20:46:03
31032	0	P1	0	NO PLAY	0	-	false	2026/09/19 20:46:03
31032	0	DP	0	NO PLAY	0	-	false	2026/09/19 20:46:03
31032	1	P1	0	NO PLAY	0	-	false	2026/09/19 20:46:03
31032	1	DP	0	NO PLAY	0	-	false	2026/09/19 20:46:03
31032	2	P1	0	NO PLAY	0	-	false	2026/09/19 20:46:03
31032	2	DP	0	NO PLAY	0	-	false	2026/09/19 20:46:03
31032	3	P1	0	NO PLAY	0	-	false	2026/09/19 20:46:03
31032	3	DP	0	NO PLAY	0	-	false	2026/09/19 20:46:03
31032	4	P1	0	NO PLAY	0	-	false	2026/09/19 20:46:03
31032	4	DP	0	NO PLAY	0	-	false	2026/09/19 20:46:03
31033	0	P1	0	NO PLAY	0	-	false	2026/09/19 20:46:03
31033	0	DP	0	NO PLAY	0	-	false	2026/09/19 20:46:03
31033	1	P1	0	NO PLAY	0	-	false	2026/09/19 20:46:03
31033	1	DP	0	NO PLAY	0	-	false	2026/09/19 20:46:03
31033	2	P1	0	NO PLAY	0	-	false	2026/09/19 20:46:03
31033	2	DP	0	NO PLAY	0	-	false	2026/09/19 20:46:03
31033	3	P1	0	NO PLAY	0	-	false	2026/09/19 20:46:03
31033	3	DP	0	NO PLAY	0	-	false	2026/09/19 20:46:03
31033	4	P1	0	NO PLAY	0	-	false	2026/09/19 20:46:03
31033	4	DP	0	NO PLAY	0	-	false	2026/09/19 20:46:03
31034	0	P1	0	NO PLAY	0	-	false	2026/09/19 20:46:03
31034	0	DP	0	NO PLAY	0	-	false	2026/09/19 20:46:03
31034	1	P1	0	NO PLAY	0	-	false	2026/09/19 20:46:03
31034	1	DP	0	NO PLAY	0	-	false	2026/09/19 20:46:03
31034	2	P1	0	NO PLAY	0	-	false	2026/09/19 20:46:03
31034	2	DP	0	NO PLAY	0	-	false	2026/09/19 20:46:03
31034	3	P1	0	NO PLAY	0	-	false	2026/09/19 20:46:03
31034	3	DP	0	NO PLAY	0	-	false	2026/09/19 20:46:03
31034	4	P1	0	NO PLAY	0	-	false	2026/09/19 20:46:03
31034	4	DP	0	NO PLAY	0	-	false	2026/09/19 20:46:03
31035	0	P1	0	NO PLAY	0	-	false	2026/09/19 20:46:03
31035	0	DP	0	NO PLAY	0	-	false	2026/09/19 20:46:03
31035	1	P1	0	NO PLAY	0	-	false	2026/09/19 20:46:03
31035	1	DP	0	NO PLAY	0	-	false	2026/09/19 20:46:03
31035	2	P1	0	NO PLAY	0	-	false	2026/09/19 20:46:03
31035	2	DP	0	NO PLAY	0	-	false	2026/09/19 20:46:03
31035	3	P1	0	NO PLAY	0	-	false	2026/09/19 20:46:03
31035	3	DP	0	NO PLAY	0	-	false	2026/09/19 20:46:03
31035	4	P1	0	NO PLAY	0	-	false	2026/09/19 20:46:03
31035	4	DP	0	NO PLAY	0	-	false	2026/09/19 20:46:03
31036	0	P1	0	NO PLAY	0	-	false	2026/09/19 20:46:03
31036	0	DP	0	NO PLAY	0	-	false	2026/09/19 20:46:03
31036	1	P1	0	NO PLAY	0	-	false	2026/09/19 20:46:03
31036	1	DP	0	NO PLAY	0	-	false	2026/09/19 20:46:03
31036	2	P1	0	NO PLAY	0	-	false	2026/09/19 20:46:03
31036	2	DP	0	NO PLAY	0	-	false	2026/09/19 20:46:03
31036	3	P1	6	EX HARD CLEAR	2622	20	true	2026/09/19 20:46:03
31036	3	DP	6	EX HARD CLEAR	2636	20	true	2026/09/19 20:46:03
31036	4	P1	0	NO PLAY	0	-	false	2026/09/19 20:46:03
31036	4	DP	0	NO PLAY	0	-	false	2026/09/19 20:46:03
31038	0	P1	0	NO PLAY	0	-	false	2026/09/19 20:46:03
31038	0	DP	0	NO PLAY	0	-	false	2026/09/19 20:46:03
31038	1	P1	0	NO PLAY	0	-	false	2026/09/19 20:46:03
31038	1	DP	0	NO PLAY	0	-	false	2026/09/19 20:46:03
31038	2	P1	0	NO PLAY	0	-	false	2026/09/19 20:46:03
31038	2	DP	0	NO PLAY	0	-	false	2026/09/19 20:46:03
31038	3	P1	0	NO PLAY	0	-	false	2026/09/19 20:46:03
31038	3	DP	0	NO PLAY	0	-	false	2026/09/19 20:46:03
31038	4	P1	0	NO PLAY	0	-	false	2026/09/19 20:46:03
31038	4	DP	0	NO PLAY	0	-	false	2026/09/19 20:46:03
31039	0	P1	0	NO PLAY	0	-	false	2026/09/19 20:46:03
31039	0	DP	0	NO PLAY	0	-	false	2026/09/19 20:46:03
31039	1	P1	0	NO PLAY	0	-	false	2026/09/19 20:46:03
31039	1	DP	0	NO PLAY	0	-	false	2026/09/19 20:46:03
31039	2	P1	0	NO PLAY	0	-	false	2026/09/19 20:46:03
31039	2	DP	0	NO PLAY	0	-	false	2026/09/19 20:46:03
31039	3	P1	0	NO PLAY	0	-	false	2026/09/19 20:46:03
31039	3	DP	0	NO PLAY	0	-	false	2026/09/19 20:46:03
31039	4	P1	0	NO PLAY	0	-	false	2026/09/19 20:46:03
31039	4	DP	0	NO PLAY	0	-	false	2026/09/19 20:46:03
31040	0	P1	0	NO PLAY	0	-	false	2026/09/19 20:46:03
31040	0	DP	0	NO PLAY	0	-	false	2026/09/19 20:46:03
31040	1	P1	0	NO PLAY	0	-	false	2026/09/19 20:46:03
31040	1	DP	0	NO PLAY	0	-	false	2026/09/19 20:46:03
31040	2	P1	0	NO PLAY	0	-	false	2026/09/19 20:46:03
31040	2	DP	0	NO PLAY	0	-	false	2026/09/19 20:46:03
31040	3	P1	0	NO PLAY	0	-	false	2026/09/19 20:46:03
31040	3	DP	0	NO PLAY	0	-	false	2026/09/19 20:46:03
31040	4	P1	0	NO PLAY	0	-	false	2026/09/19 20:46:03
31040	4	DP	0	NO PLAY	0	-	false	2026/09/19 20:46:03
31041	0	P1	0	NO PLAY	0	-	false	2026/09/19 20:46:03
31041	0	DP	0	NO PLAY	0	-	false	2026/09/19 20:46:03
31041	1	P1	0	NO PLAY	0	-	false	2026/09/19 20:46:03
31041	1	DP	0	NO PLAY	0	-	false	2026/09/19 20:46:03
31041	2	P1	0	NO PLAY	0	-	false	2026/09/19 20:46:03
31041	2	DP	0	NO PLAY	0	-	false	2026/09/19 20:46:03
31041	3	P1	0	NO PLAY	0	-	false	2026/09/19 20:46:03
31041	3	DP	0	NO PLAY	0	-	false	2026/09/19 20:46:03
31041	4	P1	0	NO PLAY	0	-	false	2026/09/19 20:46:03
31041	4	DP	0	NO PLAY	0	-	false	2026/09/19 20:46:03
31042	0	P1	0	NO PLAY	0	-	false	2026/09/19 20:46:03
31042	0	DP	0	NO PLAY	0	-	false	2026/09/19 20:46:03
31042	1	P1	0	NO PLAY	0	-	false	2026/09/19 20:46:03
31042	1	DP	0	NO PLAY	0	-	false	2026/09/19 20:46:03
31042	2	P1	0	NO PLAY	0	-	false	2026/09/19 20:46:03
31042	2	DP	0	NO PLAY	0	-	false	2026/09/19 20:46:03
31042	3	P1	0	NO PLAY	0	-	false	2026/09/19 20:46:03
31042	3	DP	0	NO PLAY	0	-	false	2026/09/19 20:46:03
31042	4	P1	0	NO PLAY	0	-	false	2026/09/19 20:46:03
31042	4	DP	0	NO PLAY	0	-	false	2026/09/19 20:46:03
31043	0	P1	0	NO PLAY	0	-	false	2026/09/19 20:46:03
31043	0	DP	0	NO PLAY	0	-	false	2026/09/19 20:46:03
31043	1	P1	0	NO PLAY	0	-	false	2026/09/19 20:46:03
31043	1	DP	0	NO PLAY	0	-	false	2026/09/19 20:46:03
31043	2	P1	0	NO PLAY	0	-	false	2026/09/19 20:46:03
31043	2	DP	0	NO PLAY	0	-	false	2026/09/19 20:46:03
31043	3	P1	0	NO PLAY	0	-	false	2026/09/19 20:46:03
31043	3	DP	0	NO PLAY	0	-	false	2026/09/19 20:46:03
31043	4	P1	0	NO PLAY	0	-	false	2026/09/19 20:46:03
31043	4	DP	0	NO PLAY	0	-	false	2026/09/19 20:46:03
31044	0	P1	0	NO PLAY	0	-	false	2026/09/19 20:46:03
31044	0	DP	0	NO PLAY	0	-	false	2026/09/19 20:46:03
31044	1	P1	0	NO PLAY	0	-	false	2026/09/19 20:46:03
31044	1	DP	0	NO PLAY	0	-	false	2026/09/19 20:46:03
31044	2	P1	0	NO PLAY	0	-	false	2026/09/19 20:46:03
31044	2	DP	0	NO PLAY	0	-	false	2026/09/19 20:46:03
31044	3	P1	0	NO PLAY	0	-	false	2026/09/19 20:46:03
31044	3	DP	0	NO PLAY	0	-	false	2026/09/19 20:46:03
31044	4	P1	0	NO PLAY	0	-	false	2026/09/19 20:46:03
31044	4	DP	0	NO PLAY	0	-	false	2026/09/19 20:46:03
31045	0	P1	0	NO PLAY	0	-	false	2026/09/19 20:46:03
31045	0	DP	0	NO PLAY	0	-	false	2026/09/19 20:46:03
31045	1	P1	0	NO PLAY	0	-	false	2026/09/19 20:46:03
31045	1	DP	0	NO PLAY	0	-	false	2026/09/19 20:46:03
31045	2	P1	0	NO PLAY	0	-	false	2026/09/19 20:46:03
31045	2	DP	0	NO PLAY	0	-	false	2026/09/19 20:46:03
31045	3	P1	0	NO PLAY	0	-	false	2026/09/19 20:46:03
31045	3	DP	0	NO PLAY	0	-	false	2026/09/19 20:46:03
31045	4	P1	0	NO PLAY	0	-	false	2026/09/19 20:46:03
31045	4	DP	0	NO PLAY	0	-	false	2026/09/19 20:46:03
31046	0	P1	0	NO PLAY	0	-	false	2026/09/19 20:46:03
31046	0	DP	0	NO PLAY	0	-	false	2026/09/19 20:46:03
31046	1	P1	0	NO PLAY	0	-	false	2026/09/19 20:46:03
31046	1	DP	0	NO PLAY	0	-	false	2026/09/19 20:46:03
31046	2	P1	0	NO PLAY	0	-	false	2026/09/19 20:46:03
31046	2	DP	0	NO PLAY	0	-	false	2026/09/19 20:46:03
31046	3	P1	0	NO PLAY	0	-	false	2026/09/19 20:46:03
31046	3	DP	0	NO PLAY	0	-	false	2026/09/19 20:46:03
31046	4	P1	0	NO PLAY	0	-	false	2026/09/19 20:46:03
31046	4	DP	0	NO PLAY	0	-	false	2026/09/19 20:46:03
31047	0	P1	0	NO PLAY	0	-	false	2026/09/19 20:46:03
31047	0	DP	0	NO PLAY	0	-	false	2026/09/19 20:46:03
31047	1	P1	0	NO PLAY	0	-	false	2026/09/19 20:46:03
31047	1	DP	0	NO PLAY	0	-	false	2026/09/19 20:46:03
31047	2	P1	0	NO PLAY	0	-	false	2026/09/19 20:46:03
31047	2	DP	0	NO PLAY	0	-	false	2026/09/19 20:46:03
31047	3	P1	0	NO PLAY	0	-	false	2026/09/19 20:46:03
31047	3	DP	0	NO PLAY	0	-	false	2026/09/19 20:46:03
31047	4	P1	0	NO PLAY	0	-	false	2026/09/19 20:46:03
31047	4	DP	0	NO PLAY	0	-	false	2026/09/19 20:46:03
31048	0	P1	0	NO PLAY	0	-	false	2026/09/19 20:46:03
31048	0	DP	0	NO PLAY	0	-	false	2026/09/19 20:46:03
31048	1	P1	0	NO PLAY	0	-	false	2026/09/19 20:46:03
31048	1	DP	0	NO PLAY	0	-	false	2026/09/19 20:46:03
31048	2	P1	0	NO PLAY	0	-	false	2026/09/19 20:46:03
31048	2	DP	0	NO PLAY	0	-	false	2026/09/19 20:46:03
31048	3	P1	0	NO PLAY	0	-	false	2026/09/19 20:46:03
31048	3	DP	0	NO PLAY	0	-	false	2026/09/19 20:46:03
31048	4	P1	0	NO PLAY	0	-	false	2026/09/19 20:46:03
31048	4	DP	0	NO PLAY	0	-	false	2026/09/19 20:46:03
31049	0	P1	0	NO PLAY	0	-	false	2026/09/19 20:46:03
31049	0	DP	0	NO PLAY	0	-	false	2026/09/19 20:46:03
31049	1	P1	0	NO PLAY	0	-	false	2026/09/19 20:46:03
31049	1	DP	0	NO PLAY	0	-	false	2026/09/19 20:46:03
31049	2	P1	0	NO PLAY	0	-	false	2026/09/19 20:46:03
31049	2	DP	0	NO PLAY	0	-	false	2026/09/19 20:46:03
31049	3	P1	0	NO PLAY	0	-	false	2026/09/19 20:46:03
31049	3	DP	0	NO PLAY	0	-	false	2026/09/19 20:46:03
31049	4	P1	0	NO PLAY	0	-	false	2026/09/19 20:46:03
31049	4	DP	0	NO PLAY	0	-	false	2026/09/19 20:46:03
31050	0	P1	0	NO PLAY	0	-	false	2026/09/19 20:46:03
31050	0	DP	0	NO PLAY	0	-	false	2026/09/19 20:46:03
31050	1	P1	0	NO PLAY	0	-	false	2026/09/19 20:46:03
31050	1	DP	0	NO PLAY	0	-	false	2026/09/19 20:46:03
31050	2	P1	0	NO PLAY	0	-	false	2026/09/19 20:46:03
31050	2	DP	0	NO PLAY	0	-	false	2026/09/19 20:46:03
31050	3	P1	0	NO PLAY	0	-	false	2026/09/19 20:46:03
31050	3	DP	0	NO PLAY	0	-	false	2026/09/19 20:46:03
31050	4	P1	0	NO PLAY	0	-	false	2026/09/19 20:46:03
31050	4	DP	0	NO PLAY	0	-	false	2026/09/19 20:46:03
31051	0	P1	0	NO PLAY	0	-	false	2026/09/19 20:46:03
31051	0	DP	0	NO PLAY	0	-	false	2026/09/19 20:46:03
31051	1	P1	0	NO PLAY	0	-	false	2026/09/19 20:46:03
31051	1	DP	0	NO PLAY	0	-	false	2026/09/19 20:46:03
31051	2	P1	0	NO PLAY	0	-	false	2026/09/19 20:46:03
31051	2	DP	0	NO PLAY	0	-	false	2026/09/19 20:46:03
31051	3	P1	0	NO PLAY	0	-	false	2026/09/19 20:46:03
31051	3	DP	0	NO PLAY	0	-	false	2026/09/19 20:46:03
31051	4	P1	0	NO PLAY	0	-	false	2026/09/19 20:46:03
31051	4	DP	0	NO PLAY	0	-	false	2026/09/19 20:46:03
31052	0	P1	0	NO PLAY	0	-	false	2026/09/19 20:46:03
31052	0	DP	0	NO PLAY	0	-	false	2026/09/19 20:46:03
31052	1	P1	0	NO PLAY	0	-	false	2026/09/19 20:46:03
31052	1	DP	0	NO PLAY	0	-	false	2026/09/19 20:46:03
31052	2	P1	0	NO PLAY	0	-	false	2026/09/19 20:46:03
31052	2	DP	0	NO PLAY	0	-	false	2026/09/19 20:46:03
31052	3	P1	0	NO PLAY	0	-	false	2026/09/19 20:46:03
31052	3	DP	0	NO PLAY	0	-	false	2026/09/19 20:46:03
31052	4	P1	0	NO PLAY	0	-	false	2026/09/19 20:46:03
31052	4	DP	0	NO PLAY	0	-	false	2026/09/19 20:46:03
31053	0	P1	0	NO PLAY	0	-	false	2026/09/19 20:46:03
31053	0	DP	0	NO PLAY	0	-	false	2026/09/19 20:46:03
31053	1	P1	0	NO PLAY	0	-	false	2026/09/19 20:46:03
31053	1	DP	0	NO PLAY	0	-	false	2026/09/19 20:46:03
31053	2	P1	0	NO PLAY	0	-	false	2026/09/19 20:46:03
31053	2	DP	0	NO PLAY	0	-	false	2026/09/19 20:46:03
31053	3	P1	0	NO PLAY	0	-	false	2026/09/19 20:46:03
31053	3	DP	0	NO PLAY	0	-	false	2026/09/19 20:46:03
31053	4	P1	0	NO PLAY	0	-	false	2026/09/19 20:46:03
31053	4	DP	0	NO PLAY	0	-	false	2026/09/19 20:46:03
31054	0	P1	0	NO PLAY	0	-	false	2026/09/19 20:46:03
31054	0	DP	0	NO PLAY	0	-	false	2026/09/19 20:46:03
31054	1	P1	0	NO PLAY	0	-	false	2026/09/19 20:46:03
31054	1	DP	0	NO PLAY	0	-	false	2026/09/19 20:46:03
31054	2	P1	0	NO PLAY	0	-	false	2026/09/19 20:46:03
31054	2	DP	0	NO PLAY	0	-	false	2026/09/19 20:46:03
31054	3	P1	0	NO PLAY	0	-	false	2026/09/19 20:46:03
31054	3	DP	0	NO PLAY	0	-	false	2026/09/19 20:46:03
31054	4	P1	0	NO PLAY	0	-	false	2026/09/19 20:46:03
31054	4	DP	0	NO PLAY	0	-	false	2026/09/19 20:46:03
31055	0	P1	0	NO PLAY	0	-	false	2026/09/19 20:46:03
31055	0	DP	0	NO PLAY	0	-	false	2026/09/19 20:46:03
31055	1	P1	0	NO PLAY	0	-	false	2026/09/19 20:46:03
31055	1	DP	0	NO PLAY	0	-	false	2026/09/19 20:46:03
31055	2	P1	0	NO PLAY	0	-	false	2026/09/19 20:46:03
31055	2	DP	0	NO PLAY	0	-	false	2026/09/19 20:46:03
31055	3	P1	0	NO PLAY	0	-	false	2026/09/19 20:46:03
31055	3	DP	0	NO PLAY	0	-	false	2026/09/19 20:46:03
31055	4	P1	0	NO PLAY	0	-	false	2026/09/19 20:46:03
31055	4	DP	0	NO PLAY	0	-	false	2026/09/19 20:46:03
31057	0	P1	0	NO PLAY	0	-	false	2026/09/19 20:46:03
31057	0	DP	0	NO PLAY	0	-	false	2026/09/19 20:46:03
31057	1	P1	0	NO PLAY	0	-	false	2026/09/19 20:46:03
31057	1	DP	0	NO PLAY	0	-	false	2026/09/19 20:46:03
31057	2	P1	0	NO PLAY	0	-	false	2026/09/19 20:46:03
31057	2	DP	0	NO PLAY	0	-	false	2026/09/19 20:46:03
31057	3	P1	0	NO PLAY	0	-	false	2026/09/19 20:46:03
31057	3	DP	0	NO PLAY	0	-	false	2026/09/19 20:46:03
31057	4	P1	0	NO PLAY	0	-	false	2026/09/19 20:46:03
31057	4	DP	0	NO PLAY	0	-	false	2026/09/19 20:46:03
31058	0	P1	0	NO PLAY	0	-	false	2026/09/19 20:46:03
31058	0	DP	0	NO PLAY	0	-	false	2026/09/19 20:46:03
31058	1	P1	0	NO PLAY	0	-	false	2026/09/19 20:46:03
31058	1	DP	0	NO PLAY	0	-	false	2026/09/19 20:46:03
31058	2	P1	0	NO PLAY	0	-	false	2026/09/19 20:46:03
31058	2	DP	0	NO PLAY	0	-	false	2026/09/19 20:46:03
31058	3	P1	0	NO PLAY	0	-	false	2026/09/19 20:46:03
31058	3	DP	0	NO PLAY	0	-	false	2026/09/19 20:46:03
31058	4	P1	0	NO PLAY	0	-	false	2026/09/19 20:46:03
31058	4	DP	0	NO PLAY	0	-	false	2026/09/19 20:46:03
31060	0	P1	0	NO PLAY	0	-	false	2026/09/19 20:46:03
31060	0	DP	0	NO PLAY	0	-	false	2026/09/19 20:46:03
31060	1	P1	0	NO PLAY	0	-	false	2026/09/19 20:46:03
31060	1	DP	0	NO PLAY	0	-	false	2026/09/19 20:46:03
31060	2	P1	0	NO PLAY	0	-	false	2026/09/19 20:46:03
31060	2	DP	0	NO PLAY	0	-	false	2026/09/19 20:46:03
31060	3	P1	0	NO PLAY	0	-	false	2026/09/19 20:46:03
31060	3	DP	0	NO PLAY	0	-	false	2026/09/19 20:46:03
31060	4	P1	0	NO PLAY	0	-	false	2026/09/19 20:46:03
31060	4	DP	0	NO PLAY	0	-	false	2026/09/19 20:46:03
31061	0	P1	0	NO PLAY	0	-	false	2026/09/19 20:46:03
31061	0	DP	0	NO PLAY	0	-	false	2026/09/19 20:46:03
31061	1	P1	0	NO PLAY	0	-	false	2026/09/19 20:46:03
31061	1	DP	0	NO PLAY	0	-	false	2026/09/19 20:46:03
31061	2	P1	0	NO PLAY	0	-	false	2026/09/19 20:46:03
31061	2	DP	0	NO PLAY	0	-	false	2026/09/19 20:46:03
31061	3	P1	0	NO PLAY	0	-	false	2026/09/19 20:46:03
31061	3	DP	0	NO PLAY	0	-	false	2026/09/19 20:46:03
31061	4	P1	0	NO PLAY	0	-	false	2026/09/19 20:46:03
31061	4	DP	0	NO PLAY	0	-	false	2026/09/19 20:46:03
31062	0	P1	0	NO PLAY	0	-	false	2026/09/19 20:46:03
31062	0	DP	0	NO PLAY	0	-	false	2026/09/19 20:46:03
31062	1	P1	0	NO PLAY	0	-	false	2026/09/19 20:46:03
31062	1	DP	0	NO PLAY	0	-	false	2026/09/19 20:46:03
31062	2	P1	0	NO PLAY	0	-	false	2026/09/19 20:46:03
31062	2	DP	0	NO PLAY	0	-	false	2026/09/19 20:46:03
31062	3	P1	0	NO PLAY	0	-	false	2026/09/19 20:46:03
31062	3	DP	0	NO PLAY	0	-	false	2026/09/19 20:46:03
31062	4	P1	0	NO PLAY	0	-	false	2026/09/19 20:46:03
31062	4	DP	0	NO PLAY	0	-	false	2026/09/19 20:46:03
31063	0	P1	0	NO PLAY	0	-	false	2026/09/19 20:46:03
31063	0	DP	0	NO PLAY	0	-	false	2026/09/19 20:46:03
31063	1	P1	0	NO PLAY	0	-	false	2026/09/19 20:46:03
31063	1	DP	0	NO PLAY	0	-	false	2026/09/19 20:46:03
31063	2	P1	0	NO PLAY	0	-	false	2026/09/19 20:46:03
31063	2	DP	0	NO PLAY	0	-	false	2026/09/19 20:46:03
31063	3	P1	0	NO PLAY	0	-	false	2026/09/19 20:46:03
31063	3	DP	0	NO PLAY	0	-	false	2026/09/19 20:46:03
31063	4	P1	0	NO PLAY	0	-	false	2026/09/19 20:46:03
31063	4	DP	0	NO PLAY	0	-	false	2026/09/19 20:46:03
31064	0	P1	0	NO PLAY	0	-	false	2026/09/19 20:46:03
31064	0	DP	0	NO PLAY	0	-	false	2026/09/19 20:46:03
31064	1	P1	0	NO PLAY	0	-	false	2026/09/19 20:46:03
31064	1	DP	0	NO PLAY	0	-	false	2026/09/19 20:46:03
31064	2	P1	0	NO PLAY	0	-	false	2026/09/19 20:46:03
31064	2	DP	0	NO PLAY	0	-	false	2026/09/19 20:46:03
31064	3	P1	0	NO PLAY	0	-	false	2026/09/19 20:46:03
31064	3	DP	0	NO PLAY	0	-	false	2026/09/19 20:46:03
31064	4	P1	0	NO PLAY	0	-	false	2026/09/19 20:46:03
31064	4	DP	0	NO PLAY	0	-	false	2026/09/19 20:46:03
31067	0	P1	0	NO PLAY	0	-	false	2026/09/19 20:46:03
31067	0	DP	0	NO PLAY	0	-	false	2026/09/19 20:46:03
31067	1	P1	0	NO PLAY	0	-	false	2026/09/19 20:46:03
31067	1	DP	0	NO PLAY	0	-	false	2026/09/19 20:46:03
31067	2	P1	0	NO PLAY	0	-	false	2026/09/19 20:46:03
31067	2	DP	0	NO PLAY	0	-	false	2026/09/19 20:46:03
31067	3	P1	0	NO PLAY	0	-	false	2026/09/19 20:46:03
31067	3	DP	0	NO PLAY	0	-	false	2026/09/19 20:46:03
31067	4	P1	0	NO PLAY	0	-	false	2026/09/19 20:46:03
31067	4	DP	0	NO PLAY	0	-	false	2026/09/19 20:46:03
31068	0	P1	0	NO PLAY	0	-	false	2026/09/19 20:46:03
31068	0	DP	0	NO PLAY	0	-	false	2026/09/19 20:46:03
31068	1	P1	0	NO PLAY	0	-	false	2026/09/19 20:46:03
31068	1	DP	0	NO PLAY	0	-	false	2026/09/19 20:46:03
31068	2	P1	0	NO PLAY	0	-	false	2026/09/19 20:46:03
31068	2	DP	0	NO PLAY	0	-	false	2026/09/19 20:46:03
31068	3	P1	0	NO PLAY	0	-	false	2026/09/19 20:46:03
31068	3	DP	0	NO PLAY	0	-	false	2026/09/19 20:46:03
31068	4	P1	0	NO PLAY	0	-	false	2026/09/19 20:46:03
31068	4	DP	0	NO PLAY	0	-	false	2026/09/19 20:46:03
31069	0	P1	0	NO PLAY	0	-	false	2026/09/19 20:46:03
31069	0	DP	0	NO PLAY	0	-	false	2026/09/19 20:46:03
31069	1	P1	0	NO PLAY	0	-	false	2026/09/19 20:46:03
31069	1	DP	0	NO PLAY	0	-	false	2026/09/19 20:46:03
31069	2	P1	0	NO PLAY	0	-	false	2026/09/19 20:46:03
31069	2	DP	0	NO PLAY	0	-	false	2026/09/19 20:46:03
31069	3	P1	0	NO PLAY	0	-	false	2026/09/19 20:46:03
31069	3	DP	0	NO PLAY	0	-	false	2026/09/19 20:46:03
31069	4	P1	0	NO PLAY	0	-	false	2026/09/19 20:46:03
31069	4	DP	0	NO PLAY	0	-	false	2026/09/19 20:46:03
31070	0	P1	0	NO PLAY	0	-	false	2026/09/19 20:46:03
31070	0	DP	0	NO PLAY	0	-	false	2026/09/19 20:46:03
31070	1	P1	0	NO PLAY	0	-	false	2026/09/19 20:46:03
31070	1	DP	0	NO PLAY	0	-	false	2026/09/19 20:46:03
31070	2	P1	0	NO PLAY	0	-	false	2026/09/19 20:46:03
31070	2	DP	0	NO PLAY	0	-	false	2026/09/19 20:46:03
31070	3	P1	0	NO PLAY	0	-	false	2026/09/19 20:46:03
31070	3	DP	0	NO PLAY	0	-	false	2026/09/19 20:46:03
31070	4	P1	0	NO PLAY	0	-	false	2026/09/19 20:46:03
31070	4	DP	0	NO PLAY	0	-	false	2026/09/19 20:46:03
31071	0	P1	0	NO PLAY	0	-	false	2026/09/19 20:46:03
31071	0	DP	0	NO PLAY	0	-	false	2026/09/19 20:46:03
31071	1	P1	0	NO PLAY	0	-	false	2026/09/19 20:46:03
31071	1	DP	0	NO PLAY	0	-	false	2026/09/19 20:46:03
31071	2	P1	0	NO PLAY	0	-	false	2026/09/19 20:46:03
31071	2	DP	0	NO PLAY	0	-	false	2026/09/19 20:46:03
31071	3	P1	0	NO PLAY	0	-	false	2026/09/19 20:46:03
31071	3	DP	0	NO PLAY	0	-	false	2026/09/19 20:46:03
31071	4	P1	0	NO PLAY	0	-	false	2026/09/19 20:46:03
31071	4	DP	0	NO PLAY	0	-	false	2026/09/19 20:46:03
31072	0	P1	0	NO PLAY	0	-	false	2026/09/19 20:46:03
31072	0	DP	0	NO PLAY	0	-	false	2026/09/19 20:46:03
31072	1	P1	0	NO PLAY	0	-	false	2026/09/19 20:46:03
31072	1	DP	0	NO PLAY	0	-	false	2026/09/19 20:46:03
31072	2	P1	0	NO PLAY	0	-	false	2026/09/19 20:46:03
31072	2	DP	0	NO PLAY	0	-	false	2026/09/19 20:46:03
31072	3	P1	0	NO PLAY	0	-	false	2026/09/19 20:46:03
31072	3	DP	0	NO PLAY	0	-	false	2026/09/19 20:46:03
31072	4	P1	0	NO PLAY	0	-	false	2026/09/19 20:46:03
31072	4	DP	0	NO PLAY	0	-	false	2026/09/19 20:46:03
31073	0	P1	0	NO PLAY	0	-	false	2026/09/19 20:46:03
31073	0	DP	0	NO PLAY	0	-	false	2026/09/19 20:46:03
31073	1	P1	0	NO PLAY	0	-	false	2026/09/19 20:46:03
31073	1	DP	0	NO PLAY	0	-	false	2026/09/19 20:46:03
31073	2	P1	0	NO PLAY	0	-	false	2026/09/19 20:46:03
31073	2	DP	0	NO PLAY	0	-	false	2026/09/19 20:46:03
31073	3	P1	0	NO PLAY	0	-	false	2026/09/19 20:46:03
31073	3	DP	0	NO PLAY	0	-	false	2026/09/19 20:46:03
31073	4	P1	0	NO PLAY	0	-	false	2026/09/19 20:46:03
31073	4	DP	0	NO PLAY	0	-	false	2026/09/19 20:46:03
31075	0	P1	0	NO PLAY	0	-	false	2026/09/19 20:46:03
31075	0	DP	0	NO PLAY	0	-	false	2026/09/19 20:46:03
31075	1	P1	0	NO PLAY	0	-	false	2026/09/19 20:46:03
31075	1	DP	0	NO PLAY	0	-	false	2026/09/19 20:46:03
31075	2	P1	0	NO PLAY	0	-	false	2026/09/19 20:46:03
31075	2	DP	0	NO PLAY	0	-	false	2026/09/19 20:46:03
31075	3	P1	0	NO PLAY	0	-	false	2026/09/19 20:46:03
31075	3	DP	0	NO PLAY	0	-	false	2026/09/19 20:46:03
31075	4	P1	0	NO PLAY	0	-	false	2026/09/19 20:46:03
31075	4	DP	0	NO PLAY	0	-	false	2026/09/19 20:46:03
31076	0	P1	0	NO PLAY	0	-	false	2026/09/19 20:46:03
31076	0	DP	0	NO PLAY	0	-	false	2026/09/19 20:46:03
31076	1	P1	0	NO PLAY	0	-	false	2026/09/19 20:46:03
31076	1	DP	0	NO PLAY	0	-	false	2026/09/19 20:46:03
31076	2	P1	0	NO PLAY	0	-	false	2026/09/19 20:46:03
31076	2	DP	0	NO PLAY	0	-	false	2026/09/19 20:46:03
31076	3	P1	0	NO PLAY	0	-	false	2026/09/19 20:46:03
31076	3	DP	0	NO PLAY	0	-	false	2026/09/19 20:46:03
31076	4	P1	0	NO PLAY	0	-	false	2026/09/19 20:46:03
31076	4	DP	0	NO PLAY	0	-	false	2026/09/19 20:46:03
31077	0	P1	0	NO PLAY	0	-	false	2026/09/19 20:46:03
31077	0	DP	0	NO PLAY	0	-	false	2026/09/19 20:46:03
31077	1	P1	0	NO PLAY	0	-	false	2026/09/19 20:46:03
31077	1	DP	0	NO PLAY	0	-	false	2026/09/19 20:46:03
31077	2	P1	0	NO PLAY	0	-	false	2026/09/19 20:46:03
31077	2	DP	0	NO PLAY	0	-	false	2026/09/19 20:46:03
31077	3	P1	0	NO PLAY	0	-	false	2026/09/19 20:46:03
31077	3	DP	0	NO PLAY	0	-	false	2026/09/19 20:46:03
31077	4	P1	0	NO PLAY	0	-	false	2026/09/19 20:46:03
31077	4	DP	0	NO PLAY	0	-	false	2026/09/19 20:46:03
31078	0	P1	0	NO PLAY	0	-	false	2026/09/19 20:46:03
31078	0	DP	0	NO PLAY	0	-	false	2026/09/19 20:46:03
31078	1	P1	0	NO PLAY	0	-	false	2026/09/19 20:46:03
31078	1	DP	0	NO PLAY	0	-	false	2026/09/19 20:46:03
31078	2	P1	0	NO PLAY	0	-	false	2026/09/19 20:46:03
31078	2	DP	0	NO PLAY	0	-	false	2026/09/19 20:46:03
31078	3	P1	0	NO PLAY	0	-	false	2026/09/19 20:46:03
31078	3	DP	0	NO PLAY	0	-	false	2026/09/19 20:46:03
31078	4	P1	0	NO PLAY	0	-	false	2026/09/19 20:46:03
31078	4	DP	0	NO PLAY	0	-	false	2026/09/19 20:46:03
31079	0	P1	0	NO PLAY	0	-	false	2026/09/19 20:46:03
31079	0	DP	0	NO PLAY	0	-	false	2026/09/19 20:46:03
31079	1	P1	0	NO PLAY	0	-	false	2026/09/19 20:46:03
31079	1	DP	0	NO PLAY	0	-	false	2026/09/19 20:46:03
31079	2	P1	0	NO PLAY	0	-	false	2026/09/19 20:46:03
31079	2	DP	0	NO PLAY	0	-	false	2026/09/19 20:46:03
31079	3	P1	0	NO PLAY	0	-	false	2026/09/19 20:46:03
31079	3	DP	0	NO PLAY	0	-	false	2026/09/19 20:46:03
31079	4	P1	0	NO PLAY	0	-	false	2026/09/19 20:46:03
31079	4	DP	0	NO PLAY	0	-	false	2026/09/19 20:46:03
31080	0	P1	0	NO PLAY	0	-	false	2026/09/19 20:46:03
31080	0	DP	0	NO PLAY	0	-	false	2026/09/19 20:46:03
31080	1	P1	0	NO PLAY	0	-	false	2026/09/19 20:46:03
31080	1	DP	0	NO PLAY	0	-	false	2026/09/19 20:46:03
31080	2	P1	0	NO PLAY	0	-	false	2026/09/19 20:46:03
31080	2	DP	0	NO PLAY	0	-	false	2026/09/19 20:46:03
31080	3	P1	0	NO PLAY	0	-	false	2026/09/19 20:46:03
31080	3	DP	0	NO PLAY	0	-	false	2026/09/19 20:46:03
31080	4	P1	0	NO PLAY	0	-	false	2026/09/19 20:46:03
31080	4	DP	0	NO PLAY	0	-	false	2026/09/19 20:46:03
31081	0	P1	0	NO PLAY	0	-	false	2026/09/19 20:46:03
31081	0	DP	0	NO PLAY	0	-	false	2026/09/19 20:46:03
31081	1	P1	0	NO PLAY	0	-	false	2026/09/19 20:46:03
31081	1	DP	0	NO PLAY	0	-	false	2026/09/19 20:46:03
31081	2	P1	0	NO PLAY	0	-	false	2026/09/19 20:46:03
31081	2	DP	0	NO PLAY	0	-	false	2026/09/19 20:46:03
31081	3	P1	0	NO PLAY	0	-	false	2026/09/19 20:46:03
31081	3	DP	0	NO PLAY	0	-	false	2026/09/19 20:46:03
31081	4	P1	0	NO PLAY	0	-	false	2026/09/19 20:46:03
31081	4	DP	0	NO PLAY	0	-	false	2026/09/19 20:46:03
31083	0	P1	0	NO PLAY	0	-	false	2026/09/19 20:46:03
31083	0	DP	0	NO PLAY	0	-	false	2026/09/19 20:46:03
31083	1	P1	0	NO PLAY	0	-	false	2026/09/19 20:46:03
31083	1	DP	0	NO PLAY	0	-	false	2026/09/19 20:46:03
31083	2	P1	0	NO PLAY	0	-	false	2026/09/19 20:46:03
31083	2	DP	0	NO PLAY	0	-	false	2026/09/19 20:46:03
31083	3	P1	6	EX HARD CLEAR	2789	15	true	2026/09/19 20:46:03
31083	3	DP	6	EX HARD CLEAR	2819	11	true	2026/09/19 20:46:03
31083	4	P1	0	NO PLAY	0	-	false	2026/09/19 20:46:03
31083	4	DP	0	NO PLAY	0	-	false	2026/09/19 20:46:03
31084	0	P1	0	NO PLAY	0	-	false	2026/09/19 20:46:03
31084	0	DP	0	NO PLAY	0	-	false	2026/09/19 20:46:03
31084	1	P1	0	NO PLAY	0	-	false	2026/09/19 20:46:03
31084	1	DP	0	NO PLAY	0	-	false	2026/09/19 20:46:03
31084	2	P1	0	NO PLAY	0	-	false	2026/09/19 20:46:03
31084	2	DP	0	NO PLAY	0	-	false	2026/09/19 20:46:03
31084	3	P1	0	NO PLAY	0	-	false	2026/09/19 20:46:03
31084	3	DP	0	NO PLAY	0	-	false	2026/09/19 20:46:03
31084	4	P1	0	NO PLAY	0	-	false	2026/09/19 20:46:03
31084	4	DP	0	NO PLAY	0	-	false	2026/09/19 20:46:03
31086	0	P1	0	NO PLAY	0	-	false	2026/09/19 20:46:03
31086	0	DP	0	NO PLAY	0	-	false	2026/09/19 20:46:03
31086	1	P1	0	NO PLAY	0	-	false	2026/09/19 20:46:03
31086	1	DP	0	NO PLAY	0	-	false	2026/09/19 20:46:03
31086	2	P1	0	NO PLAY	0	-	false	2026/09/19 20:46:03
31086	2	DP	0	NO PLAY	0	-	false	2026/09/19 20:46:03
31086	3	P1	0	NO PLAY	0	-	false	2026/09/19 20:46:03
31086	3	DP	0	NO PLAY	0	-	false	2026/09/19 20:46:03
31086	4	P1	0	NO PLAY	0	-	false	2026/09/19 20:46:03
31086	4	DP	0	NO PLAY	0	-	false	2026/09/19 20:46:03
31087	0	P1	0	NO PLAY	0	-	false	2026/09/19 20:46:03
31087	0	DP	0	NO PLAY	0	-	false	2026/09/19 20:46:03
31087	1	P1	0	NO PLAY	0	-	false	2026/09/19 20:46:03
31087	1	DP	0	NO PLAY	0	-	false	2026/09/19 20:46:03
31087	2	P1	0	NO PLAY	0	-	false	2026/09/19 20:46:03
31087	2	DP	0	NO PLAY	0	-	false	2026/09/19 20:46:03
31087	3	P1	0	NO PLAY	0	-	false	2026/09/19 20:46:03
31087	3	DP	0	NO PLAY	0	-	false	2026/09/19 20:46:03
31087	4	P1	0	NO PLAY	0	-	false	2026/09/19 20:46:03
31087	4	DP	0	NO PLAY	0	-	false	2026/09/19 20:46:03
31088	0	P1	0	NO PLAY	0	-	false	2026/09/19 20:46:03
31088	0	DP	0	NO PLAY	0	-	false	2026/09/19 20:46:03
31088	1	P1	0	NO PLAY	0	-	false	2026/09/19 20:46:03
31088	1	DP	0	NO PLAY	0	-	false	2026/09/19 20:46:03
31088	2	P1	0	NO PLAY	0	-	false	2026/09/19 20:46:03
31088	2	DP	0	NO PLAY	0	-	false	2026/09/19 20:46:03
31088	3	P1	0	NO PLAY	0	-	false	2026/09/19 20:46:03
31088	3	DP	0	NO PLAY	0	-	false	2026/09/19 20:46:03
31088	4	P1	0	NO PLAY	0	-	false	2026/09/19 20:46:03
31088	4	DP	0	NO PLAY	0	-	false	2026/09/19 20:46:03
31089	0	P1	0	NO PLAY	0	-	false	2026/09/19 20:46:03
31089	0	DP	0	NO PLAY	0	-	false	2026/09/19 20:46:03
31089	1	P1	0	NO PLAY	0	-	false	2026/09/19 20:46:03
31089	1	DP	0	NO PLAY	0	-	false	2026/09/19 20:46:03
31089	2	P1	0	NO PLAY	0	-	false	2026/09/19 20:46:03
31089	2	DP	0	NO PLAY	0	-	false	2026/09/19 20:46:03
31089	3	P1	0	NO PLAY	0	-	false	2026/09/19 20:46:03
31089	3	DP	0	NO PLAY	0	-	false	2026/09/19 20:46:03
31089	4	P1	0	NO PLAY	0	-	false	2026/09/19 20:46:03
31089	4	DP	0	NO PLAY	0	-	false	2026/09/19 20:46:03
31090	0	P1	0	NO PLAY	0	-	false	2026/09/19 20:46:03
31090	0	DP	0	NO PLAY	0	-	false	2026/09/19 20:46:03
31090	1	P1	0	NO PLAY	0	-	false	2026/09/19 20:46:03
31090	1	DP	0	NO PLAY	0	-	false	2026/09/19 20:46:03
31090	2	P1	0	NO PLAY	0	-	false	2026/09/19 20:46:03
31090	2	DP	0	NO PLAY	0	-	false	2026/09/19 20:46:03
31090	3	P1	0	NO PLAY	0	-	false	2026/09/19 20:46:03
31090	3	DP	0	NO PLAY	0	-	false	2026/09/19 20:46:03
31090	4	P1	0	NO PLAY	0	-	false	2026/09/19 20:46:03
31090	4	DP	0	NO PLAY	0	-	false	2026/09/19 20:46:03
31091	0	P1	0	NO PLAY	0	-	false	2026/09/19 20:46:03
31091	0	DP	0	NO PLAY	0	-	false	2026/09/19 20:46:03
31091	1	P1	0	NO PLAY	0	-	false	2026/09/19 20:46:03
31091	1	DP	0	NO PLAY	0	-	false	2026/09/19 20:46:03
31091	2	P1	0	NO PLAY	0	-	false	2026/09/19 20:46:03
31091	2	DP	0	NO PLAY	0	-	false	2026/09/19 20:46:03
31091	3	P1	0	NO PLAY	0	-	false	2026/09/19 20:46:03
31091	3	DP	0	NO PLAY	0	-	false	2026/09/19 20:46:03
31091	4	P1	0	NO PLAY	0	-	false	2026/09/19 20:46:03
31091	4	DP	0	NO PLAY	0	-	false	2026/09/19 20:46:03
31092	0	P1	0	NO PLAY	0	-	false	2026/09/19 20:46:03
31092	0	DP	0	NO PLAY	0	-	false	2026/09/19 20:46:03
31092	1	P1	0	NO PLAY	0	-	false	2026/09/19 20:46:03
31092	1	DP	0	NO PLAY	0	-	false	2026/09/19 20:46:03
31092	2	P1	0	NO PLAY	0	-	false	2026/09/19 20:46:03
31092	2	DP	0	NO PLAY	0	-	false	2026/09/19 20:46:03
31092	3	P1	0	NO PLAY	0	-	false	2026/09/19 20:46:03
31092	3	DP	0	NO PLAY	0	-	false	2026/09/19 20:46:03
31092	4	P1	0	NO PLAY	0	-	false	2026/09/19 20:46:03
31092	4	DP	0	NO PLAY	0	-	false	2026/09/19 20:46:03
31093	0	P1	0	NO PLAY	0	-	false	2026/09/19 20:46:03
31093	0	DP	0	NO PLAY	0	-	false	2026/09/19 20:46:03
31093	1	P1	0	NO PLAY	0	-	false	2026/09/19 20:46:03
31093	1	DP	0	NO PLAY	0	-	false	2026/09/19 20:46:03
31093	2	P1	0	NO PLAY	0	-	false	2026/09/19 20:46:03
31093	2	DP	0	NO PLAY	0	-	false	2026/09/19 20:46:03
31093	3	P1	0	NO PLAY	0	-	false	2026/09/19 20:46:03
31093	3	DP	0	NO PLAY	0	-	false	2026/09/19 20:46:03
31093	4	P1	0	NO PLAY	0	-	false	2026/09/19 20:46:03
31093	4	DP	0	NO PLAY	0	-	false	2026/09/19 20:46:03
31108	0	P1	0	NO PLAY	0	-	false	2026/09/19 20:46:03
31108	0	DP	0	NO PLAY	0	-	false	2026/09/19 20:46:03
31108	1	P1	0	NO PLAY	0	-	false	2026/09/19 20:46:03
31108	1	DP	0	NO PLAY	0	-	false	2026/09/19 20:46:03
31108	2	P1	0	NO PLAY	0	-	false	2026/09/19 20:46:03
31108	2	DP	0	NO PLAY	0	-	false	2026/09/19 20:46:03
31108	3	P1	0	NO PLAY	0	-	false	2026/09/19 20:46:03
31108	3	DP	0	NO PLAY	0	-	false	2026/09/19 20:46:03
31108	4	P1	0	NO PLAY	0	-	false	2026/09/19 20:46:03
31108	4	DP	0	NO PLAY	0	-	false	2026/09/19 20:46:03
31109	0	P1	0	NO PLAY	0	-	false	2026/09/19 20:46:03
31109	0	DP	0	NO PLAY	0	-	false	2026/09/19 20:46:03
31109	1	P1	0	NO PLAY	0	-	false	2026/09/19 20:46:03
31109	1	DP	0	NO PLAY	0	-	false	2026/09/19 20:46:03
31109	2	P1	0	NO PLAY	0	-	false	2026/09/19 20:46:03
31109	2	DP	0	NO PLAY	0	-	false	2026/09/19 20:46:03
31109	3	P1	0	NO PLAY	0	-	false	2026/09/19 20:46:03
31109	3	DP	0	NO PLAY	0	-	false	2026/09/19 20:46:03
31109	4	P1	0	NO PLAY	0	-	false	2026/09/19 20:46:03
31109	4	DP	0	NO PLAY	0	-	false	2026/09/19 20:46:03
31110	0	P1	0	NO PLAY	0	-	false	2026/09/19 20:46:03
31110	0	DP	0	NO PLAY	0	-	false	2026/09/19 20:46:03
31110	1	P1	0	NO PLAY	0	-	false	2026/09/19 20:46:03
31110	1	DP	0	NO PLAY	0	-	false	2026/09/19 20:46:03
31110	2	P1	0	NO PLAY	0	-	false	2026/09/19 20:46:03
31110	2	DP	0	NO PLAY	0	-	false	2026/09/19 20:46:03
31110	3	P1	0	NO PLAY	0	-	false	2026/09/19 20:46:03
31110	3	DP	0	NO PLAY	0	-	false	2026/09/19 20:46:03
31110	4	P1	0	NO PLAY	0	-	false	2026/09/19 20:46:03
31110	4	DP	0	NO PLAY	0	-	false	2026/09/19 20:46:03
31111	0	P1	0	NO PLAY	0	-	false	2026/09/19 20:46:03
31111	0	DP	0	NO PLAY	0	-	false	2026/09/19 20:46:03
31111	1	P1	0	NO PLAY	0	-	false	2026/09/19 20:46:03
31111	1	DP	0	NO PLAY	0	-	false	2026/09/19 20:46:03
31111	2	P1	0	NO PLAY	0	-	false	2026/09/19 20:46:03
31111	2	DP	0	NO PLAY	0	-	false	2026/09/19 20:46:03
31111	3	P1	0	NO PLAY	0	-	false	2026/09/19 20:46:03
31111	3	DP	0	NO PLAY	0	-	false	2026/09/19 20:46:03
31111	4	P1	0	NO PLAY	0	-	false	2026/09/19 20:46:03
31111	4	DP	0	NO PLAY	0	-	false	2026/09/19 20:46:03
32000	0	P1	0	NO PLAY	0	-	false	2026/09/19 20:46:03
32000	0	DP	0	NO PLAY	0	-	false	2026/09/19 20:46:03
32000	1	P1	0	NO PLAY	0	-	false	2026/09/19 20:46:03
32000	1	DP	0	NO PLAY	0	-	false	2026/09/19 20:46:03
32000	2	P1	0	NO PLAY	0	-	false	2026/09/19 20:46:03
32000	2	DP	6	EX HARD CLEAR	1893	9	true	2026/09/19 20:46:03
32000	3	P1	6	EX HARD CLEAR	3117	2	true	2026/09/19 20:46:03
32000	3	DP	6	EX HARD CLEAR	3216	11	true	2026/09/19 20:46:03
32000	4	P1	0	NO PLAY	0	-	false	2026/09/19 20:46:03
32000	4	DP	0	NO PLAY	0	-	false	2026/09/19 20:46:03
32001	0	P1	0	NO PLAY	0	-	false	2026/09/19 20:46:03
32001	0	DP	0	NO PLAY	0	-	false	2026/09/19 20:46:03
32001	1	P1	0	NO PLAY	0	-	false	2026/09/19 20:46:03
32001	1	DP	0	NO PLAY	0	-	false	2026/09/19 20:46:03
32001	2	P1	0	NO PLAY	0	-	false	2026/09/19 20:46:03
32001	2	DP	0	NO PLAY	0	-	false	2026/09/19 20:46:03
32001	3	P1	0	NO PLAY	0	-	false	2026/09/19 20:46:03
32001	3	DP	6	EX HARD CLEAR	2500	19	true	2026/09/19 20:46:03
32001	4	P1	0	NO PLAY	0	-	false	2026/09/19 20:46:03
32001	4	DP	0	NO PLAY	0	-	false	2026/09/19 20:46:03
32002	0	P1	0	NO PLAY	0	-	false	2026/09/19 20:46:03
32002	0	DP	0	NO PLAY	0	-	false	2026/09/19 20:46:03
32002	1	P1	0	NO PLAY	0	-	false	2026/09/19 20:46:03
32002	1	DP	0	NO PLAY	0	-	false	2026/09/19 20:46:03
32002	2	P1	0	NO PLAY	0	-	false	2026/09/19 20:46:03
32002	2	DP	6	EX HARD CLEAR	2242	2	true	2026/09/19 20:46:03
32002	3	P1	6	EX HARD CLEAR	3536	11	true	2026/09/19 20:46:03
32002	3	DP	5	HARD CLEAR	3315	54	true	2026/09/19 20:46:03
32002	4	P1	0	NO PLAY	0	-	false	2026/09/19 20:46:03
32002	4	DP	0	NO PLAY	0	-	false	2026/09/19 20:46:03
32003	0	P1	0	NO PLAY	0	-	false	2026/09/19 20:46:03
32003	0	DP	0	NO PLAY	0	-	false	2026/09/19 20:46:03
32003	1	P1	0	NO PLAY	0	-	false	2026/09/19 20:46:03
32003	1	DP	0	NO PLAY	0	-	false	2026/09/19 20:46:03
32003	2	P1	0	NO PLAY	0	-	false	2026/09/19 20:46:03
32003	2	DP	0	NO PLAY	0	-	false	2026/09/19 20:46:03
32003	3	P1	0	NO PLAY	0	-	false	2026/09/19 20:46:03
32003	3	DP	0	NO PLAY	0	-	false	2026/09/19 20:46:03
32003	4	P1	0	NO PLAY	0	-	false	2026/09/19 20:46:03
32003	4	DP	0	NO PLAY	0	-	false	2026/09/19 20:46:03
32004	0	P1	0	NO PLAY	0	-	false	2026/09/19 20:46:03
32004	0	DP	0	NO PLAY	0	-	false	2026/09/19 20:46:03
32004	1	P1	0	NO PLAY	0	-	false	2026/09/19 20:46:03
32004	1	DP	0	NO PLAY	0	-	false	2026/09/19 20:46:03
32004	2	P1	0	NO PLAY	0	-	false	2026/09/19 20:46:03
32004	2	DP	0	NO PLAY	0	-	false	2026/09/19 20:46:03
32004	3	P1	0	NO PLAY	0	-	false	2026/09/19 20:46:03
32004	3	DP	0	NO PLAY	0	-	false	2026/09/19 20:46:03
32004	4	P1	0	NO PLAY	0	-	false	2026/09/19 20:46:03
32004	4	DP	0	NO PLAY	0	-	false	2026/09/19 20:46:03
32005	0	P1	0	NO PLAY	0	-	false	2026/09/19 20:46:03
32005	0	DP	0	NO PLAY	0	-	false	2026/09/19 20:46:03
32005	1	P1	0	NO PLAY	0	-	false	2026/09/19 20:46:03
32005	1	DP	0	NO PLAY	0	-	false	2026/09/19 20:46:03
32005	2	P1	0	NO PLAY	0	-	false	2026/09/19 20:46:03
32005	2	DP	0	NO PLAY	0	-	false	2026/09/19 20:46:03
32005	3	P1	6	EX HARD CLEAR	3215	20	true	2026/09/19 20:46:03
32005	3	DP	5	HARD CLEAR	2959	48	true	2026/09/19 20:46:03
32005	4	P1	0	NO PLAY	0	-	false	2026/09/19 20:46:03
32005	4	DP	0	NO PLAY	0	-	false	2026/09/19 20:46:03
32007	0	P1	0	NO PLAY	0	-	false	2026/09/19 20:46:03
32007	0	DP	0	NO PLAY	0	-	false	2026/09/19 20:46:03
32007	1	P1	0	NO PLAY	0	-	false	2026/09/19 20:46:03
32007	1	DP	0	NO PLAY	0	-	false	2026/09/19 20:46:03
32007	2	P1	0	NO PLAY	0	-	false	2026/09/19 20:46:03
32007	2	DP	0	NO PLAY	0	-	false	2026/09/19 20:46:03
32007	3	P1	6	EX HARD CLEAR	2262	14	true	2026/09/19 20:46:03
32007	3	DP	6	EX HARD CLEAR	2271	14	true	2026/09/19 20:46:03
32007	4	P1	0	NO PLAY	0	-	false	2026/09/19 20:46:03
32007	4	DP	0	NO PLAY	0	-	false	2026/09/19 20:46:03
32008	0	P1	0	NO PLAY	0	-	false	2026/09/19 20:46:03
32008	0	DP	0	NO PLAY	0	-	false	2026/09/19 20:46:03
32008	1	P1	0	NO PLAY	0	-	false	2026/09/19 20:46:03
32008	1	DP	0	NO PLAY	0	-	false	2026/09/19 20:46:03
32008	2	P1	0	NO PLAY	0	-	false	2026/09/19 20:46:03
32008	2	DP	0	NO PLAY	0	-	false	2026/09/19 20:46:03
32008	3	P1	6	EX HARD CLEAR	3299	20	true	2026/09/19 20:46:03
32008	3	DP	5	HARD CLEAR	3140	45	true	2026/09/19 20:46:03
32008	4	P1	0	NO PLAY	0	-	false	2026/09/19 20:46:03
32008	4	DP	0	NO PLAY	0	-	false	2026/09/19 20:46:03
32009	0	P1	0	NO PLAY	0	-	false	2026/09/19 20:46:03
32009	0	DP	0	NO PLAY	0	-	false	2026/09/19 20:46:03
32009	1	P1	0	NO PLAY	0	-	false	2026/09/19 20:46:03
32009	1	DP	0	NO PLAY	0	-	false	2026/09/19 20:46:03
32009	2	P1	0	NO PLAY	0	-	false	2026/09/19 20:46:03
32009	2	DP	0	NO PLAY	0	-	false	2026/09/19 20:46:03
32009	3	P1	6	EX HARD CLEAR	2616	5	true	2026/09/19 20:46:03
32009	3	DP	6	EX HARD CLEAR	2762	14	true	2026/09/19 20:46:03
32009	4	P1	0	NO PLAY	0	-	false	2026/09/19 20:46:03
32009	4	DP	0	NO PLAY	0	-	false	2026/09/19 20:46:03
32010	0	P1	0	NO PLAY	0	-	false	2026/09/19 20:46:03
32010	0	DP	0	NO PLAY	0	-	false	2026/09/19 20:46:03
32010	1	P1	0	NO PLAY	0	-	false	2026/09/19 20:46:03
32010	1	DP	0	NO PLAY	0	-	false	2026/09/19 20:46:03
32010	2	P1	0	NO PLAY	0	-	false	2026/09/19 20:46:03
32010	2	DP	0	NO PLAY	0	-	false	2026/09/19 20:46:03
32010	3	P1	6	EX HARD CLEAR	3011	14	true	2026/09/19 20:46:03
32010	3	DP	6	EX HARD CLEAR	3156	20	true	2026/09/19 20:46:03
32010	4	P1	0	NO PLAY	0	-	false	2026/09/19 20:46:03
32010	4	DP	0	NO PLAY	0	-	false	2026/09/19 20:46:03
32011	0	P1	0	NO PLAY	0	-	false	2026/09/19 20:46:03
32011	0	DP	0	NO PLAY	0	-	false	2026/09/19 20:46:03
32011	1	P1	0	NO PLAY	0	-	false	2026/09/19 20:46:03
32011	1	DP	0	NO PLAY	0	-	false	2026/09/19 20:46:03
32011	2	P1	0	NO PLAY	0	-	false	2026/09/19 20:46:03
32011	2	DP	0	NO PLAY	0	-	false	2026/09/19 20:46:03
32011	3	P1	0	NO PLAY	0	-	false	2026/09/19 20:46:03
32011	3	DP	0	NO PLAY	0	-	false	2026/09/19 20:46:03
32011	4	P1	0	NO PLAY	0	-	false	2026/09/19 20:46:03
32011	4	DP	0	NO PLAY	0	-	false	2026/09/19 20:46:03
32012	0	P1	0	NO PLAY	0	-	false	2026/09/19 20:46:03
32012	0	DP	0	NO PLAY	0	-	false	2026/09/19 20:46:03
32012	1	P1	0	NO PLAY	0	-	false	2026/09/19 20:46:03
32012	1	DP	0	NO PLAY	0	-	false	2026/09/19 20:46:03
32012	2	P1	0	NO PLAY	0	-	false	2026/09/19 20:46:03
32012	2	DP	0	NO PLAY	0	-	false	2026/09/19 20:46:03
32012	3	P1	0	NO PLAY	0	-	false	2026/09/19 20:46:03
32012	3	DP	0	NO PLAY	0	-	false	2026/09/19 20:46:03
32012	4	P1	0	NO PLAY	0	-	false	2026/09/19 20:46:03
32012	4	DP	0	NO PLAY	0	-	false	2026/09/19 20:46:03
32013	0	P1	0	NO PLAY	0	-	false	2026/09/19 20:46:03
32013	0	DP	0	NO PLAY	0	-	false	2026/09/19 20:46:03
32013	1	P1	0	NO PLAY	0	-	false	2026/09/19 20:46:03
32013	1	DP	0	NO PLAY	0	-	false	2026/09/19 20:46:03
32013	2	P1	0	NO PLAY	0	-	false	2026/09/19 20:46:03
32013	2	DP	0	NO PLAY	0	-	false	2026/09/19 20:46:03
32013	3	P1	6	EX HARD CLEAR	3067	17	true	2026/09/19 20:46:03
32013	3	DP	6	EX HARD CLEAR	2765	18	true	2026/09/19 20:46:03
32013	4	P1	0	NO PLAY	0	-	false	2026/09/19 20:46:03
32013	4	DP	0	NO PLAY	0	-	false	2026/09/19 20:46:03
32014	0	P1	0	NO PLAY	0	-	false	2026/09/19 20:46:03
32014	0	DP	0	NO PLAY	0	-	false	2026/09/19 20:46:03
32014	1	P1	0	NO PLAY	0	-	false	2026/09/19 20:46:03
32014	1	DP	0	NO PLAY	0	-	false	2026/09/19 20:46:03
32014	2	P1	0	NO PLAY	0	-	false	2026/09/19 20:46:03
32014	2	DP	0	NO PLAY	0	-	false	2026/09/19 20:46:03
32014	3	P1	0	NO PLAY	0	-	false	2026/09/19 20:46:03
32014	3	DP	6	EX HARD CLEAR	1993	1	true	2026/09/19 20:46:03
32014	4	P1	0	NO PLAY	0	-	false	2026/09/19 20:46:03
32014	4	DP	0	NO PLAY	0	-	false	2026/09/19 20:46:03
32015	0	P1	0	NO PLAY	0	-	false	2026/09/19 20:46:03
32015	0	DP	0	NO PLAY	0	-	false	2026/09/19 20:46:03
32015	1	P1	0	NO PLAY	0	-	false	2026/09/19 20:46:03
32015	1	DP	0	NO PLAY	0	-	false	2026/09/19 20:46:03
32015	2	P1	0	NO PLAY	0	-	false	2026/09/19 20:46:03
32015	2	DP	0	NO PLAY	0	-	false	2026/09/19 20:46:03
32015	3	P1	0	NO PLAY	0	-	false	2026/09/19 20:46:03
32015	3	DP	0	NO PLAY	0	-	false	2026/09/19 20:46:03
32015	4	P1	0	NO PLAY	0	-	false	2026/09/19 20:46:03
32015	4	DP	0	NO PLAY	0	-	false	2026/09/19 20:46:03
32017	0	P1	0	NO PLAY	0	-	false	2026/09/19 20:46:03
32017	0	DP	0	NO PLAY	0	-	false	2026/09/19 20:46:03
32017	1	P1	0	NO PLAY	0	-	false	2026/09/19 20:46:03
32017	1	DP	0	NO PLAY	0	-	false	2026/09/19 20:46:03
32017	2	P1	0	NO PLAY	0	-	false	2026/09/19 20:46:03
32017	2	DP	0	NO PLAY	0	-	false	2026/09/19 20:46:03
32017	3	P1	0	NO PLAY	0	-	false	2026/09/19 20:46:03
32017	3	DP	0	NO PLAY	0	-	false	2026/09/19 20:46:03
32017	4	P1	0	NO PLAY	0	-	false	2026/09/19 20:46:03
32017	4	DP	0	NO PLAY	0	-	false	2026/09/19 20:46:03
32020	0	P1	0	NO PLAY	0	-	false	2026/09/19 20:46:03
32020	0	DP	0	NO PLAY	0	-	false	2026/09/19 20:46:03
32020	1	P1	0	NO PLAY	0	-	false	2026/09/19 20:46:03
32020	1	DP	0	NO PLAY	0	-	false	2026/09/19 20:46:03
32020	2	P1	0	NO PLAY	0	-	false	2026/09/19 20:46:03
32020	2	DP	0	NO PLAY	0	-	false	2026/09/19 20:46:03
32020	3	P1	0	NO PLAY	0	-	false	2026/09/19 20:46:03
32020	3	DP	0	NO PLAY	0	-	false	2026/09/19 20:46:03
32020	4	P1	0	NO PLAY	0	-	false	2026/09/19 20:46:03
32020	4	DP	0	NO PLAY	0	-	false	2026/09/19 20:46:03
32021	0	P1	0	NO PLAY	0	-	false	2026/09/19 20:46:03
32021	0	DP	0	NO PLAY	0	-	false	2026/09/19 20:46:03
32021	1	P1	0	NO PLAY	0	-	false	2026/09/19 20:46:03
32021	1	DP	0	NO PLAY	0	-	false	2026/09/19 20:46:03
32021	2	P1	0	NO PLAY	0	-	false	2026/09/19 20:46:03
32021	2	DP	0	NO PLAY	0	-	false	2026/09/19 20:46:03
32021	3	P1	0	NO PLAY	0	-	false	2026/09/19 20:46:03
32021	3	DP	0	NO PLAY	0	-	false	2026/09/19 20:46:03
32021	4	P1	0	NO PLAY	0	-	false	2026/09/19 20:46:03
32021	4	DP	0	NO PLAY	0	-	false	2026/09/19 20:46:03
32023	0	P1	0	NO PLAY	0	-	false	2026/09/19 20:46:03
32023	0	DP	0	NO PLAY	0	-	false	2026/09/19 20:46:03
32023	1	P1	0	NO PLAY	0	-	false	2026/09/19 20:46:03
32023	1	DP	0	NO PLAY	0	-	false	2026/09/19 20:46:03
32023	2	P1	0	NO PLAY	0	-	false	2026/09/19 20:46:03
32023	2	DP	0	NO PLAY	0	-	false	2026/09/19 20:46:03
32023	3	P1	0	NO PLAY	0	-	false	2026/09/19 20:46:03
32023	3	DP	6	EX HARD CLEAR	2260	2	true	2026/09/19 20:46:03
32023	4	P1	0	NO PLAY	0	-	false	2026/09/19 20:46:03
32023	4	DP	0	NO PLAY	0	-	false	2026/09/19 20:46:03
32024	0	P1	0	NO PLAY	0	-	false	2026/09/19 20:46:03
32024	0	DP	0	NO PLAY	0	-	false	2026/09/19 20:46:03
32024	1	P1	0	NO PLAY	0	-	false	2026/09/19 20:46:03
32024	1	DP	0	NO PLAY	0	-	false	2026/09/19 20:46:03
32024	2	P1	0	NO PLAY	0	-	false	2026/09/19 20:46:03
32024	2	DP	0	NO PLAY	0	-	false	2026/09/19 20:46:03
32024	3	P1	6	EX HARD CLEAR	3211	9	true	2026/09/19 20:46:03
32024	3	DP	6	EX HARD CLEAR	2990	16	true	2026/09/19 20:46:03
32024	4	P1	0	NO PLAY	0	-	false	2026/09/19 20:46:03
32024	4	DP	0	NO PLAY	0	-	false	2026/09/19 20:46:03
32025	0	P1	0	NO PLAY	0	-	false	2026/09/19 20:46:03
32025	0	DP	0	NO PLAY	0	-	false	2026/09/19 20:46:03
32025	1	P1	0	NO PLAY	0	-	false	2026/09/19 20:46:03
32025	1	DP	0	NO PLAY	0	-	false	2026/09/19 20:46:03
32025	2	P1	0	NO PLAY	0	-	false	2026/09/19 20:46:03
32025	2	DP	0	NO PLAY	0	-	false	2026/09/19 20:46:03
32025	3	P1	0	NO PLAY	0	-	false	2026/09/19 20:46:03
32025	3	DP	0	NO PLAY	0	-	false	2026/09/19 20:46:03
32025	4	P1	0	NO PLAY	0	-	false	2026/09/19 20:46:03
32025	4	DP	0	NO PLAY	0	-	false	2026/09/19 20:46:03
32026	0	P1	0	NO PLAY	0	-	false	2026/09/19 20:46:03
32026	0	DP	0	NO PLAY	0	-	false	2026/09/19 20:46:03
32026	1	P1	0	NO PLAY	0	-	false	2026/09/19 20:46:03
32026	1	DP	0	NO PLAY	0	-	false	2026/09/19 20:46:03
32026	2	P1	0	NO PLAY	0	-	false	2026/09/19 20:46:03
32026	2	DP	0	NO PLAY	0	-	false	2026/09/19 20:46:03
32026	3	P1	6	EX HARD CLEAR	2611	10	true	2026/09/19 20:46:03
32026	3	DP	6	EX HARD CLEAR	2709	15	true	2026/09/19 20:46:03
32026	4	P1	0	NO PLAY	0	-	false	2026/09/19 20:46:03
32026	4	DP	0	NO PLAY	0	-	false	2026/09/19 20:46:03
32027	0	P1	0	NO PLAY	0	-	false	2026/09/19 20:46:03
32027	0	DP	0	NO PLAY	0	-	false	2026/09/19 20:46:03
32027	1	P1	0	NO PLAY	0	-	false	2026/09/19 20:46:03
32027	1	DP	0	NO PLAY	0	-	false	2026/09/19 20:46:03
32027	2	P1	0	NO PLAY	0	-	false	2026/09/19 20:46:03
32027	2	DP	0	NO PLAY	0	-	false	2026/09/19 20:46:03
32027	3	P1	0	NO PLAY	0	-	false	2026/09/19 20:46:03
32027	3	DP	6	EX HARD CLEAR	2507	9	true	2026/09/19 20:46:03
32027	4	P1	0	NO PLAY	0	-	false	2026/09/19 20:46:03
32027	4	DP	0	NO PLAY	0	-	false	2026/09/19 20:46:03
32028	0	P1	0	NO PLAY	0	-	false	2026/09/19 20:46:03
32028	0	DP	0	NO PLAY	0	-	false	2026/09/19 20:46:03
32028	1	P1	0	NO PLAY	0	-	false	2026/09/19 20:46:03
32028	1	DP	0	NO PLAY	0	-	false	2026/09/19 20:46:03
32028	2	P1	0	NO PLAY	0	-	false	2026/09/19 20:46:03
32028	2	DP	0	NO PLAY	0	-	false	2026/09/19 20:46:03
32028	3	P1	6	EX HARD CLEAR	3032	16	true	2026/09/19 20:46:03
32028	3	DP	6	EX HARD CLEAR	2821	13	true	2026/09/19 20:46:03
32028	4	P1	0	NO PLAY	0	-	false	2026/09/19 20:46:03
32028	4	DP	0	NO PLAY	0	-	false	2026/09/19 20:46:03
32029	0	P1	0	NO PLAY	0	-	false	2026/09/19 20:46:03
32029	0	DP	0	NO PLAY	0	-	false	2026/09/19 20:46:03
32029	1	P1	0	NO PLAY	0	-	false	2026/09/19 20:46:03
32029	1	DP	0	NO PLAY	0	-	false	2026/09/19 20:46:03
32029	2	P1	0	NO PLAY	0	-	false	2026/09/19 20:46:03
32029	2	DP	0	NO PLAY	0	-	false	2026/09/19 20:46:03
32029	3	P1	0	NO PLAY	0	-	false	2026/09/19 20:46:03
32029	3	DP	0	NO PLAY	0	-	false	2026/09/19 20:46:03
32029	4	P1	0	NO PLAY	0	-	false	2026/09/19 20:46:03
32029	4	DP	0	NO PLAY	0	-	false	2026/09/19 20:46:03
32030	0	P1	0	NO PLAY	0	-	false	2026/09/19 20:46:03
32030	0	DP	0	NO PLAY	0	-	false	2026/09/19 20:46:03
32030	1	P1	0	NO PLAY	0	-	false	2026/09/19 20:46:03
32030	1	DP	0	NO PLAY	0	-	false	2026/09/19 20:46:03
32030	2	P1	0	NO PLAY	0	-	false	2026/09/19 20:46:03
32030	2	DP	0	NO PLAY	0	-	false	2026/09/19 20:46:03
32030	3	P1	0	NO PLAY	0	-	false	2026/09/19 20:46:03
32030	3	DP	0	NO PLAY	0	-	false	2026/09/19 20:46:03
32030	4	P1	0	NO PLAY	0	-	false	2026/09/19 20:46:03
32030	4	DP	0	NO PLAY	0	-	false	2026/09/19 20:46:03
32031	0	P1	0	NO PLAY	0	-	false	2026/09/19 20:46:03
32031	0	DP	0	NO PLAY	0	-	false	2026/09/19 20:46:03
32031	1	P1	0	NO PLAY	0	-	false	2026/09/19 20:46:03
32031	1	DP	0	NO PLAY	0	-	false	2026/09/19 20:46:03
32031	2	P1	0	NO PLAY	0	-	false	2026/09/19 20:46:03
32031	2	DP	0	NO PLAY	0	-	false	2026/09/19 20:46:03
32031	3	P1	0	NO PLAY	0	-	false	2026/09/19 20:46:03
32031	3	DP	0	NO PLAY	0	-	false	2026/09/19 20:46:03
32031	4	P1	0	NO PLAY	0	-	false	2026/09/19 20:46:03
32031	4	DP	0	NO PLAY	0	-	false	2026/09/19 20:46:03
32032	0	P1	0	NO PLAY	0	-	false	2026/09/19 20:46:03
32032	0	DP	0	NO PLAY	0	-	false	2026/09/19 20:46:03
32032	1	P1	0	NO PLAY	0	-	false	2026/09/19 20:46:03
32032	1	DP	0	NO PLAY	0	-	false	2026/09/19 20:46:03
32032	2	P1	0	NO PLAY	0	-	false	2026/09/19 20:46:03
32032	2	DP	0	NO PLAY	0	-	false	2026/09/19 20:46:03
32032	3	P1	0	NO PLAY	0	-	false	2026/09/19 20:46:03
32032	3	DP	0	NO PLAY	0	-	false	2026/09/19 20:46:03
32032	4	P1	0	NO PLAY	0	-	false	2026/09/19 20:46:03
32032	4	DP	0	NO PLAY	0	-	false	2026/09/19 20:46:03
32033	0	P1	0	NO PLAY	0	-	false	2026/09/19 20:46:03
32033	0	DP	0	NO PLAY	0	-	false	2026/09/19 20:46:03
32033	1	P1	0	NO PLAY	0	-	false	2026/09/19 20:46:03
32033	1	DP	0	NO PLAY	0	-	false	2026/09/19 20:46:03
32033	2	P1	0	NO PLAY	0	-	false	2026/09/19 20:46:03
32033	2	DP	0	NO PLAY	0	-	false	2026/09/19 20:46:03
32033	3	P1	0	NO PLAY	0	-	false	2026/09/19 20:46:03
32033	3	DP	0	NO PLAY	0	-	false	2026/09/19 20:46:03
32033	4	P1	0	NO PLAY	0	-	false	2026/09/19 20:46:03
32033	4	DP	0	NO PLAY	0	-	false	2026/09/19 20:46:03
32034	0	P1	0	NO PLAY	0	-	false	2026/09/19 20:46:03
32034	0	DP	0	NO PLAY	0	-	false	2026/09/19 20:46:03
32034	1	P1	0	NO PLAY	0	-	false	2026/09/19 20:46:03
32034	1	DP	0	NO PLAY	0	-	false	2026/09/19 20:46:03
32034	2	P1	0	NO PLAY	0	-	false	2026/09/19 20:46:03
32034	2	DP	0	NO PLAY	0	-	false	2026/09/19 20:46:03
32034	3	P1	6	EX HARD CLEAR	2654	16	true	2026/09/19 20:46:03
32034	3	DP	6	EX HARD CLEAR	2695	21	true	2026/09/19 20:46:03
32034	4	P1	0	NO PLAY	0	-	false	2026/09/19 20:46:03
32034	4	DP	0	NO PLAY	0	-	false	2026/09/19 20:46:03
32035	0	P1	0	NO PLAY	0	-	false	2026/09/19 20:46:03
32035	0	DP	0	NO PLAY	0	-	false	2026/09/19 20:46:03
32035	1	P1	0	NO PLAY	0	-	false	2026/09/19 20:46:03
32035	1	DP	0	NO PLAY	0	-	false	2026/09/19 20:46:03
32035	2	P1	0	NO PLAY	0	-	false	2026/09/19 20:46:03
32035	2	DP	0	NO PLAY	0	-	false	2026/09/19 20:46:03
32035	3	P1	6	EX HARD CLEAR	2952	20	true	2026/09/19 20:46:03
32035	3	DP	5	HARD CLEAR	2832	41	true	2026/09/19 20:46:03
32035	4	P1	0	NO PLAY	0	-	false	2026/09/19 20:46:03
32035	4	DP	0	NO PLAY	0	-	false	2026/09/19 20:46:03
32038	0	P1	0	NO PLAY	0	-	false	2026/09/19 20:46:03
32038	0	DP	0	NO PLAY	0	-	false	2026/09/19 20:46:03
32038	1	P1	0	NO PLAY	0	-	false	2026/09/19 20:46:03
32038	1	DP	0	NO PLAY	0	-	false	2026/09/19 20:46:03
32038	2	P1	0	NO PLAY	0	-	false	2026/09/19 20:46:03
32038	2	DP	0	NO PLAY	0	-	false	2026/09/19 20:46:03
32038	3	P1	6	EX HARD CLEAR	2979	11	true	2026/09/19 20:46:03
32038	3	DP	6	EX HARD CLEAR	2834	22	true	2026/09/19 20:46:03
32038	4	P1	0	NO PLAY	0	-	false	2026/09/19 20:46:03
32038	4	DP	0	NO PLAY	0	-	false	2026/09/19 20:46:03
32039	0	P1	0	NO PLAY	0	-	false	2026/09/19 20:46:03
32039	0	DP	0	NO PLAY	0	-	false	2026/09/19 20:46:03
32039	1	P1	0	NO PLAY	0	-	false	2026/09/19 20:46:03
32039	1	DP	0	NO PLAY	0	-	false	2026/09/19 20:46:03
32039	2	P1	0	NO PLAY	0	-	false	2026/09/19 20:46:03
32039	2	DP	0	NO PLAY	0	-	false	2026/09/19 20:46:03
32039	3	P1	0	NO PLAY	0	-	false	2026/09/19 20:46:03
32039	3	DP	0	NO PLAY	0	-	false	2026/09/19 20:46:03
32039	4	P1	0	NO PLAY	0	-	false	2026/09/19 20:46:03
32039	4	DP	0	NO PLAY	0	-	false	2026/09/19 20:46:03
32040	0	P1	0	NO PLAY	0	-	false	2026/09/19 20:46:03
32040	0	DP	0	NO PLAY	0	-	false	2026/09/19 20:46:03
32040	1	P1	0	NO PLAY	0	-	false	2026/09/19 20:46:03
32040	1	DP	0	NO PLAY	0	-	false	2026/09/19 20:46:03
32040	2	P1	0	NO PLAY	0	-	false	2026/09/19 20:46:03
32040	2	DP	0	NO PLAY	0	-	false	2026/09/19 20:46:03
32040	3	P1	0	NO PLAY	0	-	false	2026/09/19 20:46:03
32040	3	DP	0	NO PLAY	0	-	false	2026/09/19 20:46:03
32040	4	P1	0	NO PLAY	0	-	false	2026/09/19 20:46:03
32040	4	DP	0	NO PLAY	0	-	false	2026/09/19 20:46:03
32041	0	P1	0	NO PLAY	0	-	false	2026/09/19 20:46:03
32041	0	DP	0	NO PLAY	0	-	false	2026/09/19 20:46:03
32041	1	P1	0	NO PLAY	0	-	false	2026/09/19 20:46:03
32041	1	DP	0	NO PLAY	0	-	false	2026/09/19 20:46:03
32041	2	P1	0	NO PLAY	0	-	false	2026/09/19 20:46:03
32041	2	DP	0	NO PLAY	0	-	false	2026/09/19 20:46:03
32041	3	P1	0	NO PLAY	0	-	false	2026/09/19 20:46:03
32041	3	DP	0	NO PLAY	0	-	false	2026/09/19 20:46:03
32041	4	P1	0	NO PLAY	0	-	false	2026/09/19 20:46:03
32041	4	DP	0	NO PLAY	0	-	false	2026/09/19 20:46:03
32042	0	P1	0	NO PLAY	0	-	false	2026/09/19 20:46:03
32042	0	DP	0	NO PLAY	0	-	false	2026/09/19 20:46:03
32042	1	P1	0	NO PLAY	0	-	false	2026/09/19 20:46:03
32042	1	DP	0	NO PLAY	0	-	false	2026/09/19 20:46:03
32042	2	P1	0	NO PLAY	0	-	false	2026/09/19 20:46:03
32042	2	DP	0	NO PLAY	0	-	false	2026/09/19 20:46:03
32042	3	P1	0	NO PLAY	0	-	false	2026/09/19 20:46:03
32042	3	DP	0	NO PLAY	0	-	false	2026/09/19 20:46:03
32042	4	P1	0	NO PLAY	0	-	false	2026/09/19 20:46:03
32042	4	DP	0	NO PLAY	0	-	false	2026/09/19 20:46:03
32043	0	P1	0	NO PLAY	0	-	false	2026/09/19 20:46:03
32043	0	DP	0	NO PLAY	0	-	false	2026/09/19 20:46:03
32043	1	P1	0	NO PLAY	0	-	false	2026/09/19 20:46:03
32043	1	DP	0	NO PLAY	0	-	false	2026/09/19 20:46:03
32043	2	P1	0	NO PLAY	0	-	false	2026/09/19 20:46:03
32043	2	DP	0	NO PLAY	0	-	false	2026/09/19 20:46:03
32043	3	P1	0	NO PLAY	0	-	false	2026/09/19 20:46:03
32043	3	DP	0	NO PLAY	0	-	false	2026/09/19 20:46:03
32043	4	P1	0	NO PLAY	0	-	false	2026/09/19 20:46:03
32043	4	DP	0	NO PLAY	0	-	false	2026/09/19 20:46:03
32044	0	P1	0	NO PLAY	0	-	false	2026/09/19 20:46:03
32044	0	DP	0	NO PLAY	0	-	false	2026/09/19 20:46:03
32044	1	P1	0	NO PLAY	0	-	false	2026/09/19 20:46:03
32044	1	DP	0	NO PLAY	0	-	false	2026/09/19 20:46:03
32044	2	P1	0	NO PLAY	0	-	false	2026/09/19 20:46:03
32044	2	DP	0	NO PLAY	0	-	false	2026/09/19 20:46:03
32044	3	P1	0	NO PLAY	0	-	false	2026/09/19 20:46:03
32044	3	DP	0	NO PLAY	0	-	false	2026/09/19 20:46:03
32044	4	P1	0	NO PLAY	0	-	false	2026/09/19 20:46:03
32044	4	DP	0	NO PLAY	0	-	false	2026/09/19 20:46:03
32045	0	P1	0	NO PLAY	0	-	false	2026/09/19 20:46:03
32045	0	DP	0	NO PLAY	0	-	false	2026/09/19 20:46:03
32045	1	P1	0	NO PLAY	0	-	false	2026/09/19 20:46:03
32045	1	DP	0	NO PLAY	0	-	false	2026/09/19 20:46:03
32045	2	P1	0	NO PLAY	0	-	false	2026/09/19 20:46:03
32045	2	DP	0	NO PLAY	0	-	false	2026/09/19 20:46:03
32045	3	P1	0	NO PLAY	0	-	false	2026/09/19 20:46:03
32045	3	DP	0	NO PLAY	0	-	false	2026/09/19 20:46:03
32045	4	P1	0	NO PLAY	0	-	false	2026/09/19 20:46:03
32045	4	DP	0	NO PLAY	0	-	false	2026/09/19 20:46:03
32046	0	P1	0	NO PLAY	0	-	false	2026/09/19 20:46:03
32046	0	DP	0	NO PLAY	0	-	false	2026/09/19 20:46:03
32046	1	P1	0	NO PLAY	0	-	false	2026/09/19 20:46:03
32046	1	DP	0	NO PLAY	0	-	false	2026/09/19 20:46:03
32046	2	P1	0	NO PLAY	0	-	false	2026/09/19 20:46:03
32046	2	DP	0	NO PLAY	0	-	false	2026/09/19 20:46:03
32046	3	P1	0	NO PLAY	0	-	false	2026/09/19 20:46:03
32046	3	DP	6	EX HARD CLEAR	2703	11	true	2026/09/19 20:46:03
32046	4	P1	0	NO PLAY	0	-	false	2026/09/19 20:46:03
32046	4	DP	0	NO PLAY	0	-	false	2026/09/19 20:46:03
32047	0	P1	0	NO PLAY	0	-	false	2026/09/19 20:46:03
32047	0	DP	0	NO PLAY	0	-	false	2026/09/19 20:46:03
32047	1	P1	0	NO PLAY	0	-	false	2026/09/19 20:46:03
32047	1	DP	0	NO PLAY	0	-	false	2026/09/19 20:46:03
32047	2	P1	0	NO PLAY	0	-	false	2026/09/19 20:46:03
32047	2	DP	0	NO PLAY	0	-	false	2026/09/19 20:46:03
32047	3	P1	0	NO PLAY	0	-	false	2026/09/19 20:46:03
32047	3	DP	0	NO PLAY	0	-	false	2026/09/19 20:46:03
32047	4	P1	0	NO PLAY	0	-	false	2026/09/19 20:46:03
32047	4	DP	0	NO PLAY	0	-	false	2026/09/19 20:46:03
32048	0	P1	0	NO PLAY	0	-	false	2026/09/19 20:46:03
32048	0	DP	0	NO PLAY	0	-	false	2026/09/19 20:46:03
32048	1	P1	0	NO PLAY	0	-	false	2026/09/19 20:46:03
32048	1	DP	0	NO PLAY	0	-	false	2026/09/19 20:46:03
32048	2	P1	0	NO PLAY	0	-	false	2026/09/19 20:46:03
32048	2	DP	0	NO PLAY	0	-	false	2026/09/19 20:46:03
32048	3	P1	0	NO PLAY	0	-	false	2026/09/19 20:46:03
32048	3	DP	0	NO PLAY	0	-	false	2026/09/19 20:46:03
32048	4	P1	0	NO PLAY	0	-	false	2026/09/19 20:46:03
32048	4	DP	0	NO PLAY	0	-	false	2026/09/19 20:46:03
32049	0	P1	0	NO PLAY	0	-	false	2026/09/19 20:46:03
32049	0	DP	0	NO PLAY	0	-	false	2026/09/19 20:46:03
32049	1	P1	0	NO PLAY	0	-	false	2026/09/19 20:46:03
32049	1	DP	0	NO PLAY	0	-	false	2026/09/19 20:46:03
32049	2	P1	0	NO PLAY	0	-	false	2026/09/19 20:46:03
32049	2	DP	0	NO PLAY	0	-	false	2026/09/19 20:46:03
32049	3	P1	0	NO PLAY	0	-	false	2026/09/19 20:46:03
32049	3	DP	0	NO PLAY	0	-	false	2026/09/19 20:46:03
32049	4	P1	0	NO PLAY	0	-	false	2026/09/19 20:46:03
32049	4	DP	0	NO PLAY	0	-	false	2026/09/19 20:46:03
32050	0	P1	0	NO PLAY	0	-	false	2026/09/19 20:46:03
32050	0	DP	0	NO PLAY	0	-	false	2026/09/19 20:46:03
32050	1	P1	0	NO PLAY	0	-	false	2026/09/19 20:46:03
32050	1	DP	0	NO PLAY	0	-	false	2026/09/19 20:46:03
32050	2	P1	0	NO PLAY	0	-	false	2026/09/19 20:46:03
32050	2	DP	0	NO PLAY	0	-	false	2026/09/19 20:46:03
32050	3	P1	0	NO PLAY	0	-	false	2026/09/19 20:46:03
32050	3	DP	0	NO PLAY	0	-	false	2026/09/19 20:46:03
32050	4	P1	0	NO PLAY	0	-	false	2026/09/19 20:46:03
32050	4	DP	0	NO PLAY	0	-	false	2026/09/19 20:46:03
32051	0	P1	0	NO PLAY	0	-	false	2026/09/19 20:46:03
32051	0	DP	0	NO PLAY	0	-	false	2026/09/19 20:46:03
32051	1	P1	0	NO PLAY	0	-	false	2026/09/19 20:46:03
32051	1	DP	0	NO PLAY	0	-	false	2026/09/19 20:46:03
32051	2	P1	0	NO PLAY	0	-	false	2026/09/19 20:46:03
32051	2	DP	0	NO PLAY	0	-	false	2026/09/19 20:46:03
32051	3	P1	6	EX HARD CLEAR	2846	14	true	2026/09/19 20:46:03
32051	3	DP	6	EX HARD CLEAR	2851	24	true	2026/09/19 20:46:03
32051	4	P1	0	NO PLAY	0	-	false	2026/09/19 20:46:03
32051	4	DP	0	NO PLAY	0	-	false	2026/09/19 20:46:03
32052	0	P1	0	NO PLAY	0	-	false	2026/09/19 20:46:03
32052	0	DP	0	NO PLAY	0	-	false	2026/09/19 20:46:03
32052	1	P1	0	NO PLAY	0	-	false	2026/09/19 20:46:03
32052	1	DP	0	NO PLAY	0	-	false	2026/09/19 20:46:03
32052	2	P1	0	NO PLAY	0	-	false	2026/09/19 20:46:03
32052	2	DP	0	NO PLAY	0	-	false	2026/09/19 20:46:03
32052	3	P1	5	HARD CLEAR	2985	49	true	2026/09/19 20:46:03
32052	3	DP	5	HARD CLEAR	3152	37	true	2026/09/19 20:46:03
32052	4	P1	0	NO PLAY	0	-	false	2026/09/19 20:46:03
32052	4	DP	0	NO PLAY	0	-	false	2026/09/19 20:46:03
32053	0	P1	0	NO PLAY	0	-	false	2026/09/19 20:46:03
32053	0	DP	0	NO PLAY	0	-	false	2026/09/19 20:46:03
32053	1	P1	0	NO PLAY	0	-	false	2026/09/19 20:46:03
32053	1	DP	0	NO PLAY	0	-	false	2026/09/19 20:46:03
32053	2	P1	0	NO PLAY	0	-	false	2026/09/19 20:46:03
32053	2	DP	0	NO PLAY	0	-	false	2026/09/19 20:46:03
32053	3	P1	6	EX HARD CLEAR	2356	16	true	2026/09/19 20:46:03
32053	3	DP	6	EX HARD CLEAR	2400	19	true	2026/09/19 20:46:03
32053	4	P1	0	NO PLAY	0	-	false	2026/09/19 20:46:03
32053	4	DP	0	NO PLAY	0	-	false	2026/09/19 20:46:03
32054	0	P1	0	NO PLAY	0	-	false	2026/09/19 20:46:03
32054	0	DP	0	NO PLAY	0	-	false	2026/09/19 20:46:03
32054	1	P1	0	NO PLAY	0	-	false	2026/09/19 20:46:03
32054	1	DP	0	NO PLAY	0	-	false	2026/09/19 20:46:03
32054	2	P1	0	NO PLAY	0	-	false	2026/09/19 20:46:03
32054	2	DP	0	NO PLAY	0	-	false	2026/09/19 20:46:03
32054	3	P1	0	NO PLAY	0	-	false	2026/09/19 20:46:03
32054	3	DP	0	NO PLAY	0	-	false	2026/09/19 20:46:03
32054	4	P1	0	NO PLAY	0	-	false	2026/09/19 20:46:03
32054	4	DP	0	NO PLAY	0	-	false	2026/09/19 20:46:03
32056	0	P1	0	NO PLAY	0	-	false	2026/09/19 20:46:03
32056	0	DP	0	NO PLAY	0	-	false	2026/09/19 20:46:03
32056	1	P1	0	NO PLAY	0	-	false	2026/09/19 20:46:03
32056	1	DP	0	NO PLAY	0	-	false	2026/09/19 20:46:03
32056	2	P1	0	NO PLAY	0	-	false	2026/09/19 20:46:03
32056	2	DP	0	NO PLAY	0	-	false	2026/09/19 20:46:03
32056	3	P1	0	NO PLAY	0	-	false	2026/09/19 20:46:03
32056	3	DP	7	FULL COMBO	2284	3	true	2026/09/19 20:46:03
32056	4	P1	0	NO PLAY	0	-	false	2026/09/19 20:46:03
32056	4	DP	0	NO PLAY	0	-	false	2026/09/19 20:46:03
32058	0	P1	0	NO PLAY	0	-	false	2026/09/19 20:46:03
32058	0	DP	0	NO PLAY	0	-	false	2026/09/19 20:46:03
32058	1	P1	0	NO PLAY	0	-	false	2026/09/19 20:46:03
32058	1	DP	0	NO PLAY	0	-	false	2026/09/19 20:46:03
32058	2	P1	0	NO PLAY	0	-	false	2026/09/19 20:46:03
32058	2	DP	0	NO PLAY	0	-	false	2026/09/19 20:46:03
32058	3	P1	6	EX HARD CLEAR	2672	9	true	2026/09/19 20:46:03
32058	3	DP	6	EX HARD CLEAR	2768	18	true	2026/09/19 20:46:03
32058	4	P1	0	NO PLAY	0	-	false	2026/09/19 20:46:03
32058	4	DP	0	NO PLAY	0	-	false	2026/09/19 20:46:03
32059	0	P1	0	NO PLAY	0	-	false	2026/09/19 20:46:03
32059	0	DP	0	NO PLAY	0	-	false	2026/09/19 20:46:03
32059	1	P1	0	NO PLAY	0	-	false	2026/09/19 20:46:03
32059	1	DP	0	NO PLAY	0	-	false	2026/09/19 20:46:03
32059	2	P1	0	NO PLAY	0	-	false	2026/09/19 20:46:03
32059	2	DP	0	NO PLAY	0	-	false	2026/09/19 20:46:03
32059	3	P1	0	NO PLAY	0	-	false	2026/09/19 20:46:03
32059	3	DP	6	EX HARD CLEAR	2980	11	true	2026/09/19 20:46:03
32059	4	P1	0	NO PLAY	0	-	false	2026/09/19 20:46:03
32059	4	DP	0	NO PLAY	0	-	false	2026/09/19 20:46:03
32061	0	P1	0	NO PLAY	0	-	false	2026/09/19 20:46:03
32061	0	DP	0	NO PLAY	0	-	false	2026/09/19 20:46:03
32061	1	P1	0	NO PLAY	0	-	false	2026/09/19 20:46:03
32061	1	DP	0	NO PLAY	0	-	false	2026/09/19 20:46:03
32061	2	P1	0	NO PLAY	0	-	false	2026/09/19 20:46:03
32061	2	DP	0	NO PLAY	0	-	false	2026/09/19 20:46:03
32061	3	P1	6	EX HARD CLEAR	2521	20	true	2026/09/19 20:46:03
32061	3	DP	6	EX HARD CLEAR	2520	17	true	2026/09/19 20:46:03
32061	4	P1	0	NO PLAY	0	-	false	2026/09/19 20:46:03
32061	4	DP	0	NO PLAY	0	-	false	2026/09/19 20:46:03
32062	0	P1	0	NO PLAY	0	-	false	2026/09/19 20:46:03
32062	0	DP	0	NO PLAY	0	-	false	2026/09/19 20:46:03
32062	1	P1	0	NO PLAY	0	-	false	2026/09/19 20:46:03
32062	1	DP	0	NO PLAY	0	-	false	2026/09/19 20:46:03
32062	2	P1	0	NO PLAY	0	-	false	2026/09/19 20:46:03
32062	2	DP	0	NO PLAY	0	-	false	2026/09/19 20:46:03
32062	3	P1	6	EX HARD CLEAR	3143	28	true	2026/09/19 20:46:03
32062	3	DP	6	EX HARD CLEAR	2925	14	true	2026/09/19 20:46:03
32062	4	P1	0	NO PLAY	0	-	false	2026/09/19 20:46:03
32062	4	DP	0	NO PLAY	0	-	false	2026/09/19 20:46:03
32064	0	P1	0	NO PLAY	0	-	false	2026/09/19 20:46:03
32064	0	DP	0	NO PLAY	0	-	false	2026/09/19 20:46:03
32064	1	P1	0	NO PLAY	0	-	false	2026/09/19 20:46:03
32064	1	DP	0	NO PLAY	0	-	false	2026/09/19 20:46:03
32064	2	P1	0	NO PLAY	0	-	false	2026/09/19 20:46:03
32064	2	DP	0	NO PLAY	0	-	false	2026/09/19 20:46:03
32064	3	P1	6	EX HARD CLEAR	2679	16	true	2026/09/19 20:46:03
32064	3	DP	5	HARD CLEAR	2588	37	true	2026/09/19 20:46:03
32064	4	P1	0	NO PLAY	0	-	false	2026/09/19 20:46:03
32064	4	DP	0	NO PLAY	0	-	false	2026/09/19 20:46:03
32065	0	P1	0	NO PLAY	0	-	false	2026/09/19 20:46:03
32065	0	DP	0	NO PLAY	0	-	false	2026/09/19 20:46:03
32065	1	P1	0	NO PLAY	0	-	false	2026/09/19 20:46:03
32065	1	DP	0	NO PLAY	0	-	false	2026/09/19 20:46:03
32065	2	P1	0	NO PLAY	0	-	false	2026/09/19 20:46:03
32065	2	DP	0	NO PLAY	0	-	false	2026/09/19 20:46:03
32065	3	P1	0	NO PLAY	0	-	false	2026/09/19 20:46:03
32065	3	DP	6	EX HARD CLEAR	2184	9	true	2026/09/19 20:46:03
32065	4	P1	0	NO PLAY	0	-	false	2026/09/19 20:46:03
32065	4	DP	0	NO PLAY	0	-	false	2026/09/19 20:46:03
32066	0	P1	0	NO PLAY	0	-	false	2026/09/19 20:46:03
32066	0	DP	0	NO PLAY	0	-	false	2026/09/19 20:46:03
32066	1	P1	0	NO PLAY	0	-	false	2026/09/19 20:46:03
32066	1	DP	0	NO PLAY	0	-	false	2026/09/19 20:46:03
32066	2	P1	0	NO PLAY	0	-	false	2026/09/19 20:46:03
32066	2	DP	0	NO PLAY	0	-	false	2026/09/19 20:46:03
32066	3	P1	5	HARD CLEAR	2268	20	true	2026/09/19 20:46:03
32066	3	DP	5	HARD CLEAR	2262	28	true	2026/09/19 20:46:03
32066	4	P1	0	NO PLAY	0	-	false	2026/09/19 20:46:03
32066	4	DP	0	NO PLAY	0	-	false	2026/09/19 20:46:03
32067	0	P1	0	NO PLAY	0	-	false	2026/09/19 20:46:03
32067	0	DP	0	NO PLAY	0	-	false	2026/09/19 20:46:03
32067	1	P1	0	NO PLAY	0	-	false	2026/09/19 20:46:03
32067	1	DP	0	NO PLAY	0	-	false	2026/09/19 20:46:03
32067	2	P1	0	NO PLAY	0	-	false	2026/09/19 20:46:03
32067	2	DP	0	NO PLAY	0	-	false	2026/09/19 20:46:03
32067	3	P1	0	NO PLAY	0	-	false	2026/09/19 20:46:03
32067	3	DP	6	EX HARD CLEAR	2439	2	true	2026/09/19 20:46:03
32067	4	P1	0	NO PLAY	0	-	false	2026/09/19 20:46:03
32067	4	DP	0	NO PLAY	0	-	false	2026/09/19 20:46:03
32068	0	P1	0	NO PLAY	0	-	false	2026/09/19 20:46:03
32068	0	DP	0	NO PLAY	0	-	false	2026/09/19 20:46:03
32068	1	P1	0	NO PLAY	0	-	false	2026/09/19 20:46:03
32068	1	DP	0	NO PLAY	0	-	false	2026/09/19 20:46:03
32068	2	P1	0	NO PLAY	0	-	false	2026/09/19 20:46:03
32068	2	DP	0	NO PLAY	0	-	false	2026/09/19 20:46:03
32068	3	P1	5	HARD CLEAR	2761	62	true	2026/09/19 20:46:03
32068	3	DP	4	CLEAR	2869	96	true	2026/09/19 20:46:03
32068	4	P1	0	NO PLAY	0	-	false	2026/09/19 20:46:03
32068	4	DP	0	NO PLAY	0	-	false	2026/09/19 20:46:03
32069	0	P1	0	NO PLAY	0	-	false	2026/09/19 20:46:03
32069	0	DP	0	NO PLAY	0	-	false	2026/09/19 20:46:03
32069	1	P1	0	NO PLAY	0	-	false	2026/09/19 20:46:03
32069	1	DP	0	NO PLAY	0	-	false	2026/09/19 20:46:03
32069	2	P1	0	NO PLAY	0	-	false	2026/09/19 20:46:03
32069	2	DP	0	NO PLAY	0	-	false	2026/09/19 20:46:03
32069	3	P1	0	NO PLAY	0	-	false	2026/09/19 20:46:03
32069	3	DP	0	NO PLAY	0	-	false	2026/09/19 20:46:03
32069	4	P1	0	NO PLAY	0	-	false	2026/09/19 20:46:03
32069	4	DP	0	NO PLAY	0	-	false	2026/09/19 20:46:03
32070	0	P1	0	NO PLAY	0	-	false	2026/09/19 20:46:03
32070	0	DP	0	NO PLAY	0	-	false	2026/09/19 20:46:03
32070	1	P1	0	NO PLAY	0	-	false	2026/09/19 20:46:03
32070	1	DP	0	NO PLAY	0	-	false	2026/09/19 20:46:03
32070	2	P1	0	NO PLAY	0	-	false	2026/09/19 20:46:03
32070	2	DP	0	NO PLAY	0	-	false	2026/09/19 20:46:03
32070	3	P1	0	NO PLAY	0	-	false	2026/09/19 20:46:03
32070	3	DP	6	EX HARD CLEAR	2174	13	true	2026/09/19 20:46:03
32070	4	P1	0	NO PLAY	0	-	false	2026/09/19 20:46:03
32070	4	DP	0	NO PLAY	0	-	false	2026/09/19 20:46:03
32071	0	P1	0	NO PLAY	0	-	false	2026/09/19 20:46:03
32071	0	DP	0	NO PLAY	0	-	false	2026/09/19 20:46:03
32071	1	P1	0	NO PLAY	0	-	false	2026/09/19 20:46:03
32071	1	DP	0	NO PLAY	0	-	false	2026/09/19 20:46:03
32071	2	P1	0	NO PLAY	0	-	false	2026/09/19 20:46:03
32071	2	DP	0	NO PLAY	0	-	false	2026/09/19 20:46:03
32071	3	P1	0	NO PLAY	0	-	false	2026/09/19 20:46:03
32071	3	DP	0	NO PLAY	0	-	false	2026/09/19 20:46:03
32071	4	P1	0	NO PLAY	0	-	false	2026/09/19 20:46:03
32071	4	DP	0	NO PLAY	0	-	false	2026/09/19 20:46:03
32072	0	P1	0	NO PLAY	0	-	false	2026/09/19 20:46:03
32072	0	DP	0	NO PLAY	0	-	false	2026/09/19 20:46:03
32072	1	P1	0	NO PLAY	0	-	false	2026/09/19 20:46:03
32072	1	DP	0	NO PLAY	0	-	false	2026/09/19 20:46:03
32072	2	P1	0	NO PLAY	0	-	false	2026/09/19 20:46:03
32072	2	DP	0	NO PLAY	0	-	false	2026/09/19 20:46:03
32072	3	P1	0	NO PLAY	0	-	false	2026/09/19 20:46:03
32072	3	DP	0	NO PLAY	0	-	false	2026/09/19 20:46:03
32072	4	P1	0	NO PLAY	0	-	false	2026/09/19 20:46:03
32072	4	DP	0	NO PLAY	0	-	false	2026/09/19 20:46:03
32073	0	P1	0	NO PLAY	0	-	false	2026/09/19 20:46:03
32073	0	DP	0	NO PLAY	0	-	false	2026/09/19 20:46:03
32073	1	P1	0	NO PLAY	0	-	false	2026/09/19 20:46:03
32073	1	DP	0	NO PLAY	0	-	false	2026/09/19 20:46:03
32073	2	P1	0	NO PLAY	0	-	false	2026/09/19 20:46:03
32073	2	DP	0	NO PLAY	0	-	false	2026/09/19 20:46:03
32073	3	P1	0	NO PLAY	0	-	false	2026/09/19 20:46:03
32073	3	DP	6	EX HARD CLEAR	2121	3	true	2026/09/19 20:46:03
32073	4	P1	0	NO PLAY	0	-	false	2026/09/19 20:46:03
32073	4	DP	0	NO PLAY	0	-	false	2026/09/19 20:46:03
32074	0	P1	0	NO PLAY	0	-	false	2026/09/19 20:46:03
32074	0	DP	0	NO PLAY	0	-	false	2026/09/19 20:46:03
32074	1	P1	0	NO PLAY	0	-	false	2026/09/19 20:46:03
32074	1	DP	0	NO PLAY	0	-	false	2026/09/19 20:46:03
32074	2	P1	0	NO PLAY	0	-	false	2026/09/19 20:46:03
32074	2	DP	0	NO PLAY	0	-	false	2026/09/19 20:46:03
32074	3	P1	0	NO PLAY	0	-	false	2026/09/19 20:46:03
32074	3	DP	6	EX HARD CLEAR	2519	8	true	2026/09/19 20:46:03
32074	4	P1	0	NO PLAY	0	-	false	2026/09/19 20:46:03
32074	4	DP	0	NO PLAY	0	-	false	2026/09/19 20:46:03
32075	0	P1	0	NO PLAY	0	-	false	2026/09/19 20:46:03
32075	0	DP	0	NO PLAY	0	-	false	2026/09/19 20:46:03
32075	1	P1	0	NO PLAY	0	-	false	2026/09/19 20:46:03
32075	1	DP	0	NO PLAY	0	-	false	2026/09/19 20:46:03
32075	2	P1	0	NO PLAY	0	-	false	2026/09/19 20:46:03
32075	2	DP	0	NO PLAY	0	-	false	2026/09/19 20:46:03
32075	3	P1	0	NO PLAY	0	-	false	2026/09/19 20:46:03
32075	3	DP	6	EX HARD CLEAR	2117	9	true	2026/09/19 20:46:03
32075	4	P1	0	NO PLAY	0	-	false	2026/09/19 20:46:03
32075	4	DP	0	NO PLAY	0	-	false	2026/09/19 20:46:03
32076	0	P1	0	NO PLAY	0	-	false	2026/09/19 20:46:03
32076	0	DP	0	NO PLAY	0	-	false	2026/09/19 20:46:03
32076	1	P1	0	NO PLAY	0	-	false	2026/09/19 20:46:03
32076	1	DP	0	NO PLAY	0	-	false	2026/09/19 20:46:03
32076	2	P1	0	NO PLAY	0	-	false	2026/09/19 20:46:03
32076	2	DP	0	NO PLAY	0	-	false	2026/09/19 20:46:03
32076	3	P1	6	EX HARD CLEAR	2615	17	true	2026/09/19 20:46:03
32076	3	DP	6	EX HARD CLEAR	2395	13	true	2026/09/19 20:46:03
32076	4	P1	0	NO PLAY	0	-	false	2026/09/19 20:46:03
32076	4	DP	0	NO PLAY	0	-	false	2026/09/19 20:46:03
32077	0	P1	0	NO PLAY	0	-	false	2026/09/19 20:46:03
32077	0	DP	0	NO PLAY	0	-	false	2026/09/19 20:46:03
32077	1	P1	0	NO PLAY	0	-	false	2026/09/19 20:46:03
32077	1	DP	0	NO PLAY	0	-	false	2026/09/19 20:46:03
32077	2	P1	0	NO PLAY	0	-	false	2026/09/19 20:46:03
32077	2	DP	0	NO PLAY	0	-	false	2026/09/19 20:46:03
32077	3	P1	0	NO PLAY	0	-	false	2026/09/19 20:46:03
32077	3	DP	0	NO PLAY	0	-	false	2026/09/19 20:46:03
32077	4	P1	0	NO PLAY	0	-	false	2026/09/19 20:46:03
32077	4	DP	0	NO PLAY	0	-	false	2026/09/19 20:46:03
32094	0	P1	0	NO PLAY	0	-	false	2026/09/19 20:46:03
32094	0	DP	0	NO PLAY	0	-	false	2026/09/19 20:46:03
32094	1	P1	0	NO PLAY	0	-	false	2026/09/19 20:46:03
32094	1	DP	0	NO PLAY	0	-	false	2026/09/19 20:46:03
32094	2	P1	0	NO PLAY	0	-	false	2026/09/19 20:46:03
32094	2	DP	0	NO PLAY	0	-	false	2026/09/19 20:46:03
32094	3	P1	0	NO PLAY	0	-	false	2026/09/19 20:46:03
32094	3	DP	0	NO PLAY	0	-	false	2026/09/19 20:46:03
32094	4	P1	0	NO PLAY	0	-	false	2026/09/19 20:46:03
32094	4	DP	0	NO PLAY	0	-	false	2026/09/19 20:46:03
32095	0	P1	0	NO PLAY	0	-	false	2026/09/19 20:46:03
32095	0	DP	0	NO PLAY	0	-	false	2026/09/19 20:46:03
32095	1	P1	0	NO PLAY	0	-	false	2026/09/19 20:46:03
32095	1	DP	0	NO PLAY	0	-	false	2026/09/19 20:46:03
32095	2	P1	0	NO PLAY	0	-	false	2026/09/19 20:46:03
32095	2	DP	0	NO PLAY	0	-	false	2026/09/19 20:46:03
32095	3	P1	6	EX HARD CLEAR	2830	9	true	2026/09/19 20:46:03
32095	3	DP	6	EX HARD CLEAR	2709	13	true	2026/09/19 20:46:03
32095	4	P1	0	NO PLAY	0	-	false	2026/09/19 20:46:03
32095	4	DP	0	NO PLAY	0	-	false	2026/09/19 20:46:03
32099	0	P1	0	NO PLAY	0	-	false	2026/09/19 20:46:03
32099	0	DP	0	NO PLAY	0	-	false	2026/09/19 20:46:03
32099	1	P1	0	NO PLAY	0	-	false	2026/09/19 20:46:03
32099	1	DP	0	NO PLAY	0	-	false	2026/09/19 20:46:03
32099	2	P1	0	NO PLAY	0	-	false	2026/09/19 20:46:03
32099	2	DP	0	NO PLAY	0	-	false	2026/09/19 20:46:03
32099	3	P1	5	HARD CLEAR	1846	60	true	2026/09/19 20:46:03
32099	3	DP	1	FAILED	617	-	false	2026/09/19 20:46:03
32099	4	P1	0	NO PLAY	0	-	false	2026/09/19 20:46:03
32099	4	DP	0	NO PLAY	0	-	false	2026/09/19 20:46:03
32100	0	P1	0	NO PLAY	0	-	false	2026/09/19 20:46:03
32100	0	DP	0	NO PLAY	0	-	false	2026/09/19 20:46:03
32100	1	P1	0	NO PLAY	0	-	false	2026/09/19 20:46:03
32100	1	DP	0	NO PLAY	0	-	false	2026/09/19 20:46:03
32100	2	P1	0	NO PLAY	0	-	false	2026/09/19 20:46:03
32100	2	DP	0	NO PLAY	0	-	false	2026/09/19 20:46:03
32100	3	P1	6	EX HARD CLEAR	2971	22	true	2026/09/19 20:46:03
32100	3	DP	5	HARD CLEAR	2861	68	true	2026/09/19 20:46:03
32100	4	P1	0	NO PLAY	0	-	false	2026/09/19 20:46:03
32100	4	DP	0	NO PLAY	0	-	false	2026/09/19 20:46:03
32108	0	P1	0	NO PLAY	0	-	false	2026/09/19 20:46:03
32108	0	DP	0	NO PLAY	0	-	false	2026/09/19 20:46:03
32108	1	P1	0	NO PLAY	0	-	false	2026/09/19 20:46:03
32108	1	DP	0	NO PLAY	0	-	false	2026/09/19 20:46:03
32108	2	P1	0	NO PLAY	0	-	false	2026/09/19 20:46:03
32108	2	DP	0	NO PLAY	0	-	false	2026/09/19 20:46:03
32108	3	P1	5	HARD CLEAR	2973	54	true	2026/09/19 20:46:03
32108	3	DP	5	HARD CLEAR	2437	54	true	2026/09/19 20:46:03
32108	4	P1	0	NO PLAY	0	-	false	2026/09/19 20:46:03
32108	4	DP	0	NO PLAY	0	-	false	2026/09/19 20:46:03
32109	0	P1	0	NO PLAY	0	-	false	2026/09/19 20:46:03
32109	0	DP	0	NO PLAY	0	-	false	2026/09/19 20:46:03
32109	1	P1	0	NO PLAY	0	-	false	2026/09/19 20:46:03
32109	1	DP	0	NO PLAY	0	-	false	2026/09/19 20:46:03
32109	2	P1	0	NO PLAY	0	-	false	2026/09/19 20:46:03
32109	2	DP	0	NO PLAY	0	-	false	2026/09/19 20:46:03
32109	3	P1	6	EX HARD CLEAR	2899	10	true	2026/09/19 20:46:03
32109	3	DP	6	EX HARD CLEAR	2884	13	true	2026/09/19 20:46:03
32109	4	P1	0	NO PLAY	0	-	false	2026/09/19 20:46:03
32109	4	DP	0	NO PLAY	0	-	false	2026/09/19 20:46:03
33015	0	P1	0	NO PLAY	0	-	false	2026/09/19 20:46:03
33015	0	DP	0	NO PLAY	0	-	false	2026/09/19 20:46:03
33015	1	P1	0	NO PLAY	0	-	false	2026/09/19 20:46:03
33015	1	DP	0	NO PLAY	0	-	false	2026/09/19 20:46:03
33015	2	P1	0	NO PLAY	0	-	false	2026/09/19 20:46:03
33015	2	DP	0	NO PLAY	0	-	false	2026/09/19 20:46:03
33015	3	P1	0	NO PLAY	0	-	false	2026/09/19 20:46:03
33015	3	DP	6	EX HARD CLEAR	1752	4	true	2026/09/19 20:46:03
33015	4	P1	0	NO PLAY	0	-	false	2026/09/19 20:46:03
33015	4	DP	0	NO PLAY	0	-	false	2026/09/19 20:46:03
33017	0	P1	0	NO PLAY	0	-	false	2026/09/19 20:46:03
33017	0	DP	0	NO PLAY	0	-	false	2026/09/19 20:46:03
33017	1	P1	0	NO PLAY	0	-	false	2026/09/19 20:46:03
33017	1	DP	0	NO PLAY	0	-	false	2026/09/19 20:46:03
33017	2	P1	0	NO PLAY	0	-	false	2026/09/19 20:46:03
33017	2	DP	0	NO PLAY	0	-	false	2026/09/19 20:46:03
33017	3	P1	0	NO PLAY	0	-	false	2026/09/19 20:46:03
33017	3	DP	0	NO PLAY	0	-	false	2026/09/19 20:46:03
33017	4	P1	0	NO PLAY	0	-	false	2026/09/19 20:46:03
33017	4	DP	0	NO PLAY	0	-	false	2026/09/19 20:46:03
33075	0	P1	0	NO PLAY	0	-	false	2026/09/19 20:46:03
33075	0	DP	0	NO PLAY	0	-	false	2026/09/19 20:46:03
33075	1	P1	0	NO PLAY	0	-	false	2026/09/19 20:46:03
33075	1	DP	0	NO PLAY	0	-	false	2026/09/19 20:46:03
33075	2	P1	0	NO PLAY	0	-	false	2026/09/19 20:46:03
33075	2	DP	0	NO PLAY	0	-	false	2026/09/19 20:46:03
33075	3	P1	0	NO PLAY	0	-	false	2026/09/19 20:46:03
33075	3	DP	0	NO PLAY	0	-	false	2026/09/19 20:46:03
33075	4	P1	0	NO PLAY	0	-	false	2026/09/19 20:46:03
33075	4	DP	0	NO PLAY	0	-	false	2026/09/19 20:46:03
33078	0	P1	2	ASSIST CLEAR	106	15	true	2026/09/19 20:46:03
33078	0	DP	0	NO PLAY	0	-	false	2026/09/19 20:46:03
33078	1	P1	0	NO PLAY	0	-	false	2026/09/19 20:46:03
33078	1	DP	0	NO PLAY	0	-	false	2026/09/19 20:46:03
33078	2	P1	0	NO PLAY	0	-	false	2026/09/19 20:46:03
33078	2	DP	0	NO PLAY	0	-	false	2026/09/19 20:46:03
33078	3	P1	6	EX HARD CLEAR	2127	5	true	2026/09/19 20:46:03
33078	3	DP	6	EX HARD CLEAR	2150	6	true	2026/09/19 20:46:03
33078	4	P1	0	NO PLAY	0	-	false	2026/09/19 20:46:03
33078	4	DP	0	NO PLAY	0	-	false	2026/09/19 20:46:03
33087	0	P1	0	NO PLAY	0	-	false	2026/09/19 20:46:03
33087	0	DP	0	NO PLAY	0	-	false	2026/09/19 20:46:03
33087	1	P1	0	NO PLAY	0	-	false	2026/09/19 20:46:03
33087	1	DP	0	NO PLAY	0	-	false	2026/09/19 20:46:03
33087	2	P1	0	NO PLAY	0	-	false	2026/09/19 20:46:03
33087	2	DP	0	NO PLAY	0	-	false	2026/09/19 20:46:03
33087	3	P1	0	NO PLAY	0	-	false	2026/09/19 20:46:03
33087	3	DP	0	NO PLAY	0	-	false	2026/09/19 20:46:03
33087	4	P1	0	NO PLAY	0	-	false	2026/09/19 20:46:03
33087	4	DP	0	NO PLAY	0	-	false	2026/09/19 20:46:03
33088	0	P1	0	NO PLAY	0	-	false	2026/09/19 20:46:03
33088	0	DP	0	NO PLAY	0	-	false	2026/09/19 20:46:03
33088	1	P1	0	NO PLAY	0	-	false	2026/09/19 20:46:03
33088	1	DP	0	NO PLAY	0	-	false	2026/09/19 20:46:03
33088	2	P1	0	NO PLAY	0	-	false	2026/09/19 20:46:03
33088	2	DP	0	NO PLAY	0	-	false	2026/09/19 20:46:03
33088	3	P1	0	NO PLAY	0	-	false	2026/09/19 20:46:03
33088	3	DP	0	NO PLAY	0	-	false	2026/09/19 20:46:03
33088	4	P1	0	NO PLAY	0	-	false	2026/09/19 20:46:03
33088	4	DP	0	NO PLAY	0	-	false	2026/09/19 20:46:03
33089	0	P1	0	NO PLAY	0	-	false	2026/09/19 20:46:03
33089	0	DP	0	NO PLAY	0	-	false	2026/09/19 20:46:03
33089	1	P1	0	NO PLAY	0	-	false	2026/09/19 20:46:03
33089	1	DP	0	NO PLAY	0	-	false	2026/09/19 20:46:03
33089	2	P1	0	NO PLAY	0	-	false	2026/09/19 20:46:03
33089	2	DP	0	NO PLAY	0	-	false	2026/09/19 20:46:03
33089	3	P1	0	NO PLAY	0	-	false	2026/09/19 20:46:03
33089	3	DP	0	NO PLAY	0	-	false	2026/09/19 20:46:03
33089	4	P1	0	NO PLAY	0	-	false	2026/09/19 20:46:03
33089	4	DP	0	NO PLAY	0	-	false	2026/09/19 20:46:03
33090	0	P1	0	NO PLAY	0	-	false	2026/09/19 20:46:03
33090	0	DP	0	NO PLAY	0	-	false	2026/09/19 20:46:03
33090	1	P1	0	NO PLAY	0	-	false	2026/09/19 20:46:03
33090	1	DP	0	NO PLAY	0	-	false	2026/09/19 20:46:03
33090	2	P1	0	NO PLAY	0	-	false	2026/09/19 20:46:03
33090	2	DP	0	NO PLAY	0	-	false	2026/09/19 20:46:03
33090	3	P1	0	NO PLAY	0	-	false	2026/09/19 20:46:03
33090	3	DP	0	NO PLAY	0	-	false	2026/09/19 20:46:03
33090	4	P1	0	NO PLAY	0	-	false	2026/09/19 20:46:03
33090	4	DP	0	NO PLAY	0	-	false	2026/09/19 20:46:03
33091	0	P1	0	NO PLAY	0	-	false	2026/09/19 20:46:03
33091	0	DP	0	NO PLAY	0	-	false	2026/09/19 20:46:03
33091	1	P1	0	NO PLAY	0	-	false	2026/09/19 20:46:03
33091	1	DP	0	NO PLAY	0	-	false	2026/09/19 20:46:03
33091	2	P1	0	NO PLAY	0	-	false	2026/09/19 20:46:03
33091	2	DP	0	NO PLAY	0	-	false	2026/09/19 20:46:03
33091	3	P1	0	NO PLAY	0	-	false	2026/09/19 20:46:03
33091	3	DP	0	NO PLAY	0	-	false	2026/09/19 20:46:03
33091	4	P1	0	NO PLAY	0	-	false	2026/09/19 20:46:03
33091	4	DP	0	NO PLAY	0	-	false	2026/09/19 20:46:03
33092	0	P1	0	NO PLAY	0	-	false	2026/09/19 20:46:03
33092	0	DP	0	NO PLAY	0	-	false	2026/09/19 20:46:03
33092	1	P1	0	NO PLAY	0	-	false	2026/09/19 20:46:03
33092	1	DP	0	NO PLAY	0	-	false	2026/09/19 20:46:03
33092	2	P1	0	NO PLAY	0	-	false	2026/09/19 20:46:03
33092	2	DP	0	NO PLAY	0	-	false	2026/09/19 20:46:03
33092	3	P1	0	NO PLAY	0	-	false	2026/09/19 20:46:03
33092	3	DP	0	NO PLAY	0	-	false	2026/09/19 20:46:03
33092	4	P1	0	NO PLAY	0	-	false	2026/09/19 20:46:03
33092	4	DP	0	NO PLAY	0	-	false	2026/09/19 20:46:03
33093	0	P1	0	NO PLAY	0	-	false	2026/09/19 20:46:03
33093	0	DP	0	NO PLAY	0	-	false	2026/09/19 20:46:03
33093	1	P1	0	NO PLAY	0	-	false	2026/09/19 20:46:03
33093	1	DP	0	NO PLAY	0	-	false	2026/09/19 20:46:03
33093	2	P1	0	NO PLAY	0	-	false	2026/09/19 20:46:03
33093	2	DP	0	NO PLAY	0	-	false	2026/09/19 20:46:03
33093	3	P1	0	NO PLAY	0	-	false	2026/09/19 20:46:03
33093	3	DP	0	NO PLAY	0	-	false	2026/09/19 20:46:03
33093	4	P1	0	NO PLAY	0	-	false	2026/09/19 20:46:03
33093	4	DP	0	NO PLAY	0	-	false	2026/09/19 20:46:03
33094	0	P1	0	NO PLAY	0	-	false	2026/09/19 20:46:03
33094	0	DP	0	NO PLAY	0	-	false	2026/09/19 20:46:03
33094	1	P1	0	NO PLAY	0	-	false	2026/09/19 20:46:03
33094	1	DP	0	NO PLAY	0	-	false	2026/09/19 20:46:03
33094	2	P1	0	NO PLAY	0	-	false	2026/09/19 20:46:03
33094	2	DP	0	NO PLAY	0	-	false	2026/09/19 20:46:03
33094	3	P1	0	NO PLAY	0	-	false	2026/09/19 20:46:03
33094	3	DP	0	NO PLAY	0	-	false	2026/09/19 20:46:03
33094	4	P1	0	NO PLAY	0	-	false	2026/09/19 20:46:03
33094	4	DP	0	NO PLAY	0	-	false	2026/09/19 20:46:03
33115	0	P1	0	NO PLAY	0	-	false	2026/09/19 20:46:03
33115	0	DP	0	NO PLAY	0	-	false	2026/09/19 20:46:03
33115	1	P1	0	NO PLAY	0	-	false	2026/09/19 20:46:03
33115	1	DP	0	NO PLAY	0	-	false	2026/09/19 20:46:03
33115	2	P1	0	NO PLAY	0	-	false	2026/09/19 20:46:03
33115	2	DP	0	NO PLAY	0	-	false	2026/09/19 20:46:03
33115	3	P1	0	NO PLAY	0	-	false	2026/09/19 20:46:03
33115	3	DP	0	NO PLAY	0	-	false	2026/09/19 20:46:03
33115	4	P1	0	NO PLAY	0	-	false	2026/09/19 20:46:03
33115	4	DP	0	NO PLAY	0	-	false	2026/09/19 20:46:03
33116	0	P1	0	NO PLAY	0	-	false	2026/09/19 20:46:03
33116	0	DP	0	NO PLAY	0	-	false	2026/09/19 20:46:03
33116	1	P1	0	NO PLAY	0	-	false	2026/09/19 20:46:03
33116	1	DP	0	NO PLAY	0	-	false	2026/09/19 20:46:03
33116	2	P1	0	NO PLAY	0	-	false	2026/09/19 20:46:03
33116	2	DP	0	NO PLAY	0	-	false	2026/09/19 20:46:03
33116	3	P1	0	NO PLAY	0	-	false	2026/09/19 20:46:03
33116	3	DP	0	NO PLAY	0	-	false	2026/09/19 20:46:03
33116	4	P1	0	NO PLAY	0	-	false	2026/09/19 20:46:03
33116	4	DP	0	NO PLAY	0	-	false	2026/09/19 20:46:03
33117	0	P1	0	NO PLAY	0	-	false	2026/09/19 20:46:03
33117	0	DP	0	NO PLAY	0	-	false	2026/09/19 20:46:03
33117	1	P1	0	NO PLAY	0	-	false	2026/09/19 20:46:03
33117	1	DP	0	NO PLAY	0	-	false	2026/09/19 20:46:03
33117	2	P1	0	NO PLAY	0	-	false	2026/09/19 20:46:03
33117	2	DP	0	NO PLAY	0	-	false	2026/09/19 20:46:03
33117	3	P1	0	NO PLAY	0	-	false	2026/09/19 20:46:03
33117	3	DP	0	NO PLAY	0	-	false	2026/09/19 20:46:03
33117	4	P1	0	NO PLAY	0	-	false	2026/09/19 20:46:03
33117	4	DP	0	NO PLAY	0	-	false	2026/09/19 20:46:03
33118	0	P1	0	NO PLAY	0	-	false	2026/09/19 20:46:03
33118	0	DP	0	NO PLAY	0	-	false	2026/09/19 20:46:03
33118	1	P1	0	NO PLAY	0	-	false	2026/09/19 20:46:03
33118	1	DP	0	NO PLAY	0	-	false	2026/09/19 20:46:03
33118	2	P1	0	NO PLAY	0	-	false	2026/09/19 20:46:03
33118	2	DP	0	NO PLAY	0	-	false	2026/09/19 20:46:03
33118	3	P1	0	NO PLAY	0	-	false	2026/09/19 20:46:03
33118	3	DP	0	NO PLAY	0	-	false	2026/09/19 20:46:03
33118	4	P1	0	NO PLAY	0	-	false	2026/09/19 20:46:03
33118	4	DP	0	NO PLAY	0	-	false	2026/09/19 20:46:03
33119	0	P1	0	NO PLAY	0	-	false	2026/09/19 20:46:03
33119	0	DP	0	NO PLAY	0	-	false	2026/09/19 20:46:03
33119	1	P1	0	NO PLAY	0	-	false	2026/09/19 20:46:03
33119	1	DP	0	NO PLAY	0	-	false	2026/09/19 20:46:03
33119	2	P1	0	NO PLAY	0	-	false	2026/09/19 20:46:03
33119	2	DP	0	NO PLAY	0	-	false	2026/09/19 20:46:03
33119	3	P1	0	NO PLAY	0	-	false	2026/09/19 20:46:03
33119	3	DP	0	NO PLAY	0	-	false	2026/09/19 20:46:03
33119	4	P1	0	NO PLAY	0	-	false	2026/09/19 20:46:03
33119	4	DP	0	NO PLAY	0	-	false	2026/09/19 20:46:03
33120	0	P1	0	NO PLAY	0	-	false	2026/09/19 20:46:03
33120	0	DP	0	NO PLAY	0	-	false	2026/09/19 20:46:03
33120	1	P1	0	NO PLAY	0	-	false	2026/09/19 20:46:03
33120	1	DP	0	NO PLAY	0	-	false	2026/09/19 20:46:03
33120	2	P1	0	NO PLAY	0	-	false	2026/09/19 20:46:03
33120	2	DP	0	NO PLAY	0	-	false	2026/09/19 20:46:03
33120	3	P1	0	NO PLAY	0	-	false	2026/09/19 20:46:03
33120	3	DP	0	NO PLAY	0	-	false	2026/09/19 20:46:03
33120	4	P1	0	NO PLAY	0	-	false	2026/09/19 20:46:03
33120	4	DP	0	NO PLAY	0	-	false	2026/09/19 20:46:03
33121	0	P1	0	NO PLAY	0	-	false	2026/09/19 20:46:03
33121	0	DP	0	NO PLAY	0	-	false	2026/09/19 20:46:03
33121	1	P1	0	NO PLAY	0	-	false	2026/09/19 20:46:03
33121	1	DP	0	NO PLAY	0	-	false	2026/09/19 20:46:03
33121	2	P1	0	NO PLAY	0	-	false	2026/09/19 20:46:03
33121	2	DP	0	NO PLAY	0	-	false	2026/09/19 20:46:03
33121	3	P1	0	NO PLAY	0	-	false	2026/09/19 20:46:03
33121	3	DP	0	NO PLAY	0	-	false	2026/09/19 20:46:03
33121	4	P1	0	NO PLAY	0	-	false	2026/09/19 20:46:03
33121	4	DP	0	NO PLAY	0	-	false	2026/09/19 20:46:03
80001	0	P1	0	NO PLAY	0	-	false	2026/09/19 20:46:03
80001	0	DP	0	NO PLAY	0	-	false	2026/09/19 20:46:03
80001	1	P1	0	NO PLAY	0	-	false	2026/09/19 20:46:03
80001	1	DP	0	NO PLAY	0	-	false	2026/09/19 20:46:03
80001	2	P1	0	NO PLAY	0	-	false	2026/09/19 20:46:03
80001	2	DP	0	NO PLAY	0	-	false	2026/09/19 20:46:03
80001	3	P1	5	HARD CLEAR	5236	76	true	2026/09/19 20:46:03
80001	3	DP	5	HARD CLEAR	5490	69	true	2026/09/19 20:46:03
80001	4	P1	0	NO PLAY	0	-	false	2026/09/19 20:46:03
80001	4	DP	0	NO PLAY	0	-	false	2026/09/19 20:46:03
80002	0	P1	0	NO PLAY	0	-	false	2026/09/19 20:46:03
80002	0	DP	0	NO PLAY	0	-	false	2026/09/19 20:46:03
80002	1	P1	0	NO PLAY	0	-	false	2026/09/19 20:46:03
80002	1	DP	0	NO PLAY	0	-	false	2026/09/19 20:46:03
80002	2	P1	0	NO PLAY	0	-	false	2026/09/19 20:46:03
80002	2	DP	5	HARD CLEAR	1080	18	true	2026/09/19 20:46:03
80002	3	P1	6	EX HARD CLEAR	2402	4	true	2026/09/19 20:46:03
80002	3	DP	6	EX HARD CLEAR	2352	6	true	2026/09/19 20:46:03
80002	4	P1	0	NO PLAY	0	-	false	2026/09/19 20:46:03
80002	4	DP	0	NO PLAY	0	-	false	2026/09/19 20:46:03
80003	0	P1	0	NO PLAY	0	-	false	2026/09/19 20:46:03
80003	0	DP	0	NO PLAY	0	-	false	2026/09/19 20:46:03
80003	1	P1	0	NO PLAY	0	-	false	2026/09/19 20:46:03
80003	1	DP	0	NO PLAY	0	-	false	2026/09/19 20:46:03
80003	2	P1	0	NO PLAY	0	-	false	2026/09/19 20:46:03
80003	2	DP	0	NO PLAY	0	-	false	2026/09/19 20:46:03
80003	3	P1	0	NO PLAY	0	-	false	2026/09/19 20:46:03
80003	3	DP	6	EX HARD CLEAR	1509	4	true	2026/09/19 20:46:03
80003	4	P1	0	NO PLAY	0	-	false	2026/09/19 20:46:03
80003	4	DP	0	NO PLAY	0	-	false	2026/09/19 20:46:03
80004	0	P1	0	NO PLAY	0	-	false	2026/09/19 20:46:03
80004	0	DP	0	NO PLAY	0	-	false	2026/09/19 20:46:03
80004	1	P1	0	NO PLAY	0	-	false	2026/09/19 20:46:03
80004	1	DP	0	NO PLAY	0	-	false	2026/09/19 20:46:03
80004	2	P1	0	NO PLAY	0	-	false	2026/09/19 20:46:03
80004	2	DP	0	NO PLAY	0	-	false	2026/09/19 20:46:03
80004	3	P1	0	NO PLAY	0	-	false	2026/09/19 20:46:03
80004	3	DP	7	FULL COMBO	2053	1	true	2026/09/19 20:46:03
80004	4	P1	0	NO PLAY	0	-	false	2026/09/19 20:46:03
80004	4	DP	0	NO PLAY	0	-	false	2026/09/19 20:46:03
80005	0	P1	0	NO PLAY	0	-	false	2026/09/19 20:46:03
80005	0	DP	0	NO PLAY	0	-	false	2026/09/19 20:46:03
80005	1	P1	0	NO PLAY	0	-	false	2026/09/19 20:46:03
80005	1	DP	0	NO PLAY	0	-	false	2026/09/19 20:46:03
80005	2	P1	0	NO PLAY	0	-	false	2026/09/19 20:46:03
80005	2	DP	0	NO PLAY	0	-	false	2026/09/19 20:46:03
80005	3	P1	7	FULL COMBO	2277	1	true	2026/09/19 20:46:03
80005	3	DP	6	EX HARD CLEAR	2330	9	true	2026/09/19 20:46:03
80005	4	P1	0	NO PLAY	0	-	false	2026/09/19 20:46:03
80005	4	DP	0	NO PLAY	0	-	false	2026/09/19 20:46:03
80006	0	P1	0	NO PLAY	0	-	false	2026/09/19 20:46:03
80006	0	DP	0	NO PLAY	0	-	false	2026/09/19 20:46:03
80006	1	P1	0	NO PLAY	0	-	false	2026/09/19 20:46:03
80006	1	DP	0	NO PLAY	0	-	false	2026/09/19 20:46:03
80006	2	P1	0	NO PLAY	0	-	false	2026/09/19 20:46:03
80006	2	DP	0	NO PLAY	0	-	false	2026/09/19 20:46:03
80006	3	P1	5	HARD CLEAR	2300	28	true	2026/09/19 20:46:03
80006	3	DP	5	HARD CLEAR	1997	37	true	2026/09/19 20:46:03
80006	4	P1	0	NO PLAY	0	-	false	2026/09/19 20:46:03
80006	4	DP	0	NO PLAY	0	-	false	2026/09/19 20:46:03
80007	0	P1	0	NO PLAY	0	-	false	2026/09/19 20:46:03
80007	0	DP	0	NO PLAY	0	-	false	2026/09/19 20:46:03
80007	1	P1	0	NO PLAY	0	-	false	2026/09/19 20:46:03
80007	1	DP	0	NO PLAY	0	-	false	2026/09/19 20:46:03
80007	2	P1	0	NO PLAY	0	-	false	2026/09/19 20:46:03
80007	2	DP	0	NO PLAY	0	-	false	2026/09/19 20:46:03
80007	3	P1	6	EX HARD CLEAR	2160	14	true	2026/09/19 20:46:03
80007	3	DP	6	EX HARD CLEAR	2066	15	true	2026/09/19 20:46:03
80007	4	P1	0	NO PLAY	0	-	false	2026/09/19 20:46:03
80007	4	DP	0	NO PLAY	0	-	false	2026/09/19 20:46:03
80008	0	P1	0	NO PLAY	0	-	false	2026/09/19 20:46:03
80008	0	DP	0	NO PLAY	0	-	false	2026/09/19 20:46:03
80008	1	P1	0	NO PLAY	0	-	false	2026/09/19 20:46:03
80008	1	DP	0	NO PLAY	0	-	false	2026/09/19 20:46:03
80008	2	P1	0	NO PLAY	0	-	false	2026/09/19 20:46:03
80008	2	DP	0	NO PLAY	0	-	false	2026/09/19 20:46:03
80008	3	P1	6	EX HARD CLEAR	2422	4	true	2026/09/19 20:46:03
80008	3	DP	6	EX HARD CLEAR	2237	15	true	2026/09/19 20:46:03
80008	4	P1	0	NO PLAY	0	-	false	2026/09/19 20:46:03
80008	4	DP	0	NO PLAY	0	-	false	2026/09/19 20:46:03
80009	0	P1	0	NO PLAY	0	-	false	2026/09/19 20:46:03
80009	0	DP	0	NO PLAY	0	-	false	2026/09/19 20:46:03
80009	1	P1	0	NO PLAY	0	-	false	2026/09/19 20:46:03
80009	1	DP	0	NO PLAY	0	-	false	2026/09/19 20:46:03
80009	2	P1	0	NO PLAY	0	-	false	2026/09/19 20:46:03
80009	2	DP	0	NO PLAY	0	-	false	2026/09/19 20:46:03
80009	3	P1	0	NO PLAY	0	-	false	2026/09/19 20:46:03
80009	3	DP	6	EX HARD CLEAR	1650	6	true	2026/09/19 20:46:03
80009	4	P1	0	NO PLAY	0	-	false	2026/09/19 20:46:03
80009	4	DP	0	NO PLAY	0	-	false	2026/09/19 20:46:03
80010	0	P1	0	NO PLAY	0	-	false	2026/09/19 20:46:03
80010	0	DP	0	NO PLAY	0	-	false	2026/09/19 20:46:03
80010	1	P1	0	NO PLAY	0	-	false	2026/09/19 20:46:03
80010	1	DP	7	FULL COMBO	275	0	true	2026/09/19 20:46:03
80010	2	P1	0	NO PLAY	0	-	false	2026/09/19 20:46:03
80010	2	DP	0	NO PLAY	0	-	false	2026/09/19 20:46:03
80010	3	P1	0	NO PLAY	0	-	false	2026/09/19 20:46:03
80010	3	DP	7	FULL COMBO	1574	0	true	2026/09/19 20:46:03
80010	4	P1	0	NO PLAY	0	-	false	2026/09/19 20:46:03
80010	4	DP	0	NO PLAY	0	-	false	2026/09/19 20:46:03
80011	0	P1	0	NO PLAY	0	-	false	2026/09/19 20:46:03
80011	0	DP	0	NO PLAY	0	-	false	2026/09/19 20:46:03
80011	1	P1	0	NO PLAY	0	-	false	2026/09/19 20:46:03
80011	1	DP	0	NO PLAY	0	-	false	2026/09/19 20:46:03
80011	2	P1	4	CLEAR	1442	19	true	2026/09/19 20:46:03
80011	2	DP	7	FULL COMBO	1893	0	true	2026/09/19 20:46:03
80011	3	P1	6	EX HARD CLEAR	2866	13	true	2026/09/19 20:46:03
80011	3	DP	6	EX HARD CLEAR	3002	7	true	2026/09/19 20:46:03
80011	4	P1	0	NO PLAY	0	-	false	2026/09/19 20:46:03
80011	4	DP	0	NO PLAY	0	-	false	2026/09/19 20:46:03
80014	0	P1	0	NO PLAY	0	-	false	2026/09/19 20:46:03
80014	0	DP	0	NO PLAY	0	-	false	2026/09/19 20:46:03
80014	1	P1	0	NO PLAY	0	-	false	2026/09/19 20:46:03
80014	1	DP	0	NO PLAY	0	-	false	2026/09/19 20:46:03
80014	2	P1	0	NO PLAY	0	-	false	2026/09/19 20:46:03
80014	2	DP	0	NO PLAY	0	-	false	2026/09/19 20:46:03
80014	3	P1	5	HARD CLEAR	2871	16	true	2026/09/19 20:46:03
80014	3	DP	5	HARD CLEAR	2565	51	true	2026/09/19 20:46:03
80014	4	P1	0	NO PLAY	0	-	false	2026/09/19 20:46:03
80014	4	DP	0	NO PLAY	0	-	false	2026/09/19 20:46:03
80015	0	P1	0	NO PLAY	0	-	false	2026/09/19 20:46:03
80015	0	DP	0	NO PLAY	0	-	false	2026/09/19 20:46:03
80015	1	P1	0	NO PLAY	0	-	false	2026/09/19 20:46:03
80015	1	DP	0	NO PLAY	0	-	false	2026/09/19 20:46:03
80015	2	P1	0	NO PLAY	0	-	false	2026/09/19 20:46:03
80015	2	DP	0	NO PLAY	0	-	false	2026/09/19 20:46:03
80015	3	P1	5	HARD CLEAR	2368	24	true	2026/09/19 20:46:03
80015	3	DP	5	HARD CLEAR	2210	33	true	2026/09/19 20:46:03
80015	4	P1	0	NO PLAY	0	-	false	2026/09/19 20:46:03
80015	4	DP	0	NO PLAY	0	-	false	2026/09/19 20:46:03
80016	0	P1	0	NO PLAY	0	-	false	2026/09/19 20:46:03
80016	0	DP	0	NO PLAY	0	-	false	2026/09/19 20:46:03
80016	1	P1	0	NO PLAY	0	-	false	2026/09/19 20:46:03
80016	1	DP	0	NO PLAY	0	-	false	2026/09/19 20:46:03
80016	2	P1	0	NO PLAY	0	-	false	2026/09/19 20:46:03
80016	2	DP	0	NO PLAY	0	-	false	2026/09/19 20:46:03
80016	3	P1	0	NO PLAY	0	-	false	2026/09/19 20:46:03
80016	3	DP	5	HARD CLEAR	1981	16	true	2026/09/19 20:46:03
80016	4	P1	0	NO PLAY	0	-	false	2026/09/19 20:46:03
80016	4	DP	0	NO PLAY	0	-	false	2026/09/19 20:46:03
80017	0	P1	0	NO PLAY	0	-	false	2026/09/19 20:46:03
80017	0	DP	0	NO PLAY	0	-	false	2026/09/19 20:46:03
80017	1	P1	0	NO PLAY	0	-	false	2026/09/19 20:46:03
80017	1	DP	0	NO PLAY	0	-	false	2026/09/19 20:46:03
80017	2	P1	0	NO PLAY	0	-	false	2026/09/19 20:46:03
80017	2	DP	0	NO PLAY	0	-	false	2026/09/19 20:46:03
80017	3	P1	0	NO PLAY	0	-	false	2026/09/19 20:46:03
80017	3	DP	6	EX HARD CLEAR	2024	10	true	2026/09/19 20:46:03
80017	4	P1	5	HARD CLEAR	2881	34	true	2026/09/19 20:46:03
80017	4	DP	5	HARD CLEAR	3232	42	true	2026/09/19 20:46:03
80018	0	P1	0	NO PLAY	0	-	false	2026/09/19 20:46:03
80018	0	DP	0	NO PLAY	0	-	false	2026/09/19 20:46:03
80018	1	P1	0	NO PLAY	0	-	false	2026/09/19 20:46:03
80018	1	DP	0	NO PLAY	0	-	false	2026/09/19 20:46:03
80018	2	P1	0	NO PLAY	0	-	false	2026/09/19 20:46:03
80018	2	DP	0	NO PLAY	0	-	false	2026/09/19 20:46:03
80018	3	P1	0	NO PLAY	0	-	false	2026/09/19 20:46:03
80018	3	DP	6	EX HARD CLEAR	1950	7	true	2026/09/19 20:46:03
80018	4	P1	0	NO PLAY	0	-	false	2026/09/19 20:46:03
80018	4	DP	0	NO PLAY	0	-	false	2026/09/19 20:46:03
80019	0	P1	0	NO PLAY	0	-	false	2026/09/19 20:46:03
80019	0	DP	0	NO PLAY	0	-	false	2026/09/19 20:46:03
80019	1	P1	0	NO PLAY	0	-	false	2026/09/19 20:46:03
80019	1	DP	0	NO PLAY	0	-	false	2026/09/19 20:46:03
80019	2	P1	0	NO PLAY	0	-	false	2026/09/19 20:46:03
80019	2	DP	0	NO PLAY	0	-	false	2026/09/19 20:46:03
80019	3	P1	0	NO PLAY	0	-	false	2026/09/19 20:46:03
80019	3	DP	6	EX HARD CLEAR	2006	13	true	2026/09/19 20:46:03
80019	4	P1	0	NO PLAY	0	-	false	2026/09/19 20:46:03
80019	4	DP	0	NO PLAY	0	-	false	2026/09/19 20:46:03
80020	0	P1	0	NO PLAY	0	-	false	2026/09/19 20:46:03
80020	0	DP	0	NO PLAY	0	-	false	2026/09/19 20:46:03
80020	1	P1	0	NO PLAY	0	-	false	2026/09/19 20:46:03
80020	1	DP	0	NO PLAY	0	-	false	2026/09/19 20:46:03
80020	2	P1	0	NO PLAY	0	-	false	2026/09/19 20:46:03
80020	2	DP	0	NO PLAY	0	-	false	2026/09/19 20:46:03
80020	3	P1	7	FULL COMBO	1806	0	true	2026/09/19 20:46:03
80020	3	DP	7	FULL COMBO	1807	0	true	2026/09/19 20:46:03
80020	4	P1	0	NO PLAY	0	-	false	2026/09/19 20:46:03
80020	4	DP	0	NO PLAY	0	-	false	2026/09/19 20:46:03
80021	0	P1	0	NO PLAY	0	-	false	2026/09/19 20:46:03
80021	0	DP	0	NO PLAY	0	-	false	2026/09/19 20:46:03
80021	1	P1	0	NO PLAY	0	-	false	2026/09/19 20:46:03
80021	1	DP	0	NO PLAY	0	-	false	2026/09/19 20:46:03
80021	2	P1	0	NO PLAY	0	-	false	2026/09/19 20:46:03
80021	2	DP	0	NO PLAY	0	-	false	2026/09/19 20:46:03
80021	3	P1	0	NO PLAY	0	-	false	2026/09/19 20:46:03
80021	3	DP	6	EX HARD CLEAR	2175	4	true	2026/09/19 20:46:03
80021	4	P1	0	NO PLAY	0	-	false	2026/09/19 20:46:03
80021	4	DP	0	NO PLAY	0	-	false	2026/09/19 20:46:03
80022	0	P1	0	NO PLAY	0	-	false	2026/09/19 20:46:03
80022	0	DP	0	NO PLAY	0	-	false	2026/09/19 20:46:03
80022	1	P1	0	NO PLAY	0	-	false	2026/09/19 20:46:03
80022	1	DP	6	EX HARD CLEAR	851	8	true	2026/09/19 20:46:03
80022	2	P1	0	NO PLAY	0	-	false	2026/09/19 20:46:03
80022	2	DP	0	NO PLAY	0	-	false	2026/09/19 20:46:03
80022	3	P1	5	HARD CLEAR	2578	65	true	2026/09/19 20:46:03
80022	3	DP	5	HARD CLEAR	2764	50	true	2026/09/19 20:46:03
80022	4	P1	0	NO PLAY	0	-	false	2026/09/19 20:46:03
80022	4	DP	0	NO PLAY	0	-	false	2026/09/19 20:46:03
80023	0	P1	0	NO PLAY	0	-	false	2026/09/19 20:46:03
80023	0	DP	0	NO PLAY	0	-	false	2026/09/19 20:46:03
80023	1	P1	0	NO PLAY	0	-	false	2026/09/19 20:46:03
80023	1	DP	0	NO PLAY	0	-	false	2026/09/19 20:46:03
80023	2	P1	0	NO PLAY	0	-	false	2026/09/19 20:46:03
80023	2	DP	0	NO PLAY	0	-	false	2026/09/19 20:46:03
80023	3	P1	0	NO PLAY	0	-	false	2026/09/19 20:46:03
80023	3	DP	6	EX HARD CLEAR	1541	3	true	2026/09/19 20:46:03
80023	4	P1	6	EX HARD CLEAR	1974	7	true	2026/09/19 20:46:03
80023	4	DP	6	EX HARD CLEAR	2055	5	true	2026/09/19 20:46:03
80024	0	P1	0	NO PLAY	0	-	false	2026/09/19 20:46:03
80024	0	DP	0	NO PLAY	0	-	false	2026/09/19 20:46:03
80024	1	P1	0	NO PLAY	0	-	false	2026/09/19 20:46:03
80024	1	DP	0	NO PLAY	0	-	false	2026/09/19 20:46:03
80024	2	P1	0	NO PLAY	0	-	false	2026/09/19 20:46:03
80024	2	DP	0	NO PLAY	0	-	false	2026/09/19 20:46:03
80024	3	P1	6	EX HARD CLEAR	2583	15	true	2026/09/19 20:46:03
80024	3	DP	6	EX HARD CLEAR	2796	15	true	2026/09/19 20:46:03
80024	4	P1	0	NO PLAY	0	-	false	2026/09/19 20:46:03
80024	4	DP	0	NO PLAY	0	-	false	2026/09/19 20:46:03
80025	0	P1	0	NO PLAY	0	-	false	2026/09/19 20:46:03
80025	0	DP	0	NO PLAY	0	-	false	2026/09/19 20:46:03
80025	1	P1	0	NO PLAY	0	-	false	2026/09/19 20:46:03
80025	1	DP	0	NO PLAY	0	-	false	2026/09/19 20:46:03
80025	2	P1	0	NO PLAY	0	-	false	2026/09/19 20:46:03
80025	2	DP	0	NO PLAY	0	-	false	2026/09/19 20:46:03
80025	3	P1	0	NO PLAY	0	-	false	2026/09/19 20:46:03
80025	3	DP	0	NO PLAY	0	-	false	2026/09/19 20:46:03
80025	4	P1	0	NO PLAY	0	-	false	2026/09/19 20:46:03
80025	4	DP	0	NO PLAY	0	-	false	2026/09/19 20:46:03
80026	0	P1	0	NO PLAY	0	-	false	2026/09/19 20:46:03
80026	0	DP	0	NO PLAY	0	-	false	2026/09/19 20:46:03
80026	1	P1	0	NO PLAY	0	-	false	2026/09/19 20:46:03
80026	1	DP	0	NO PLAY	0	-	false	2026/09/19 20:46:03
80026	2	P1	0	NO PLAY	0	-	false	2026/09/19 20:46:03
80026	2	DP	0	NO PLAY	0	-	false	2026/09/19 20:46:03
80026	3	P1	0	NO PLAY	0	-	false	2026/09/19 20:46:03
80026	3	DP	6	EX HARD CLEAR	1959	13	true	2026/09/19 20:46:03
80026	4	P1	0	NO PLAY	0	-	false	2026/09/19 20:46:03
80026	4	DP	0	NO PLAY	0	-	false	2026/09/19 20:46:03
80027	0	P1	0	NO PLAY	0	-	false	2026/09/19 20:46:03
80027	0	DP	0	NO PLAY	0	-	false	2026/09/19 20:46:03
80027	1	P1	0	NO PLAY	0	-	false	2026/09/19 20:46:03
80027	1	DP	0	NO PLAY	0	-	false	2026/09/19 20:46:03
80027	2	P1	0	NO PLAY	0	-	false	2026/09/19 20:46:03
80027	2	DP	0	NO PLAY	0	-	false	2026/09/19 20:46:03
80027	3	P1	0	NO PLAY	0	-	false	2026/09/19 20:46:03
80027	3	DP	0	NO PLAY	0	-	false	2026/09/19 20:46:03
80027	4	P1	0	NO PLAY	0	-	false	2026/09/19 20:46:03
80027	4	DP	0	NO PLAY	0	-	false	2026/09/19 20:46:03
80028	0	P1	0	NO PLAY	0	-	false	2026/09/19 20:46:03
80028	0	DP	0	NO PLAY	0	-	false	2026/09/19 20:46:03
80028	1	P1	0	NO PLAY	0	-	false	2026/09/19 20:46:03
80028	1	DP	0	NO PLAY	0	-	false	2026/09/19 20:46:03
80028	2	P1	0	NO PLAY	0	-	false	2026/09/19 20:46:03
80028	2	DP	0	NO PLAY	0	-	false	2026/09/19 20:46:03
80028	3	P1	0	NO PLAY	0	-	false	2026/09/19 20:46:03
80028	3	DP	7	FULL COMBO	2143	0	true	2026/09/19 20:46:03
80028	4	P1	6	EX HARD CLEAR	2731	5	true	2026/09/19 20:46:03
80028	4	DP	6	EX HARD CLEAR	2651	9	true	2026/09/19 20:46:03
80029	0	P1	0	NO PLAY	0	-	false	2026/09/19 20:46:03
80029	0	DP	0	NO PLAY	0	-	false	2026/09/19 20:46:03
80029	1	P1	0	NO PLAY	0	-	false	2026/09/19 20:46:03
80029	1	DP	6	EX HARD CLEAR	1068	3	true	2026/09/19 20:46:03
80029	2	P1	0	NO PLAY	0	-	false	2026/09/19 20:46:03
80029	2	DP	6	EX HARD CLEAR	1744	9	true	2026/09/19 20:46:03
80029	3	P1	6	EX HARD CLEAR	2543	6	true	2026/09/19 20:46:03
80029	3	DP	6	EX HARD CLEAR	2661	16	true	2026/09/19 20:46:03
80029	4	P1	0	NO PLAY	0	-	false	2026/09/19 20:46:03
80029	4	DP	0	NO PLAY	0	-	false	2026/09/19 20:46:03
80030	0	P1	0	NO PLAY	0	-	false	2026/09/19 20:46:03
80030	0	DP	0	NO PLAY	0	-	false	2026/09/19 20:46:03
80030	1	P1	0	NO PLAY	0	-	false	2026/09/19 20:46:03
80030	1	DP	0	NO PLAY	0	-	false	2026/09/19 20:46:03
80030	2	P1	0	NO PLAY	0	-	false	2026/09/19 20:46:03
80030	2	DP	0	NO PLAY	0	-	false	2026/09/19 20:46:03
80030	3	P1	0	NO PLAY	0	-	false	2026/09/19 20:46:03
80030	3	DP	0	NO PLAY	0	-	false	2026/09/19 20:46:03
80030	4	P1	0	NO PLAY	0	-	false	2026/09/19 20:46:03
80030	4	DP	0	NO PLAY	0	-	false	2026/09/19 20:46:03
80031	0	P1	0	NO PLAY	0	-	false	2026/09/19 20:46:03
80031	0	DP	0	NO PLAY	0	-	false	2026/09/19 20:46:03
80031	1	P1	0	NO PLAY	0	-	false	2026/09/19 20:46:03
80031	1	DP	0	NO PLAY	0	-	false	2026/09/19 20:46:03
80031	2	P1	0	NO PLAY	0	-	false	2026/09/19 20:46:03
80031	2	DP	0	NO PLAY	0	-	false	2026/09/19 20:46:03
80031	3	P1	0	NO PLAY	0	-	false	2026/09/19 20:46:03
80031	3	DP	0	NO PLAY	0	-	false	2026/09/19 20:46:03
80031	4	P1	0	NO PLAY	0	-	false	2026/09/19 20:46:03
80031	4	DP	0	NO PLAY	0	-	false	2026/09/19 20:46:03
80032	0	P1	0	NO PLAY	0	-	false	2026/09/19 20:46:03
80032	0	DP	0	NO PLAY	0	-	false	2026/09/19 20:46:03
80032	1	P1	0	NO PLAY	0	-	false	2026/09/19 20:46:03
80032	1	DP	0	NO PLAY	0	-	false	2026/09/19 20:46:03
80032	2	P1	0	NO PLAY	0	-	false	2026/09/19 20:46:03
80032	2	DP	0	NO PLAY	0	-	false	2026/09/19 20:46:03
80032	3	P1	0	NO PLAY	0	-	false	2026/09/19 20:46:03
80032	3	DP	0	NO PLAY	0	-	false	2026/09/19 20:46:03
80032	4	P1	0	NO PLAY	0	-	false	2026/09/19 20:46:03
80032	4	DP	0	NO PLAY	0	-	false	2026/09/19 20:46:03
80033	0	P1	0	NO PLAY	0	-	false	2026/09/19 20:46:03
80033	0	DP	0	NO PLAY	0	-	false	2026/09/19 20:46:03
80033	1	P1	0	NO PLAY	0	-	false	2026/09/19 20:46:03
80033	1	DP	0	NO PLAY	0	-	false	2026/09/19 20:46:03
80033	2	P1	0	NO PLAY	0	-	false	2026/09/19 20:46:03
80033	2	DP	0	NO PLAY	0	-	false	2026/09/19 20:46:03
80033	3	P1	0	NO PLAY	0	-	false	2026/09/19 20:46:03
80033	3	DP	0	NO PLAY	0	-	false	2026/09/19 20:46:03
80033	4	P1	0	NO PLAY	0	-	false	2026/09/19 20:46:03
80033	4	DP	0	NO PLAY	0	-	false	2026/09/19 20:46:03
80034	0	P1	0	NO PLAY	0	-	false	2026/09/19 20:46:03
80034	0	DP	0	NO PLAY	0	-	false	2026/09/19 20:46:03
80034	1	P1	0	NO PLAY	0	-	false	2026/09/19 20:46:03
80034	1	DP	0	NO PLAY	0	-	false	2026/09/19 20:46:03
80034	2	P1	0	NO PLAY	0	-	false	2026/09/19 20:46:03
80034	2	DP	0	NO PLAY	0	-	false	2026/09/19 20:46:03
80034	3	P1	0	NO PLAY	0	-	false	2026/09/19 20:46:03
80034	3	DP	0	NO PLAY	0	-	false	2026/09/19 20:46:03
80034	4	P1	0	NO PLAY	0	-	false	2026/09/19 20:46:03
80034	4	DP	0	NO PLAY	0	-	false	2026/09/19 20:46:03
80035	0	P1	0	NO PLAY	0	-	false	2026/09/19 20:46:03
80035	0	DP	0	NO PLAY	0	-	false	2026/09/19 20:46:03
80035	1	P1	0	NO PLAY	0	-	false	2026/09/19 20:46:03
80035	1	DP	0	NO PLAY	0	-	false	2026/09/19 20:46:03
80035	2	P1	0	NO PLAY	0	-	false	2026/09/19 20:46:03
80035	2	DP	0	NO PLAY	0	-	false	2026/09/19 20:46:03
80035	3	P1	0	NO PLAY	0	-	false	2026/09/19 20:46:03
80035	3	DP	0	NO PLAY	0	-	false	2026/09/19 20:46:03
80035	4	P1	0	NO PLAY	0	-	false	2026/09/19 20:46:03
80035	4	DP	0	NO PLAY	0	-	false	2026/09/19 20:46:03
80036	0	P1	0	NO PLAY	0	-	false	2026/09/19 20:46:03
80036	0	DP	0	NO PLAY	0	-	false	2026/09/19 20:46:03
80036	1	P1	0	NO PLAY	0	-	false	2026/09/19 20:46:03
80036	1	DP	0	NO PLAY	0	-	false	2026/09/19 20:46:03
80036	2	P1	0	NO PLAY	0	-	false	2026/09/19 20:46:03
80036	2	DP	0	NO PLAY	0	-	false	2026/09/19 20:46:03
80036	3	P1	0	NO PLAY	0	-	false	2026/09/19 20:46:03
80036	3	DP	0	NO PLAY	0	-	false	2026/09/19 20:46:03
80036	4	P1	0	NO PLAY	0	-	false	2026/09/19 20:46:03
80036	4	DP	0	NO PLAY	0	-	false	2026/09/19 20:46:03
80037	0	P1	0	NO PLAY	0	-	false	2026/09/19 20:46:03
80037	0	DP	0	NO PLAY	0	-	false	2026/09/19 20:46:03
80037	1	P1	0	NO PLAY	0	-	false	2026/09/19 20:46:03
80037	1	DP	0	NO PLAY	0	-	false	2026/09/19 20:46:03
80037	2	P1	0	NO PLAY	0	-	false	2026/09/19 20:46:03
80037	2	DP	0	NO PLAY	0	-	false	2026/09/19 20:46:03
80037	3	P1	0	NO PLAY	0	-	false	2026/09/19 20:46:03
80037	3	DP	0	NO PLAY	0	-	false	2026/09/19 20:46:03
80037	4	P1	0	NO PLAY	0	-	false	2026/09/19 20:46:03
80037	4	DP	0	NO PLAY	0	-	false	2026/09/19 20:46:03
80038	0	P1	0	NO PLAY	0	-	false	2026/09/19 20:46:03
80038	0	DP	0	NO PLAY	0	-	false	2026/09/19 20:46:03
80038	1	P1	0	NO PLAY	0	-	false	2026/09/19 20:46:03
80038	1	DP	0	NO PLAY	0	-	false	2026/09/19 20:46:03
80038	2	P1	0	NO PLAY	0	-	false	2026/09/19 20:46:03
80038	2	DP	0	NO PLAY	0	-	false	2026/09/19 20:46:03
80038	3	P1	0	NO PLAY	0	-	false	2026/09/19 20:46:03
80038	3	DP	0	NO PLAY	0	-	false	2026/09/19 20:46:03
80038	4	P1	0	NO PLAY	0	-	false	2026/09/19 20:46:03
80038	4	DP	0	NO PLAY	0	-	false	2026/09/19 20:46:03
80039	0	P1	0	NO PLAY	0	-	false	2026/09/19 20:46:03
80039	0	DP	0	NO PLAY	0	-	false	2026/09/19 20:46:03
80039	1	P1	0	NO PLAY	0	-	false	2026/09/19 20:46:03
80039	1	DP	0	NO PLAY	0	-	false	2026/09/19 20:46:03
80039	2	P1	0	NO PLAY	0	-	false	2026/09/19 20:46:03
80039	2	DP	0	NO PLAY	0	-	false	2026/09/19 20:46:03
80039	3	P1	0	NO PLAY	0	-	false	2026/09/19 20:46:03
80039	3	DP	0	NO PLAY	0	-	false	2026/09/19 20:46:03
80039	4	P1	0	NO PLAY	0	-	false	2026/09/19 20:46:03
80039	4	DP	0	NO PLAY	0	-	false	2026/09/19 20:46:03
80040	0	P1	0	NO PLAY	0	-	false	2026/09/19 20:46:03
80040	0	DP	0	NO PLAY	0	-	false	2026/09/19 20:46:03
80040	1	P1	0	NO PLAY	0	-	false	2026/09/19 20:46:03
80040	1	DP	0	NO PLAY	0	-	false	2026/09/19 20:46:03
80040	2	P1	1	FAILED	1274	-	false	2026/09/19 20:46:03
80040	2	DP	0	NO PLAY	0	-	false	2026/09/19 20:46:03
80040	3	P1	6	EX HARD CLEAR	2327	17	true	2026/09/19 20:46:03
80040	3	DP	6	EX HARD CLEAR	2358	14	true	2026/09/19 20:46:03
80040	4	P1	0	NO PLAY	0	-	false	2026/09/19 20:46:03
80040	4	DP	0	NO PLAY	0	-	false	2026/09/19 20:46:03
80042	0	P1	0	NO PLAY	0	-	false	2026/09/19 20:46:03
80042	0	DP	0	NO PLAY	0	-	false	2026/09/19 20:46:03
80042	1	P1	0	NO PLAY	0	-	false	2026/09/19 20:46:03
80042	1	DP	1	FAILED	289	-	false	2026/09/19 20:46:03
80042	2	P1	0	NO PLAY	0	-	false	2026/09/19 20:46:03
80042	2	DP	0	NO PLAY	0	-	false	2026/09/19 20:46:03
80042	3	P1	3	EASY CLEAR	1806	74	true	2026/09/19 20:46:03
80042	3	DP	6	EX HARD CLEAR	2253	6	true	2026/09/19 20:46:03
80042	4	P1	0	NO PLAY	0	-	false	2026/09/19 20:46:03
80042	4	DP	0	NO PLAY	0	-	false	2026/09/19 20:46:03
80043	0	P1	0	NO PLAY	0	-	false	2026/09/19 20:46:03
80043	0	DP	0	NO PLAY	0	-	false	2026/09/19 20:46:03
80043	1	P1	0	NO PLAY	0	-	false	2026/09/19 20:46:03
80043	1	DP	0	NO PLAY	0	-	false	2026/09/19 20:46:03
80043	2	P1	0	NO PLAY	0	-	false	2026/09/19 20:46:03
80043	2	DP	0	NO PLAY	0	-	false	2026/09/19 20:46:03
80043	3	P1	0	NO PLAY	0	-	false	2026/09/19 20:46:03
80043	3	DP	0	NO PLAY	0	-	false	2026/09/19 20:46:03
80043	4	P1	0	NO PLAY	0	-	false	2026/09/19 20:46:03
80043	4	DP	0	NO PLAY	0	-	false	2026/09/19 20:46:03
80044	0	P1	0	NO PLAY	0	-	false	2026/09/19 20:46:03
80044	0	DP	0	NO PLAY	0	-	false	2026/09/19 20:46:03
80044	1	P1	0	NO PLAY	0	-	false	2026/09/19 20:46:03
80044	1	DP	0	NO PLAY	0	-	false	2026/09/19 20:46:03
80044	2	P1	0	NO PLAY	0	-	false	2026/09/19 20:46:03
80044	2	DP	0	NO PLAY	0	-	false	2026/09/19 20:46:03
80044	3	P1	0	NO PLAY	0	-	false	2026/09/19 20:46:03
80044	3	DP	6	EX HARD CLEAR	2459	21	true	2026/09/19 20:46:03
80044	4	P1	0	NO PLAY	0	-	false	2026/09/19 20:46:03
80044	4	DP	0	NO PLAY	0	-	false	2026/09/19 20:46:03
80045	0	P1	0	NO PLAY	0	-	false	2026/09/19 20:46:03
80045	0	DP	0	NO PLAY	0	-	false	2026/09/19 20:46:03
80045	1	P1	0	NO PLAY	0	-	false	2026/09/19 20:46:03
80045	1	DP	0	NO PLAY	0	-	false	2026/09/19 20:46:03
80045	2	P1	0	NO PLAY	0	-	false	2026/09/19 20:46:03
80045	2	DP	0	NO PLAY	0	-	false	2026/09/19 20:46:03
80045	3	P1	6	EX HARD CLEAR	2716	20	true	2026/09/19 20:46:03
80045	3	DP	6	EX HARD CLEAR	2580	19	true	2026/09/19 20:46:03
80045	4	P1	0	NO PLAY	0	-	false	2026/09/19 20:46:03
80045	4	DP	0	NO PLAY	0	-	false	2026/09/19 20:46:03
80046	0	P1	0	NO PLAY	0	-	false	2026/09/19 20:46:03
80046	0	DP	0	NO PLAY	0	-	false	2026/09/19 20:46:03
80046	1	P1	0	NO PLAY	0	-	false	2026/09/19 20:46:03
80046	1	DP	0	NO PLAY	0	-	false	2026/09/19 20:46:03
80046	2	P1	0	NO PLAY	0	-	false	2026/09/19 20:46:03
80046	2	DP	0	NO PLAY	0	-	false	2026/09/19 20:46:03
80046	3	P1	0	NO PLAY	0	-	false	2026/09/19 20:46:03
80046	3	DP	6	EX HARD CLEAR	2140	8	true	2026/09/19 20:46:03
80046	4	P1	0	NO PLAY	0	-	false	2026/09/19 20:46:03
80046	4	DP	0	NO PLAY	0	-	false	2026/09/19 20:46:03
80047	0	P1	0	NO PLAY	0	-	false	2026/09/19 20:46:03
80047	0	DP	0	NO PLAY	0	-	false	2026/09/19 20:46:03
80047	1	P1	0	NO PLAY	0	-	false	2026/09/19 20:46:03
80047	1	DP	0	NO PLAY	0	-	false	2026/09/19 20:46:03
80047	2	P1	0	NO PLAY	0	-	false	2026/09/19 20:46:03
80047	2	DP	0	NO PLAY	0	-	false	2026/09/19 20:46:03
80047	3	P1	0	NO PLAY	0	-	false	2026/09/19 20:46:03
80047	3	DP	0	NO PLAY	0	-	false	2026/09/19 20:46:03
80047	4	P1	0	NO PLAY	0	-	false	2026/09/19 20:46:03
80047	4	DP	0	NO PLAY	0	-	false	2026/09/19 20:46:03
80048	0	P1	0	NO PLAY	0	-	false	2026/09/19 20:46:03
80048	0	DP	0	NO PLAY	0	-	false	2026/09/19 20:46:03
80048	1	P1	0	NO PLAY	0	-	false	2026/09/19 20:46:03
80048	1	DP	0	NO PLAY	0	-	false	2026/09/19 20:46:03
80048	2	P1	0	NO PLAY	0	-	false	2026/09/19 20:46:03
80048	2	DP	0	NO PLAY	0	-	false	2026/09/19 20:46:03
80048	3	P1	6	EX HARD CLEAR	2558	8	true	2026/09/19 20:46:03
80048	3	DP	6	EX HARD CLEAR	2634	19	true	2026/09/19 20:46:03
80048	4	P1	0	NO PLAY	0	-	false	2026/09/19 20:46:03
80048	4	DP	0	NO PLAY	0	-	false	2026/09/19 20:46:03
80049	0	P1	0	NO PLAY	0	-	false	2026/09/19 20:46:03
80049	0	DP	0	NO PLAY	0	-	false	2026/09/19 20:46:03
80049	1	P1	0	NO PLAY	0	-	false	2026/09/19 20:46:03
80049	1	DP	0	NO PLAY	0	-	false	2026/09/19 20:46:03
80049	2	P1	0	NO PLAY	0	-	false	2026/09/19 20:46:03
80049	2	DP	0	NO PLAY	0	-	false	2026/09/19 20:46:03
80049	3	P1	0	NO PLAY	0	-	false	2026/09/19 20:46:03
80049	3	DP	0	NO PLAY	0	-	false	2026/09/19 20:46:03
80049	4	P1	0	NO PLAY	0	-	false	2026/09/19 20:46:03
80049	4	DP	0	NO PLAY	0	-	false	2026/09/19 20:46:03
80050	0	P1	0	NO PLAY	0	-	false	2026/09/19 20:46:03
80050	0	DP	0	NO PLAY	0	-	false	2026/09/19 20:46:03
80050	1	P1	0	NO PLAY	0	-	false	2026/09/19 20:46:03
80050	1	DP	0	NO PLAY	0	-	false	2026/09/19 20:46:03
80050	2	P1	0	NO PLAY	0	-	false	2026/09/19 20:46:03
80050	2	DP	0	NO PLAY	0	-	false	2026/09/19 20:46:03
80050	3	P1	0	NO PLAY	0	-	false	2026/09/19 20:46:03
80050	3	DP	0	NO PLAY	0	-	false	2026/09/19 20:46:03
80050	4	P1	0	NO PLAY	0	-	false	2026/09/19 20:46:03
80050	4	DP	0	NO PLAY	0	-	false	2026/09/19 20:46:03
80051	0	P1	0	NO PLAY	0	-	false	2026/09/19 20:46:03
80051	0	DP	0	NO PLAY	0	-	false	2026/09/19 20:46:03
80051	1	P1	0	NO PLAY	0	-	false	2026/09/19 20:46:03
80051	1	DP	0	NO PLAY	0	-	false	2026/09/19 20:46:03
80051	2	P1	0	NO PLAY	0	-	false	2026/09/19 20:46:03
80051	2	DP	0	NO PLAY	0	-	false	2026/09/19 20:46:03
80051	3	P1	5	HARD CLEAR	2496	33	true	2026/09/19 20:46:03
80051	3	DP	6	EX HARD CLEAR	2519	17	true	2026/09/19 20:46:03
80051	4	P1	0	NO PLAY	0	-	false	2026/09/19 20:46:03
80051	4	DP	0	NO PLAY	0	-	false	2026/09/19 20:46:03
80052	0	P1	0	NO PLAY	0	-	false	2026/09/19 20:46:03
80052	0	DP	0	NO PLAY	0	-	false	2026/09/19 20:46:03
80052	1	P1	0	NO PLAY	0	-	false	2026/09/19 20:46:03
80052	1	DP	0	NO PLAY	0	-	false	2026/09/19 20:46:03
80052	2	P1	0	NO PLAY	0	-	false	2026/09/19 20:46:03
80052	2	DP	0	NO PLAY	0	-	false	2026/09/19 20:46:03
80052	3	P1	0	NO PLAY	0	-	false	2026/09/19 20:46:03
80052	3	DP	0	NO PLAY	0	-	false	2026/09/19 20:46:03
80052	4	P1	0	NO PLAY	0	-	false	2026/09/19 20:46:03
80052	4	DP	0	NO PLAY	0	-	false	2026/09/19 20:46:03
80053	0	P1	0	NO PLAY	0	-	false	2026/09/19 20:46:03
80053	0	DP	0	NO PLAY	0	-	false	2026/09/19 20:46:03
80053	1	P1	0	NO PLAY	0	-	false	2026/09/19 20:46:03
80053	1	DP	0	NO PLAY	0	-	false	2026/09/19 20:46:03
80053	2	P1	0	NO PLAY	0	-	false	2026/09/19 20:46:03
80053	2	DP	0	NO PLAY	0	-	false	2026/09/19 20:46:03
80053	3	P1	0	NO PLAY	0	-	false	2026/09/19 20:46:03
80053	3	DP	0	NO PLAY	0	-	false	2026/09/19 20:46:03
80053	4	P1	0	NO PLAY	0	-	false	2026/09/19 20:46:03
80053	4	DP	0	NO PLAY	0	-	false	2026/09/19 20:46:03
80054	0	P1	0	NO PLAY	0	-	false	2026/09/19 20:46:03
80054	0	DP	0	NO PLAY	0	-	false	2026/09/19 20:46:03
80054	1	P1	0	NO PLAY	0	-	false	2026/09/19 20:46:03
80054	1	DP	0	NO PLAY	0	-	false	2026/09/19 20:46:03
80054	2	P1	0	NO PLAY	0	-	false	2026/09/19 20:46:03
80054	2	DP	0	NO PLAY	0	-	false	2026/09/19 20:46:03
80054	3	P1	0	NO PLAY	0	-	false	2026/09/19 20:46:03
80054	3	DP	0	NO PLAY	0	-	false	2026/09/19 20:46:03
80054	4	P1	0	NO PLAY	0	-	false	2026/09/19 20:46:03
80054	4	DP	0	NO PLAY	0	-	false	2026/09/19 20:46:03
80055	0	P1	0	NO PLAY	0	-	false	2026/09/19 20:46:03
80055	0	DP	0	NO PLAY	0	-	false	2026/09/19 20:46:03
80055	1	P1	0	NO PLAY	0	-	false	2026/09/19 20:46:03
80055	1	DP	0	NO PLAY	0	-	false	2026/09/19 20:46:03
80055	2	P1	0	NO PLAY	0	-	false	2026/09/19 20:46:03
80055	2	DP	0	NO PLAY	0	-	false	2026/09/19 20:46:03
80055	3	P1	0	NO PLAY	0	-	false	2026/09/19 20:46:03
80055	3	DP	0	NO PLAY	0	-	false	2026/09/19 20:46:03
80055	4	P1	0	NO PLAY	0	-	false	2026/09/19 20:46:03
80055	4	DP	0	NO PLAY	0	-	false	2026/09/19 20:46:03
80056	0	P1	0	NO PLAY	0	-	false	2026/09/19 20:46:03
80056	0	DP	0	NO PLAY	0	-	false	2026/09/19 20:46:03
80056	1	P1	0	NO PLAY	0	-	false	2026/09/19 20:46:03
80056	1	DP	0	NO PLAY	0	-	false	2026/09/19 20:46:03
80056	2	P1	0	NO PLAY	0	-	false	2026/09/19 20:46:03
80056	2	DP	0	NO PLAY	0	-	false	2026/09/19 20:46:03
80056	3	P1	0	NO PLAY	0	-	false	2026/09/19 20:46:03
80056	3	DP	0	NO PLAY	0	-	false	2026/09/19 20:46:03
80056	4	P1	0	NO PLAY	0	-	false	2026/09/19 20:46:03
80056	4	DP	0	NO PLAY	0	-	false	2026/09/19 20:46:03
80057	0	P1	0	NO PLAY	0	-	false	2026/09/19 20:46:03
80057	0	DP	0	NO PLAY	0	-	false	2026/09/19 20:46:03
80057	1	P1	0	NO PLAY	0	-	false	2026/09/19 20:46:03
80057	1	DP	0	NO PLAY	0	-	false	2026/09/19 20:46:03
80057	2	P1	0	NO PLAY	0	-	false	2026/09/19 20:46:03
80057	2	DP	0	NO PLAY	0	-	false	2026/09/19 20:46:03
80057	3	P1	0	NO PLAY	0	-	false	2026/09/19 20:46:03
80057	3	DP	0	NO PLAY	0	-	false	2026/09/19 20:46:03
80057	4	P1	0	NO PLAY	0	-	false	2026/09/19 20:46:03
80057	4	DP	0	NO PLAY	0	-	false	2026/09/19 20:46:03
80058	0	P1	0	NO PLAY	0	-	false	2026/09/19 20:46:03
80058	0	DP	0	NO PLAY	0	-	false	2026/09/19 20:46:03
80058	1	P1	0	NO PLAY	0	-	false	2026/09/19 20:46:03
80058	1	DP	0	NO PLAY	0	-	false	2026/09/19 20:46:03
80058	2	P1	0	NO PLAY	0	-	false	2026/09/19 20:46:03
80058	2	DP	0	NO PLAY	0	-	false	2026/09/19 20:46:03
80058	3	P1	0	NO PLAY	0	-	false	2026/09/19 20:46:03
80058	3	DP	0	NO PLAY	0	-	false	2026/09/19 20:46:03
80058	4	P1	0	NO PLAY	0	-	false	2026/09/19 20:46:03
80058	4	DP	0	NO PLAY	0	-	false	2026/09/19 20:46:03
80059	0	P1	0	NO PLAY	0	-	false	2026/09/19 20:46:03
80059	0	DP	0	NO PLAY	0	-	false	2026/09/19 20:46:03
80059	1	P1	0	NO PLAY	0	-	false	2026/09/19 20:46:03
80059	1	DP	0	NO PLAY	0	-	false	2026/09/19 20:46:03
80059	2	P1	0	NO PLAY	0	-	false	2026/09/19 20:46:03
80059	2	DP	0	NO PLAY	0	-	false	2026/09/19 20:46:03
80059	3	P1	0	NO PLAY	0	-	false	2026/09/19 20:46:03
80059	3	DP	0	NO PLAY	0	-	false	2026/09/19 20:46:03
80059	4	P1	0	NO PLAY	0	-	false	2026/09/19 20:46:03
80059	4	DP	0	NO PLAY	0	-	false	2026/09/19 20:46:03
80060	0	P1	0	NO PLAY	0	-	false	2026/09/19 20:46:03
80060	0	DP	0	NO PLAY	0	-	false	2026/09/19 20:46:03
80060	1	P1	0	NO PLAY	0	-	false	2026/09/19 20:46:03
80060	1	DP	0	NO PLAY	0	-	false	2026/09/19 20:46:03
80060	2	P1	0	NO PLAY	0	-	false	2026/09/19 20:46:03
80060	2	DP	0	NO PLAY	0	-	false	2026/09/19 20:46:03
80060	3	P1	0	NO PLAY	0	-	false	2026/09/19 20:46:03
80060	3	DP	0	NO PLAY	0	-	false	2026/09/19 20:46:03
80060	4	P1	0	NO PLAY	0	-	false	2026/09/19 20:46:03
80060	4	DP	0	NO PLAY	0	-	false	2026/09/19 20:46:03
80061	0	P1	0	NO PLAY	0	-	false	2026/09/19 20:46:03
80061	0	DP	0	NO PLAY	0	-	false	2026/09/19 20:46:03
80061	1	P1	0	NO PLAY	0	-	false	2026/09/19 20:46:03
80061	1	DP	0	NO PLAY	0	-	false	2026/09/19 20:46:03
80061	2	P1	0	NO PLAY	0	-	false	2026/09/19 20:46:03
80061	2	DP	0	NO PLAY	0	-	false	2026/09/19 20:46:03
80061	3	P1	0	NO PLAY	0	-	false	2026/09/19 20:46:03
80061	3	DP	0	NO PLAY	0	-	false	2026/09/19 20:46:03
80061	4	P1	0	NO PLAY	0	-	false	2026/09/19 20:46:03
80061	4	DP	0	NO PLAY	0	-	false	2026/09/19 20:46:03
80062	0	P1	0	NO PLAY	0	-	false	2026/09/19 20:46:03
80062	0	DP	0	NO PLAY	0	-	false	2026/09/19 20:46:03
80062	1	P1	0	NO PLAY	0	-	false	2026/09/19 20:46:03
80062	1	DP	0	NO PLAY	0	-	false	2026/09/19 20:46:03
80062	2	P1	0	NO PLAY	0	-	false	2026/09/19 20:46:03
80062	2	DP	0	NO PLAY	0	-	false	2026/09/19 20:46:03
80062	3	P1	0	NO PLAY	0	-	false	2026/09/19 20:46:03
80062	3	DP	0	NO PLAY	0	-	false	2026/09/19 20:46:03
80062	4	P1	0	NO PLAY	0	-	false	2026/09/19 20:46:03
80062	4	DP	0	NO PLAY	0	-	false	2026/09/19 20:46:03
80063	0	P1	0	NO PLAY	0	-	false	2026/09/19 20:46:03
80063	0	DP	0	NO PLAY	0	-	false	2026/09/19 20:46:03
80063	1	P1	0	NO PLAY	0	-	false	2026/09/19 20:46:03
80063	1	DP	0	NO PLAY	0	-	false	2026/09/19 20:46:03
80063	2	P1	0	NO PLAY	0	-	false	2026/09/19 20:46:03
80063	2	DP	0	NO PLAY	0	-	false	2026/09/19 20:46:03
80063	3	P1	0	NO PLAY	0	-	false	2026/09/19 20:46:03
80063	3	DP	0	NO PLAY	0	-	false	2026/09/19 20:46:03
80063	4	P1	0	NO PLAY	0	-	false	2026/09/19 20:46:03
80063	4	DP	0	NO PLAY	0	-	false	2026/09/19 20:46:03
80064	0	P1	0	NO PLAY	0	-	false	2026/09/19 20:46:03
80064	0	DP	0	NO PLAY	0	-	false	2026/09/19 20:46:03
80064	1	P1	0	NO PLAY	0	-	false	2026/09/19 20:46:03
80064	1	DP	0	NO PLAY	0	-	false	2026/09/19 20:46:03
80064	2	P1	0	NO PLAY	0	-	false	2026/09/19 20:46:03
80064	2	DP	0	NO PLAY	0	-	false	2026/09/19 20:46:03
80064	3	P1	0	NO PLAY	0	-	false	2026/09/19 20:46:03
80064	3	DP	0	NO PLAY	0	-	false	2026/09/19 20:46:03
80064	4	P1	0	NO PLAY	0	-	false	2026/09/19 20:46:03
80064	4	DP	0	NO PLAY	0	-	false	2026/09/19 20:46:03
80065	0	P1	0	NO PLAY	0	-	false	2026/09/19 20:46:03
80065	0	DP	0	NO PLAY	0	-	false	2026/09/19 20:46:03
80065	1	P1	0	NO PLAY	0	-	false	2026/09/19 20:46:03
80065	1	DP	0	NO PLAY	0	-	false	2026/09/19 20:46:03
80065	2	P1	0	NO PLAY	0	-	false	2026/09/19 20:46:03
80065	2	DP	0	NO PLAY	0	-	false	2026/09/19 20:46:03
80065	3	P1	6	EX HARD CLEAR	3061	10	true	2026/09/19 20:46:03
80065	3	DP	6	EX HARD CLEAR	2841	18	true	2026/09/19 20:46:03
80065	4	P1	0	NO PLAY	0	-	false	2026/09/19 20:46:03
80065	4	DP	0	NO PLAY	0	-	false	2026/09/19 20:46:03
80066	0	P1	0	NO PLAY	0	-	false	2026/09/19 20:46:03
80066	0	DP	0	NO PLAY	0	-	false	2026/09/19 20:46:03
80066	1	P1	0	NO PLAY	0	-	false	2026/09/19 20:46:03
80066	1	DP	0	NO PLAY	0	-	false	2026/09/19 20:46:03
80066	2	P1	0	NO PLAY	0	-	false	2026/09/19 20:46:03
80066	2	DP	0	NO PLAY	0	-	false	2026/09/19 20:46:03
80066	3	P1	0	NO PLAY	0	-	false	2026/09/19 20:46:03
80066	3	DP	0	NO PLAY	0	-	false	2026/09/19 20:46:03
80066	4	P1	0	NO PLAY	0	-	false	2026/09/19 20:46:03
80066	4	DP	0	NO PLAY	0	-	false	2026/09/19 20:46:03
80067	0	P1	0	NO PLAY	0	-	false	2026/09/19 20:46:03
80067	0	DP	0	NO PLAY	0	-	false	2026/09/19 20:46:03
80067	1	P1	0	NO PLAY	0	-	false	2026/09/19 20:46:03
80067	1	DP	0	NO PLAY	0	-	false	2026/09/19 20:46:03
80067	2	P1	0	NO PLAY	0	-	false	2026/09/19 20:46:03
80067	2	DP	0	NO PLAY	0	-	false	2026/09/19 20:46:03
80067	3	P1	0	NO PLAY	0	-	false	2026/09/19 20:46:03
80067	3	DP	0	NO PLAY	0	-	false	2026/09/19 20:46:03
80067	4	P1	0	NO PLAY	0	-	false	2026/09/19 20:46:03
80067	4	DP	0	NO PLAY	0	-	false	2026/09/19 20:46:03
80069	0	P1	0	NO PLAY	0	-	false	2026/09/19 20:46:03
80069	0	DP	0	NO PLAY	0	-	false	2026/09/19 20:46:03
80069	1	P1	0	NO PLAY	0	-	false	2026/09/19 20:46:03
80069	1	DP	0	NO PLAY	0	-	false	2026/09/19 20:46:03
80069	2	P1	0	NO PLAY	0	-	false	2026/09/19 20:46:03
80069	2	DP	0	NO PLAY	0	-	false	2026/09/19 20:46:03
80069	3	P1	0	NO PLAY	0	-	false	2026/09/19 20:46:03
80069	3	DP	0	NO PLAY	0	-	false	2026/09/19 20:46:03
80069	4	P1	0	NO PLAY	0	-	false	2026/09/19 20:46:03
80069	4	DP	0	NO PLAY	0	-	false	2026/09/19 20:46:03
80070	0	P1	0	NO PLAY	0	-	false	2026/09/19 20:46:03
80070	0	DP	0	NO PLAY	0	-	false	2026/09/19 20:46:03
80070	1	P1	0	NO PLAY	0	-	false	2026/09/19 20:46:03
80070	1	DP	0	NO PLAY	0	-	false	2026/09/19 20:46:03
80070	2	P1	0	NO PLAY	0	-	false	2026/09/19 20:46:03
80070	2	DP	0	NO PLAY	0	-	false	2026/09/19 20:46:03
80070	3	P1	0	NO PLAY	0	-	false	2026/09/19 20:46:03
80070	3	DP	0	NO PLAY	0	-	false	2026/09/19 20:46:03
80070	4	P1	0	NO PLAY	0	-	false	2026/09/19 20:46:03
80070	4	DP	0	NO PLAY	0	-	false	2026/09/19 20:46:03
80071	0	P1	0	NO PLAY	0	-	false	2026/09/19 20:46:03
80071	0	DP	0	NO PLAY	0	-	false	2026/09/19 20:46:03
80071	1	P1	0	NO PLAY	0	-	false	2026/09/19 20:46:03
80071	1	DP	0	NO PLAY	0	-	false	2026/09/19 20:46:03
80071	2	P1	0	NO PLAY	0	-	false	2026/09/19 20:46:03
80071	2	DP	0	NO PLAY	0	-	false	2026/09/19 20:46:03
80071	3	P1	0	NO PLAY	0	-	false	2026/09/19 20:46:03
80071	3	DP	0	NO PLAY	0	-	false	2026/09/19 20:46:03
80071	4	P1	0	NO PLAY	0	-	false	2026/09/19 20:46:03
80071	4	DP	0	NO PLAY	0	-	false	2026/09/19 20:46:03
80072	0	P1	0	NO PLAY	0	-	false	2026/09/19 20:46:03
80072	0	DP	0	NO PLAY	0	-	false	2026/09/19 20:46:03
80072	1	P1	0	NO PLAY	0	-	false	2026/09/19 20:46:03
80072	1	DP	0	NO PLAY	0	-	false	2026/09/19 20:46:03
80072	2	P1	0	NO PLAY	0	-	false	2026/09/19 20:46:03
80072	2	DP	0	NO PLAY	0	-	false	2026/09/19 20:46:03
80072	3	P1	0	NO PLAY	0	-	false	2026/09/19 20:46:03
80072	3	DP	0	NO PLAY	0	-	false	2026/09/19 20:46:03
80072	4	P1	0	NO PLAY	0	-	false	2026/09/19 20:46:03
80072	4	DP	0	NO PLAY	0	-	false	2026/09/19 20:46:03
80073	0	P1	0	NO PLAY	0	-	false	2026/09/19 20:46:03
80073	0	DP	0	NO PLAY	0	-	false	2026/09/19 20:46:03
80073	1	P1	0	NO PLAY	0	-	false	2026/09/19 20:46:03
80073	1	DP	0	NO PLAY	0	-	false	2026/09/19 20:46:03
80073	2	P1	0	NO PLAY	0	-	false	2026/09/19 20:46:03
80073	2	DP	0	NO PLAY	0	-	false	2026/09/19 20:46:03
80073	3	P1	0	NO PLAY	0	-	false	2026/09/19 20:46:03
80073	3	DP	0	NO PLAY	0	-	false	2026/09/19 20:46:03
80073	4	P1	0	NO PLAY	0	-	false	2026/09/19 20:46:03
80073	4	DP	0	NO PLAY	0	-	false	2026/09/19 20:46:03
80074	0	P1	0	NO PLAY	0	-	false	2026/09/19 20:46:03
80074	0	DP	0	NO PLAY	0	-	false	2026/09/19 20:46:03
80074	1	P1	0	NO PLAY	0	-	false	2026/09/19 20:46:03
80074	1	DP	0	NO PLAY	0	-	false	2026/09/19 20:46:03
80074	2	P1	0	NO PLAY	0	-	false	2026/09/19 20:46:03
80074	2	DP	0	NO PLAY	0	-	false	2026/09/19 20:46:03
80074	3	P1	0	NO PLAY	0	-	false	2026/09/19 20:46:03
80074	3	DP	0	NO PLAY	0	-	false	2026/09/19 20:46:03
80074	4	P1	0	NO PLAY	0	-	false	2026/09/19 20:46:03
80074	4	DP	0	NO PLAY	0	-	false	2026/09/19 20:46:03
80075	0	P1	0	NO PLAY	0	-	false	2026/09/19 20:46:03
80075	0	DP	0	NO PLAY	0	-	false	2026/09/19 20:46:03
80075	1	P1	0	NO PLAY	0	-	false	2026/09/19 20:46:03
80075	1	DP	0	NO PLAY	0	-	false	2026/09/19 20:46:03
80075	2	P1	0	NO PLAY	0	-	false	2026/09/19 20:46:03
80075	2	DP	0	NO PLAY	0	-	false	2026/09/19 20:46:03
80075	3	P1	0	NO PLAY	0	-	false	2026/09/19 20:46:03
80075	3	DP	0	NO PLAY	0	-	false	2026/09/19 20:46:03
80075	4	P1	0	NO PLAY	0	-	false	2026/09/19 20:46:03
80075	4	DP	0	NO PLAY	0	-	false	2026/09/19 20:46:03
80076	0	P1	0	NO PLAY	0	-	false	2026/09/19 20:46:03
80076	0	DP	0	NO PLAY	0	-	false	2026/09/19 20:46:03
80076	1	P1	0	NO PLAY	0	-	false	2026/09/19 20:46:03
80076	1	DP	0	NO PLAY	0	-	false	2026/09/19 20:46:03
80076	2	P1	0	NO PLAY	0	-	false	2026/09/19 20:46:03
80076	2	DP	0	NO PLAY	0	-	false	2026/09/19 20:46:03
80076	3	P1	0	NO PLAY	0	-	false	2026/09/19 20:46:03
80076	3	DP	0	NO PLAY	0	-	false	2026/09/19 20:46:03
80076	4	P1	0	NO PLAY	0	-	false	2026/09/19 20:46:03
80076	4	DP	0	NO PLAY	0	-	false	2026/09/19 20:46:03
80077	0	P1	0	NO PLAY	0	-	false	2026/09/19 20:46:03
80077	0	DP	0	NO PLAY	0	-	false	2026/09/19 20:46:03
80077	1	P1	0	NO PLAY	0	-	false	2026/09/19 20:46:03
80077	1	DP	0	NO PLAY	0	-	false	2026/09/19 20:46:03
80077	2	P1	0	NO PLAY	0	-	false	2026/09/19 20:46:03
80077	2	DP	0	NO PLAY	0	-	false	2026/09/19 20:46:03
80077	3	P1	0	NO PLAY	0	-	false	2026/09/19 20:46:03
80077	3	DP	0	NO PLAY	0	-	false	2026/09/19 20:46:03
80077	4	P1	0	NO PLAY	0	-	false	2026/09/19 20:46:03
80077	4	DP	0	NO PLAY	0	-	false	2026/09/19 20:46:03
80078	0	P1	0	NO PLAY	0	-	false	2026/09/19 20:46:03
80078	0	DP	0	NO PLAY	0	-	false	2026/09/19 20:46:03
80078	1	P1	0	NO PLAY	0	-	false	2026/09/19 20:46:03
80078	1	DP	0	NO PLAY	0	-	false	2026/09/19 20:46:03
80078	2	P1	0	NO PLAY	0	-	false	2026/09/19 20:46:03
80078	2	DP	0	NO PLAY	0	-	false	2026/09/19 20:46:03
80078	3	P1	0	NO PLAY	0	-	false	2026/09/19 20:46:03
80078	3	DP	0	NO PLAY	0	-	false	2026/09/19 20:46:03
80078	4	P1	0	NO PLAY	0	-	false	2026/09/19 20:46:03
80078	4	DP	0	NO PLAY	0	-	false	2026/09/19 20:46:03
80079	0	P1	0	NO PLAY	0	-	false	2026/09/19 20:46:03
80079	0	DP	0	NO PLAY	0	-	false	2026/09/19 20:46:03
80079	1	P1	0	NO PLAY	0	-	false	2026/09/19 20:46:03
80079	1	DP	0	NO PLAY	0	-	false	2026/09/19 20:46:03
80079	2	P1	0	NO PLAY	0	-	false	2026/09/19 20:46:03
80079	2	DP	0	NO PLAY	0	-	false	2026/09/19 20:46:03
80079	3	P1	0	NO PLAY	0	-	false	2026/09/19 20:46:03
80079	3	DP	0	NO PLAY	0	-	false	2026/09/19 20:46:03
80079	4	P1	0	NO PLAY	0	-	false	2026/09/19 20:46:03
80079	4	DP	0	NO PLAY	0	-	false	2026/09/19 20:46:03
80080	0	P1	0	NO PLAY	0	-	false	2026/09/19 20:46:03
80080	0	DP	0	NO PLAY	0	-	false	2026/09/19 20:46:03
80080	1	P1	0	NO PLAY	0	-	false	2026/09/19 20:46:03
80080	1	DP	0	NO PLAY	0	-	false	2026/09/19 20:46:03
80080	2	P1	0	NO PLAY	0	-	false	2026/09/19 20:46:03
80080	2	DP	0	NO PLAY	0	-	false	2026/09/19 20:46:03
80080	3	P1	0	NO PLAY	0	-	false	2026/09/19 20:46:03
80080	3	DP	0	NO PLAY	0	-	false	2026/09/19 20:46:03
80080	4	P1	0	NO PLAY	0	-	false	2026/09/19 20:46:03
80080	4	DP	0	NO PLAY	0	-	false	2026/09/19 20:46:03
80081	0	P1	0	NO PLAY	0	-	false	2026/09/19 20:46:03
80081	0	DP	0	NO PLAY	0	-	false	2026/09/19 20:46:03
80081	1	P1	0	NO PLAY	0	-	false	2026/09/19 20:46:03
80081	1	DP	0	NO PLAY	0	-	false	2026/09/19 20:46:03
80081	2	P1	0	NO PLAY	0	-	false	2026/09/19 20:46:03
80081	2	DP	0	NO PLAY	0	-	false	2026/09/19 20:46:03
80081	3	P1	0	NO PLAY	0	-	false	2026/09/19 20:46:03
80081	3	DP	0	NO PLAY	0	-	false	2026/09/19 20:46:03
80081	4	P1	0	NO PLAY	0	-	false	2026/09/19 20:46:03
80081	4	DP	0	NO PLAY	0	-	false	2026/09/19 20:46:03
80082	0	P1	0	NO PLAY	0	-	false	2026/09/19 20:46:03
80082	0	DP	0	NO PLAY	0	-	false	2026/09/19 20:46:03
80082	1	P1	0	NO PLAY	0	-	false	2026/09/19 20:46:03
80082	1	DP	0	NO PLAY	0	-	false	2026/09/19 20:46:03
80082	2	P1	0	NO PLAY	0	-	false	2026/09/19 20:46:03
80082	2	DP	0	NO PLAY	0	-	false	2026/09/19 20:46:03
80082	3	P1	0	NO PLAY	0	-	false	2026/09/19 20:46:03
80082	3	DP	0	NO PLAY	0	-	false	2026/09/19 20:46:03
80082	4	P1	0	NO PLAY	0	-	false	2026/09/19 20:46:03
80082	4	DP	0	NO PLAY	0	-	false	2026/09/19 20:46:03
80083	0	P1	0	NO PLAY	0	-	false	2026/09/19 20:46:03
80083	0	DP	0	NO PLAY	0	-	false	2026/09/19 20:46:03
80083	1	P1	0	NO PLAY	0	-	false	2026/09/19 20:46:03
80083	1	DP	0	NO PLAY	0	-	false	2026/09/19 20:46:03
80083	2	P1	0	NO PLAY	0	-	false	2026/09/19 20:46:03
80083	2	DP	0	NO PLAY	0	-	false	2026/09/19 20:46:03
80083	3	P1	0	NO PLAY	0	-	false	2026/09/19 20:46:03
80083	3	DP	0	NO PLAY	0	-	false	2026/09/19 20:46:03
80083	4	P1	0	NO PLAY	0	-	false	2026/09/19 20:46:03
80083	4	DP	0	NO PLAY	0	-	false	2026/09/19 20:46:03
80084	0	P1	0	NO PLAY	0	-	false	2026/09/19 20:46:03
80084	0	DP	0	NO PLAY	0	-	false	2026/09/19 20:46:03
80084	1	P1	0	NO PLAY	0	-	false	2026/09/19 20:46:03
80084	1	DP	0	NO PLAY	0	-	false	2026/09/19 20:46:03
80084	2	P1	0	NO PLAY	0	-	false	2026/09/19 20:46:03
80084	2	DP	0	NO PLAY	0	-	false	2026/09/19 20:46:03
80084	3	P1	0	NO PLAY	0	-	false	2026/09/19 20:46:03
80084	3	DP	0	NO PLAY	0	-	false	2026/09/19 20:46:03
80084	4	P1	0	NO PLAY	0	-	false	2026/09/19 20:46:03
80084	4	DP	0	NO PLAY	0	-	false	2026/09/19 20:46:03
80085	0	P1	0	NO PLAY	0	-	false	2026/09/19 20:46:03
80085	0	DP	0	NO PLAY	0	-	false	2026/09/19 20:46:03
80085	1	P1	0	NO PLAY	0	-	false	2026/09/19 20:46:03
80085	1	DP	0	NO PLAY	0	-	false	2026/09/19 20:46:03
80085	2	P1	0	NO PLAY	0	-	false	2026/09/19 20:46:03
80085	2	DP	0	NO PLAY	0	-	false	2026/09/19 20:46:03
80085	3	P1	0	NO PLAY	0	-	false	2026/09/19 20:46:03
80085	3	DP	0	NO PLAY	0	-	false	2026/09/19 20:46:03
80085	4	P1	0	NO PLAY	0	-	false	2026/09/19 20:46:03
80085	4	DP	0	NO PLAY	0	-	false	2026/09/19 20:46:03
80086	0	P1	0	NO PLAY	0	-	false	2026/09/19 20:46:03
80086	0	DP	0	NO PLAY	0	-	false	2026/09/19 20:46:03
80086	1	P1	0	NO PLAY	0	-	false	2026/09/19 20:46:03
80086	1	DP	0	NO PLAY	0	-	false	2026/09/19 20:46:03
80086	2	P1	0	NO PLAY	0	-	false	2026/09/19 20:46:03
80086	2	DP	0	NO PLAY	0	-	false	2026/09/19 20:46:03
80086	3	P1	0	NO PLAY	0	-	false	2026/09/19 20:46:03
80086	3	DP	0	NO PLAY	0	-	false	2026/09/19 20:46:03
80086	4	P1	0	NO PLAY	0	-	false	2026/09/19 20:46:03
80086	4	DP	0	NO PLAY	0	-	false	2026/09/19 20:46:03
80087	0	P1	0	NO PLAY	0	-	false	2026/09/19 20:46:03
80087	0	DP	0	NO PLAY	0	-	false	2026/09/19 20:46:03
80087	1	P1	0	NO PLAY	0	-	false	2026/09/19 20:46:03
80087	1	DP	0	NO PLAY	0	-	false	2026/09/19 20:46:03
80087	2	P1	0	NO PLAY	0	-	false	2026/09/19 20:46:03
80087	2	DP	0	NO PLAY	0	-	false	2026/09/19 20:46:03
80087	3	P1	0	NO PLAY	0	-	false	2026/09/19 20:46:03
80087	3	DP	0	NO PLAY	0	-	false	2026/09/19 20:46:03
80087	4	P1	0	NO PLAY	0	-	false	2026/09/19 20:46:03
80087	4	DP	0	NO PLAY	0	-	false	2026/09/19 20:46:03
80088	0	P1	0	NO PLAY	0	-	false	2026/09/19 20:46:03
80088	0	DP	0	NO PLAY	0	-	false	2026/09/19 20:46:03
80088	1	P1	0	NO PLAY	0	-	false	2026/09/19 20:46:03
80088	1	DP	0	NO PLAY	0	-	false	2026/09/19 20:46:03
80088	2	P1	0	NO PLAY	0	-	false	2026/09/19 20:46:03
80088	2	DP	0	NO PLAY	0	-	false	2026/09/19 20:46:03
80088	3	P1	0	NO PLAY	0	-	false	2026/09/19 20:46:03
80088	3	DP	0	NO PLAY	0	-	false	2026/09/19 20:46:03
80088	4	P1	0	NO PLAY	0	-	false	2026/09/19 20:46:03
80088	4	DP	0	NO PLAY	0	-	false	2026/09/19 20:46:03
80090	0	P1	0	NO PLAY	0	-	false	2026/09/19 20:46:03
80090	0	DP	0	NO PLAY	0	-	false	2026/09/19 20:46:03
80090	1	P1	0	NO PLAY	0	-	false	2026/09/19 20:46:03
80090	1	DP	0	NO PLAY	0	-	false	2026/09/19 20:46:03
80090	2	P1	0	NO PLAY	0	-	false	2026/09/19 20:46:03
80090	2	DP	0	NO PLAY	0	-	false	2026/09/19 20:46:03
80090	3	P1	0	NO PLAY	0	-	false	2026/09/19 20:46:03
80090	3	DP	0	NO PLAY	0	-	false	2026/09/19 20:46:03
80090	4	P1	0	NO PLAY	0	-	false	2026/09/19 20:46:03
80090	4	DP	0	NO PLAY	0	-	false	2026/09/19 20:46:03
80091	0	P1	0	NO PLAY	0	-	false	2026/09/19 20:46:03
80091	0	DP	0	NO PLAY	0	-	false	2026/09/19 20:46:03
80091	1	P1	0	NO PLAY	0	-	false	2026/09/19 20:46:03
80091	1	DP	0	NO PLAY	0	-	false	2026/09/19 20:46:03
80091	2	P1	0	NO PLAY	0	-	false	2026/09/19 20:46:03
80091	2	DP	0	NO PLAY	0	-	false	2026/09/19 20:46:03
80091	3	P1	0	NO PLAY	0	-	false	2026/09/19 20:46:03
80091	3	DP	0	NO PLAY	0	-	false	2026/09/19 20:46:03
80091	4	P1	0	NO PLAY	0	-	false	2026/09/19 20:46:03
80091	4	DP	0	NO PLAY	0	-	false	2026/09/19 20:46:03
80092	0	P1	0	NO PLAY	0	-	false	2026/09/19 20:46:03
80092	0	DP	0	NO PLAY	0	-	false	2026/09/19 20:46:03
80092	1	P1	0	NO PLAY	0	-	false	2026/09/19 20:46:03
80092	1	DP	0	NO PLAY	0	-	false	2026/09/19 20:46:03
80092	2	P1	0	NO PLAY	0	-	false	2026/09/19 20:46:03
80092	2	DP	0	NO PLAY	0	-	false	2026/09/19 20:46:03
80092	3	P1	0	NO PLAY	0	-	false	2026/09/19 20:46:03
80092	3	DP	0	NO PLAY	0	-	false	2026/09/19 20:46:03
80092	4	P1	0	NO PLAY	0	-	false	2026/09/19 20:46:03
80092	4	DP	0	NO PLAY	0	-	false	2026/09/19 20:46:03
80093	0	P1	0	NO PLAY	0	-	false	2026/09/19 20:46:03
80093	0	DP	0	NO PLAY	0	-	false	2026/09/19 20:46:03
80093	1	P1	0	NO PLAY	0	-	false	2026/09/19 20:46:03
80093	1	DP	0	NO PLAY	0	-	false	2026/09/19 20:46:03
80093	2	P1	0	NO PLAY	0	-	false	2026/09/19 20:46:03
80093	2	DP	0	NO PLAY	0	-	false	2026/09/19 20:46:03
80093	3	P1	0	NO PLAY	0	-	false	2026/09/19 20:46:03
80093	3	DP	6	EX HARD CLEAR	1661	3	true	2026/09/19 20:46:03
80093	4	P1	0	NO PLAY	0	-	false	2026/09/19 20:46:03
80093	4	DP	0	NO PLAY	0	-	false	2026/09/19 20:46:03
80095	0	P1	0	NO PLAY	0	-	false	2026/09/19 20:46:03
80095	0	DP	0	NO PLAY	0	-	false	2026/09/19 20:46:03
80095	1	P1	0	NO PLAY	0	-	false	2026/09/19 20:46:03
80095	1	DP	0	NO PLAY	0	-	false	2026/09/19 20:46:03
80095	2	P1	0	NO PLAY	0	-	false	2026/09/19 20:46:03
80095	2	DP	0	NO PLAY	0	-	false	2026/09/19 20:46:03
80095	3	P1	0	NO PLAY	0	-	false	2026/09/19 20:46:03
80095	3	DP	0	NO PLAY	0	-	false	2026/09/19 20:46:03
80095	4	P1	0	NO PLAY	0	-	false	2026/09/19 20:46:03
80095	4	DP	0	NO PLAY	0	-	false	2026/09/19 20:46:03
80096	0	P1	0	NO PLAY	0	-	false	2026/09/19 20:46:03
80096	0	DP	0	NO PLAY	0	-	false	2026/09/19 20:46:03
80096	1	P1	0	NO PLAY	0	-	false	2026/09/19 20:46:03
80096	1	DP	0	NO PLAY	0	-	false	2026/09/19 20:46:03
80096	2	P1	0	NO PLAY	0	-	false	2026/09/19 20:46:03
80096	2	DP	0	NO PLAY	0	-	false	2026/09/19 20:46:03
80096	3	P1	0	NO PLAY	0	-	false	2026/09/19 20:46:03
80096	3	DP	6	EX HARD CLEAR	2279	11	true	2026/09/19 20:46:03
80096	4	P1	0	NO PLAY	0	-	false	2026/09/19 20:46:03
80096	4	DP	0	NO PLAY	0	-	false	2026/09/19 20:46:03
80097	0	P1	0	NO PLAY	0	-	false	2026/09/19 20:46:03
80097	0	DP	0	NO PLAY	0	-	false	2026/09/19 20:46:03
80097	1	P1	0	NO PLAY	0	-	false	2026/09/19 20:46:03
80097	1	DP	0	NO PLAY	0	-	false	2026/09/19 20:46:03
80097	2	P1	0	NO PLAY	0	-	false	2026/09/19 20:46:03
80097	2	DP	0	NO PLAY	0	-	false	2026/09/19 20:46:03
80097	3	P1	0	NO PLAY	0	-	false	2026/09/19 20:46:03
80097	3	DP	6	EX HARD CLEAR	2136	13	true	2026/09/19 20:46:03
80097	4	P1	0	NO PLAY	0	-	false	2026/09/19 20:46:03
80097	4	DP	0	NO PLAY	0	-	false	2026/09/19 20:46:03
80098	0	P1	0	NO PLAY	0	-	false	2026/09/19 20:46:03
80098	0	DP	0	NO PLAY	0	-	false	2026/09/19 20:46:03
80098	1	P1	0	NO PLAY	0	-	false	2026/09/19 20:46:03
80098	1	DP	0	NO PLAY	0	-	false	2026/09/19 20:46:03
80098	2	P1	0	NO PLAY	0	-	false	2026/09/19 20:46:03
80098	2	DP	0	NO PLAY	0	-	false	2026/09/19 20:46:03
80098	3	P1	6	EX HARD CLEAR	2710	5	true	2026/09/19 20:46:03
80098	3	DP	5	HARD CLEAR	2623	41	true	2026/09/19 20:46:03
80098	4	P1	0	NO PLAY	0	-	false	2026/09/19 20:46:03
80098	4	DP	0	NO PLAY	0	-	false	2026/09/19 20:46:03
80099	0	P1	0	NO PLAY	0	-	false	2026/09/19 20:46:03
80099	0	DP	0	NO PLAY	0	-	false	2026/09/19 20:46:03
80099	1	P1	0	NO PLAY	0	-	false	2026/09/19 20:46:03
80099	1	DP	0	NO PLAY	0	-	false	2026/09/19 20:46:03
80099	2	P1	0	NO PLAY	0	-	false	2026/09/19 20:46:03
80099	2	DP	1	FAILED	1664	-	false	2026/09/19 20:46:03
80099	3	P1	6	EX HARD CLEAR	2834	7	true	2026/09/19 20:46:03
80099	3	DP	5	HARD CLEAR	2810	42	true	2026/09/19 20:46:03
80099	4	P1	0	NO PLAY	0	-	false	2026/09/19 20:46:03
80099	4	DP	0	NO PLAY	0	-	false	2026/09/19 20:46:03
80100	0	P1	0	NO PLAY	0	-	false	2026/09/19 20:46:03
80100	0	DP	0	NO PLAY	0	-	false	2026/09/19 20:46:03
80100	1	P1	0	NO PLAY	0	-	false	2026/09/19 20:46:03
80100	1	DP	0	NO PLAY	0	-	false	2026/09/19 20:46:03
80100	2	P1	0	NO PLAY	0	-	false	2026/09/19 20:46:03
80100	2	DP	0	NO PLAY	0	-	false	2026/09/19 20:46:03
80100	3	P1	6	EX HARD CLEAR	2669	18	true	2026/09/19 20:46:03
80100	3	DP	6	EX HARD CLEAR	2821	22	true	2026/09/19 20:46:03
80100	4	P1	0	NO PLAY	0	-	false	2026/09/19 20:46:03
80100	4	DP	0	NO PLAY	0	-	false	2026/09/19 20:46:03
80101	0	P1	0	NO PLAY	0	-	false	2026/09/19 20:46:03
80101	0	DP	0	NO PLAY	0	-	false	2026/09/19 20:46:03
80101	1	P1	0	NO PLAY	0	-	false	2026/09/19 20:46:03
80101	1	DP	0	NO PLAY	0	-	false	2026/09/19 20:46:03
80101	2	P1	0	NO PLAY	0	-	false	2026/09/19 20:46:03
80101	2	DP	0	NO PLAY	0	-	false	2026/09/19 20:46:03
80101	3	P1	5	HARD CLEAR	3359	48	true	2026/09/19 20:46:03
80101	3	DP	5	HARD CLEAR	3304	73	true	2026/09/19 20:46:03
80101	4	P1	0	NO PLAY	0	-	false	2026/09/19 20:46:03
80101	4	DP	0	NO PLAY	0	-	false	2026/09/19 20:46:03
80102	0	P1	0	NO PLAY	0	-	false	2026/09/19 20:46:03
80102	0	DP	0	NO PLAY	0	-	false	2026/09/19 20:46:03
80102	1	P1	0	NO PLAY	0	-	false	2026/09/19 20:46:03
80102	1	DP	0	NO PLAY	0	-	false	2026/09/19 20:46:03
80102	2	P1	0	NO PLAY	0	-	false	2026/09/19 20:46:03
80102	2	DP	0	NO PLAY	0	-	false	2026/09/19 20:46:03
80102	3	P1	0	NO PLAY	0	-	false	2026/09/19 20:46:03
80102	3	DP	6	EX HARD CLEAR	2447	13	true	2026/09/19 20:46:03
80102	4	P1	0	NO PLAY	0	-	false	2026/09/19 20:46:03
80102	4	DP	0	NO PLAY	0	-	false	2026/09/19 20:46:03
80103	0	P1	0	NO PLAY	0	-	false	2026/09/19 20:46:03
80103	0	DP	0	NO PLAY	0	-	false	2026/09/19 20:46:03
80103	1	P1	0	NO PLAY	0	-	false	2026/09/19 20:46:03
80103	1	DP	0	NO PLAY	0	-	false	2026/09/19 20:46:03
80103	2	P1	0	NO PLAY	0	-	false	2026/09/19 20:46:03
80103	2	DP	0	NO PLAY	0	-	false	2026/09/19 20:46:03
80103	3	P1	0	NO PLAY	0	-	false	2026/09/19 20:46:03
80103	3	DP	0	NO PLAY	0	-	false	2026/09/19 20:46:03
80103	4	P1	0	NO PLAY	0	-	false	2026/09/19 20:46:03
80103	4	DP	0	NO PLAY	0	-	false	2026/09/19 20:46:03
80104	0	P1	0	NO PLAY	0	-	false	2026/09/19 20:46:03
80104	0	DP	0	NO PLAY	0	-	false	2026/09/19 20:46:03
80104	1	P1	0	NO PLAY	0	-	false	2026/09/19 20:46:03
80104	1	DP	0	NO PLAY	0	-	false	2026/09/19 20:46:03
80104	2	P1	0	NO PLAY	0	-	false	2026/09/19 20:46:03
80104	2	DP	0	NO PLAY	0	-	false	2026/09/19 20:46:03
80104	3	P1	7	FULL COMBO	2151	1	true	2026/09/19 20:46:03
80104	3	DP	6	EX HARD CLEAR	2067	4	true	2026/09/19 20:46:03
80104	4	P1	0	NO PLAY	0	-	false	2026/09/19 20:46:03
80104	4	DP	0	NO PLAY	0	-	false	2026/09/19 20:46:03
80105	0	P1	0	NO PLAY	0	-	false	2026/09/19 20:46:03
80105	0	DP	0	NO PLAY	0	-	false	2026/09/19 20:46:03
80105	1	P1	0	NO PLAY	0	-	false	2026/09/19 20:46:03
80105	1	DP	0	NO PLAY	0	-	false	2026/09/19 20:46:03
80105	2	P1	0	NO PLAY	0	-	false	2026/09/19 20:46:03
80105	2	DP	0	NO PLAY	0	-	false	2026/09/19 20:46:03
80105	3	P1	6	EX HARD CLEAR	2812	4	true	2026/09/19 20:46:03
80105	3	DP	6	EX HARD CLEAR	2826	14	true	2026/09/19 20:46:03
80105	4	P1	0	NO PLAY	0	-	false	2026/09/19 20:46:03
80105	4	DP	0	NO PLAY	0	-	false	2026/09/19 20:46:03
80106	0	P1	0	NO PLAY	0	-	false	2026/09/19 20:46:03
80106	0	DP	0	NO PLAY	0	-	false	2026/09/19 20:46:03
80106	1	P1	0	NO PLAY	0	-	false	2026/09/19 20:46:03
80106	1	DP	0	NO PLAY	0	-	false	2026/09/19 20:46:03
80106	2	P1	0	NO PLAY	0	-	false	2026/09/19 20:46:03
80106	2	DP	0	NO PLAY	0	-	false	2026/09/19 20:46:03
80106	3	P1	6	EX HARD CLEAR	2727	13	true	2026/09/19 20:46:03
80106	3	DP	6	EX HARD CLEAR	2775	18	true	2026/09/19 20:46:03
80106	4	P1	0	NO PLAY	0	-	false	2026/09/19 20:46:03
80106	4	DP	0	NO PLAY	0	-	false	2026/09/19 20:46:03
80107	0	P1	0	NO PLAY	0	-	false	2026/09/19 20:46:03
80107	0	DP	0	NO PLAY	0	-	false	2026/09/19 20:46:03
80107	1	P1	0	NO PLAY	0	-	false	2026/09/19 20:46:03
80107	1	DP	0	NO PLAY	0	-	false	2026/09/19 20:46:03
80107	2	P1	0	NO PLAY	0	-	false	2026/09/19 20:46:03
80107	2	DP	0	NO PLAY	0	-	false	2026/09/19 20:46:03
80107	3	P1	7	FULL COMBO	1768	1	true	2026/09/19 20:46:03
80107	3	DP	7	FULL COMBO	1544	2	true	2026/09/19 20:46:03
80107	4	P1	0	NO PLAY	0	-	false	2026/09/19 20:46:03
80107	4	DP	0	NO PLAY	0	-	false	2026/09/19 20:46:03
80108	0	P1	0	NO PLAY	0	-	false	2026/09/19 20:46:03
80108	0	DP	0	NO PLAY	0	-	false	2026/09/19 20:46:03
80108	1	P1	0	NO PLAY	0	-	false	2026/09/19 20:46:03
80108	1	DP	0	NO PLAY	0	-	false	2026/09/19 20:46:03
80108	2	P1	0	NO PLAY	0	-	false	2026/09/19 20:46:03
80108	2	DP	0	NO PLAY	0	-	false	2026/09/19 20:46:03
80108	3	P1	0	NO PLAY	0	-	false	2026/09/19 20:46:03
80108	3	DP	0	NO PLAY	0	-	false	2026/09/19 20:46:03
80108	4	P1	0	NO PLAY	0	-	false	2026/09/19 20:46:03
80108	4	DP	0	NO PLAY	0	-	false	2026/09/19 20:46:03
80109	0	P1	0	NO PLAY	0	-	false	2026/09/19 20:46:03
80109	0	DP	0	NO PLAY	0	-	false	2026/09/19 20:46:03
80109	1	P1	0	NO PLAY	0	-	false	2026/09/19 20:46:03
80109	1	DP	0	NO PLAY	0	-	false	2026/09/19 20:46:03
80109	2	P1	0	NO PLAY	0	-	false	2026/09/19 20:46:03
80109	2	DP	0	NO PLAY	0	-	false	2026/09/19 20:46:03
80109	3	P1	0	NO PLAY	0	-	false	2026/09/19 20:46:03
80109	3	DP	0	NO PLAY	0	-	false	2026/09/19 20:46:03
80109	4	P1	0	NO PLAY	0	-	false	2026/09/19 20:46:03
80109	4	DP	0	NO PLAY	0	-	false	2026/09/19 20:46:03
80110	0	P1	0	NO PLAY	0	-	false	2026/09/19 20:46:03
80110	0	DP	0	NO PLAY	0	-	false	2026/09/19 20:46:03
80110	1	P1	0	NO PLAY	0	-	false	2026/09/19 20:46:03
80110	1	DP	0	NO PLAY	0	-	false	2026/09/19 20:46:03
80110	2	P1	0	NO PLAY	0	-	false	2026/09/19 20:46:03
80110	2	DP	0	NO PLAY	0	-	false	2026/09/19 20:46:03
80110	3	P1	0	NO PLAY	0	-	false	2026/09/19 20:46:03
80110	3	DP	0	NO PLAY	0	-	false	2026/09/19 20:46:03
80110	4	P1	0	NO PLAY	0	-	false	2026/09/19 20:46:03
80110	4	DP	0	NO PLAY	0	-	false	2026/09/19 20:46:03
80111	0	P1	0	NO PLAY	0	-	false	2026/09/19 20:46:03
80111	0	DP	0	NO PLAY	0	-	false	2026/09/19 20:46:03
80111	1	P1	0	NO PLAY	0	-	false	2026/09/19 20:46:03
80111	1	DP	0	NO PLAY	0	-	false	2026/09/19 20:46:03
80111	2	P1	0	NO PLAY	0	-	false	2026/09/19 20:46:03
80111	2	DP	0	NO PLAY	0	-	false	2026/09/19 20:46:03
80111	3	P1	0	NO PLAY	0	-	false	2026/09/19 20:46:03
80111	3	DP	0	NO PLAY	0	-	false	2026/09/19 20:46:03
80111	4	P1	0	NO PLAY	0	-	false	2026/09/19 20:46:03
80111	4	DP	0	NO PLAY	0	-	false	2026/09/19 20:46:03
80112	0	P1	0	NO PLAY	0	-	false	2026/09/19 20:46:03
80112	0	DP	0	NO PLAY	0	-	false	2026/09/19 20:46:03
80112	1	P1	0	NO PLAY	0	-	false	2026/09/19 20:46:03
80112	1	DP	0	NO PLAY	0	-	false	2026/09/19 20:46:03
80112	2	P1	0	NO PLAY	0	-	false	2026/09/19 20:46:03
80112	2	DP	0	NO PLAY	0	-	false	2026/09/19 20:46:03
80112	3	P1	0	NO PLAY	0	-	false	2026/09/19 20:46:03
80112	3	DP	0	NO PLAY	0	-	false	2026/09/19 20:46:03
80112	4	P1	0	NO PLAY	0	-	false	2026/09/19 20:46:03
80112	4	DP	0	NO PLAY	0	-	false	2026/09/19 20:46:03
80113	0	P1	0	NO PLAY	0	-	false	2026/09/19 20:46:03
80113	0	DP	0	NO PLAY	0	-	false	2026/09/19 20:46:03
80113	1	P1	0	NO PLAY	0	-	false	2026/09/19 20:46:03
80113	1	DP	0	NO PLAY	0	-	false	2026/09/19 20:46:03
80113	2	P1	0	NO PLAY	0	-	false	2026/09/19 20:46:03
80113	2	DP	0	NO PLAY	0	-	false	2026/09/19 20:46:03
80113	3	P1	0	NO PLAY	0	-	false	2026/09/19 20:46:03
80113	3	DP	0	NO PLAY	0	-	false	2026/09/19 20:46:03
80113	4	P1	0	NO PLAY	0	-	false	2026/09/19 20:46:03
80113	4	DP	0	NO PLAY	0	-	false	2026/09/19 20:46:03
80114	0	P1	0	NO PLAY	0	-	false	2026/09/19 20:46:03
80114	0	DP	0	NO PLAY	0	-	false	2026/09/19 20:46:03
80114	1	P1	0	NO PLAY	0	-	false	2026/09/19 20:46:03
80114	1	DP	0	NO PLAY	0	-	false	2026/09/19 20:46:03
80114	2	P1	0	NO PLAY	0	-	false	2026/09/19 20:46:03
80114	2	DP	0	NO PLAY	0	-	false	2026/09/19 20:46:03
80114	3	P1	0	NO PLAY	0	-	false	2026/09/19 20:46:03
80114	3	DP	0	NO PLAY	0	-	false	2026/09/19 20:46:03
80114	4	P1	0	NO PLAY	0	-	false	2026/09/19 20:46:03
80114	4	DP	0	NO PLAY	0	-	false	2026/09/19 20:46:03
80115	0	P1	0	NO PLAY	0	-	false	2026/09/19 20:46:03
80115	0	DP	0	NO PLAY	0	-	false	2026/09/19 20:46:03
80115	1	P1	0	NO PLAY	0	-	false	2026/09/19 20:46:03
80115	1	DP	0	NO PLAY	0	-	false	2026/09/19 20:46:03
80115	2	P1	0	NO PLAY	0	-	false	2026/09/19 20:46:03
80115	2	DP	0	NO PLAY	0	-	false	2026/09/19 20:46:03
80115	3	P1	0	NO PLAY	0	-	false	2026/09/19 20:46:03
80115	3	DP	0	NO PLAY	0	-	false	2026/09/19 20:46:03
80115	4	P1	0	NO PLAY	0	-	false	2026/09/19 20:46:03
80115	4	DP	0	NO PLAY	0	-	false	2026/09/19 20:46:03
